content_id,source_group,source_id,title,year,publisher,url,source_type,quality,priority,domains,content_kind,status,known_summary,known_limitations,research_question,extraction_requirements,do_not_infer,identifier
CUR-SRC001-Q1,current_knowledge_deep_mine,SRC001,Mechanics of Pneumatic Tires,1971,"Samuel K. Clark (ed.), NBS/NHTSA",https://www.govinfo.gov/content/pkg/GOVPUB-C13-a7834d3283458a60b7655045e305bd2d/pdf/GOVPUB-C13-a7834d3283458a60b7655045e305bd2d.pdf,Government monograph,A,P1,geometry;forces;wet;construction;motorsport,quantitative_evidence_extraction,TO_REVIEW_FULL_TEXT,"Bias/belted-bias structure, footprint, deformation, traction, rolling resistance, hydroplaning; foundational pre-radial-era mechanics",Foundational physics; do not use absolute road-tire grip as race-slick grip,"Deep-mine this source beyond its current Tire Lab summary. Extract every quantitative value, plotted range, table datum, test condition, equation, and uncertainty relevant to geometry, forces, wet, construction, motorsport that is not already represented in the knowledge master.","Record page/figure/table/section; units; tire size/construction; load; pressure; speed; temperature; surface; slip/camber; test method; whether value is direct measurement, fit, or author interpretation. Create separate evidence records rather than one broad note.",Do not turn road/passenger/aircraft magnitudes into race-tire coefficients without an explicit applicability bridge. Do not duplicate existing measurements.,
CUR-SRC001-Q2,current_knowledge_deep_mine,SRC001,Mechanics of Pneumatic Tires,1971,"Samuel K. Clark (ed.), NBS/NHTSA",https://www.govinfo.gov/content/pkg/GOVPUB-C13-a7834d3283458a60b7655045e305bd2d/pdf/GOVPUB-C13-a7834d3283458a60b7655045e305bd2d.pdf,Government monograph,A,P1,geometry;forces;wet;construction;motorsport,relationship_constraint_extraction,TO_REVIEW_FULL_TEXT,"Bias/belted-bias structure, footprint, deformation, traction, rolling resistance, hydroplaning; foundational pre-radial-era mechanics",Foundational physics; do not use absolute road-tire grip as race-slick grip,"Extract the strongest causal/scaling relationships, applicability limits, calibration methods, and historical constraints from this source for geometry, forces, wet, construction, motorsport. Identify which Tire Lab generator formulas or priors the evidence can constrain without assigning unsupported constants.","Separate observations, scaling rules, historical constraints, fitment facts, and calibration methodology. Record scope (construction/era/use case) and directionality/nonlinearity/interactions.",Do not promote a general relationship into an exact supplier/class value unless the source actually measures that context.,
CUR-SRC002-Q1,current_knowledge_deep_mine,SRC002,The Pneumatic Tire,2005,"Gent & Walter (eds.), NHTSA",https://www.nhtsa.gov/staticfiles/safercar/pdf/PneumaticTire_HS-810-561.pdf,Government textbook,A,P1,wear;forces;construction,quantitative_evidence_extraction,TO_REVIEW_FULL_TEXT,"Modern radial construction, materials, mechanics, traction, wear; successor to Clark",Use for universal mechanisms and radial construction,"Deep-mine this source beyond its current Tire Lab summary. Extract every quantitative value, plotted range, table datum, test condition, equation, and uncertainty relevant to wear, forces, construction that is not already represented in the knowledge master.","Record page/figure/table/section; units; tire size/construction; load; pressure; speed; temperature; surface; slip/camber; test method; whether value is direct measurement, fit, or author interpretation. Create separate evidence records rather than one broad note.",Do not turn road/passenger/aircraft magnitudes into race-tire coefficients without an explicit applicability bridge. Do not duplicate existing measurements.,
CUR-SRC002-Q2,current_knowledge_deep_mine,SRC002,The Pneumatic Tire,2005,"Gent & Walter (eds.), NHTSA",https://www.nhtsa.gov/staticfiles/safercar/pdf/PneumaticTire_HS-810-561.pdf,Government textbook,A,P1,wear;forces;construction,relationship_constraint_extraction,TO_REVIEW_FULL_TEXT,"Modern radial construction, materials, mechanics, traction, wear; successor to Clark",Use for universal mechanisms and radial construction,"Extract the strongest causal/scaling relationships, applicability limits, calibration methods, and historical constraints from this source for wear, forces, construction. Identify which Tire Lab generator formulas or priors the evidence can constrain without assigning unsupported constants.","Separate observations, scaling rules, historical constraints, fitment facts, and calibration methodology. Record scope (construction/era/use case) and directionality/nonlinearity/interactions.",Do not promote a general relationship into an exact supplier/class value unless the source actually measures that context.,
CUR-SRC003-Q1,current_knowledge_deep_mine,SRC003,Tire Behavior in Steering,1939,A. W. Bull,https://saemobilus.sae.org/papers/tire-behavior-steering-390164,SAE paper,A,P1,pressure;forces;construction,quantitative_evidence_extraction,TO_REVIEW_FULL_TEXT,"Slip angle, cornering force, load, pressure, aligning torque, camber thrust, drive/brake torque",Historic anchor for pre-war/early bias behavior methodology,"Deep-mine this source beyond its current Tire Lab summary. Extract every quantitative value, plotted range, table datum, test condition, equation, and uncertainty relevant to pressure, forces, construction that is not already represented in the knowledge master.","Record page/figure/table/section; units; tire size/construction; load; pressure; speed; temperature; surface; slip/camber; test method; whether value is direct measurement, fit, or author interpretation. Create separate evidence records rather than one broad note.",Do not turn road/passenger/aircraft magnitudes into race-tire coefficients without an explicit applicability bridge. Do not duplicate existing measurements.,
CUR-SRC003-Q2,current_knowledge_deep_mine,SRC003,Tire Behavior in Steering,1939,A. W. Bull,https://saemobilus.sae.org/papers/tire-behavior-steering-390164,SAE paper,A,P1,pressure;forces;construction,relationship_constraint_extraction,TO_REVIEW_FULL_TEXT,"Slip angle, cornering force, load, pressure, aligning torque, camber thrust, drive/brake torque",Historic anchor for pre-war/early bias behavior methodology,"Extract the strongest causal/scaling relationships, applicability limits, calibration methods, and historical constraints from this source for pressure, forces, construction. Identify which Tire Lab generator formulas or priors the evidence can constrain without assigning unsupported constants.","Separate observations, scaling rules, historical constraints, fitment facts, and calibration methodology. Record scope (construction/era/use case) and directionality/nonlinearity/interactions.",Do not promote a general relationship into an exact supplier/class value unless the source actually measures that context.,
CUR-SRC004-Q1,current_knowledge_deep_mine,SRC004,Force and Moment Characteristics of Rolling Tires,1964,Nordeen & Cortese,https://saemobilus.sae.org/papers/force-moment-characteristics-rolling-tires-640028,SAE paper,A,P1,pressure;forces,quantitative_evidence_extraction,TO_REVIEW_FULL_TEXT,"Steady-state F&M vs slip, camber, load, pressure and wheel torque",Strong old-era force/moment measurement anchor,"Deep-mine this source beyond its current Tire Lab summary. Extract every quantitative value, plotted range, table datum, test condition, equation, and uncertainty relevant to pressure, forces that is not already represented in the knowledge master.","Record page/figure/table/section; units; tire size/construction; load; pressure; speed; temperature; surface; slip/camber; test method; whether value is direct measurement, fit, or author interpretation. Create separate evidence records rather than one broad note.",Do not turn road/passenger/aircraft magnitudes into race-tire coefficients without an explicit applicability bridge. Do not duplicate existing measurements.,
CUR-SRC004-Q2,current_knowledge_deep_mine,SRC004,Force and Moment Characteristics of Rolling Tires,1964,Nordeen & Cortese,https://saemobilus.sae.org/papers/force-moment-characteristics-rolling-tires-640028,SAE paper,A,P1,pressure;forces,relationship_constraint_extraction,TO_REVIEW_FULL_TEXT,"Steady-state F&M vs slip, camber, load, pressure and wheel torque",Strong old-era force/moment measurement anchor,"Extract the strongest causal/scaling relationships, applicability limits, calibration methods, and historical constraints from this source for pressure, forces. Identify which Tire Lab generator formulas or priors the evidence can constrain without assigning unsupported constants.","Separate observations, scaling rules, historical constraints, fitment facts, and calibration methodology. Record scope (construction/era/use case) and directionality/nonlinearity/interactions.",Do not promote a general relationship into an exact supplier/class value unless the source actually measures that context.,
CUR-SRC005-Q1,current_knowledge_deep_mine,SRC005,Structural Mechanisms of Tires Leading to the Development of Steering Forces,1964,S. A. Lippmann,https://saemobilus.sae.org/papers/structural-mechanisms-tires-leading-development-steering-forces-640790,SAE paper,A,P1,forces;transient;construction,quantitative_evidence_extraction,TO_REVIEW_FULL_TEXT,Rigid-ring/sidewall structural mechanism for steering force development,Useful for transient/structural family reasoning,"Deep-mine this source beyond its current Tire Lab summary. Extract every quantitative value, plotted range, table datum, test condition, equation, and uncertainty relevant to forces, transient, construction that is not already represented in the knowledge master.","Record page/figure/table/section; units; tire size/construction; load; pressure; speed; temperature; surface; slip/camber; test method; whether value is direct measurement, fit, or author interpretation. Create separate evidence records rather than one broad note.",Do not turn road/passenger/aircraft magnitudes into race-tire coefficients without an explicit applicability bridge. Do not duplicate existing measurements.,
CUR-SRC005-Q2,current_knowledge_deep_mine,SRC005,Structural Mechanisms of Tires Leading to the Development of Steering Forces,1964,S. A. Lippmann,https://saemobilus.sae.org/papers/structural-mechanisms-tires-leading-development-steering-forces-640790,SAE paper,A,P1,forces;transient;construction,relationship_constraint_extraction,TO_REVIEW_FULL_TEXT,Rigid-ring/sidewall structural mechanism for steering force development,Useful for transient/structural family reasoning,"Extract the strongest causal/scaling relationships, applicability limits, calibration methods, and historical constraints from this source for forces, transient, construction. Identify which Tire Lab generator formulas or priors the evidence can constrain without assigning unsupported constants.","Separate observations, scaling rules, historical constraints, fitment facts, and calibration methodology. Record scope (construction/era/use case) and directionality/nonlinearity/interactions.",Do not promote a general relationship into an exact supplier/class value unless the source actually measures that context.,
CUR-SRC006-Q1,current_knowledge_deep_mine,SRC006,Generation of Camber Forces,1977,F. J. Winsor,https://saemobilus.sae.org/papers/generation-camber-forces-770332,SAE paper,A,P1,geometry;wear;forces;construction,quantitative_evidence_extraction,TO_REVIEW_FULL_TEXT,Explains larger camber stiffness of bias tires vs radials via rolling-radius variation across tread,Critical construction-family discriminator,"Deep-mine this source beyond its current Tire Lab summary. Extract every quantitative value, plotted range, table datum, test condition, equation, and uncertainty relevant to geometry, wear, forces, construction that is not already represented in the knowledge master.","Record page/figure/table/section; units; tire size/construction; load; pressure; speed; temperature; surface; slip/camber; test method; whether value is direct measurement, fit, or author interpretation. Create separate evidence records rather than one broad note.",Do not turn road/passenger/aircraft magnitudes into race-tire coefficients without an explicit applicability bridge. Do not duplicate existing measurements.,
CUR-SRC006-Q2,current_knowledge_deep_mine,SRC006,Generation of Camber Forces,1977,F. J. Winsor,https://saemobilus.sae.org/papers/generation-camber-forces-770332,SAE paper,A,P1,geometry;wear;forces;construction,relationship_constraint_extraction,TO_REVIEW_FULL_TEXT,Explains larger camber stiffness of bias tires vs radials via rolling-radius variation across tread,Critical construction-family discriminator,"Extract the strongest causal/scaling relationships, applicability limits, calibration methods, and historical constraints from this source for geometry, wear, forces, construction. Identify which Tire Lab generator formulas or priors the evidence can constrain without assigning unsupported constants.","Separate observations, scaling rules, historical constraints, fitment facts, and calibration methodology. Record scope (construction/era/use case) and directionality/nonlinearity/interactions.",Do not promote a general relationship into an exact supplier/class value unless the source actually measures that context.,
CUR-SRC007-Q1,current_knowledge_deep_mine,SRC007,Standing Waves in Tires,1977,McGivern & Shirk,https://saemobilus.sae.org/papers/standing-waves-tires-770873,SAE paper,A,P1,pressure,quantitative_evidence_extraction,TO_REVIEW_FULL_TEXT,"Standing-wave critical speed as function of pressure, speed and spring constant",High-speed structure model,"Deep-mine this source beyond its current Tire Lab summary. Extract every quantitative value, plotted range, table datum, test condition, equation, and uncertainty relevant to pressure that is not already represented in the knowledge master.","Record page/figure/table/section; units; tire size/construction; load; pressure; speed; temperature; surface; slip/camber; test method; whether value is direct measurement, fit, or author interpretation. Create separate evidence records rather than one broad note.",Do not turn road/passenger/aircraft magnitudes into race-tire coefficients without an explicit applicability bridge. Do not duplicate existing measurements.,
CUR-SRC007-Q2,current_knowledge_deep_mine,SRC007,Standing Waves in Tires,1977,McGivern & Shirk,https://saemobilus.sae.org/papers/standing-waves-tires-770873,SAE paper,A,P1,pressure,relationship_constraint_extraction,TO_REVIEW_FULL_TEXT,"Standing-wave critical speed as function of pressure, speed and spring constant",High-speed structure model,"Extract the strongest causal/scaling relationships, applicability limits, calibration methods, and historical constraints from this source for pressure. Identify which Tire Lab generator formulas or priors the evidence can constrain without assigning unsupported constants.","Separate observations, scaling rules, historical constraints, fitment facts, and calibration methodology. Record scope (construction/era/use case) and directionality/nonlinearity/interactions.",Do not promote a general relationship into an exact supplier/class value unless the source actually measures that context.,
CUR-SRC008-Q1,current_knowledge_deep_mine,SRC008,Formation of Standing Waves in Radial Tires,1984,Kwon & Prevorsek,https://tst.kglmeridian.com/view/journals/tist/12/1/article-p44.xml,Tire Science & Technology,A,P1,construction;motorsport,quantitative_evidence_extraction,TO_REVIEW_FULL_TEXT,Critical speed linked to casing damping and mass per unit length; damping/rolling-resistance tradeoff,High-speed damping calibration rule,"Deep-mine this source beyond its current Tire Lab summary. Extract every quantitative value, plotted range, table datum, test condition, equation, and uncertainty relevant to construction, motorsport that is not already represented in the knowledge master.","Record page/figure/table/section; units; tire size/construction; load; pressure; speed; temperature; surface; slip/camber; test method; whether value is direct measurement, fit, or author interpretation. Create separate evidence records rather than one broad note.",Do not turn road/passenger/aircraft magnitudes into race-tire coefficients without an explicit applicability bridge. Do not duplicate existing measurements.,
CUR-SRC008-Q2,current_knowledge_deep_mine,SRC008,Formation of Standing Waves in Radial Tires,1984,Kwon & Prevorsek,https://tst.kglmeridian.com/view/journals/tist/12/1/article-p44.xml,Tire Science & Technology,A,P1,construction;motorsport,relationship_constraint_extraction,TO_REVIEW_FULL_TEXT,Critical speed linked to casing damping and mass per unit length; damping/rolling-resistance tradeoff,High-speed damping calibration rule,"Extract the strongest causal/scaling relationships, applicability limits, calibration methods, and historical constraints from this source for construction, motorsport. Identify which Tire Lab generator formulas or priors the evidence can constrain without assigning unsupported constants.","Separate observations, scaling rules, historical constraints, fitment facts, and calibration methodology. Record scope (construction/era/use case) and directionality/nonlinearity/interactions.",Do not promote a general relationship into an exact supplier/class value unless the source actually measures that context.,
CUR-SRC009-Q1,current_knowledge_deep_mine,SRC009,Acquisition of Transient Tire Force and Moment Data for Dynamic Vehicle Handling Simulations,1983,Amnon Sitchin / Ford,https://saemobilus.sae.org/papers/acquisition-transient-tire-force-moment-data-dynamic-vehicle-handling-simulations-831790,SAE paper,A,P1,forces;transient,quantitative_evidence_extraction,TO_REVIEW_FULL_TEXT,Six-component transient F&M matrix; camber cannot be treated as independent additive thrust,Key camber/transient rule,"Deep-mine this source beyond its current Tire Lab summary. Extract every quantitative value, plotted range, table datum, test condition, equation, and uncertainty relevant to forces, transient that is not already represented in the knowledge master.","Record page/figure/table/section; units; tire size/construction; load; pressure; speed; temperature; surface; slip/camber; test method; whether value is direct measurement, fit, or author interpretation. Create separate evidence records rather than one broad note.",Do not turn road/passenger/aircraft magnitudes into race-tire coefficients without an explicit applicability bridge. Do not duplicate existing measurements.,
CUR-SRC009-Q2,current_knowledge_deep_mine,SRC009,Acquisition of Transient Tire Force and Moment Data for Dynamic Vehicle Handling Simulations,1983,Amnon Sitchin / Ford,https://saemobilus.sae.org/papers/acquisition-transient-tire-force-moment-data-dynamic-vehicle-handling-simulations-831790,SAE paper,A,P1,forces;transient,relationship_constraint_extraction,TO_REVIEW_FULL_TEXT,Six-component transient F&M matrix; camber cannot be treated as independent additive thrust,Key camber/transient rule,"Extract the strongest causal/scaling relationships, applicability limits, calibration methods, and historical constraints from this source for forces, transient. Identify which Tire Lab generator formulas or priors the evidence can constrain without assigning unsupported constants.","Separate observations, scaling rules, historical constraints, fitment facts, and calibration methodology. Record scope (construction/era/use case) and directionality/nonlinearity/interactions.",Do not promote a general relationship into an exact supplier/class value unless the source actually measures that context.,
CUR-SRC010-Q1,current_knowledge_deep_mine,SRC010,"Lateral Stiffness, Cornering Stiffness and Relaxation Length of the Pneumatic Tire",1990,Loeb et al.,https://saemobilus.sae.org/papers/lateral-stiffness-cornering-stiffness-relaxation-length-pneumatic-tire-900129,SAE paper,A,P1,geometry;forces;transient;motorsport,quantitative_evidence_extraction,TO_REVIEW_FULL_TEXT,Experimental relaxation length and first-order lateral-force buildup,Direct transient model basis,"Deep-mine this source beyond its current Tire Lab summary. Extract every quantitative value, plotted range, table datum, test condition, equation, and uncertainty relevant to geometry, forces, transient, motorsport that is not already represented in the knowledge master.","Record page/figure/table/section; units; tire size/construction; load; pressure; speed; temperature; surface; slip/camber; test method; whether value is direct measurement, fit, or author interpretation. Create separate evidence records rather than one broad note.",Do not turn road/passenger/aircraft magnitudes into race-tire coefficients without an explicit applicability bridge. Do not duplicate existing measurements.,
CUR-SRC010-Q2,current_knowledge_deep_mine,SRC010,"Lateral Stiffness, Cornering Stiffness and Relaxation Length of the Pneumatic Tire",1990,Loeb et al.,https://saemobilus.sae.org/papers/lateral-stiffness-cornering-stiffness-relaxation-length-pneumatic-tire-900129,SAE paper,A,P1,geometry;forces;transient;motorsport,relationship_constraint_extraction,TO_REVIEW_FULL_TEXT,Experimental relaxation length and first-order lateral-force buildup,Direct transient model basis,"Extract the strongest causal/scaling relationships, applicability limits, calibration methods, and historical constraints from this source for geometry, forces, transient, motorsport. Identify which Tire Lab generator formulas or priors the evidence can constrain without assigning unsupported constants.","Separate observations, scaling rules, historical constraints, fitment facts, and calibration methodology. Record scope (construction/era/use case) and directionality/nonlinearity/interactions.",Do not promote a general relationship into an exact supplier/class value unless the source actually measures that context.,
CUR-SRC011-Q1,current_knowledge_deep_mine,SRC011,An Efficient Method for Treating Race Tire Force-Moment Data,1994,Hugo S. Radt,https://saemobilus.sae.org/papers/efficient-method-treating-race-tire-force-moment-data-942536,SAE paper,A,P1,geometry;forces;motorsport,quantitative_evidence_extraction,TO_REVIEW_FULL_TEXT,Period full-size P275/40VR-17 Goodyear race/performance tire; nondimensional normalization across load,Excellent 1994 BPR-era force-shape anchor,"Deep-mine this source beyond its current Tire Lab summary. Extract every quantitative value, plotted range, table datum, test condition, equation, and uncertainty relevant to geometry, forces, motorsport that is not already represented in the knowledge master.","Record page/figure/table/section; units; tire size/construction; load; pressure; speed; temperature; surface; slip/camber; test method; whether value is direct measurement, fit, or author interpretation. Create separate evidence records rather than one broad note.",Do not turn road/passenger/aircraft magnitudes into race-tire coefficients without an explicit applicability bridge. Do not duplicate existing measurements.,
CUR-SRC011-Q2,current_knowledge_deep_mine,SRC011,An Efficient Method for Treating Race Tire Force-Moment Data,1994,Hugo S. Radt,https://saemobilus.sae.org/papers/efficient-method-treating-race-tire-force-moment-data-942536,SAE paper,A,P1,geometry;forces;motorsport,relationship_constraint_extraction,TO_REVIEW_FULL_TEXT,Period full-size P275/40VR-17 Goodyear race/performance tire; nondimensional normalization across load,Excellent 1994 BPR-era force-shape anchor,"Extract the strongest causal/scaling relationships, applicability limits, calibration methods, and historical constraints from this source for geometry, forces, motorsport. Identify which Tire Lab generator formulas or priors the evidence can constrain without assigning unsupported constants.","Separate observations, scaling rules, historical constraints, fitment facts, and calibration methodology. Record scope (construction/era/use case) and directionality/nonlinearity/interactions.",Do not promote a general relationship into an exact supplier/class value unless the source actually measures that context.,
CUR-SRC012-Q1,current_knowledge_deep_mine,SRC012,Inflation Pressure Effects in the Nondimensional Tire Model,2006,"Kasprzak, Lewis & Milliken",https://www.eng.buffalo.edu/Research/DOES/administrator/components/com_jresearch/files/publications/Kasprzak.SAE.JPC.Inflation.2006.pdf,SAE paper / Calspan,A,P1,geometry;pressure;forces;construction;motorsport,quantitative_evidence_extraction,TO_REVIEW_FULL_TEXT,"Pressure effects on F&M, cornering stiffness, friction coefficient, spring rate and loaded radius; full-size radial racing tire included",Primary pressure/load scaling reference,"Deep-mine this source beyond its current Tire Lab summary. Extract every quantitative value, plotted range, table datum, test condition, equation, and uncertainty relevant to geometry, pressure, forces, construction, motorsport that is not already represented in the knowledge master.","Record page/figure/table/section; units; tire size/construction; load; pressure; speed; temperature; surface; slip/camber; test method; whether value is direct measurement, fit, or author interpretation. Create separate evidence records rather than one broad note.",Do not turn road/passenger/aircraft magnitudes into race-tire coefficients without an explicit applicability bridge. Do not duplicate existing measurements.,
CUR-SRC012-Q2,current_knowledge_deep_mine,SRC012,Inflation Pressure Effects in the Nondimensional Tire Model,2006,"Kasprzak, Lewis & Milliken",https://www.eng.buffalo.edu/Research/DOES/administrator/components/com_jresearch/files/publications/Kasprzak.SAE.JPC.Inflation.2006.pdf,SAE paper / Calspan,A,P1,geometry;pressure;forces;construction;motorsport,relationship_constraint_extraction,TO_REVIEW_FULL_TEXT,"Pressure effects on F&M, cornering stiffness, friction coefficient, spring rate and loaded radius; full-size radial racing tire included",Primary pressure/load scaling reference,"Extract the strongest causal/scaling relationships, applicability limits, calibration methods, and historical constraints from this source for geometry, pressure, forces, construction, motorsport. Identify which Tire Lab generator formulas or priors the evidence can constrain without assigning unsupported constants.","Separate observations, scaling rules, historical constraints, fitment facts, and calibration methodology. Record scope (construction/era/use case) and directionality/nonlinearity/interactions.",Do not promote a general relationship into an exact supplier/class value unless the source actually measures that context.,
CUR-SRC013-Q1,current_knowledge_deep_mine,SRC013,The Formula SAE Tire Test Consortium—Tire Testing and Data,2006,Kasprzak et al.,https://www.millikenresearch.com/TTC_SAE_paper.pdf,SAE paper / Calspan,A,P1,geometry;motorsport,quantitative_evidence_extraction,TO_REVIEW_FULL_TEXT,"Controlled Calspan F&M testing, static rates and model-fitting workflow",Use curve shapes/scaling only for small tires unless full-size data available,"Deep-mine this source beyond its current Tire Lab summary. Extract every quantitative value, plotted range, table datum, test condition, equation, and uncertainty relevant to geometry, motorsport that is not already represented in the knowledge master.","Record page/figure/table/section; units; tire size/construction; load; pressure; speed; temperature; surface; slip/camber; test method; whether value is direct measurement, fit, or author interpretation. Create separate evidence records rather than one broad note.",Do not turn road/passenger/aircraft magnitudes into race-tire coefficients without an explicit applicability bridge. Do not duplicate existing measurements.,
CUR-SRC013-Q2,current_knowledge_deep_mine,SRC013,The Formula SAE Tire Test Consortium—Tire Testing and Data,2006,Kasprzak et al.,https://www.millikenresearch.com/TTC_SAE_paper.pdf,SAE paper / Calspan,A,P1,geometry;motorsport,relationship_constraint_extraction,TO_REVIEW_FULL_TEXT,"Controlled Calspan F&M testing, static rates and model-fitting workflow",Use curve shapes/scaling only for small tires unless full-size data available,"Extract the strongest causal/scaling relationships, applicability limits, calibration methods, and historical constraints from this source for geometry, motorsport. Identify which Tire Lab generator formulas or priors the evidence can constrain without assigning unsupported constants.","Separate observations, scaling rules, historical constraints, fitment facts, and calibration methodology. Record scope (construction/era/use case) and directionality/nonlinearity/interactions.",Do not promote a general relationship into an exact supplier/class value unless the source actually measures that context.,
CUR-SRC014-Q1,current_knowledge_deep_mine,SRC014,Indy Lights Road Course Tire Data,2017,Cooper/Avon,https://www.avontyres.com/fr-fr/entretien-des-pneus/automobile-ressources/ressources-techniques/indy-lights/,Manufacturer public technical archive,A,P1,geometry;forces;transient;wet;construction;motorsport,quantitative_evidence_extraction,TO_REVIEW_FULL_TEXT,"Public Pacejka model, force-moment data, static/dynamic spring rates, wet rates, superspeedway stability data",Exceptional full-size control radial calibration anchor,"Deep-mine this source beyond its current Tire Lab summary. Extract every quantitative value, plotted range, table datum, test condition, equation, and uncertainty relevant to geometry, forces, transient, wet, construction, motorsport that is not already represented in the knowledge master.","Record page/figure/table/section; units; tire size/construction; load; pressure; speed; temperature; surface; slip/camber; test method; whether value is direct measurement, fit, or author interpretation. Create separate evidence records rather than one broad note.",Do not turn road/passenger/aircraft magnitudes into race-tire coefficients without an explicit applicability bridge. Do not duplicate existing measurements.,
CUR-SRC014-Q2,current_knowledge_deep_mine,SRC014,Indy Lights Road Course Tire Data,2017,Cooper/Avon,https://www.avontyres.com/fr-fr/entretien-des-pneus/automobile-ressources/ressources-techniques/indy-lights/,Manufacturer public technical archive,A,P1,geometry;forces;transient;wet;construction;motorsport,relationship_constraint_extraction,TO_REVIEW_FULL_TEXT,"Public Pacejka model, force-moment data, static/dynamic spring rates, wet rates, superspeedway stability data",Exceptional full-size control radial calibration anchor,"Extract the strongest causal/scaling relationships, applicability limits, calibration methods, and historical constraints from this source for geometry, forces, transient, wet, construction, motorsport. Identify which Tire Lab generator formulas or priors the evidence can constrain without assigning unsupported constants.","Separate observations, scaling rules, historical constraints, fitment facts, and calibration methodology. Record scope (construction/era/use case) and directionality/nonlinearity/interactions.",Do not promote a general relationship into an exact supplier/class value unless the source actually measures that context.,
CUR-SRC015-Q1,current_knowledge_deep_mine,SRC015,USF2000 Tire Data,2017,Cooper/Avon,https://www.avontyres.com/fr-fr/entretien-des-pneus/automobile-ressources/ressources-techniques/usf2000/,Manufacturer public technical archive,A,P1,construction,quantitative_evidence_extraction,TO_REVIEW_FULL_TEXT,"Public full-scale F&M, static spring rate and tech data for control single-seater tire",Lower-load full-scale radial family anchor,"Deep-mine this source beyond its current Tire Lab summary. Extract every quantitative value, plotted range, table datum, test condition, equation, and uncertainty relevant to construction that is not already represented in the knowledge master.","Record page/figure/table/section; units; tire size/construction; load; pressure; speed; temperature; surface; slip/camber; test method; whether value is direct measurement, fit, or author interpretation. Create separate evidence records rather than one broad note.",Do not turn road/passenger/aircraft magnitudes into race-tire coefficients without an explicit applicability bridge. Do not duplicate existing measurements.,
CUR-SRC015-Q2,current_knowledge_deep_mine,SRC015,USF2000 Tire Data,2017,Cooper/Avon,https://www.avontyres.com/fr-fr/entretien-des-pneus/automobile-ressources/ressources-techniques/usf2000/,Manufacturer public technical archive,A,P1,construction,relationship_constraint_extraction,TO_REVIEW_FULL_TEXT,"Public full-scale F&M, static spring rate and tech data for control single-seater tire",Lower-load full-scale radial family anchor,"Extract the strongest causal/scaling relationships, applicability limits, calibration methods, and historical constraints from this source for construction. Identify which Tire Lab generator formulas or priors the evidence can constrain without assigning unsupported constants.","Separate observations, scaling rules, historical constraints, fitment facts, and calibration methodology. Record scope (construction/era/use case) and directionality/nonlinearity/interactions.",Do not promote a general relationship into an exact supplier/class value unless the source actually measures that context.,
CUR-SRC016-Q1,current_knowledge_deep_mine,SRC016,BFGoodrich g-Force Slick for Global Mazda MX-5 Cup,2017,BFGoodrich / Mazda Motorsports,https://www.mazdamotorsports.com/wp-content/uploads/2019/11/mazda-mx-5-cup-bfg-care-feeding-v5-feb-17-final.pdf,Manufacturer technical guide,A,P1,geometry;pressure;thermal;forces;construction;motorsport,quantitative_evidence_extraction,TO_REVIEW_FULL_TEXT,"Exact size, cold/hot pressures, static camber, radial spring rates at two pressures, temperature window",Excellent control-GT/touring pressure-rate anchor,"Deep-mine this source beyond its current Tire Lab summary. Extract every quantitative value, plotted range, table datum, test condition, equation, and uncertainty relevant to geometry, pressure, thermal, forces, construction, motorsport that is not already represented in the knowledge master.","Record page/figure/table/section; units; tire size/construction; load; pressure; speed; temperature; surface; slip/camber; test method; whether value is direct measurement, fit, or author interpretation. Create separate evidence records rather than one broad note.",Do not turn road/passenger/aircraft magnitudes into race-tire coefficients without an explicit applicability bridge. Do not duplicate existing measurements.,
CUR-SRC016-Q2,current_knowledge_deep_mine,SRC016,BFGoodrich g-Force Slick for Global Mazda MX-5 Cup,2017,BFGoodrich / Mazda Motorsports,https://www.mazdamotorsports.com/wp-content/uploads/2019/11/mazda-mx-5-cup-bfg-care-feeding-v5-feb-17-final.pdf,Manufacturer technical guide,A,P1,geometry;pressure;thermal;forces;construction;motorsport,relationship_constraint_extraction,TO_REVIEW_FULL_TEXT,"Exact size, cold/hot pressures, static camber, radial spring rates at two pressures, temperature window",Excellent control-GT/touring pressure-rate anchor,"Extract the strongest causal/scaling relationships, applicability limits, calibration methods, and historical constraints from this source for geometry, pressure, thermal, forces, construction, motorsport. Identify which Tire Lab generator formulas or priors the evidence can constrain without assigning unsupported constants.","Separate observations, scaling rules, historical constraints, fitment facts, and calibration methodology. Record scope (construction/era/use case) and directionality/nonlinearity/interactions.",Do not promote a general relationship into an exact supplier/class value unless the source actually measures that context.,
CUR-SRC017-Q1,current_knowledge_deep_mine,SRC017,Hoosier RCES Tire Setup Guidelines,Current,Hoosier Racing Tire,https://www.hoosiertire.com/assets/NASA%20RCES%20-%20Tire%20Setup%20Guidelines.pdf,Manufacturer technical guide,A,P1,thermal;wear;forces,quantitative_evidence_extraction,TO_REVIEW_FULL_TEXT,"Heat-cycle procedure, 160–240F operating range, 2.5–3.5deg camber, setup/wear compromises",Operational/setup evidence; modern absolute values not historical,"Deep-mine this source beyond its current Tire Lab summary. Extract every quantitative value, plotted range, table datum, test condition, equation, and uncertainty relevant to thermal, wear, forces that is not already represented in the knowledge master.","Record page/figure/table/section; units; tire size/construction; load; pressure; speed; temperature; surface; slip/camber; test method; whether value is direct measurement, fit, or author interpretation. Create separate evidence records rather than one broad note.",Do not turn road/passenger/aircraft magnitudes into race-tire coefficients without an explicit applicability bridge. Do not duplicate existing measurements.,
CUR-SRC017-Q2,current_knowledge_deep_mine,SRC017,Hoosier RCES Tire Setup Guidelines,Current,Hoosier Racing Tire,https://www.hoosiertire.com/assets/NASA%20RCES%20-%20Tire%20Setup%20Guidelines.pdf,Manufacturer technical guide,A,P1,thermal;wear;forces,relationship_constraint_extraction,TO_REVIEW_FULL_TEXT,"Heat-cycle procedure, 160–240F operating range, 2.5–3.5deg camber, setup/wear compromises",Operational/setup evidence; modern absolute values not historical,"Extract the strongest causal/scaling relationships, applicability limits, calibration methods, and historical constraints from this source for thermal, wear, forces. Identify which Tire Lab generator formulas or priors the evidence can constrain without assigning unsupported constants.","Separate observations, scaling rules, historical constraints, fitment facts, and calibration methodology. Record scope (construction/era/use case) and directionality/nonlinearity/interactions.",Do not promote a general relationship into an exact supplier/class value unless the source actually measures that context.,
CUR-SRC018-Q1,current_knowledge_deep_mine,SRC018,Hoosier DOT R7/A7 Tire Care and Safety,Current,Hoosier Racing Tire,https://www.hoosiertire.com/assets/TCTR7_A7.pdf,Manufacturer technical guide,A,P1,pressure;regulation,quantitative_evidence_extraction,TO_REVIEW_FULL_TEXT,"Pressure vs vehicle mass, aero/banking effects, rear-engine and FWD pressure guidance",Strong setup/load/pressure calibration rules,"Deep-mine this source beyond its current Tire Lab summary. Extract every quantitative value, plotted range, table datum, test condition, equation, and uncertainty relevant to pressure, regulation that is not already represented in the knowledge master.","Record page/figure/table/section; units; tire size/construction; load; pressure; speed; temperature; surface; slip/camber; test method; whether value is direct measurement, fit, or author interpretation. Create separate evidence records rather than one broad note.",Do not turn road/passenger/aircraft magnitudes into race-tire coefficients without an explicit applicability bridge. Do not duplicate existing measurements.,
CUR-SRC018-Q2,current_knowledge_deep_mine,SRC018,Hoosier DOT R7/A7 Tire Care and Safety,Current,Hoosier Racing Tire,https://www.hoosiertire.com/assets/TCTR7_A7.pdf,Manufacturer technical guide,A,P1,pressure;regulation,relationship_constraint_extraction,TO_REVIEW_FULL_TEXT,"Pressure vs vehicle mass, aero/banking effects, rear-engine and FWD pressure guidance",Strong setup/load/pressure calibration rules,"Extract the strongest causal/scaling relationships, applicability limits, calibration methods, and historical constraints from this source for pressure, regulation. Identify which Tire Lab generator formulas or priors the evidence can constrain without assigning unsupported constants.","Separate observations, scaling rules, historical constraints, fitment facts, and calibration methodology. Record scope (construction/era/use case) and directionality/nonlinearity/interactions.",Do not promote a general relationship into an exact supplier/class value unless the source actually measures that context.,
CUR-SRC019-Q1,current_knowledge_deep_mine,SRC019,Goodyear FSAE Technical Information,2017,Goodyear Motorsport,https://www.goodyear-motorsport.de/files/news/2017/Goodyear%20FSAE%20Technical%20Information.pdf,Manufacturer technical guide,A,P1,pressure;forces;wet,quantitative_evidence_extraction,TO_REVIEW_FULL_TEXT,"Cold/hot pressures, camber start range, break-in/scuffing, grain risk when cold",Mechanism and low-load operational evidence,"Deep-mine this source beyond its current Tire Lab summary. Extract every quantitative value, plotted range, table datum, test condition, equation, and uncertainty relevant to pressure, forces, wet that is not already represented in the knowledge master.","Record page/figure/table/section; units; tire size/construction; load; pressure; speed; temperature; surface; slip/camber; test method; whether value is direct measurement, fit, or author interpretation. Create separate evidence records rather than one broad note.",Do not turn road/passenger/aircraft magnitudes into race-tire coefficients without an explicit applicability bridge. Do not duplicate existing measurements.,
CUR-SRC019-Q2,current_knowledge_deep_mine,SRC019,Goodyear FSAE Technical Information,2017,Goodyear Motorsport,https://www.goodyear-motorsport.de/files/news/2017/Goodyear%20FSAE%20Technical%20Information.pdf,Manufacturer technical guide,A,P1,pressure;forces;wet,relationship_constraint_extraction,TO_REVIEW_FULL_TEXT,"Cold/hot pressures, camber start range, break-in/scuffing, grain risk when cold",Mechanism and low-load operational evidence,"Extract the strongest causal/scaling relationships, applicability limits, calibration methods, and historical constraints from this source for pressure, forces, wet. Identify which Tire Lab generator formulas or priors the evidence can constrain without assigning unsupported constants.","Separate observations, scaling rules, historical constraints, fitment facts, and calibration methodology. Record scope (construction/era/use case) and directionality/nonlinearity/interactions.",Do not promote a general relationship into an exact supplier/class value unless the source actually measures that context.,
CUR-SRC020-Q1,current_knowledge_deep_mine,SRC020,Goodyear Racing NASCAR Tire Manual,2000s,Goodyear Racing,https://vscracing.com/wp-content/uploads/2019/07/nascar_goodyear_tire_manual.pdf,Manufacturer racing manual,A,P1,pressure;thermal;wear;forces;motorsport;regulation,quantitative_evidence_extraction,TO_REVIEW_FULL_TEXT,"Spring-rate matching, load/speed/camber/pressure dependence, temperature spread, operating range, camber/wear give-up",Use relational rules; application-specific absolute values,"Deep-mine this source beyond its current Tire Lab summary. Extract every quantitative value, plotted range, table datum, test condition, equation, and uncertainty relevant to pressure, thermal, wear, forces, motorsport, regulation that is not already represented in the knowledge master.","Record page/figure/table/section; units; tire size/construction; load; pressure; speed; temperature; surface; slip/camber; test method; whether value is direct measurement, fit, or author interpretation. Create separate evidence records rather than one broad note.",Do not turn road/passenger/aircraft magnitudes into race-tire coefficients without an explicit applicability bridge. Do not duplicate existing measurements.,
CUR-SRC020-Q2,current_knowledge_deep_mine,SRC020,Goodyear Racing NASCAR Tire Manual,2000s,Goodyear Racing,https://vscracing.com/wp-content/uploads/2019/07/nascar_goodyear_tire_manual.pdf,Manufacturer racing manual,A,P1,pressure;thermal;wear;forces;motorsport;regulation,relationship_constraint_extraction,TO_REVIEW_FULL_TEXT,"Spring-rate matching, load/speed/camber/pressure dependence, temperature spread, operating range, camber/wear give-up",Use relational rules; application-specific absolute values,"Extract the strongest causal/scaling relationships, applicability limits, calibration methods, and historical constraints from this source for pressure, thermal, wear, forces, motorsport, regulation. Identify which Tire Lab generator formulas or priors the evidence can constrain without assigning unsupported constants.","Separate observations, scaling rules, historical constraints, fitment facts, and calibration methodology. Record scope (construction/era/use case) and directionality/nonlinearity/interactions.",Do not promote a general relationship into an exact supplier/class value unless the source actually measures that context.,
CUR-SRC021-Q1,current_knowledge_deep_mine,SRC021,Bridgestone DTM development history,1991-95,Bridgestone Motorsport,https://ms.bridgestone.co.jp/special/document/f1/en/prologue/1990/,Manufacturer history / period program,A,P1,wet,quantitative_evidence_extraction,TO_REVIEW_FULL_TEXT,Heavy/fast DTM cars on narrow tires; 1992 cold-wet Michelin gap; silica wet-compound response,Exceptional period wet-compound development anchor,"Deep-mine this source beyond its current Tire Lab summary. Extract every quantitative value, plotted range, table datum, test condition, equation, and uncertainty relevant to wet that is not already represented in the knowledge master.","Record page/figure/table/section; units; tire size/construction; load; pressure; speed; temperature; surface; slip/camber; test method; whether value is direct measurement, fit, or author interpretation. Create separate evidence records rather than one broad note.",Do not turn road/passenger/aircraft magnitudes into race-tire coefficients without an explicit applicability bridge. Do not duplicate existing measurements.,
CUR-SRC021-Q2,current_knowledge_deep_mine,SRC021,Bridgestone DTM development history,1991-95,Bridgestone Motorsport,https://ms.bridgestone.co.jp/special/document/f1/en/prologue/1990/,Manufacturer history / period program,A,P1,wet,relationship_constraint_extraction,TO_REVIEW_FULL_TEXT,Heavy/fast DTM cars on narrow tires; 1992 cold-wet Michelin gap; silica wet-compound response,Exceptional period wet-compound development anchor,"Extract the strongest causal/scaling relationships, applicability limits, calibration methods, and historical constraints from this source for wet. Identify which Tire Lab generator formulas or priors the evidence can constrain without assigning unsupported constants.","Separate observations, scaling rules, historical constraints, fitment facts, and calibration methodology. Record scope (construction/era/use case) and directionality/nonlinearity/interactions.",Do not promote a general relationship into an exact supplier/class value unless the source actually measures that context.,
CUR-SRC022-Q1,current_knowledge_deep_mine,SRC022,Bridgestone FIA-GT / ITC / DTM technical history,1995-98,Bridgestone Motorsport,https://ms.bridgestone.co.jp/special/document/history1995-1998/042,Manufacturer history / period program,A,P1,geometry;wet;motorsport,quantitative_evidence_extraction,TO_REVIEW_FULL_TEXT,"Dry/wet tire sizes, multiple dry/wet specs, slick/cut-slick/intermediate/wet menu, 18in vs 19in stiffness/durability trade",Direct late-90s GT architecture anchor,"Deep-mine this source beyond its current Tire Lab summary. Extract every quantitative value, plotted range, table datum, test condition, equation, and uncertainty relevant to geometry, wet, motorsport that is not already represented in the knowledge master.","Record page/figure/table/section; units; tire size/construction; load; pressure; speed; temperature; surface; slip/camber; test method; whether value is direct measurement, fit, or author interpretation. Create separate evidence records rather than one broad note.",Do not turn road/passenger/aircraft magnitudes into race-tire coefficients without an explicit applicability bridge. Do not duplicate existing measurements.,
CUR-SRC022-Q2,current_knowledge_deep_mine,SRC022,Bridgestone FIA-GT / ITC / DTM technical history,1995-98,Bridgestone Motorsport,https://ms.bridgestone.co.jp/special/document/history1995-1998/042,Manufacturer history / period program,A,P1,geometry;wet;motorsport,relationship_constraint_extraction,TO_REVIEW_FULL_TEXT,"Dry/wet tire sizes, multiple dry/wet specs, slick/cut-slick/intermediate/wet menu, 18in vs 19in stiffness/durability trade",Direct late-90s GT architecture anchor,"Extract the strongest causal/scaling relationships, applicability limits, calibration methods, and historical constraints from this source for geometry, wet, motorsport. Identify which Tire Lab generator formulas or priors the evidence can constrain without assigning unsupported constants.","Separate observations, scaling rules, historical constraints, fitment facts, and calibration methodology. Record scope (construction/era/use case) and directionality/nonlinearity/interactions.",Do not promote a general relationship into an exact supplier/class value unless the source actually measures that context.,
CUR-SRC023-Q1,current_knowledge_deep_mine,SRC023,Pirelli and Ferrari Challenge tire evolution,1993+,Pirelli,https://www.pirelli.com/global/en-ww/race/racingspot/formula-1/pirelli-and-ferrari-always-together-in-the-challenge-53749/,Manufacturer history,A,P1,construction;motorsport,quantitative_evidence_extraction,TO_REVIEW_FULL_TEXT,348 Challenge 245/620-17 & 265/640-17; production P Zero molds with dedicated racing structure/compound; 18in transition on 355,Near-perfect early-90s GT construction bridge,"Deep-mine this source beyond its current Tire Lab summary. Extract every quantitative value, plotted range, table datum, test condition, equation, and uncertainty relevant to construction, motorsport that is not already represented in the knowledge master.","Record page/figure/table/section; units; tire size/construction; load; pressure; speed; temperature; surface; slip/camber; test method; whether value is direct measurement, fit, or author interpretation. Create separate evidence records rather than one broad note.",Do not turn road/passenger/aircraft magnitudes into race-tire coefficients without an explicit applicability bridge. Do not duplicate existing measurements.,
CUR-SRC023-Q2,current_knowledge_deep_mine,SRC023,Pirelli and Ferrari Challenge tire evolution,1993+,Pirelli,https://www.pirelli.com/global/en-ww/race/racingspot/formula-1/pirelli-and-ferrari-always-together-in-the-challenge-53749/,Manufacturer history,A,P1,construction;motorsport,relationship_constraint_extraction,TO_REVIEW_FULL_TEXT,348 Challenge 245/620-17 & 265/640-17; production P Zero molds with dedicated racing structure/compound; 18in transition on 355,Near-perfect early-90s GT construction bridge,"Extract the strongest causal/scaling relationships, applicability limits, calibration methods, and historical constraints from this source for construction, motorsport. Identify which Tire Lab generator formulas or priors the evidence can constrain without assigning unsupported constants.","Separate observations, scaling rules, historical constraints, fitment facts, and calibration methodology. Record scope (construction/era/use case) and directionality/nonlinearity/interactions.",Do not promote a general relationship into an exact supplier/class value unless the source actually measures that context.,
CUR-SRC024-Q1,current_knowledge_deep_mine,SRC024,Porsche Carrera Cup 964 technical feature,1990,Motor Sport Magazine,https://www.motorsportmagazine.com/archive/article/june-1990/62/beyond-measure/,Period magazine,B,P1,wet,quantitative_evidence_extraction,TO_REVIEW_FULL_TEXT,1120kg car; 8Jx17/9.5Jx17; control Pirelli slick/grooved wet 245/620-17 & 265/630-17,Excellent period one-make geometry/usage anchor,"Deep-mine this source beyond its current Tire Lab summary. Extract every quantitative value, plotted range, table datum, test condition, equation, and uncertainty relevant to wet that is not already represented in the knowledge master.","Record page/figure/table/section; units; tire size/construction; load; pressure; speed; temperature; surface; slip/camber; test method; whether value is direct measurement, fit, or author interpretation. Create separate evidence records rather than one broad note.",Do not turn road/passenger/aircraft magnitudes into race-tire coefficients without an explicit applicability bridge. Do not duplicate existing measurements.,
CUR-SRC024-Q2,current_knowledge_deep_mine,SRC024,Porsche Carrera Cup 964 technical feature,1990,Motor Sport Magazine,https://www.motorsportmagazine.com/archive/article/june-1990/62/beyond-measure/,Period magazine,B,P1,wet,relationship_constraint_extraction,TO_REVIEW_FULL_TEXT,1120kg car; 8Jx17/9.5Jx17; control Pirelli slick/grooved wet 245/620-17 & 265/630-17,Excellent period one-make geometry/usage anchor,"Extract the strongest causal/scaling relationships, applicability limits, calibration methods, and historical constraints from this source for wet. Identify which Tire Lab generator formulas or priors the evidence can constrain without assigning unsupported constants.","Separate observations, scaling rules, historical constraints, fitment facts, and calibration methodology. Record scope (construction/era/use case) and directionality/nonlinearity/interactions.",Do not promote a general relationship into an exact supplier/class value unless the source actually measures that context.,
CUR-SRC025-Q1,current_knowledge_deep_mine,SRC025,Dunlop Vintage R5 Range,2022 homologated historic spec,FIA Historic Database / Dunlop,https://historicdb.fia.com/sites/default/files/regulations/1649945602/hth-001.pdf,FIA homologation data,A,P1,geometry;pressure;wear;forces;construction,quantitative_evidence_extraction,TO_REVIEW_FULL_TEXT,"R5 dimensions, measurement rim, diameter, section/tread width, grooving ratio, Shore A, groove depth, weight, measurement pressure","Modern homologated historic reproduction; geometry/material clue, not proof of original-period force levels","Deep-mine this source beyond its current Tire Lab summary. Extract every quantitative value, plotted range, table datum, test condition, equation, and uncertainty relevant to geometry, pressure, wear, forces, construction that is not already represented in the knowledge master.","Record page/figure/table/section; units; tire size/construction; load; pressure; speed; temperature; surface; slip/camber; test method; whether value is direct measurement, fit, or author interpretation. Create separate evidence records rather than one broad note.",Do not turn road/passenger/aircraft magnitudes into race-tire coefficients without an explicit applicability bridge. Do not duplicate existing measurements.,
CUR-SRC025-Q2,current_knowledge_deep_mine,SRC025,Dunlop Vintage R5 Range,2022 homologated historic spec,FIA Historic Database / Dunlop,https://historicdb.fia.com/sites/default/files/regulations/1649945602/hth-001.pdf,FIA homologation data,A,P1,geometry;pressure;wear;forces;construction,relationship_constraint_extraction,TO_REVIEW_FULL_TEXT,"R5 dimensions, measurement rim, diameter, section/tread width, grooving ratio, Shore A, groove depth, weight, measurement pressure","Modern homologated historic reproduction; geometry/material clue, not proof of original-period force levels","Extract the strongest causal/scaling relationships, applicability limits, calibration methods, and historical constraints from this source for geometry, pressure, wear, forces, construction. Identify which Tire Lab generator formulas or priors the evidence can constrain without assigning unsupported constants.","Separate observations, scaling rules, historical constraints, fitment facts, and calibration methodology. Record scope (construction/era/use case) and directionality/nonlinearity/interactions.",Do not promote a general relationship into an exact supplier/class value unless the source actually measures that context.,
CUR-SRC026-Q1,current_knowledge_deep_mine,SRC026,Phenomena of Pneumatic Tire Hydroplaning,1963,Horne & Dreher / NASA,https://ntrs.nasa.gov/api/citations/19640000612/downloads/19640000612.pdf,NASA technical note,A,P1,pressure;wet,quantitative_evidence_extraction,TO_REVIEW_FULL_TEXT,Hydroplaning mechanics and pressure relationship across wide loads/pressures,Mechanism/scaling only; do not copy aircraft thresholds directly,"Deep-mine this source beyond its current Tire Lab summary. Extract every quantitative value, plotted range, table datum, test condition, equation, and uncertainty relevant to pressure, wet that is not already represented in the knowledge master.","Record page/figure/table/section; units; tire size/construction; load; pressure; speed; temperature; surface; slip/camber; test method; whether value is direct measurement, fit, or author interpretation. Create separate evidence records rather than one broad note.",Do not turn road/passenger/aircraft magnitudes into race-tire coefficients without an explicit applicability bridge. Do not duplicate existing measurements.,
CUR-SRC026-Q2,current_knowledge_deep_mine,SRC026,Phenomena of Pneumatic Tire Hydroplaning,1963,Horne & Dreher / NASA,https://ntrs.nasa.gov/api/citations/19640000612/downloads/19640000612.pdf,NASA technical note,A,P1,pressure;wet,relationship_constraint_extraction,TO_REVIEW_FULL_TEXT,Hydroplaning mechanics and pressure relationship across wide loads/pressures,Mechanism/scaling only; do not copy aircraft thresholds directly,"Extract the strongest causal/scaling relationships, applicability limits, calibration methods, and historical constraints from this source for pressure, wet. Identify which Tire Lab generator formulas or priors the evidence can constrain without assigning unsupported constants.","Separate observations, scaling rules, historical constraints, fitment facts, and calibration methodology. Record scope (construction/era/use case) and directionality/nonlinearity/interactions.",Do not promote a general relationship into an exact supplier/class value unless the source actually measures that context.,
CUR-SRC027-Q1,current_knowledge_deep_mine,SRC027,A New Model for Rolling Resistance of Pneumatic Tires,2002,Nielsen & Sandberg,https://saemobilus.sae.org/papers/a-new-model-rolling-resistance-pneumatic-tires-2002-01-1200,SAE paper,A,P1,thermal,quantitative_evidence_extraction,TO_REVIEW_FULL_TEXT,Temperature is dominant slow state; rolling resistance falls with warm-up; separate faster speed effects,Rolling-resistance architecture,"Deep-mine this source beyond its current Tire Lab summary. Extract every quantitative value, plotted range, table datum, test condition, equation, and uncertainty relevant to thermal that is not already represented in the knowledge master.","Record page/figure/table/section; units; tire size/construction; load; pressure; speed; temperature; surface; slip/camber; test method; whether value is direct measurement, fit, or author interpretation. Create separate evidence records rather than one broad note.",Do not turn road/passenger/aircraft magnitudes into race-tire coefficients without an explicit applicability bridge. Do not duplicate existing measurements.,
CUR-SRC027-Q2,current_knowledge_deep_mine,SRC027,A New Model for Rolling Resistance of Pneumatic Tires,2002,Nielsen & Sandberg,https://saemobilus.sae.org/papers/a-new-model-rolling-resistance-pneumatic-tires-2002-01-1200,SAE paper,A,P1,thermal,relationship_constraint_extraction,TO_REVIEW_FULL_TEXT,Temperature is dominant slow state; rolling resistance falls with warm-up; separate faster speed effects,Rolling-resistance architecture,"Extract the strongest causal/scaling relationships, applicability limits, calibration methods, and historical constraints from this source for thermal. Identify which Tire Lab generator formulas or priors the evidence can constrain without assigning unsupported constants.","Separate observations, scaling rules, historical constraints, fitment facts, and calibration methodology. Record scope (construction/era/use case) and directionality/nonlinearity/interactions.",Do not promote a general relationship into an exact supplier/class value unless the source actually measures that context.,
CUR-SRC028-Q1,current_knowledge_deep_mine,SRC028,Optimal Tyre Management for a High-Performance Race Car,2022,West et al.,https://repository.up.ac.za/bitstream/2263/83745/1/West_Optimal_2022.pdf,Academic race-tire model,A,P1,thermal;wear;forces;wet;motorsport,quantitative_evidence_extraction,TO_REVIEW_FULL_TEXT,"Thermal/wear model separates frictional-power abrasion, graining, blistering; grip depends reversibly on temperature and irreversibly on wear",Universal mechanism evidence; modern coefficients not historic,"Deep-mine this source beyond its current Tire Lab summary. Extract every quantitative value, plotted range, table datum, test condition, equation, and uncertainty relevant to thermal, wear, forces, wet, motorsport that is not already represented in the knowledge master.","Record page/figure/table/section; units; tire size/construction; load; pressure; speed; temperature; surface; slip/camber; test method; whether value is direct measurement, fit, or author interpretation. Create separate evidence records rather than one broad note.",Do not turn road/passenger/aircraft magnitudes into race-tire coefficients without an explicit applicability bridge. Do not duplicate existing measurements.,
CUR-SRC028-Q2,current_knowledge_deep_mine,SRC028,Optimal Tyre Management for a High-Performance Race Car,2022,West et al.,https://repository.up.ac.za/bitstream/2263/83745/1/West_Optimal_2022.pdf,Academic race-tire model,A,P1,thermal;wear;forces;wet;motorsport,relationship_constraint_extraction,TO_REVIEW_FULL_TEXT,"Thermal/wear model separates frictional-power abrasion, graining, blistering; grip depends reversibly on temperature and irreversibly on wear",Universal mechanism evidence; modern coefficients not historic,"Extract the strongest causal/scaling relationships, applicability limits, calibration methods, and historical constraints from this source for thermal, wear, forces, wet, motorsport. Identify which Tire Lab generator formulas or priors the evidence can constrain without assigning unsupported constants.","Separate observations, scaling rules, historical constraints, fitment facts, and calibration methodology. Record scope (construction/era/use case) and directionality/nonlinearity/interactions.",Do not promote a general relationship into an exact supplier/class value unless the source actually measures that context.,
CUR-SRC029-Q1,current_knowledge_deep_mine,SRC029,FIA GT Pirelli compound development,2003,Pirelli,https://press.pirelli.com/fia-gt-2003-championship-victory-and-pole-position-for-ferrari---pirelli-with-bertolini-and-de-simone/,Manufacturer / series technical release,A,P1,forces;motorsport,quantitative_evidence_extraction,TO_REVIEW_FULL_TEXT,Softer compound increased grip without loss of duration; hot-asphalt-specific compound development,Strong evidence that grip/duration are not a one-dimensional tradeoff,"Deep-mine this source beyond its current Tire Lab summary. Extract every quantitative value, plotted range, table datum, test condition, equation, and uncertainty relevant to forces, motorsport that is not already represented in the knowledge master.","Record page/figure/table/section; units; tire size/construction; load; pressure; speed; temperature; surface; slip/camber; test method; whether value is direct measurement, fit, or author interpretation. Create separate evidence records rather than one broad note.",Do not turn road/passenger/aircraft magnitudes into race-tire coefficients without an explicit applicability bridge. Do not duplicate existing measurements.,
CUR-SRC029-Q2,current_knowledge_deep_mine,SRC029,FIA GT Pirelli compound development,2003,Pirelli,https://press.pirelli.com/fia-gt-2003-championship-victory-and-pole-position-for-ferrari---pirelli-with-bertolini-and-de-simone/,Manufacturer / series technical release,A,P1,forces;motorsport,relationship_constraint_extraction,TO_REVIEW_FULL_TEXT,Softer compound increased grip without loss of duration; hot-asphalt-specific compound development,Strong evidence that grip/duration are not a one-dimensional tradeoff,"Extract the strongest causal/scaling relationships, applicability limits, calibration methods, and historical constraints from this source for forces, motorsport. Identify which Tire Lab generator formulas or priors the evidence can constrain without assigning unsupported constants.","Separate observations, scaling rules, historical constraints, fitment facts, and calibration methodology. Record scope (construction/era/use case) and directionality/nonlinearity/interactions.",Do not promote a general relationship into an exact supplier/class value unless the source actually measures that context.,
CUR-SRC030-Q1,current_knowledge_deep_mine,SRC030,Michelin GT tire stint behavior at Sebring,2004,Racecar / Michelin ALMS operations,https://www.racecar.com/News/5529/motorsport/bam-sebring-qualifying,Period motorsport technical report,B,P1,wear;wet;motorsport,quantitative_evidence_extraction,TO_REVIEW_FULL_TEXT,"21 GT solutions; 10 slick compounds and 11 wets; tire builds after 5–6 laps, plateaus through stint, drops mid-second stint",Excellent stint-shape / compound-menu evidence,"Deep-mine this source beyond its current Tire Lab summary. Extract every quantitative value, plotted range, table datum, test condition, equation, and uncertainty relevant to wear, wet, motorsport that is not already represented in the knowledge master.","Record page/figure/table/section; units; tire size/construction; load; pressure; speed; temperature; surface; slip/camber; test method; whether value is direct measurement, fit, or author interpretation. Create separate evidence records rather than one broad note.",Do not turn road/passenger/aircraft magnitudes into race-tire coefficients without an explicit applicability bridge. Do not duplicate existing measurements.,
CUR-SRC030-Q2,current_knowledge_deep_mine,SRC030,Michelin GT tire stint behavior at Sebring,2004,Racecar / Michelin ALMS operations,https://www.racecar.com/News/5529/motorsport/bam-sebring-qualifying,Period motorsport technical report,B,P1,wear;wet;motorsport,relationship_constraint_extraction,TO_REVIEW_FULL_TEXT,"21 GT solutions; 10 slick compounds and 11 wets; tire builds after 5–6 laps, plateaus through stint, drops mid-second stint",Excellent stint-shape / compound-menu evidence,"Extract the strongest causal/scaling relationships, applicability limits, calibration methods, and historical constraints from this source for wear, wet, motorsport. Identify which Tire Lab generator formulas or priors the evidence can constrain without assigning unsupported constants.","Separate observations, scaling rules, historical constraints, fitment facts, and calibration methodology. Record scope (construction/era/use case) and directionality/nonlinearity/interactions.",Do not promote a general relationship into an exact supplier/class value unless the source actually measures that context.,
CUR-SRC031-Q1,current_knowledge_deep_mine,SRC031,Star Mazda Update Kit Technical Brief,2009,Star Race Cars,https://manualzz.com/doc/23134332/star-race-cars-2009-star-mazda-update-kit-race-car-compon...,Series engineering brief,B,P1,construction,quantitative_evidence_extraction,TO_REVIEW_FULL_TEXT,Radial-tire introduction changed setup/tuning envelope; motion ratios revised for usable spring/damper balance,Strong tire↔suspension interaction evidence,"Deep-mine this source beyond its current Tire Lab summary. Extract every quantitative value, plotted range, table datum, test condition, equation, and uncertainty relevant to construction that is not already represented in the knowledge master.","Record page/figure/table/section; units; tire size/construction; load; pressure; speed; temperature; surface; slip/camber; test method; whether value is direct measurement, fit, or author interpretation. Create separate evidence records rather than one broad note.",Do not turn road/passenger/aircraft magnitudes into race-tire coefficients without an explicit applicability bridge. Do not duplicate existing measurements.,
CUR-SRC031-Q2,current_knowledge_deep_mine,SRC031,Star Mazda Update Kit Technical Brief,2009,Star Race Cars,https://manualzz.com/doc/23134332/star-race-cars-2009-star-mazda-update-kit-race-car-compon...,Series engineering brief,B,P1,construction,relationship_constraint_extraction,TO_REVIEW_FULL_TEXT,Radial-tire introduction changed setup/tuning envelope; motion ratios revised for usable spring/damper balance,Strong tire↔suspension interaction evidence,"Extract the strongest causal/scaling relationships, applicability limits, calibration methods, and historical constraints from this source for construction. Identify which Tire Lab generator formulas or priors the evidence can constrain without assigning unsupported constants.","Separate observations, scaling rules, historical constraints, fitment facts, and calibration methodology. Record scope (construction/era/use case) and directionality/nonlinearity/interactions.",Do not promote a general relationship into an exact supplier/class value unless the source actually measures that context.,
CUR-SRC032-Q1,current_knowledge_deep_mine,SRC032,Assetto Corsa tyre parameter annotations,Current mirror,Community / GitHub,https://github.com/gik0geck0/assetto-tools/blob/main/source.ini,AC community documentation,C,P1,pressure;thermal;forces,quantitative_evidence_extraction,TO_REVIEW_FULL_TEXT,"Parameter names and commonly used annotations for RATE, FLEX, pressure gains, FZ0, load sensitivity and thermal keys",Implementation map only; validate against Kunos/open data and telemetry,"Deep-mine this source beyond its current Tire Lab summary. Extract every quantitative value, plotted range, table datum, test condition, equation, and uncertainty relevant to pressure, thermal, forces that is not already represented in the knowledge master.","Record page/figure/table/section; units; tire size/construction; load; pressure; speed; temperature; surface; slip/camber; test method; whether value is direct measurement, fit, or author interpretation. Create separate evidence records rather than one broad note.",Do not turn road/passenger/aircraft magnitudes into race-tire coefficients without an explicit applicability bridge. Do not duplicate existing measurements.,
CUR-SRC032-Q2,current_knowledge_deep_mine,SRC032,Assetto Corsa tyre parameter annotations,Current mirror,Community / GitHub,https://github.com/gik0geck0/assetto-tools/blob/main/source.ini,AC community documentation,C,P1,pressure;thermal;forces,relationship_constraint_extraction,TO_REVIEW_FULL_TEXT,"Parameter names and commonly used annotations for RATE, FLEX, pressure gains, FZ0, load sensitivity and thermal keys",Implementation map only; validate against Kunos/open data and telemetry,"Extract the strongest causal/scaling relationships, applicability limits, calibration methods, and historical constraints from this source for pressure, thermal, forces. Identify which Tire Lab generator formulas or priors the evidence can constrain without assigning unsupported constants.","Separate observations, scaling rules, historical constraints, fitment facts, and calibration methodology. Record scope (construction/era/use case) and directionality/nonlinearity/interactions.",Do not promote a general relationship into an exact supplier/class value unless the source actually measures that context.,
CUR-SRC033-Q1,current_knowledge_deep_mine,SRC033,FIA Historic Database - Period Appendix J / Appendix K / Period Regulations,1955-current historic archive,FIA,https://historicdb.fia.com/regulations/period-appendix-j,FIA period regulations archive,A/B,P1,motorsport;regulation,quantitative_evidence_extraction,TO_REVIEW_FULL_TEXT,"Period class/regulation boundaries and historic tyre eligibility framework across touring, GT, sports-prototype and single-seater eras.",Use as period/regulatory architecture and homologation context; current Appendix K historic replacement rules are not automatically identical to original-period compounds.,"Deep-mine this source beyond its current Tire Lab summary. Extract every quantitative value, plotted range, table datum, test condition, equation, and uncertainty relevant to motorsport, regulation that is not already represented in the knowledge master.","Record page/figure/table/section; units; tire size/construction; load; pressure; speed; temperature; surface; slip/camber; test method; whether value is direct measurement, fit, or author interpretation. Create separate evidence records rather than one broad note.",Do not turn road/passenger/aircraft magnitudes into race-tire coefficients without an explicit applicability bridge. Do not duplicate existing measurements.,
CUR-SRC033-Q2,current_knowledge_deep_mine,SRC033,FIA Historic Database - Period Appendix J / Appendix K / Period Regulations,1955-current historic archive,FIA,https://historicdb.fia.com/regulations/period-appendix-j,FIA period regulations archive,A/B,P1,motorsport;regulation,relationship_constraint_extraction,TO_REVIEW_FULL_TEXT,"Period class/regulation boundaries and historic tyre eligibility framework across touring, GT, sports-prototype and single-seater eras.",Use as period/regulatory architecture and homologation context; current Appendix K historic replacement rules are not automatically identical to original-period compounds.,"Extract the strongest causal/scaling relationships, applicability limits, calibration methods, and historical constraints from this source for motorsport, regulation. Identify which Tire Lab generator formulas or priors the evidence can constrain without assigning unsupported constants.","Separate observations, scaling rules, historical constraints, fitment facts, and calibration methodology. Record scope (construction/era/use case) and directionality/nonlinearity/interactions.",Do not promote a general relationship into an exact supplier/class value unless the source actually measures that context.,
CUR-SRC034-Q1,current_knowledge_deep_mine,SRC034,"Dunlop history - RS5, Aquajet, radial and endurance milestones",1959-1980s,Dunlop,https://www.dunloptyres.com/en/whydunlop/history,Manufacturer history,B,P1,wear;forces;wet;construction;motorsport,quantitative_evidence_extraction,TO_REVIEW_FULL_TEXT,"RS5 nylon-casing milestone, 1962 Aquajet wet-tread development, radial-development chronology and 1980s Le Mans endurance context.",Manufacturer retrospective history supports construction chronology; do not infer exact force coefficients from historical marketing summaries.,"Deep-mine this source beyond its current Tire Lab summary. Extract every quantitative value, plotted range, table datum, test condition, equation, and uncertainty relevant to wear, forces, wet, construction, motorsport that is not already represented in the knowledge master.","Record page/figure/table/section; units; tire size/construction; load; pressure; speed; temperature; surface; slip/camber; test method; whether value is direct measurement, fit, or author interpretation. Create separate evidence records rather than one broad note.",Do not turn road/passenger/aircraft magnitudes into race-tire coefficients without an explicit applicability bridge. Do not duplicate existing measurements.,
CUR-SRC034-Q2,current_knowledge_deep_mine,SRC034,"Dunlop history - RS5, Aquajet, radial and endurance milestones",1959-1980s,Dunlop,https://www.dunloptyres.com/en/whydunlop/history,Manufacturer history,B,P1,wear;forces;wet;construction;motorsport,relationship_constraint_extraction,TO_REVIEW_FULL_TEXT,"RS5 nylon-casing milestone, 1962 Aquajet wet-tread development, radial-development chronology and 1980s Le Mans endurance context.",Manufacturer retrospective history supports construction chronology; do not infer exact force coefficients from historical marketing summaries.,"Extract the strongest causal/scaling relationships, applicability limits, calibration methods, and historical constraints from this source for wear, forces, wet, construction, motorsport. Identify which Tire Lab generator formulas or priors the evidence can constrain without assigning unsupported constants.","Separate observations, scaling rules, historical constraints, fitment facts, and calibration methodology. Record scope (construction/era/use case) and directionality/nonlinearity/interactions.",Do not promote a general relationship into an exact supplier/class value unless the source actually measures that context.,
CUR-SRC035-Q1,current_knowledge_deep_mine,SRC035,Michelin Motorsport history - radial and Le Mans development,1951-1980s,Michelin,https://www.michelin.com/en/media/magazine/explore-motorsport,Manufacturer motorsport history,B,P1,geometry;construction;motorsport,quantitative_evidence_extraction,TO_REVIEW_FULL_TEXT,"1951 top-level radial use, 1967 radial slick at Le Mans, 1978 Renault-Alpine Le Mans victory on radial technology; anchors sports-prototype construction transition.","Strong chronology/technology anchor; exact tire sizes, rates and compounds still require car/season-specific sources.","Deep-mine this source beyond its current Tire Lab summary. Extract every quantitative value, plotted range, table datum, test condition, equation, and uncertainty relevant to geometry, construction, motorsport that is not already represented in the knowledge master.","Record page/figure/table/section; units; tire size/construction; load; pressure; speed; temperature; surface; slip/camber; test method; whether value is direct measurement, fit, or author interpretation. Create separate evidence records rather than one broad note.",Do not turn road/passenger/aircraft magnitudes into race-tire coefficients without an explicit applicability bridge. Do not duplicate existing measurements.,
CUR-SRC035-Q2,current_knowledge_deep_mine,SRC035,Michelin Motorsport history - radial and Le Mans development,1951-1980s,Michelin,https://www.michelin.com/en/media/magazine/explore-motorsport,Manufacturer motorsport history,B,P1,geometry;construction;motorsport,relationship_constraint_extraction,TO_REVIEW_FULL_TEXT,"1951 top-level radial use, 1967 radial slick at Le Mans, 1978 Renault-Alpine Le Mans victory on radial technology; anchors sports-prototype construction transition.","Strong chronology/technology anchor; exact tire sizes, rates and compounds still require car/season-specific sources.","Extract the strongest causal/scaling relationships, applicability limits, calibration methods, and historical constraints from this source for geometry, construction, motorsport. Identify which Tire Lab generator formulas or priors the evidence can constrain without assigning unsupported constants.","Separate observations, scaling rules, historical constraints, fitment facts, and calibration methodology. Record scope (construction/era/use case) and directionality/nonlinearity/interactions.",Do not promote a general relationship into an exact supplier/class value unless the source actually measures that context.,
CUR-SRC036-Q1,current_knowledge_deep_mine,SRC036,Goodyear Racing heritage - Blue Streak/Eagle and radial adoption,1960s-1980s,Goodyear,https://www.racegoodyear.com/pdf/2012GoodyearPress.pdf,Manufacturer racing heritage,B/C,P1,forces;wet;construction;motorsport,quantitative_evidence_extraction,TO_REVIEW_FULL_TEXT,"Blue Streak/Eagle naming and construction-era chronology, including radial rain/slick adoption in the 1980s.","Use for chronology and supplier-family context, not direct GT/touring force calibration.","Deep-mine this source beyond its current Tire Lab summary. Extract every quantitative value, plotted range, table datum, test condition, equation, and uncertainty relevant to forces, wet, construction, motorsport that is not already represented in the knowledge master.","Record page/figure/table/section; units; tire size/construction; load; pressure; speed; temperature; surface; slip/camber; test method; whether value is direct measurement, fit, or author interpretation. Create separate evidence records rather than one broad note.",Do not turn road/passenger/aircraft magnitudes into race-tire coefficients without an explicit applicability bridge. Do not duplicate existing measurements.,
CUR-SRC036-Q2,current_knowledge_deep_mine,SRC036,Goodyear Racing heritage - Blue Streak/Eagle and radial adoption,1960s-1980s,Goodyear,https://www.racegoodyear.com/pdf/2012GoodyearPress.pdf,Manufacturer racing heritage,B/C,P1,forces;wet;construction;motorsport,relationship_constraint_extraction,TO_REVIEW_FULL_TEXT,"Blue Streak/Eagle naming and construction-era chronology, including radial rain/slick adoption in the 1980s.","Use for chronology and supplier-family context, not direct GT/touring force calibration.","Extract the strongest causal/scaling relationships, applicability limits, calibration methods, and historical constraints from this source for forces, wet, construction, motorsport. Identify which Tire Lab generator formulas or priors the evidence can constrain without assigning unsupported constants.","Separate observations, scaling rules, historical constraints, fitment facts, and calibration methodology. Record scope (construction/era/use case) and directionality/nonlinearity/interactions.",Do not promote a general relationship into an exact supplier/class value unless the source actually measures that context.,
CUR-SRC037-Q1,current_knowledge_deep_mine,SRC037,1994 Le Mans Bugatti EB110 S #34 tire fitment,1994,24h-en-piste archive,https://www.24h-en-piste.com/en/AfficherDetails.php?Annee=1994&Numero=34&Type=Course,Le Mans entry / technical listing,B,P1,motorsport,quantitative_evidence_extraction,TO_REVIEW_FULL_TEXT,Michelin Racing 27/65-18 front on 10x18 and 30/70-18 rear on 12x18 for the 1994 Le Mans EB110 S.,"Strong geometry/supplier anchor; does not provide spring rate, F&M or compound coefficients.","Deep-mine this source beyond its current Tire Lab summary. Extract every quantitative value, plotted range, table datum, test condition, equation, and uncertainty relevant to motorsport that is not already represented in the knowledge master.","Record page/figure/table/section; units; tire size/construction; load; pressure; speed; temperature; surface; slip/camber; test method; whether value is direct measurement, fit, or author interpretation. Create separate evidence records rather than one broad note.",Do not turn road/passenger/aircraft magnitudes into race-tire coefficients without an explicit applicability bridge. Do not duplicate existing measurements.,
CUR-SRC037-Q2,current_knowledge_deep_mine,SRC037,1994 Le Mans Bugatti EB110 S #34 tire fitment,1994,24h-en-piste archive,https://www.24h-en-piste.com/en/AfficherDetails.php?Annee=1994&Numero=34&Type=Course,Le Mans entry / technical listing,B,P1,motorsport,relationship_constraint_extraction,TO_REVIEW_FULL_TEXT,Michelin Racing 27/65-18 front on 10x18 and 30/70-18 rear on 12x18 for the 1994 Le Mans EB110 S.,"Strong geometry/supplier anchor; does not provide spring rate, F&M or compound coefficients.","Extract the strongest causal/scaling relationships, applicability limits, calibration methods, and historical constraints from this source for motorsport. Identify which Tire Lab generator formulas or priors the evidence can constrain without assigning unsupported constants.","Separate observations, scaling rules, historical constraints, fitment facts, and calibration methodology. Record scope (construction/era/use case) and directionality/nonlinearity/interactions.",Do not promote a general relationship into an exact supplier/class value unless the source actually measures that context.,
CUR-SRC038-Q1,current_knowledge_deep_mine,SRC038,Jaguar XJ220C original equipment tire-size appendix,1993,Jaguar Clubs of North America archive,https://www.jcna.com/sites/default/files/2024_08_Appndix_B_original_Equipment_Tire_Sizes_V01-16-24%2010.30%20am.pdf,Equipment appendix / historical documentation,B/C,P1,geometry;forces;motorsport,quantitative_evidence_extraction,TO_REVIEW_FULL_TEXT,Dunlop Racing Slicks 250/640R18 front and 315/655R18 rear for 1993 XJ220C.,Strong size/supplier anchor; use independent data for rates/forces.,"Deep-mine this source beyond its current Tire Lab summary. Extract every quantitative value, plotted range, table datum, test condition, equation, and uncertainty relevant to geometry, forces, motorsport that is not already represented in the knowledge master.","Record page/figure/table/section; units; tire size/construction; load; pressure; speed; temperature; surface; slip/camber; test method; whether value is direct measurement, fit, or author interpretation. Create separate evidence records rather than one broad note.",Do not turn road/passenger/aircraft magnitudes into race-tire coefficients without an explicit applicability bridge. Do not duplicate existing measurements.,
CUR-SRC038-Q2,current_knowledge_deep_mine,SRC038,Jaguar XJ220C original equipment tire-size appendix,1993,Jaguar Clubs of North America archive,https://www.jcna.com/sites/default/files/2024_08_Appndix_B_original_Equipment_Tire_Sizes_V01-16-24%2010.30%20am.pdf,Equipment appendix / historical documentation,B/C,P1,geometry;forces;motorsport,relationship_constraint_extraction,TO_REVIEW_FULL_TEXT,Dunlop Racing Slicks 250/640R18 front and 315/655R18 rear for 1993 XJ220C.,Strong size/supplier anchor; use independent data for rates/forces.,"Extract the strongest causal/scaling relationships, applicability limits, calibration methods, and historical constraints from this source for geometry, forces, motorsport. Identify which Tire Lab generator formulas or priors the evidence can constrain without assigning unsupported constants.","Separate observations, scaling rules, historical constraints, fitment facts, and calibration methodology. Record scope (construction/era/use case) and directionality/nonlinearity/interactions.",Do not promote a general relationship into an exact supplier/class value unless the source actually measures that context.,
CUR-SRC039-Q1,current_knowledge_deep_mine,SRC039,Porsche 993 Supercup tire specification reproduction,mid-1990s,Period/community archive,https://rennlist.com/forums/993-forum/12456-porsche-993-supercup-car.html,Period specification reproduction,D,P1,general_tire_physics,quantitative_evidence_extraction,TO_REVIEW_FULL_TEXT,Supporting reference for 245/645-18 front and 285/645-18 rear Pirelli 993 Cup/Supercup family.,Supporting source only; verify against factory/series documentation where possible.,"Deep-mine this source beyond its current Tire Lab summary. Extract every quantitative value, plotted range, table datum, test condition, equation, and uncertainty relevant to general_tire_physics that is not already represented in the knowledge master.","Record page/figure/table/section; units; tire size/construction; load; pressure; speed; temperature; surface; slip/camber; test method; whether value is direct measurement, fit, or author interpretation. Create separate evidence records rather than one broad note.",Do not turn road/passenger/aircraft magnitudes into race-tire coefficients without an explicit applicability bridge. Do not duplicate existing measurements.,
CUR-SRC039-Q2,current_knowledge_deep_mine,SRC039,Porsche 993 Supercup tire specification reproduction,mid-1990s,Period/community archive,https://rennlist.com/forums/993-forum/12456-porsche-993-supercup-car.html,Period specification reproduction,D,P1,general_tire_physics,relationship_constraint_extraction,TO_REVIEW_FULL_TEXT,Supporting reference for 245/645-18 front and 285/645-18 rear Pirelli 993 Cup/Supercup family.,Supporting source only; verify against factory/series documentation where possible.,"Extract the strongest causal/scaling relationships, applicability limits, calibration methods, and historical constraints from this source for general_tire_physics. Identify which Tire Lab generator formulas or priors the evidence can constrain without assigning unsupported constants.","Separate observations, scaling rules, historical constraints, fitment facts, and calibration methodology. Record scope (construction/era/use case) and directionality/nonlinearity/interactions.",Do not promote a general relationship into an exact supplier/class value unless the source actually measures that context.,
CUR-SRC040-Q1,current_knowledge_deep_mine,SRC040,Kunos McLaren F1 GTR 96 Assetto Corsa physics package,1996 / AC reference,Kunos Simulazioni,https://www.assettocorsa.net/,Official simulator physics data,Reference benchmark,P1,geometry;motorsport,quantitative_evidence_extraction,TO_REVIEW_FULL_TEXT,"ACLM benchmark reference for 1085 kg, CG_LOCATION 0.4367, 2.718 m wheelbase, 1.558/1.488 m tracks and 270/646 / 310/710 tire geometry in the supplied official car data.","Simulator implementation is a benchmark/input source, not primary historical proof of the real 1996 supplier or proprietary tire coefficients.","Deep-mine this source beyond its current Tire Lab summary. Extract every quantitative value, plotted range, table datum, test condition, equation, and uncertainty relevant to geometry, motorsport that is not already represented in the knowledge master.","Record page/figure/table/section; units; tire size/construction; load; pressure; speed; temperature; surface; slip/camber; test method; whether value is direct measurement, fit, or author interpretation. Create separate evidence records rather than one broad note.",Do not turn road/passenger/aircraft magnitudes into race-tire coefficients without an explicit applicability bridge. Do not duplicate existing measurements.,
CUR-SRC040-Q2,current_knowledge_deep_mine,SRC040,Kunos McLaren F1 GTR 96 Assetto Corsa physics package,1996 / AC reference,Kunos Simulazioni,https://www.assettocorsa.net/,Official simulator physics data,Reference benchmark,P1,geometry;motorsport,relationship_constraint_extraction,TO_REVIEW_FULL_TEXT,"ACLM benchmark reference for 1085 kg, CG_LOCATION 0.4367, 2.718 m wheelbase, 1.558/1.488 m tracks and 270/646 / 310/710 tire geometry in the supplied official car data.","Simulator implementation is a benchmark/input source, not primary historical proof of the real 1996 supplier or proprietary tire coefficients.","Extract the strongest causal/scaling relationships, applicability limits, calibration methods, and historical constraints from this source for geometry, motorsport. Identify which Tire Lab generator formulas or priors the evidence can constrain without assigning unsupported constants.","Separate observations, scaling rules, historical constraints, fitment facts, and calibration methodology. Record scope (construction/era/use case) and directionality/nonlinearity/interactions.",Do not promote a general relationship into an exact supplier/class value unless the source actually measures that context.,
CUR-SRC041-Q1,current_knowledge_deep_mine,SRC041,On Racing Tyres,1970 (describes 1963-70),Motor Sport / Dunlop technical information,https://www.motorsportmagazine.com/archive/article/september-1970/47/racing-tyres/,Period technical/motorsport article with Dunlop technical material,A/B,P1,geometry;wet;construction;motorsport,quantitative_evidence_extraction,TO_REVIEW_FULL_TEXT,"Period evidence that the same racing-tire family was supplied in multiple dry/wet/wet-dry forms and multiple compounds/pattern/construction variants; documents R7 lineage, high-mu rain rubber, CR82/CR84 and compound codes such as 184/226/232/970.",Primary period architecture/compound-choice evidence. Do not map color or numeric compound codes to modern Soft/Medium/Hard unless a period source explicitly defines relative hardness.,"Deep-mine this source beyond its current Tire Lab summary. Extract every quantitative value, plotted range, table datum, test condition, equation, and uncertainty relevant to geometry, wet, construction, motorsport that is not already represented in the knowledge master.","Record page/figure/table/section; units; tire size/construction; load; pressure; speed; temperature; surface; slip/camber; test method; whether value is direct measurement, fit, or author interpretation. Create separate evidence records rather than one broad note.",Do not turn road/passenger/aircraft magnitudes into race-tire coefficients without an explicit applicability bridge. Do not duplicate existing measurements.,
CUR-SRC041-Q2,current_knowledge_deep_mine,SRC041,On Racing Tyres,1970 (describes 1963-70),Motor Sport / Dunlop technical information,https://www.motorsportmagazine.com/archive/article/september-1970/47/racing-tyres/,Period technical/motorsport article with Dunlop technical material,A/B,P1,geometry;wet;construction;motorsport,relationship_constraint_extraction,TO_REVIEW_FULL_TEXT,"Period evidence that the same racing-tire family was supplied in multiple dry/wet/wet-dry forms and multiple compounds/pattern/construction variants; documents R7 lineage, high-mu rain rubber, CR82/CR84 and compound codes such as 184/226/232/970.",Primary period architecture/compound-choice evidence. Do not map color or numeric compound codes to modern Soft/Medium/Hard unless a period source explicitly defines relative hardness.,"Extract the strongest causal/scaling relationships, applicability limits, calibration methods, and historical constraints from this source for geometry, wet, construction, motorsport. Identify which Tire Lab generator formulas or priors the evidence can constrain without assigning unsupported constants.","Separate observations, scaling rules, historical constraints, fitment facts, and calibration methodology. Record scope (construction/era/use case) and directionality/nonlinearity/interactions.",Do not promote a general relationship into an exact supplier/class value unless the source actually measures that context.,
CUR-SRC042-Q1,current_knowledge_deep_mine,SRC042,Daytona Continental 24-hour Race,1967,Motor Sport,https://www.motorsportmagazine.com/archive/article/march-1967/26/daytona-continental-24-hour-race/,Period race report,A/B,P1,geometry;pressure;wear;motorsport,quantitative_evidence_extraction,TO_REVIEW_FULL_TEXT,Factory Porsche 910 used a new Dunlop compound on oversize tires and completed the entire 24-hour race on the same tires; major endurance-life anchor.,"Excellent event-level durability evidence; exact tread depth, pressure, compound code and wear curve are not supplied.","Deep-mine this source beyond its current Tire Lab summary. Extract every quantitative value, plotted range, table datum, test condition, equation, and uncertainty relevant to geometry, pressure, wear, motorsport that is not already represented in the knowledge master.","Record page/figure/table/section; units; tire size/construction; load; pressure; speed; temperature; surface; slip/camber; test method; whether value is direct measurement, fit, or author interpretation. Create separate evidence records rather than one broad note.",Do not turn road/passenger/aircraft magnitudes into race-tire coefficients without an explicit applicability bridge. Do not duplicate existing measurements.,
CUR-SRC042-Q2,current_knowledge_deep_mine,SRC042,Daytona Continental 24-hour Race,1967,Motor Sport,https://www.motorsportmagazine.com/archive/article/march-1967/26/daytona-continental-24-hour-race/,Period race report,A/B,P1,geometry;pressure;wear;motorsport,relationship_constraint_extraction,TO_REVIEW_FULL_TEXT,Factory Porsche 910 used a new Dunlop compound on oversize tires and completed the entire 24-hour race on the same tires; major endurance-life anchor.,"Excellent event-level durability evidence; exact tread depth, pressure, compound code and wear curve are not supplied.","Extract the strongest causal/scaling relationships, applicability limits, calibration methods, and historical constraints from this source for geometry, pressure, wear, motorsport. Identify which Tire Lab generator formulas or priors the evidence can constrain without assigning unsupported constants.","Separate observations, scaling rules, historical constraints, fitment facts, and calibration methodology. Record scope (construction/era/use case) and directionality/nonlinearity/interactions.",Do not promote a general relationship into an exact supplier/class value unless the source actually measures that context.,
CUR-SRC043-Q1,current_knowledge_deep_mine,SRC043,24 Hours of Le Mans - Great innovations (1951-1967),1967,Automobile Club de l’Ouest / 24h-lemans.com,https://www.24h-lemans.com/en/news/24-hours-of-le-mans-great-innovations-1951-1967-40737,ACO official history,A/B,P1,pressure;wear;forces;motorsport,quantitative_evidence_extraction,TO_REVIEW_FULL_TEXT,Official Le Mans chronology identifies Michelin slick tires on Alpine A210 in 1967 and immediate class performance effect.,"Strong chronology/technology anchor; not a force, pressure or lifespan sheet.","Deep-mine this source beyond its current Tire Lab summary. Extract every quantitative value, plotted range, table datum, test condition, equation, and uncertainty relevant to pressure, wear, forces, motorsport that is not already represented in the knowledge master.","Record page/figure/table/section; units; tire size/construction; load; pressure; speed; temperature; surface; slip/camber; test method; whether value is direct measurement, fit, or author interpretation. Create separate evidence records rather than one broad note.",Do not turn road/passenger/aircraft magnitudes into race-tire coefficients without an explicit applicability bridge. Do not duplicate existing measurements.,
CUR-SRC043-Q2,current_knowledge_deep_mine,SRC043,24 Hours of Le Mans - Great innovations (1951-1967),1967,Automobile Club de l’Ouest / 24h-lemans.com,https://www.24h-lemans.com/en/news/24-hours-of-le-mans-great-innovations-1951-1967-40737,ACO official history,A/B,P1,pressure;wear;forces;motorsport,relationship_constraint_extraction,TO_REVIEW_FULL_TEXT,Official Le Mans chronology identifies Michelin slick tires on Alpine A210 in 1967 and immediate class performance effect.,"Strong chronology/technology anchor; not a force, pressure or lifespan sheet.","Extract the strongest causal/scaling relationships, applicability limits, calibration methods, and historical constraints from this source for pressure, wear, forces, motorsport. Identify which Tire Lab generator formulas or priors the evidence can constrain without assigning unsupported constants.","Separate observations, scaling rules, historical constraints, fitment facts, and calibration methodology. Record scope (construction/era/use case) and directionality/nonlinearity/interactions.",Do not promote a general relationship into an exact supplier/class value unless the source actually measures that context.,
CUR-SRC044-Q1,current_knowledge_deep_mine,SRC044,Michelin Motorsport - 1967 radial slick and Alpine A210,1967,Michelin,https://www.michelin.com/media/magazine/explore-motorsport,Manufacturer motorsport history,A/B,P1,construction;motorsport,quantitative_evidence_extraction,TO_REVIEW_FULL_TEXT,Michelin states it introduced a slick radial competition tire on the Alpine A210 in 1967 at Le Mans; supports construction and slick-transition chronology.,"Manufacturer chronology, not exact 1967 tire dimensions or F&M coefficients.","Deep-mine this source beyond its current Tire Lab summary. Extract every quantitative value, plotted range, table datum, test condition, equation, and uncertainty relevant to construction, motorsport that is not already represented in the knowledge master.","Record page/figure/table/section; units; tire size/construction; load; pressure; speed; temperature; surface; slip/camber; test method; whether value is direct measurement, fit, or author interpretation. Create separate evidence records rather than one broad note.",Do not turn road/passenger/aircraft magnitudes into race-tire coefficients without an explicit applicability bridge. Do not duplicate existing measurements.,
CUR-SRC044-Q2,current_knowledge_deep_mine,SRC044,Michelin Motorsport - 1967 radial slick and Alpine A210,1967,Michelin,https://www.michelin.com/media/magazine/explore-motorsport,Manufacturer motorsport history,A/B,P1,construction;motorsport,relationship_constraint_extraction,TO_REVIEW_FULL_TEXT,Michelin states it introduced a slick radial competition tire on the Alpine A210 in 1967 at Le Mans; supports construction and slick-transition chronology.,"Manufacturer chronology, not exact 1967 tire dimensions or F&M coefficients.","Extract the strongest causal/scaling relationships, applicability limits, calibration methods, and historical constraints from this source for construction, motorsport. Identify which Tire Lab generator formulas or priors the evidence can constrain without assigning unsupported constants.","Separate observations, scaling rules, historical constraints, fitment facts, and calibration methodology. Record scope (construction/era/use case) and directionality/nonlinearity/interactions.",Do not promote a general relationship into an exact supplier/class value unless the source actually measures that context.,
CUR-SRC045-Q1,current_knowledge_deep_mine,SRC045,The inside story of the greatest Le Mans finish ever,1969,Motorsport.com / John Wyer-Horsman record,https://www.motorsport.com/wec/news/greatest-le-mans-finish-ever/4877229/,Team-history retrospective with period pit records,B,P1,wear;construction;motorsport,quantitative_evidence_extraction,TO_REVIEW_FULL_TEXT,"1969 Le Mans winning GT40 pit record: 17 fuel stops, 3 front-tire change events and 2 rear-tire change events. Strong axle-specific endurance-life scale anchor.",Change-event count does not prove equal stint lengths or exact compound; use as durability/order-of-magnitude evidence.,"Deep-mine this source beyond its current Tire Lab summary. Extract every quantitative value, plotted range, table datum, test condition, equation, and uncertainty relevant to wear, construction, motorsport that is not already represented in the knowledge master.","Record page/figure/table/section; units; tire size/construction; load; pressure; speed; temperature; surface; slip/camber; test method; whether value is direct measurement, fit, or author interpretation. Create separate evidence records rather than one broad note.",Do not turn road/passenger/aircraft magnitudes into race-tire coefficients without an explicit applicability bridge. Do not duplicate existing measurements.,
CUR-SRC045-Q2,current_knowledge_deep_mine,SRC045,The inside story of the greatest Le Mans finish ever,1969,Motorsport.com / John Wyer-Horsman record,https://www.motorsport.com/wec/news/greatest-le-mans-finish-ever/4877229/,Team-history retrospective with period pit records,B,P1,wear;construction;motorsport,relationship_constraint_extraction,TO_REVIEW_FULL_TEXT,"1969 Le Mans winning GT40 pit record: 17 fuel stops, 3 front-tire change events and 2 rear-tire change events. Strong axle-specific endurance-life scale anchor.",Change-event count does not prove equal stint lengths or exact compound; use as durability/order-of-magnitude evidence.,"Extract the strongest causal/scaling relationships, applicability limits, calibration methods, and historical constraints from this source for wear, construction, motorsport. Identify which Tire Lab generator formulas or priors the evidence can constrain without assigning unsupported constants.","Separate observations, scaling rules, historical constraints, fitment facts, and calibration methodology. Record scope (construction/era/use case) and directionality/nonlinearity/interactions.",Do not promote a general relationship into an exact supplier/class value unless the source actually measures that context.,
CUR-SRC046-Q1,current_knowledge_deep_mine,SRC046,24 Hours Centenary - Michelin and Dunlop’s monopoly,late 1960s-early 1970s,Automobile Club de l’Ouest / 24h-lemans.com,https://www.24h-lemans.com/en/news/24-hours-centenary-michelin-and-dunlops-monopoly-57299,ACO official historical synthesis,B,P1,wear;construction,quantitative_evidence_extraction,TO_REVIEW_FULL_TEXT,"Documents rapid late-1960s/early-1970s shift toward wider tires, eliminated tread/slicks, lower sidewalls, stiffer casings, softer rubber and consequently more tire changes.",High-level transition evidence; exact supplier/car timing must remain event-specific.,"Deep-mine this source beyond its current Tire Lab summary. Extract every quantitative value, plotted range, table datum, test condition, equation, and uncertainty relevant to wear, construction that is not already represented in the knowledge master.","Record page/figure/table/section; units; tire size/construction; load; pressure; speed; temperature; surface; slip/camber; test method; whether value is direct measurement, fit, or author interpretation. Create separate evidence records rather than one broad note.",Do not turn road/passenger/aircraft magnitudes into race-tire coefficients without an explicit applicability bridge. Do not duplicate existing measurements.,
CUR-SRC046-Q2,current_knowledge_deep_mine,SRC046,24 Hours Centenary - Michelin and Dunlop’s monopoly,late 1960s-early 1970s,Automobile Club de l’Ouest / 24h-lemans.com,https://www.24h-lemans.com/en/news/24-hours-centenary-michelin-and-dunlops-monopoly-57299,ACO official historical synthesis,B,P1,wear;construction,relationship_constraint_extraction,TO_REVIEW_FULL_TEXT,"Documents rapid late-1960s/early-1970s shift toward wider tires, eliminated tread/slicks, lower sidewalls, stiffer casings, softer rubber and consequently more tire changes.",High-level transition evidence; exact supplier/car timing must remain event-specific.,"Extract the strongest causal/scaling relationships, applicability limits, calibration methods, and historical constraints from this source for wear, construction. Identify which Tire Lab generator formulas or priors the evidence can constrain without assigning unsupported constants.","Separate observations, scaling rules, historical constraints, fitment facts, and calibration methodology. Record scope (construction/era/use case) and directionality/nonlinearity/interactions.",Do not promote a general relationship into an exact supplier/class value unless the source actually measures that context.,
CUR-SRC047-Q1,current_knowledge_deep_mine,SRC047,"Mercedes 140 hp Grand Prix racing car, 1908",1908,Mercedes-Benz AG,https://mercedes-benz-publicarchive.com/marsClassic/en/instance/ko/Mercedes-140-hp-Grand-Prix-racing-car-1908.xhtml?oid=6756,Manufacturer historical archive,A,P1,geometry;wear;construction;motorsport,quantitative_evidence_extraction,TO_REVIEW_FULL_TEXT,Michelin removable rim-ring system; front/rear dimensions differed by axle load; winner made 11 wheel changes in 6 h 46 min.,"Wheel-change count is operational evidence, not pure tread wear or tire life; exact dimensions and casing construction are not stated.","Deep-mine this source beyond its current Tire Lab summary. Extract every quantitative value, plotted range, table datum, test condition, equation, and uncertainty relevant to geometry, wear, construction, motorsport that is not already represented in the knowledge master.","Record page/figure/table/section; units; tire size/construction; load; pressure; speed; temperature; surface; slip/camber; test method; whether value is direct measurement, fit, or author interpretation. Create separate evidence records rather than one broad note.",Do not turn road/passenger/aircraft magnitudes into race-tire coefficients without an explicit applicability bridge. Do not duplicate existing measurements.,
CUR-SRC047-Q2,current_knowledge_deep_mine,SRC047,"Mercedes 140 hp Grand Prix racing car, 1908",1908,Mercedes-Benz AG,https://mercedes-benz-publicarchive.com/marsClassic/en/instance/ko/Mercedes-140-hp-Grand-Prix-racing-car-1908.xhtml?oid=6756,Manufacturer historical archive,A,P1,geometry;wear;construction;motorsport,relationship_constraint_extraction,TO_REVIEW_FULL_TEXT,Michelin removable rim-ring system; front/rear dimensions differed by axle load; winner made 11 wheel changes in 6 h 46 min.,"Wheel-change count is operational evidence, not pure tread wear or tire life; exact dimensions and casing construction are not stated.","Extract the strongest causal/scaling relationships, applicability limits, calibration methods, and historical constraints from this source for geometry, wear, construction, motorsport. Identify which Tire Lab generator formulas or priors the evidence can constrain without assigning unsupported constants.","Separate observations, scaling rules, historical constraints, fitment facts, and calibration methodology. Record scope (construction/era/use case) and directionality/nonlinearity/interactions.",Do not promote a general relationship into an exact supplier/class value unless the source actually measures that context.,
CUR-SRC048-Q1,current_knowledge_deep_mine,SRC048,"Mercedes 115 hp Grand Prix racing car, 1914",1914,Mercedes-Benz AG,https://mercedes-benz-publicarchive.com/marsClassic/en/instance/ko/Mercedes-115-hp-Grand-Prix-racing-car-1914.xhtml?oid=6763,Manufacturer historical archive,A,P1,geometry;motorsport,quantitative_evidence_extraction,TO_REVIEW_FULL_TEXT,Wire-spoke center-mount wheels; front 815 x 105 and rear 820 x 135 tire designations.,Original size notation is preserved; do not map to a modern metric or inch size without a period-standard conversion source.,"Deep-mine this source beyond its current Tire Lab summary. Extract every quantitative value, plotted range, table datum, test condition, equation, and uncertainty relevant to geometry, motorsport that is not already represented in the knowledge master.","Record page/figure/table/section; units; tire size/construction; load; pressure; speed; temperature; surface; slip/camber; test method; whether value is direct measurement, fit, or author interpretation. Create separate evidence records rather than one broad note.",Do not turn road/passenger/aircraft magnitudes into race-tire coefficients without an explicit applicability bridge. Do not duplicate existing measurements.,
CUR-SRC048-Q2,current_knowledge_deep_mine,SRC048,"Mercedes 115 hp Grand Prix racing car, 1914",1914,Mercedes-Benz AG,https://mercedes-benz-publicarchive.com/marsClassic/en/instance/ko/Mercedes-115-hp-Grand-Prix-racing-car-1914.xhtml?oid=6763,Manufacturer historical archive,A,P1,geometry;motorsport,relationship_constraint_extraction,TO_REVIEW_FULL_TEXT,Wire-spoke center-mount wheels; front 815 x 105 and rear 820 x 135 tire designations.,Original size notation is preserved; do not map to a modern metric or inch size without a period-standard conversion source.,"Extract the strongest causal/scaling relationships, applicability limits, calibration methods, and historical constraints from this source for geometry, motorsport. Identify which Tire Lab generator formulas or priors the evidence can constrain without assigning unsupported constants.","Separate observations, scaling rules, historical constraints, fitment facts, and calibration methodology. Record scope (construction/era/use case) and directionality/nonlinearity/interactions.",Do not promote a general relationship into an exact supplier/class value unless the source actually measures that context.,
CUR-SRC049-Q1,current_knowledge_deep_mine,SRC049,"Mercedes-Benz SSKL, 1931",1931,Mercedes-Benz AG,https://mercedes-benz-publicarchive.com/marsClassic/en/instance/ko/Mercedes-Benz-SSKL-1931.xhtml?oid=6807,Manufacturer historical archive,A,P1,pressure;construction,quantitative_evidence_extraction,TO_REVIEW_FULL_TEXT,Wire-spoke center-mount wheels; special high-pressure tires 5.00 x 30 front and rear.,"High-pressure is the archive description, not a recorded inflation pressure; supplier, ply count and compound are unstated.","Deep-mine this source beyond its current Tire Lab summary. Extract every quantitative value, plotted range, table datum, test condition, equation, and uncertainty relevant to pressure, construction that is not already represented in the knowledge master.","Record page/figure/table/section; units; tire size/construction; load; pressure; speed; temperature; surface; slip/camber; test method; whether value is direct measurement, fit, or author interpretation. Create separate evidence records rather than one broad note.",Do not turn road/passenger/aircraft magnitudes into race-tire coefficients without an explicit applicability bridge. Do not duplicate existing measurements.,
CUR-SRC049-Q2,current_knowledge_deep_mine,SRC049,"Mercedes-Benz SSKL, 1931",1931,Mercedes-Benz AG,https://mercedes-benz-publicarchive.com/marsClassic/en/instance/ko/Mercedes-Benz-SSKL-1931.xhtml?oid=6807,Manufacturer historical archive,A,P1,pressure;construction,relationship_constraint_extraction,TO_REVIEW_FULL_TEXT,Wire-spoke center-mount wheels; special high-pressure tires 5.00 x 30 front and rear.,"High-pressure is the archive description, not a recorded inflation pressure; supplier, ply count and compound are unstated.","Extract the strongest causal/scaling relationships, applicability limits, calibration methods, and historical constraints from this source for pressure, construction. Identify which Tire Lab generator formulas or priors the evidence can constrain without assigning unsupported constants.","Separate observations, scaling rules, historical constraints, fitment facts, and calibration methodology. Record scope (construction/era/use case) and directionality/nonlinearity/interactions.",Do not promote a general relationship into an exact supplier/class value unless the source actually measures that context.,
CUR-SRC050-Q1,current_knowledge_deep_mine,SRC050,"Mercedes-Benz Grand Prix racing car W 125, 1937",1937,Mercedes-Benz AG,https://mercedes-benz-publicarchive.com/marsClassic/en/instance/ko/Mercedes-Benz-Grand-Prix-racing-car-W-125-1937.xhtml?oid=6815,Manufacturer historical archive,A,P1,pressure;motorsport,quantitative_evidence_extraction,TO_REVIEW_FULL_TEXT,Wire-spoke center-mount wheels; front 5.25 x 19 and rear 7.00 x 19.,"Fitment evidence only; supplier, pressure, casing details and compound are unstated.","Deep-mine this source beyond its current Tire Lab summary. Extract every quantitative value, plotted range, table datum, test condition, equation, and uncertainty relevant to pressure, motorsport that is not already represented in the knowledge master.","Record page/figure/table/section; units; tire size/construction; load; pressure; speed; temperature; surface; slip/camber; test method; whether value is direct measurement, fit, or author interpretation. Create separate evidence records rather than one broad note.",Do not turn road/passenger/aircraft magnitudes into race-tire coefficients without an explicit applicability bridge. Do not duplicate existing measurements.,
CUR-SRC050-Q2,current_knowledge_deep_mine,SRC050,"Mercedes-Benz Grand Prix racing car W 125, 1937",1937,Mercedes-Benz AG,https://mercedes-benz-publicarchive.com/marsClassic/en/instance/ko/Mercedes-Benz-Grand-Prix-racing-car-W-125-1937.xhtml?oid=6815,Manufacturer historical archive,A,P1,pressure;motorsport,relationship_constraint_extraction,TO_REVIEW_FULL_TEXT,Wire-spoke center-mount wheels; front 5.25 x 19 and rear 7.00 x 19.,"Fitment evidence only; supplier, pressure, casing details and compound are unstated.","Extract the strongest causal/scaling relationships, applicability limits, calibration methods, and historical constraints from this source for pressure, motorsport. Identify which Tire Lab generator formulas or priors the evidence can constrain without assigning unsupported constants.","Separate observations, scaling rules, historical constraints, fitment facts, and calibration methodology. Record scope (construction/era/use case) and directionality/nonlinearity/interactions.",Do not promote a general relationship into an exact supplier/class value unless the source actually measures that context.,
CUR-SRC051-Q1,current_knowledge_deep_mine,SRC051,"Mercedes-Benz W 125 AVUS streamliner, 1937",1937,Mercedes-Benz AG,https://mercedes-benz-publicarchive.com/marsClassic/en/instance/ko/Mercedes-Benz-W-125-AVUS-racing-car-with-streamlined-body-1937.xhtml?oid=192042469,Manufacturer historical archive,A,P1,motorsport,quantitative_evidence_extraction,TO_REVIEW_FULL_TEXT,Front 6.20 x 22 and rear 7.00 x 24; larger rolling circumference selected for extreme speed/load conditions.,"The cited 261.7 km/h race average is vehicle performance context, not a tire speed rating or steady tire test condition.","Deep-mine this source beyond its current Tire Lab summary. Extract every quantitative value, plotted range, table datum, test condition, equation, and uncertainty relevant to motorsport that is not already represented in the knowledge master.","Record page/figure/table/section; units; tire size/construction; load; pressure; speed; temperature; surface; slip/camber; test method; whether value is direct measurement, fit, or author interpretation. Create separate evidence records rather than one broad note.",Do not turn road/passenger/aircraft magnitudes into race-tire coefficients without an explicit applicability bridge. Do not duplicate existing measurements.,
CUR-SRC051-Q2,current_knowledge_deep_mine,SRC051,"Mercedes-Benz W 125 AVUS streamliner, 1937",1937,Mercedes-Benz AG,https://mercedes-benz-publicarchive.com/marsClassic/en/instance/ko/Mercedes-Benz-W-125-AVUS-racing-car-with-streamlined-body-1937.xhtml?oid=192042469,Manufacturer historical archive,A,P1,motorsport,relationship_constraint_extraction,TO_REVIEW_FULL_TEXT,Front 6.20 x 22 and rear 7.00 x 24; larger rolling circumference selected for extreme speed/load conditions.,"The cited 261.7 km/h race average is vehicle performance context, not a tire speed rating or steady tire test condition.","Extract the strongest causal/scaling relationships, applicability limits, calibration methods, and historical constraints from this source for motorsport. Identify which Tire Lab generator formulas or priors the evidence can constrain without assigning unsupported constants.","Separate observations, scaling rules, historical constraints, fitment facts, and calibration methodology. Record scope (construction/era/use case) and directionality/nonlinearity/interactions.",Do not promote a general relationship into an exact supplier/class value unless the source actually measures that context.,
CUR-SRC052-Q1,current_knowledge_deep_mine,SRC052,"Mercedes-Benz Grand Prix racing car W 154, 1938",1938,Mercedes-Benz AG,https://mercedes-benz-publicarchive.com/marsClassic/en/instance/ko/Mercedes-Benz-Grand-Prix-racing-car-W-154-1938.xhtml?oid=6831,Manufacturer historical archive,A,P1,pressure;construction;motorsport,quantitative_evidence_extraction,TO_REVIEW_FULL_TEXT,Front 6.50 x 19 and rear 7.00 x 22 above 270 km/h; otherwise front 5.50 x 19 and rear 7.00 x 19.,"Speed-conditioned vehicle fitment, not a tire speed rating. Supplier, compound, pressure and ply count are unstated.","Deep-mine this source beyond its current Tire Lab summary. Extract every quantitative value, plotted range, table datum, test condition, equation, and uncertainty relevant to pressure, construction, motorsport that is not already represented in the knowledge master.","Record page/figure/table/section; units; tire size/construction; load; pressure; speed; temperature; surface; slip/camber; test method; whether value is direct measurement, fit, or author interpretation. Create separate evidence records rather than one broad note.",Do not turn road/passenger/aircraft magnitudes into race-tire coefficients without an explicit applicability bridge. Do not duplicate existing measurements.,
CUR-SRC052-Q2,current_knowledge_deep_mine,SRC052,"Mercedes-Benz Grand Prix racing car W 154, 1938",1938,Mercedes-Benz AG,https://mercedes-benz-publicarchive.com/marsClassic/en/instance/ko/Mercedes-Benz-Grand-Prix-racing-car-W-154-1938.xhtml?oid=6831,Manufacturer historical archive,A,P1,pressure;construction;motorsport,relationship_constraint_extraction,TO_REVIEW_FULL_TEXT,Front 6.50 x 19 and rear 7.00 x 22 above 270 km/h; otherwise front 5.50 x 19 and rear 7.00 x 19.,"Speed-conditioned vehicle fitment, not a tire speed rating. Supplier, compound, pressure and ply count are unstated.","Extract the strongest causal/scaling relationships, applicability limits, calibration methods, and historical constraints from this source for pressure, construction, motorsport. Identify which Tire Lab generator formulas or priors the evidence can constrain without assigning unsupported constants.","Separate observations, scaling rules, historical constraints, fitment facts, and calibration methodology. Record scope (construction/era/use case) and directionality/nonlinearity/interactions.",Do not promote a general relationship into an exact supplier/class value unless the source actually measures that context.,
CUR-SRC053-Q1,current_knowledge_deep_mine,SRC053,"Mercedes-Benz Grand Prix racing car W 154, 1939",1939,Mercedes-Benz AG,https://mercedes-benz-publicarchive.com/marsClassic/en/instance/ko/Mercedes-Benz-Grand-Prix-racing-car-W-154-1939.xhtml?oid=6826,Manufacturer historical archive,A,P1,motorsport,quantitative_evidence_extraction,TO_REVIEW_FULL_TEXT,Independently repeats the W 154 speed-conditioned 270 km/h front/rear fitment split.,Corroborates SRC052; avoid double-counting as an independent tire test.,"Deep-mine this source beyond its current Tire Lab summary. Extract every quantitative value, plotted range, table datum, test condition, equation, and uncertainty relevant to motorsport that is not already represented in the knowledge master.","Record page/figure/table/section; units; tire size/construction; load; pressure; speed; temperature; surface; slip/camber; test method; whether value is direct measurement, fit, or author interpretation. Create separate evidence records rather than one broad note.",Do not turn road/passenger/aircraft magnitudes into race-tire coefficients without an explicit applicability bridge. Do not duplicate existing measurements.,
CUR-SRC053-Q2,current_knowledge_deep_mine,SRC053,"Mercedes-Benz Grand Prix racing car W 154, 1939",1939,Mercedes-Benz AG,https://mercedes-benz-publicarchive.com/marsClassic/en/instance/ko/Mercedes-Benz-Grand-Prix-racing-car-W-154-1939.xhtml?oid=6826,Manufacturer historical archive,A,P1,motorsport,relationship_constraint_extraction,TO_REVIEW_FULL_TEXT,Independently repeats the W 154 speed-conditioned 270 km/h front/rear fitment split.,Corroborates SRC052; avoid double-counting as an independent tire test.,"Extract the strongest causal/scaling relationships, applicability limits, calibration methods, and historical constraints from this source for motorsport. Identify which Tire Lab generator formulas or priors the evidence can constrain without assigning unsupported constants.","Separate observations, scaling rules, historical constraints, fitment facts, and calibration methodology. Record scope (construction/era/use case) and directionality/nonlinearity/interactions.",Do not promote a general relationship into an exact supplier/class value unless the source actually measures that context.,
CUR-SRC054-Q1,current_knowledge_deep_mine,SRC054,"Mercedes-Benz W 165 racing car, 1939",1939,Mercedes-Benz AG,https://mercedes-benz-publicarchive.com/marsClassic/en/instance/ko/Mercedes-Benz-W-165-racing-car-1939.xhtml?oid=6835,Manufacturer historical archive,A,P1,thermal;construction;motorsport,quantitative_evidence_extraction,TO_REVIEW_FULL_TEXT,Wire-spoke center-mount wheels; front 5.00 x 17 and rear 7.00 x 17.,Fitment evidence only; event heat is contextual and is not a measured tire-temperature or thermal-curve record.,"Deep-mine this source beyond its current Tire Lab summary. Extract every quantitative value, plotted range, table datum, test condition, equation, and uncertainty relevant to thermal, construction, motorsport that is not already represented in the knowledge master.","Record page/figure/table/section; units; tire size/construction; load; pressure; speed; temperature; surface; slip/camber; test method; whether value is direct measurement, fit, or author interpretation. Create separate evidence records rather than one broad note.",Do not turn road/passenger/aircraft magnitudes into race-tire coefficients without an explicit applicability bridge. Do not duplicate existing measurements.,
CUR-SRC054-Q2,current_knowledge_deep_mine,SRC054,"Mercedes-Benz W 165 racing car, 1939",1939,Mercedes-Benz AG,https://mercedes-benz-publicarchive.com/marsClassic/en/instance/ko/Mercedes-Benz-W-165-racing-car-1939.xhtml?oid=6835,Manufacturer historical archive,A,P1,thermal;construction;motorsport,relationship_constraint_extraction,TO_REVIEW_FULL_TEXT,Wire-spoke center-mount wheels; front 5.00 x 17 and rear 7.00 x 17.,Fitment evidence only; event heat is contextual and is not a measured tire-temperature or thermal-curve record.,"Extract the strongest causal/scaling relationships, applicability limits, calibration methods, and historical constraints from this source for thermal, construction, motorsport. Identify which Tire Lab generator formulas or priors the evidence can constrain without assigning unsupported constants.","Separate observations, scaling rules, historical constraints, fitment facts, and calibration methodology. Record scope (construction/era/use case) and directionality/nonlinearity/interactions.",Do not promote a general relationship into an exact supplier/class value unless the source actually measures that context.,
CUR-SRC055-Q1,current_knowledge_deep_mine,SRC055,"Bugatti Type 35, 35B, 35C and 35T",1924–1931,The Bugatti Trust,https://www.bugatti-trust.co.uk/bugatti-type-35-35b-35c-35t/,Marque technical archive,A/B,P1,geometry,quantitative_evidence_extraction,TO_REVIEW_FULL_TEXT,Original tire size 710 x 90 on cast wheels with integral drum and detachable rim; modern replacement listed separately as 5.00 x 19.,Use the original designation for historical modeling; do not treat the modern replacement size as dimensionally identical.,"Deep-mine this source beyond its current Tire Lab summary. Extract every quantitative value, plotted range, table datum, test condition, equation, and uncertainty relevant to geometry that is not already represented in the knowledge master.","Record page/figure/table/section; units; tire size/construction; load; pressure; speed; temperature; surface; slip/camber; test method; whether value is direct measurement, fit, or author interpretation. Create separate evidence records rather than one broad note.",Do not turn road/passenger/aircraft magnitudes into race-tire coefficients without an explicit applicability bridge. Do not duplicate existing measurements.,
CUR-SRC055-Q2,current_knowledge_deep_mine,SRC055,"Bugatti Type 35, 35B, 35C and 35T",1924–1931,The Bugatti Trust,https://www.bugatti-trust.co.uk/bugatti-type-35-35b-35c-35t/,Marque technical archive,A/B,P1,geometry,relationship_constraint_extraction,TO_REVIEW_FULL_TEXT,Original tire size 710 x 90 on cast wheels with integral drum and detachable rim; modern replacement listed separately as 5.00 x 19.,Use the original designation for historical modeling; do not treat the modern replacement size as dimensionally identical.,"Extract the strongest causal/scaling relationships, applicability limits, calibration methods, and historical constraints from this source for geometry. Identify which Tire Lab generator formulas or priors the evidence can constrain without assigning unsupported constants.","Separate observations, scaling rules, historical constraints, fitment facts, and calibration methodology. Record scope (construction/era/use case) and directionality/nonlinearity/interactions.",Do not promote a general relationship into an exact supplier/class value unless the source actually measures that context.,
CUR-SRC056-Q1,current_knowledge_deep_mine,SRC056,Bugatti Type 35A,1926–1929,The Bugatti Trust,https://www.bugatti-trust.co.uk/bugatti-type-35a/,Marque technical archive,A/B,P1,geometry;pressure;construction,quantitative_evidence_extraction,TO_REVIEW_FULL_TEXT,Original tire size 27 x 4.40 on wire wheels; modern replacement listed separately as 4.50 x 19.,"Use the original designation for historical modeling; supplier, pressure, ply count and compound are unstated.","Deep-mine this source beyond its current Tire Lab summary. Extract every quantitative value, plotted range, table datum, test condition, equation, and uncertainty relevant to geometry, pressure, construction that is not already represented in the knowledge master.","Record page/figure/table/section; units; tire size/construction; load; pressure; speed; temperature; surface; slip/camber; test method; whether value is direct measurement, fit, or author interpretation. Create separate evidence records rather than one broad note.",Do not turn road/passenger/aircraft magnitudes into race-tire coefficients without an explicit applicability bridge. Do not duplicate existing measurements.,
CUR-SRC056-Q2,current_knowledge_deep_mine,SRC056,Bugatti Type 35A,1926–1929,The Bugatti Trust,https://www.bugatti-trust.co.uk/bugatti-type-35a/,Marque technical archive,A/B,P1,geometry;pressure;construction,relationship_constraint_extraction,TO_REVIEW_FULL_TEXT,Original tire size 27 x 4.40 on wire wheels; modern replacement listed separately as 4.50 x 19.,"Use the original designation for historical modeling; supplier, pressure, ply count and compound are unstated.","Extract the strongest causal/scaling relationships, applicability limits, calibration methods, and historical constraints from this source for geometry, pressure, construction. Identify which Tire Lab generator formulas or priors the evidence can constrain without assigning unsupported constants.","Separate observations, scaling rules, historical constraints, fitment facts, and calibration methodology. Record scope (construction/era/use case) and directionality/nonlinearity/interactions.",Do not promote a general relationship into an exact supplier/class value unless the source actually measures that context.,
CUR-SRC057-Q1,current_knowledge_deep_mine,SRC057,Bugatti Type 37 and 37A,1926–1930,The Bugatti Trust,https://www.bugatti-trust.co.uk/bugatti-type-37-37a/,Marque technical archive,A/B,P1,geometry,quantitative_evidence_extraction,TO_REVIEW_FULL_TEXT,"Original tire size 27 x 4.40; wire wheels, with alloy wheels noted for the Type 37A; modern replacement 4.50 x 19.",Use the original designation for historical modeling; do not infer casing or compound from wheel type or era.,"Deep-mine this source beyond its current Tire Lab summary. Extract every quantitative value, plotted range, table datum, test condition, equation, and uncertainty relevant to geometry that is not already represented in the knowledge master.","Record page/figure/table/section; units; tire size/construction; load; pressure; speed; temperature; surface; slip/camber; test method; whether value is direct measurement, fit, or author interpretation. Create separate evidence records rather than one broad note.",Do not turn road/passenger/aircraft magnitudes into race-tire coefficients without an explicit applicability bridge. Do not duplicate existing measurements.,
CUR-SRC057-Q2,current_knowledge_deep_mine,SRC057,Bugatti Type 37 and 37A,1926–1930,The Bugatti Trust,https://www.bugatti-trust.co.uk/bugatti-type-37-37a/,Marque technical archive,A/B,P1,geometry,relationship_constraint_extraction,TO_REVIEW_FULL_TEXT,"Original tire size 27 x 4.40; wire wheels, with alloy wheels noted for the Type 37A; modern replacement 4.50 x 19.",Use the original designation for historical modeling; do not infer casing or compound from wheel type or era.,"Extract the strongest causal/scaling relationships, applicability limits, calibration methods, and historical constraints from this source for geometry. Identify which Tire Lab generator formulas or priors the evidence can constrain without assigning unsupported constants.","Separate observations, scaling rules, historical constraints, fitment facts, and calibration methodology. Record scope (construction/era/use case) and directionality/nonlinearity/interactions.",Do not promote a general relationship into an exact supplier/class value unless the source actually measures that context.,
CUR-SRC058-Q1,current_knowledge_deep_mine,SRC058,"Mercedes-Benz W 25 record car, 1934",1934,Mercedes-Benz AG,https://mercedes-benz-publicarchive.com/marsClassic/en/instance/ko/Mercedes-Benz-W-25-record-car-1934.xhtml?oid=6852,Manufacturer historical archive,A,P1,pressure;construction,quantitative_evidence_extraction,TO_REVIEW_FULL_TEXT,Wire-spoke center-mount wheels; front 5.25 x 17 and rear 5.25 x 19; flying-kilometre record average 317.5 km/h.,"Record speed is vehicle-performance context, not a tire speed rating or controlled tire test; supplier, pressure and compound are unstated.","Deep-mine this source beyond its current Tire Lab summary. Extract every quantitative value, plotted range, table datum, test condition, equation, and uncertainty relevant to pressure, construction that is not already represented in the knowledge master.","Record page/figure/table/section; units; tire size/construction; load; pressure; speed; temperature; surface; slip/camber; test method; whether value is direct measurement, fit, or author interpretation. Create separate evidence records rather than one broad note.",Do not turn road/passenger/aircraft magnitudes into race-tire coefficients without an explicit applicability bridge. Do not duplicate existing measurements.,
CUR-SRC058-Q2,current_knowledge_deep_mine,SRC058,"Mercedes-Benz W 25 record car, 1934",1934,Mercedes-Benz AG,https://mercedes-benz-publicarchive.com/marsClassic/en/instance/ko/Mercedes-Benz-W-25-record-car-1934.xhtml?oid=6852,Manufacturer historical archive,A,P1,pressure;construction,relationship_constraint_extraction,TO_REVIEW_FULL_TEXT,Wire-spoke center-mount wheels; front 5.25 x 17 and rear 5.25 x 19; flying-kilometre record average 317.5 km/h.,"Record speed is vehicle-performance context, not a tire speed rating or controlled tire test; supplier, pressure and compound are unstated.","Extract the strongest causal/scaling relationships, applicability limits, calibration methods, and historical constraints from this source for pressure, construction. Identify which Tire Lab generator formulas or priors the evidence can constrain without assigning unsupported constants.","Separate observations, scaling rules, historical constraints, fitment facts, and calibration methodology. Record scope (construction/era/use case) and directionality/nonlinearity/interactions.",Do not promote a general relationship into an exact supplier/class value unless the source actually measures that context.,
CUR-SRC059-Q1,current_knowledge_deep_mine,SRC059,"Mercedes-Benz W 25 record car, 1936",1936,Mercedes-Benz AG,https://mercedes-benz-publicarchive.com/marsClassic/en/instance/ko/Mercedes-Benz-W-25-record-car-1936.xhtml?oid=6847,Manufacturer historical archive,A,P1,pressure;construction,quantitative_evidence_extraction,TO_REVIEW_FULL_TEXT,Wire-spoke center-mount wheels; 7.00 x 22 front and rear; flying-mile record average 366.918 km/h and reported top speed 372.102 km/h.,"Record and top speeds are vehicle context, not tire ratings; the archive does not state supplier, inflation pressure, casing or compound.","Deep-mine this source beyond its current Tire Lab summary. Extract every quantitative value, plotted range, table datum, test condition, equation, and uncertainty relevant to pressure, construction that is not already represented in the knowledge master.","Record page/figure/table/section; units; tire size/construction; load; pressure; speed; temperature; surface; slip/camber; test method; whether value is direct measurement, fit, or author interpretation. Create separate evidence records rather than one broad note.",Do not turn road/passenger/aircraft magnitudes into race-tire coefficients without an explicit applicability bridge. Do not duplicate existing measurements.,
CUR-SRC059-Q2,current_knowledge_deep_mine,SRC059,"Mercedes-Benz W 25 record car, 1936",1936,Mercedes-Benz AG,https://mercedes-benz-publicarchive.com/marsClassic/en/instance/ko/Mercedes-Benz-W-25-record-car-1936.xhtml?oid=6847,Manufacturer historical archive,A,P1,pressure;construction,relationship_constraint_extraction,TO_REVIEW_FULL_TEXT,Wire-spoke center-mount wheels; 7.00 x 22 front and rear; flying-mile record average 366.918 km/h and reported top speed 372.102 km/h.,"Record and top speeds are vehicle context, not tire ratings; the archive does not state supplier, inflation pressure, casing or compound.","Extract the strongest causal/scaling relationships, applicability limits, calibration methods, and historical constraints from this source for pressure, construction. Identify which Tire Lab generator formulas or priors the evidence can constrain without assigning unsupported constants.","Separate observations, scaling rules, historical constraints, fitment facts, and calibration methodology. Record scope (construction/era/use case) and directionality/nonlinearity/interactions.",Do not promote a general relationship into an exact supplier/class value unless the source actually measures that context.,
CUR-SRC060-Q1,current_knowledge_deep_mine,SRC060,"Mercedes-Benz W 125 record car, 1938",1938,Mercedes-Benz AG,https://mercedes-benz-publicarchive.com/marsClassic/en/instance/ko/Mercedes-Benz-W-125-record-car-1938.xhtml?oid=6844,Manufacturer historical archive,A,P1,construction,quantitative_evidence_extraction,TO_REVIEW_FULL_TEXT,Wire-spoke center-mount wheels; front 6.25 x 22 and rear 7.00 x 24; flying-kilometre record average 432.692 km/h.,"The 432.692 km/h record average and 437 km/h reported top speed are vehicle context, not tire speed ratings or steady test conditions.","Deep-mine this source beyond its current Tire Lab summary. Extract every quantitative value, plotted range, table datum, test condition, equation, and uncertainty relevant to construction that is not already represented in the knowledge master.","Record page/figure/table/section; units; tire size/construction; load; pressure; speed; temperature; surface; slip/camber; test method; whether value is direct measurement, fit, or author interpretation. Create separate evidence records rather than one broad note.",Do not turn road/passenger/aircraft magnitudes into race-tire coefficients without an explicit applicability bridge. Do not duplicate existing measurements.,
CUR-SRC060-Q2,current_knowledge_deep_mine,SRC060,"Mercedes-Benz W 125 record car, 1938",1938,Mercedes-Benz AG,https://mercedes-benz-publicarchive.com/marsClassic/en/instance/ko/Mercedes-Benz-W-125-record-car-1938.xhtml?oid=6844,Manufacturer historical archive,A,P1,construction,relationship_constraint_extraction,TO_REVIEW_FULL_TEXT,Wire-spoke center-mount wheels; front 6.25 x 22 and rear 7.00 x 24; flying-kilometre record average 432.692 km/h.,"The 432.692 km/h record average and 437 km/h reported top speed are vehicle context, not tire speed ratings or steady test conditions.","Extract the strongest causal/scaling relationships, applicability limits, calibration methods, and historical constraints from this source for construction. Identify which Tire Lab generator formulas or priors the evidence can constrain without assigning unsupported constants.","Separate observations, scaling rules, historical constraints, fitment facts, and calibration methodology. Record scope (construction/era/use case) and directionality/nonlinearity/interactions.",Do not promote a general relationship into an exact supplier/class value unless the source actually measures that context.,
CUR-SRC061-Q1,current_knowledge_deep_mine,SRC061,Ligier JS5 car-by-car histories,1976,OldRacingCars.com / Allen Brown,https://www.oldracingcars.com/ligier/js5/,Historic racing database,B,P1,construction;motorsport,quantitative_evidence_extraction,TO_REVIEW_FULL_TEXT,Confirms Ligier JS5 was raced in Formula 1 in 1976 with Matra V12; strong identity/season anchor.,Excellent identity/race-history source; use separate tire sources for construction and exact tire specification.,"Deep-mine this source beyond its current Tire Lab summary. Extract every quantitative value, plotted range, table datum, test condition, equation, and uncertainty relevant to construction, motorsport that is not already represented in the knowledge master.","Record page/figure/table/section; units; tire size/construction; load; pressure; speed; temperature; surface; slip/camber; test method; whether value is direct measurement, fit, or author interpretation. Create separate evidence records rather than one broad note.",Do not turn road/passenger/aircraft magnitudes into race-tire coefficients without an explicit applicability bridge. Do not duplicate existing measurements.,
CUR-SRC061-Q2,current_knowledge_deep_mine,SRC061,Ligier JS5 car-by-car histories,1976,OldRacingCars.com / Allen Brown,https://www.oldracingcars.com/ligier/js5/,Historic racing database,B,P1,construction;motorsport,relationship_constraint_extraction,TO_REVIEW_FULL_TEXT,Confirms Ligier JS5 was raced in Formula 1 in 1976 with Matra V12; strong identity/season anchor.,Excellent identity/race-history source; use separate tire sources for construction and exact tire specification.,"Extract the strongest causal/scaling relationships, applicability limits, calibration methods, and historical constraints from this source for construction, motorsport. Identify which Tire Lab generator formulas or priors the evidence can constrain without assigning unsupported constants.","Separate observations, scaling rules, historical constraints, fitment facts, and calibration methodology. Record scope (construction/era/use case) and directionality/nonlinearity/interactions.",Do not promote a general relationship into an exact supplier/class value unless the source actually measures that context.,
CUR-SRC062-Q1,current_knowledge_deep_mine,SRC062,Ligier JS5 Formula One record,1976,STATS F1,https://www.statsf1.com/en/ligier-js5.aspx,Formula 1 statistics database,B,P1,forces;construction;motorsport,quantitative_evidence_extraction,TO_REVIEW_FULL_TEXT,Confirms every 1976 Ligier JS5 Grand Prix entry was on Goodyear tires and the car was a 1976 Formula One entry.,Strong supplier/season confirmation; does not provide exact tire dimensions or force data.,"Deep-mine this source beyond its current Tire Lab summary. Extract every quantitative value, plotted range, table datum, test condition, equation, and uncertainty relevant to forces, construction, motorsport that is not already represented in the knowledge master.","Record page/figure/table/section; units; tire size/construction; load; pressure; speed; temperature; surface; slip/camber; test method; whether value is direct measurement, fit, or author interpretation. Create separate evidence records rather than one broad note.",Do not turn road/passenger/aircraft magnitudes into race-tire coefficients without an explicit applicability bridge. Do not duplicate existing measurements.,
CUR-SRC062-Q2,current_knowledge_deep_mine,SRC062,Ligier JS5 Formula One record,1976,STATS F1,https://www.statsf1.com/en/ligier-js5.aspx,Formula 1 statistics database,B,P1,forces;construction;motorsport,relationship_constraint_extraction,TO_REVIEW_FULL_TEXT,Confirms every 1976 Ligier JS5 Grand Prix entry was on Goodyear tires and the car was a 1976 Formula One entry.,Strong supplier/season confirmation; does not provide exact tire dimensions or force data.,"Extract the strongest causal/scaling relationships, applicability limits, calibration methods, and historical constraints from this source for forces, construction, motorsport. Identify which Tire Lab generator formulas or priors the evidence can constrain without assigning unsupported constants.","Separate observations, scaling rules, historical constraints, fitment facts, and calibration methodology. Record scope (construction/era/use case) and directionality/nonlinearity/interactions.",Do not promote a general relationship into an exact supplier/class value unless the source actually measures that context.,
CUR-SRC063-Q1,current_knowledge_deep_mine,SRC063,The Formula One scene,1976,Motor Sport Magazine,https://www.motorsportmagazine.com/archive/article/march-1976/27/formula-one-scene/,Period Formula 1 technical report,A/B,P1,geometry;motorsport,quantitative_evidence_extraction,TO_REVIEW_FULL_TEXT,Goodyear engineers proposed full-tank running and tire scrubbing because teams could choose the wrong type of tire and needed race-load validation.,"Period evidence for multiple Goodyear specifications, scrubbed race sets and load-sensitive race preparation; not an exact Ligier tire-size sheet.","Deep-mine this source beyond its current Tire Lab summary. Extract every quantitative value, plotted range, table datum, test condition, equation, and uncertainty relevant to geometry, motorsport that is not already represented in the knowledge master.","Record page/figure/table/section; units; tire size/construction; load; pressure; speed; temperature; surface; slip/camber; test method; whether value is direct measurement, fit, or author interpretation. Create separate evidence records rather than one broad note.",Do not turn road/passenger/aircraft magnitudes into race-tire coefficients without an explicit applicability bridge. Do not duplicate existing measurements.,
CUR-SRC063-Q2,current_knowledge_deep_mine,SRC063,The Formula One scene,1976,Motor Sport Magazine,https://www.motorsportmagazine.com/archive/article/march-1976/27/formula-one-scene/,Period Formula 1 technical report,A/B,P1,geometry;motorsport,relationship_constraint_extraction,TO_REVIEW_FULL_TEXT,Goodyear engineers proposed full-tank running and tire scrubbing because teams could choose the wrong type of tire and needed race-load validation.,"Period evidence for multiple Goodyear specifications, scrubbed race sets and load-sensitive race preparation; not an exact Ligier tire-size sheet.","Extract the strongest causal/scaling relationships, applicability limits, calibration methods, and historical constraints from this source for geometry, motorsport. Identify which Tire Lab generator formulas or priors the evidence can constrain without assigning unsupported constants.","Separate observations, scaling rules, historical constraints, fitment facts, and calibration methodology. Record scope (construction/era/use case) and directionality/nonlinearity/interactions.",Do not promote a general relationship into an exact supplier/class value unless the source actually measures that context.,
CUR-SRC064-Q1,current_knowledge_deep_mine,SRC064,P34: The real story behind Tyrrell's incredible six-wheeler F1 car,1976-77,Motor Sport Magazine / Derek Gardner,https://www.motorsportmagazine.com/archive/article/february-2011/74/when-six-worked-better-four/,Technical retrospective with designer testimony,B,P1,construction;motorsport,quantitative_evidence_extraction,TO_REVIEW_FULL_TEXT,Directly describes contemporary Goodyear Formula 1 slicks as cross-ply and explains coupled carcass/sidewall stiffness behavior.,"Retrospective but first-person designer evidence; excellent construction-family anchor, not exact Ligier sizing.","Deep-mine this source beyond its current Tire Lab summary. Extract every quantitative value, plotted range, table datum, test condition, equation, and uncertainty relevant to construction, motorsport that is not already represented in the knowledge master.","Record page/figure/table/section; units; tire size/construction; load; pressure; speed; temperature; surface; slip/camber; test method; whether value is direct measurement, fit, or author interpretation. Create separate evidence records rather than one broad note.",Do not turn road/passenger/aircraft magnitudes into race-tire coefficients without an explicit applicability bridge. Do not duplicate existing measurements.,
CUR-SRC064-Q2,current_knowledge_deep_mine,SRC064,P34: The real story behind Tyrrell's incredible six-wheeler F1 car,1976-77,Motor Sport Magazine / Derek Gardner,https://www.motorsportmagazine.com/archive/article/february-2011/74/when-six-worked-better-four/,Technical retrospective with designer testimony,B,P1,construction;motorsport,relationship_constraint_extraction,TO_REVIEW_FULL_TEXT,Directly describes contemporary Goodyear Formula 1 slicks as cross-ply and explains coupled carcass/sidewall stiffness behavior.,"Retrospective but first-person designer evidence; excellent construction-family anchor, not exact Ligier sizing.","Extract the strongest causal/scaling relationships, applicability limits, calibration methods, and historical constraints from this source for construction, motorsport. Identify which Tire Lab generator formulas or priors the evidence can constrain without assigning unsupported constants.","Separate observations, scaling rules, historical constraints, fitment facts, and calibration methodology. Record scope (construction/era/use case) and directionality/nonlinearity/interactions.",Do not promote a general relationship into an exact supplier/class value unless the source actually measures that context.,
CUR-SRC065-Q1,current_knowledge_deep_mine,SRC065,John Watson on Penske's 1976 F1 win,1976,Motor Sport Magazine / John Watson,https://www.motorsportmagazine.com/articles/single-seaters/f1/how-penske-went-from-tragedy-to-f1-triumph-the-irony-wasnt-lost/,Driver/team technical retrospective,B,P1,construction,quantitative_evidence_extraction,TO_REVIEW_FULL_TEXT,Watson states the 1976 field was running cross-ply Goodyears and describes circumference matching/priority issues between tire sets.,Strong period-construction and tire-matching evidence; no exact Ligier compound code or dimensions.,"Deep-mine this source beyond its current Tire Lab summary. Extract every quantitative value, plotted range, table datum, test condition, equation, and uncertainty relevant to construction that is not already represented in the knowledge master.","Record page/figure/table/section; units; tire size/construction; load; pressure; speed; temperature; surface; slip/camber; test method; whether value is direct measurement, fit, or author interpretation. Create separate evidence records rather than one broad note.",Do not turn road/passenger/aircraft magnitudes into race-tire coefficients without an explicit applicability bridge. Do not duplicate existing measurements.,
CUR-SRC065-Q2,current_knowledge_deep_mine,SRC065,John Watson on Penske's 1976 F1 win,1976,Motor Sport Magazine / John Watson,https://www.motorsportmagazine.com/articles/single-seaters/f1/how-penske-went-from-tragedy-to-f1-triumph-the-irony-wasnt-lost/,Driver/team technical retrospective,B,P1,construction,relationship_constraint_extraction,TO_REVIEW_FULL_TEXT,Watson states the 1976 field was running cross-ply Goodyears and describes circumference matching/priority issues between tire sets.,Strong period-construction and tire-matching evidence; no exact Ligier compound code or dimensions.,"Extract the strongest causal/scaling relationships, applicability limits, calibration methods, and historical constraints from this source for construction. Identify which Tire Lab generator formulas or priors the evidence can constrain without assigning unsupported constants.","Separate observations, scaling rules, historical constraints, fitment facts, and calibration methodology. Record scope (construction/era/use case) and directionality/nonlinearity/interactions.",Do not promote a general relationship into an exact supplier/class value unless the source actually measures that context.,
CUR-SRC066-Q1,current_knowledge_deep_mine,SRC066,1967 South African Grand Prix — Dunlop rain-compound dry-track life test,1967,Motor Sport Magazine / BRM-Dunlop test,https://www.motorsportmagazine.com/archive/article/february-1967/14/grand-prix-of-south-africa-2/,Period race report / tire test,A/B,P1,pressure;wear;forces;wet;motorsport,quantitative_evidence_extraction,TO_REVIEW_FULL_TEXT,New Dunlop rain compound tore/chunked on drying Kyalami; explicit expected dry-track life was 5–10 laps. Track 140°F; tire readings about 12°F hotter than air/track reading context.,"Excellent period wet-on-dry durability anchor. Does not give compound code, tread depth, exact pressure, or a wear-vs-grip curve.","Deep-mine this source beyond its current Tire Lab summary. Extract every quantitative value, plotted range, table datum, test condition, equation, and uncertainty relevant to pressure, wear, forces, wet, motorsport that is not already represented in the knowledge master.","Record page/figure/table/section; units; tire size/construction; load; pressure; speed; temperature; surface; slip/camber; test method; whether value is direct measurement, fit, or author interpretation. Create separate evidence records rather than one broad note.",Do not turn road/passenger/aircraft magnitudes into race-tire coefficients without an explicit applicability bridge. Do not duplicate existing measurements.,
CUR-SRC066-Q2,current_knowledge_deep_mine,SRC066,1967 South African Grand Prix — Dunlop rain-compound dry-track life test,1967,Motor Sport Magazine / BRM-Dunlop test,https://www.motorsportmagazine.com/archive/article/february-1967/14/grand-prix-of-south-africa-2/,Period race report / tire test,A/B,P1,pressure;wear;forces;wet;motorsport,relationship_constraint_extraction,TO_REVIEW_FULL_TEXT,New Dunlop rain compound tore/chunked on drying Kyalami; explicit expected dry-track life was 5–10 laps. Track 140°F; tire readings about 12°F hotter than air/track reading context.,"Excellent period wet-on-dry durability anchor. Does not give compound code, tread depth, exact pressure, or a wear-vs-grip curve.","Extract the strongest causal/scaling relationships, applicability limits, calibration methods, and historical constraints from this source for pressure, wear, forces, wet, motorsport. Identify which Tire Lab generator formulas or priors the evidence can constrain without assigning unsupported constants.","Separate observations, scaling rules, historical constraints, fitment facts, and calibration methodology. Record scope (construction/era/use case) and directionality/nonlinearity/interactions.",Do not promote a general relationship into an exact supplier/class value unless the source actually measures that context.,
CUR-SRC067-Q1,current_knowledge_deep_mine,SRC067,"Goodyear Racing Division technical interview — F1 compounds, carcasses and spring rates",1977,Motor Sport / Goodyear International Race Tyre Division,https://www.motorsportmagazine.com/archive/article/august-1977/74/50-good-year-wolverhampton-1927-1977/,Period manufacturer technical interview,A/B,P1,wet;construction;motorsport,quantitative_evidence_extraction,TO_REVIEW_FULL_TEXT,"Up to 14–15 F1 tire types at an event: two dry compounds, two wet compounds, fronts/rears and two different rear carcass constructions. Tire engineers supplied radial and lateral spring rates; construction was tuned to car characteristics.",Strong architecture evidence. Does not publish the actual spring-rate numbers or compound codes.,"Deep-mine this source beyond its current Tire Lab summary. Extract every quantitative value, plotted range, table datum, test condition, equation, and uncertainty relevant to wet, construction, motorsport that is not already represented in the knowledge master.","Record page/figure/table/section; units; tire size/construction; load; pressure; speed; temperature; surface; slip/camber; test method; whether value is direct measurement, fit, or author interpretation. Create separate evidence records rather than one broad note.",Do not turn road/passenger/aircraft magnitudes into race-tire coefficients without an explicit applicability bridge. Do not duplicate existing measurements.,
CUR-SRC067-Q2,current_knowledge_deep_mine,SRC067,"Goodyear Racing Division technical interview — F1 compounds, carcasses and spring rates",1977,Motor Sport / Goodyear International Race Tyre Division,https://www.motorsportmagazine.com/archive/article/august-1977/74/50-good-year-wolverhampton-1927-1977/,Period manufacturer technical interview,A/B,P1,wet;construction;motorsport,relationship_constraint_extraction,TO_REVIEW_FULL_TEXT,"Up to 14–15 F1 tire types at an event: two dry compounds, two wet compounds, fronts/rears and two different rear carcass constructions. Tire engineers supplied radial and lateral spring rates; construction was tuned to car characteristics.",Strong architecture evidence. Does not publish the actual spring-rate numbers or compound codes.,"Extract the strongest causal/scaling relationships, applicability limits, calibration methods, and historical constraints from this source for wet, construction, motorsport. Identify which Tire Lab generator formulas or priors the evidence can constrain without assigning unsupported constants.","Separate observations, scaling rules, historical constraints, fitment facts, and calibration methodology. Record scope (construction/era/use case) and directionality/nonlinearity/interactions.",Do not promote a general relationship into an exact supplier/class value unless the source actually measures that context.,
CUR-SRC068-Q1,current_knowledge_deep_mine,SRC068,ADAC 1000 Kilometres — intermediate vs wet vs slick behavior,1972,Motor Sport Magazine,https://www.motorsportmagazine.com/archive/article/july-1972/48/adac-1000-kilometres/,Period endurance race report,A/B,P1,pressure;thermal;wear;wet,quantitative_evidence_extraction,TO_REVIEW_FULL_TEXT,Intermediates became markedly faster than knobbly wets as Nürburgring dried; wet tires wobbled on drying surface; front intermediates wore badly on dry surface; teams then gambled on slicks.,"Excellent qualitative mixed-condition/wear evidence; no exact tread temperature, pressure or wear percentage.","Deep-mine this source beyond its current Tire Lab summary. Extract every quantitative value, plotted range, table datum, test condition, equation, and uncertainty relevant to pressure, thermal, wear, wet that is not already represented in the knowledge master.","Record page/figure/table/section; units; tire size/construction; load; pressure; speed; temperature; surface; slip/camber; test method; whether value is direct measurement, fit, or author interpretation. Create separate evidence records rather than one broad note.",Do not turn road/passenger/aircraft magnitudes into race-tire coefficients without an explicit applicability bridge. Do not duplicate existing measurements.,
CUR-SRC068-Q2,current_knowledge_deep_mine,SRC068,ADAC 1000 Kilometres — intermediate vs wet vs slick behavior,1972,Motor Sport Magazine,https://www.motorsportmagazine.com/archive/article/july-1972/48/adac-1000-kilometres/,Period endurance race report,A/B,P1,pressure;thermal;wear;wet,relationship_constraint_extraction,TO_REVIEW_FULL_TEXT,Intermediates became markedly faster than knobbly wets as Nürburgring dried; wet tires wobbled on drying surface; front intermediates wore badly on dry surface; teams then gambled on slicks.,"Excellent qualitative mixed-condition/wear evidence; no exact tread temperature, pressure or wear percentage.","Extract the strongest causal/scaling relationships, applicability limits, calibration methods, and historical constraints from this source for pressure, thermal, wear, wet. Identify which Tire Lab generator formulas or priors the evidence can constrain without assigning unsupported constants.","Separate observations, scaling rules, historical constraints, fitment facts, and calibration methodology. Record scope (construction/era/use case) and directionality/nonlinearity/interactions.",Do not promote a general relationship into an exact supplier/class value unless the source actually measures that context.,
CUR-SRC069-Q1,current_knowledge_deep_mine,SRC069,1984 Portuguese Grand Prix — intermediates and hand-grooved slicks,1984,Motor Sport Magazine,https://www.motorsportmagazine.com/archive/article/november-1984/76/another-mclaren-double/,Period Formula One race report,A/B,P1,construction;motorsport,quantitative_evidence_extraction,TO_REVIEW_FULL_TEXT,During changing conditions some teams used dedicated intermediates while others used hand-grooved slicks.,Direct proof that 'intermediate' architecture can be supplier/team specific and may be a cut/grooved dry tire rather than a unique carcass.,"Deep-mine this source beyond its current Tire Lab summary. Extract every quantitative value, plotted range, table datum, test condition, equation, and uncertainty relevant to construction, motorsport that is not already represented in the knowledge master.","Record page/figure/table/section; units; tire size/construction; load; pressure; speed; temperature; surface; slip/camber; test method; whether value is direct measurement, fit, or author interpretation. Create separate evidence records rather than one broad note.",Do not turn road/passenger/aircraft magnitudes into race-tire coefficients without an explicit applicability bridge. Do not duplicate existing measurements.,
CUR-SRC069-Q2,current_knowledge_deep_mine,SRC069,1984 Portuguese Grand Prix — intermediates and hand-grooved slicks,1984,Motor Sport Magazine,https://www.motorsportmagazine.com/archive/article/november-1984/76/another-mclaren-double/,Period Formula One race report,A/B,P1,construction;motorsport,relationship_constraint_extraction,TO_REVIEW_FULL_TEXT,During changing conditions some teams used dedicated intermediates while others used hand-grooved slicks.,Direct proof that 'intermediate' architecture can be supplier/team specific and may be a cut/grooved dry tire rather than a unique carcass.,"Extract the strongest causal/scaling relationships, applicability limits, calibration methods, and historical constraints from this source for construction, motorsport. Identify which Tire Lab generator formulas or priors the evidence can constrain without assigning unsupported constants.","Separate observations, scaling rules, historical constraints, fitment facts, and calibration methodology. Record scope (construction/era/use case) and directionality/nonlinearity/interactions.",Do not promote a general relationship into an exact supplier/class value unless the source actually measures that context.,
CUR-SRC070-Q1,current_knowledge_deep_mine,SRC070,Le Mans 1995: introducing the F1 GTR — Goodyear vs Michelin menu breadth,1995,Motor Sport Magazine / Peter Stevens,https://www.motorsportmagazine.com/archive/article/june-2025/80/le-mans-1995-introducing-the-f1-gtr/,Technical retrospective / participant account,B,P1,wet;motorsport,quantitative_evidence_extraction,TO_REVIEW_FULL_TEXT,"DPR had to use Goodyear, described as having a very limited compound range; Michelin had a huge variety including intermediate wets.","Retrospective but from direct project participant; strong supplier-menu evidence, not a complete compound code list.","Deep-mine this source beyond its current Tire Lab summary. Extract every quantitative value, plotted range, table datum, test condition, equation, and uncertainty relevant to wet, motorsport that is not already represented in the knowledge master.","Record page/figure/table/section; units; tire size/construction; load; pressure; speed; temperature; surface; slip/camber; test method; whether value is direct measurement, fit, or author interpretation. Create separate evidence records rather than one broad note.",Do not turn road/passenger/aircraft magnitudes into race-tire coefficients without an explicit applicability bridge. Do not duplicate existing measurements.,
CUR-SRC070-Q2,current_knowledge_deep_mine,SRC070,Le Mans 1995: introducing the F1 GTR — Goodyear vs Michelin menu breadth,1995,Motor Sport Magazine / Peter Stevens,https://www.motorsportmagazine.com/archive/article/june-2025/80/le-mans-1995-introducing-the-f1-gtr/,Technical retrospective / participant account,B,P1,wet;motorsport,relationship_constraint_extraction,TO_REVIEW_FULL_TEXT,"DPR had to use Goodyear, described as having a very limited compound range; Michelin had a huge variety including intermediate wets.","Retrospective but from direct project participant; strong supplier-menu evidence, not a complete compound code list.","Extract the strongest causal/scaling relationships, applicability limits, calibration methods, and historical constraints from this source for wet, motorsport. Identify which Tire Lab generator formulas or priors the evidence can constrain without assigning unsupported constants.","Separate observations, scaling rules, historical constraints, fitment facts, and calibration methodology. Record scope (construction/era/use case) and directionality/nonlinearity/interactions.",Do not promote a general relationship into an exact supplier/class value unless the source actually measures that context.,
CUR-SRC071-Q1,current_knowledge_deep_mine,SRC071,1995 Le Mans McLaren F1 GTR — Michelin hand-cut pattern development during race,1995,Motor Sport Magazine / Lanzante-McLaren participants,https://www.motorsportmagazine.com/articles/100-years-of-le-mans/a-le-mans-fairytale-1995-victory-for-mclaren-f1-that-was-never-designed-to-race/,Team/engineer retrospective,B,P1,wear;transient;wet;motorsport,quantitative_evidence_extraction,TO_REVIEW_FULL_TEXT,"Michelin continuously hand-cut tread patterns through the wet race, trialed patterns on lower-priority cars, then promoted successful variants to lead cars.",Strong evidence for dynamic wet/intermediate pattern choice at 1995 Le Mans; exact groove geometry and compound codes not given.,"Deep-mine this source beyond its current Tire Lab summary. Extract every quantitative value, plotted range, table datum, test condition, equation, and uncertainty relevant to wear, transient, wet, motorsport that is not already represented in the knowledge master.","Record page/figure/table/section; units; tire size/construction; load; pressure; speed; temperature; surface; slip/camber; test method; whether value is direct measurement, fit, or author interpretation. Create separate evidence records rather than one broad note.",Do not turn road/passenger/aircraft magnitudes into race-tire coefficients without an explicit applicability bridge. Do not duplicate existing measurements.,
CUR-SRC071-Q2,current_knowledge_deep_mine,SRC071,1995 Le Mans McLaren F1 GTR — Michelin hand-cut pattern development during race,1995,Motor Sport Magazine / Lanzante-McLaren participants,https://www.motorsportmagazine.com/articles/100-years-of-le-mans/a-le-mans-fairytale-1995-victory-for-mclaren-f1-that-was-never-designed-to-race/,Team/engineer retrospective,B,P1,wear;transient;wet;motorsport,relationship_constraint_extraction,TO_REVIEW_FULL_TEXT,"Michelin continuously hand-cut tread patterns through the wet race, trialed patterns on lower-priority cars, then promoted successful variants to lead cars.",Strong evidence for dynamic wet/intermediate pattern choice at 1995 Le Mans; exact groove geometry and compound codes not given.,"Extract the strongest causal/scaling relationships, applicability limits, calibration methods, and historical constraints from this source for wear, transient, wet, motorsport. Identify which Tire Lab generator formulas or priors the evidence can constrain without assigning unsupported constants.","Separate observations, scaling rules, historical constraints, fitment facts, and calibration methodology. Record scope (construction/era/use case) and directionality/nonlinearity/interactions.",Do not promote a general relationship into an exact supplier/class value unless the source actually measures that context.,
CUR-SRC072-Q1,current_knowledge_deep_mine,SRC072,Compound fractures — Formula One qualifying-tire life by era,1970s–1980s,Motor Sport Magazine,https://www.motorsportmagazine.com/archive/article/april-1997/30/compound-fractures/,Historical technical synthesis,B,P1,wear;construction;motorsport,quantitative_evidence_extraction,TO_REVIEW_FULL_TEXT,"Mid-1980s qualifying tires could give one quick lap and sometimes not a full lap; 1970s qualifiers had much greater longevity, with Beltoise reported to have completed the 1974 South African GP on qualifiers.","Useful era-scale evidence; exact life depends on supplier, track, car and compound.","Deep-mine this source beyond its current Tire Lab summary. Extract every quantitative value, plotted range, table datum, test condition, equation, and uncertainty relevant to wear, construction, motorsport that is not already represented in the knowledge master.","Record page/figure/table/section; units; tire size/construction; load; pressure; speed; temperature; surface; slip/camber; test method; whether value is direct measurement, fit, or author interpretation. Create separate evidence records rather than one broad note.",Do not turn road/passenger/aircraft magnitudes into race-tire coefficients without an explicit applicability bridge. Do not duplicate existing measurements.,
CUR-SRC072-Q2,current_knowledge_deep_mine,SRC072,Compound fractures — Formula One qualifying-tire life by era,1970s–1980s,Motor Sport Magazine,https://www.motorsportmagazine.com/archive/article/april-1997/30/compound-fractures/,Historical technical synthesis,B,P1,wear;construction;motorsport,relationship_constraint_extraction,TO_REVIEW_FULL_TEXT,"Mid-1980s qualifying tires could give one quick lap and sometimes not a full lap; 1970s qualifiers had much greater longevity, with Beltoise reported to have completed the 1974 South African GP on qualifiers.","Useful era-scale evidence; exact life depends on supplier, track, car and compound.","Extract the strongest causal/scaling relationships, applicability limits, calibration methods, and historical constraints from this source for wear, construction, motorsport. Identify which Tire Lab generator formulas or priors the evidence can constrain without assigning unsupported constants.","Separate observations, scaling rules, historical constraints, fitment facts, and calibration methodology. Record scope (construction/era/use case) and directionality/nonlinearity/interactions.",Do not promote a general relationship into an exact supplier/class value unless the source actually measures that context.,
CUR-SRC073-Q1,current_knowledge_deep_mine,SRC073,1985 San Marino GP — qualifying-tire warm-up and usable-lap behavior,1985,Motor Sport Magazine,https://www.motorsportmagazine.com/archive/article/june-1985/24/the-san-marino-grand-prix-3/,Period Formula One race report,A/B,P1,thermal;wear;motorsport,quantitative_evidence_extraction,TO_REVIEW_FULL_TEXT,"Cool conditions prevented super-sticky Goodyear qualifiers reaching working temperature; relatively hard race tire performed better and could run four or five hard laps without deterioration, whereas normal qualifiers allowed one demon lap.",Direct period warm-up/life evidence. Track/compound temperatures are not quantified.,"Deep-mine this source beyond its current Tire Lab summary. Extract every quantitative value, plotted range, table datum, test condition, equation, and uncertainty relevant to thermal, wear, motorsport that is not already represented in the knowledge master.","Record page/figure/table/section; units; tire size/construction; load; pressure; speed; temperature; surface; slip/camber; test method; whether value is direct measurement, fit, or author interpretation. Create separate evidence records rather than one broad note.",Do not turn road/passenger/aircraft magnitudes into race-tire coefficients without an explicit applicability bridge. Do not duplicate existing measurements.,
CUR-SRC073-Q2,current_knowledge_deep_mine,SRC073,1985 San Marino GP — qualifying-tire warm-up and usable-lap behavior,1985,Motor Sport Magazine,https://www.motorsportmagazine.com/archive/article/june-1985/24/the-san-marino-grand-prix-3/,Period Formula One race report,A/B,P1,thermal;wear;motorsport,relationship_constraint_extraction,TO_REVIEW_FULL_TEXT,"Cool conditions prevented super-sticky Goodyear qualifiers reaching working temperature; relatively hard race tire performed better and could run four or five hard laps without deterioration, whereas normal qualifiers allowed one demon lap.",Direct period warm-up/life evidence. Track/compound temperatures are not quantified.,"Extract the strongest causal/scaling relationships, applicability limits, calibration methods, and historical constraints from this source for thermal, wear, motorsport. Identify which Tire Lab generator formulas or priors the evidence can constrain without assigning unsupported constants.","Separate observations, scaling rules, historical constraints, fitment facts, and calibration methodology. Record scope (construction/era/use case) and directionality/nonlinearity/interactions.",Do not promote a general relationship into an exact supplier/class value unless the source actually measures that context.,
CUR-SRC074-Q1,current_knowledge_deep_mine,SRC074,Hoosier A8/R8 Tire Care and Safety — first heat cycle,Current,Hoosier Racing Tire,https://www.hoosiertire.com/assets/TrackAttack%20Race%20A8-R8%20Care%20and%20Safety.pdf,Manufacturer tire-care guide,A,P1,pressure;thermal;wear,quantitative_evidence_extraction,TO_REVIEW_FULL_TEXT,"Initial break-in: 10–15 minute run, progressive pace, 4–7 laps; 3–5 psi higher inflation during break-in; proper break-in increases competitive life without initial-performance sacrifice.",Modern mechanism/operational evidence only; do not transplant absolute heat-cycle degradation to historical tires.,"Deep-mine this source beyond its current Tire Lab summary. Extract every quantitative value, plotted range, table datum, test condition, equation, and uncertainty relevant to pressure, thermal, wear that is not already represented in the knowledge master.","Record page/figure/table/section; units; tire size/construction; load; pressure; speed; temperature; surface; slip/camber; test method; whether value is direct measurement, fit, or author interpretation. Create separate evidence records rather than one broad note.",Do not turn road/passenger/aircraft magnitudes into race-tire coefficients without an explicit applicability bridge. Do not duplicate existing measurements.,
CUR-SRC074-Q2,current_knowledge_deep_mine,SRC074,Hoosier A8/R8 Tire Care and Safety — first heat cycle,Current,Hoosier Racing Tire,https://www.hoosiertire.com/assets/TrackAttack%20Race%20A8-R8%20Care%20and%20Safety.pdf,Manufacturer tire-care guide,A,P1,pressure;thermal;wear,relationship_constraint_extraction,TO_REVIEW_FULL_TEXT,"Initial break-in: 10–15 minute run, progressive pace, 4–7 laps; 3–5 psi higher inflation during break-in; proper break-in increases competitive life without initial-performance sacrifice.",Modern mechanism/operational evidence only; do not transplant absolute heat-cycle degradation to historical tires.,"Extract the strongest causal/scaling relationships, applicability limits, calibration methods, and historical constraints from this source for pressure, thermal, wear. Identify which Tire Lab generator formulas or priors the evidence can constrain without assigning unsupported constants.","Separate observations, scaling rules, historical constraints, fitment facts, and calibration methodology. Record scope (construction/era/use case) and directionality/nonlinearity/interactions.",Do not promote a general relationship into an exact supplier/class value unless the source actually measures that context.,
CUR-SRC075-Q1,current_knowledge_deep_mine,SRC075,"Competition tire shaving — tread depth, tread squirm and heat-cycle hardening",Modern,Tire Rack,https://www.tirerack.com/upgrade-garage/can-tires-be-shaved-for-autocross-track-use-competition,Competition tire technical guidance,C,P1,thermal;wear;forces;motorsport,quantitative_evidence_extraction,TO_REVIEW_FULL_TEXT,Reduced tread depth reduces block squirm and can improve dry performance; repeated use/heat cycles harden compound and reduce grip. Supports non-monotonic treaded wear→grip mechanisms.,"Mechanism support only; modern DOT/competition tires, not a historical race-tire quantitative calibration source.","Deep-mine this source beyond its current Tire Lab summary. Extract every quantitative value, plotted range, table datum, test condition, equation, and uncertainty relevant to thermal, wear, forces, motorsport that is not already represented in the knowledge master.","Record page/figure/table/section; units; tire size/construction; load; pressure; speed; temperature; surface; slip/camber; test method; whether value is direct measurement, fit, or author interpretation. Create separate evidence records rather than one broad note.",Do not turn road/passenger/aircraft magnitudes into race-tire coefficients without an explicit applicability bridge. Do not duplicate existing measurements.,
CUR-SRC075-Q2,current_knowledge_deep_mine,SRC075,"Competition tire shaving — tread depth, tread squirm and heat-cycle hardening",Modern,Tire Rack,https://www.tirerack.com/upgrade-garage/can-tires-be-shaved-for-autocross-track-use-competition,Competition tire technical guidance,C,P1,thermal;wear;forces;motorsport,relationship_constraint_extraction,TO_REVIEW_FULL_TEXT,Reduced tread depth reduces block squirm and can improve dry performance; repeated use/heat cycles harden compound and reduce grip. Supports non-monotonic treaded wear→grip mechanisms.,"Mechanism support only; modern DOT/competition tires, not a historical race-tire quantitative calibration source.","Extract the strongest causal/scaling relationships, applicability limits, calibration methods, and historical constraints from this source for thermal, wear, forces, motorsport. Identify which Tire Lab generator formulas or priors the evidence can constrain without assigning unsupported constants.","Separate observations, scaling rules, historical constraints, fitment facts, and calibration methodology. Record scope (construction/era/use case) and directionality/nonlinearity/interactions.",Do not promote a general relationship into an exact supplier/class value unless the source actually measures that context.,
CUR-SRC076-Q1,current_knowledge_deep_mine,SRC076,Goodyear 1971 D/W/K/A racing tire pattern menu,1971,Motor Sport Magazine / Goodyear,https://www.motorsportmagazine.com/archive/article/may-1971/58/tyre-news/,Period tire technical news,A/B,P1,forces;wet;motorsport,quantitative_evidence_extraction,TO_REVIEW_FULL_TEXT,D = dry; W = wet; K = more open all-purpose wet/dry; A = low-profile all-weather with rain penetration and dry stability.,Direct period menu/pattern evidence; no force coefficients.,"Deep-mine this source beyond its current Tire Lab summary. Extract every quantitative value, plotted range, table datum, test condition, equation, and uncertainty relevant to forces, wet, motorsport that is not already represented in the knowledge master.","Record page/figure/table/section; units; tire size/construction; load; pressure; speed; temperature; surface; slip/camber; test method; whether value is direct measurement, fit, or author interpretation. Create separate evidence records rather than one broad note.",Do not turn road/passenger/aircraft magnitudes into race-tire coefficients without an explicit applicability bridge. Do not duplicate existing measurements.,
CUR-SRC076-Q2,current_knowledge_deep_mine,SRC076,Goodyear 1971 D/W/K/A racing tire pattern menu,1971,Motor Sport Magazine / Goodyear,https://www.motorsportmagazine.com/archive/article/may-1971/58/tyre-news/,Period tire technical news,A/B,P1,forces;wet;motorsport,relationship_constraint_extraction,TO_REVIEW_FULL_TEXT,D = dry; W = wet; K = more open all-purpose wet/dry; A = low-profile all-weather with rain penetration and dry stability.,Direct period menu/pattern evidence; no force coefficients.,"Extract the strongest causal/scaling relationships, applicability limits, calibration methods, and historical constraints from this source for forces, wet, motorsport. Identify which Tire Lab generator formulas or priors the evidence can constrain without assigning unsupported constants.","Separate observations, scaling rules, historical constraints, fitment facts, and calibration methodology. Record scope (construction/era/use case) and directionality/nonlinearity/interactions.",Do not promote a general relationship into an exact supplier/class value unless the source actually measures that context.,
CUR-SRC077-Q1,current_knowledge_deep_mine,SRC077,British Hill-climb Championship — Goodyear G14/G18 warm-up and pressure,1970,Motor Sport Magazine,https://www.motorsportmagazine.com/archive/article/december-1970/26/british-hill-climb-championship-2/,Period competition technical report,A/B,P1,pressure;thermal;wet;construction,quantitative_evidence_extraction,TO_REVIEW_FULL_TEXT,McLaren used Goodyear G14 wet tires at 18 psi all round; G18 was rejected because short hill-climb runs could not warm it to the correct working temperature.,Excellent operational warm-up/pressure evidence for this specific bias-era application; do not generalize 18 psi universally.,"Deep-mine this source beyond its current Tire Lab summary. Extract every quantitative value, plotted range, table datum, test condition, equation, and uncertainty relevant to pressure, thermal, wet, construction that is not already represented in the knowledge master.","Record page/figure/table/section; units; tire size/construction; load; pressure; speed; temperature; surface; slip/camber; test method; whether value is direct measurement, fit, or author interpretation. Create separate evidence records rather than one broad note.",Do not turn road/passenger/aircraft magnitudes into race-tire coefficients without an explicit applicability bridge. Do not duplicate existing measurements.,
CUR-SRC077-Q2,current_knowledge_deep_mine,SRC077,British Hill-climb Championship — Goodyear G14/G18 warm-up and pressure,1970,Motor Sport Magazine,https://www.motorsportmagazine.com/archive/article/december-1970/26/british-hill-climb-championship-2/,Period competition technical report,A/B,P1,pressure;thermal;wet;construction,relationship_constraint_extraction,TO_REVIEW_FULL_TEXT,McLaren used Goodyear G14 wet tires at 18 psi all round; G18 was rejected because short hill-climb runs could not warm it to the correct working temperature.,Excellent operational warm-up/pressure evidence for this specific bias-era application; do not generalize 18 psi universally.,"Extract the strongest causal/scaling relationships, applicability limits, calibration methods, and historical constraints from this source for pressure, thermal, wet, construction. Identify which Tire Lab generator formulas or priors the evidence can constrain without assigning unsupported constants.","Separate observations, scaling rules, historical constraints, fitment facts, and calibration methodology. Record scope (construction/era/use case) and directionality/nonlinearity/interactions.",Do not promote a general relationship into an exact supplier/class value unless the source actually measures that context.,
CUR-SRC078-Q1,current_knowledge_deep_mine,SRC078,1978 French Grand Prix — extreme qualifying tire destruction,1978,Motor Sport Magazine,https://www.motorsportmagazine.com/archive/article/august-1978/68/french-grand-prix-9/,Period Formula One race report,A/B,P1,wear;motorsport,quantitative_evidence_extraction,TO_REVIEW_FULL_TEXT,"Ultra-sticky Goodyear qualifying tires on some cars were torn to pieces in one lap, about 3.5 miles; strong event-specific qualifier-life anchor.",Paul Ricard/event-specific extreme. Do not universalize one-lap life to all 1978 qualifiers.,"Deep-mine this source beyond its current Tire Lab summary. Extract every quantitative value, plotted range, table datum, test condition, equation, and uncertainty relevant to wear, motorsport that is not already represented in the knowledge master.","Record page/figure/table/section; units; tire size/construction; load; pressure; speed; temperature; surface; slip/camber; test method; whether value is direct measurement, fit, or author interpretation. Create separate evidence records rather than one broad note.",Do not turn road/passenger/aircraft magnitudes into race-tire coefficients without an explicit applicability bridge. Do not duplicate existing measurements.,
CUR-SRC078-Q2,current_knowledge_deep_mine,SRC078,1978 French Grand Prix — extreme qualifying tire destruction,1978,Motor Sport Magazine,https://www.motorsportmagazine.com/archive/article/august-1978/68/french-grand-prix-9/,Period Formula One race report,A/B,P1,wear;motorsport,relationship_constraint_extraction,TO_REVIEW_FULL_TEXT,"Ultra-sticky Goodyear qualifying tires on some cars were torn to pieces in one lap, about 3.5 miles; strong event-specific qualifier-life anchor.",Paul Ricard/event-specific extreme. Do not universalize one-lap life to all 1978 qualifiers.,"Extract the strongest causal/scaling relationships, applicability limits, calibration methods, and historical constraints from this source for wear, motorsport. Identify which Tire Lab generator formulas or priors the evidence can constrain without assigning unsupported constants.","Separate observations, scaling rules, historical constraints, fitment facts, and calibration methodology. Record scope (construction/era/use case) and directionality/nonlinearity/interactions.",Do not promote a general relationship into an exact supplier/class value unless the source actually measures that context.,
CUR-SRC079-Q1,current_knowledge_deep_mine,SRC079,France 1981 — Goodyear A-D range and Michelin 307 qualifying tire,1981,Formula 1,https://www.formula1.com/en/latest/article/france-81-the-perfectly-timed-tyre-change-that-secured-prosts-first-f1.7tB65bx7MGYXuVsb0R2Jr4,Official F1 historical strategy article,A/B,P1,thermal;forces;motorsport,quantitative_evidence_extraction,TO_REVIEW_FULL_TEXT,Goodyear A-D compounds; softest D was full-race capable for an 80-lap GP; Michelin 307 was a shorter qualifying tire; period scrubbed Goodyear set use documented.,Excellent era/menu/scrub evidence; exact 307 force coefficients and heat-cycle delta are not given.,"Deep-mine this source beyond its current Tire Lab summary. Extract every quantitative value, plotted range, table datum, test condition, equation, and uncertainty relevant to thermal, forces, motorsport that is not already represented in the knowledge master.","Record page/figure/table/section; units; tire size/construction; load; pressure; speed; temperature; surface; slip/camber; test method; whether value is direct measurement, fit, or author interpretation. Create separate evidence records rather than one broad note.",Do not turn road/passenger/aircraft magnitudes into race-tire coefficients without an explicit applicability bridge. Do not duplicate existing measurements.,
CUR-SRC079-Q2,current_knowledge_deep_mine,SRC079,France 1981 — Goodyear A-D range and Michelin 307 qualifying tire,1981,Formula 1,https://www.formula1.com/en/latest/article/france-81-the-perfectly-timed-tyre-change-that-secured-prosts-first-f1.7tB65bx7MGYXuVsb0R2Jr4,Official F1 historical strategy article,A/B,P1,thermal;forces;motorsport,relationship_constraint_extraction,TO_REVIEW_FULL_TEXT,Goodyear A-D compounds; softest D was full-race capable for an 80-lap GP; Michelin 307 was a shorter qualifying tire; period scrubbed Goodyear set use documented.,Excellent era/menu/scrub evidence; exact 307 force coefficients and heat-cycle delta are not given.,"Extract the strongest causal/scaling relationships, applicability limits, calibration methods, and historical constraints from this source for thermal, forces, motorsport. Identify which Tire Lab generator formulas or priors the evidence can constrain without assigning unsupported constants.","Separate observations, scaling rules, historical constraints, fitment facts, and calibration methodology. Record scope (construction/era/use case) and directionality/nonlinearity/interactions.",Do not promote a general relationship into an exact supplier/class value unless the source actually measures that context.,
CUR-SRC080-Q1,current_knowledge_deep_mine,SRC080,Dallas 1984 — qualifying tires unusable on crumbling temporary surface,1984,Autosport / period driver testimony,https://www.autosport.com/f1/news/grand-prix-gold-dallas-1984-5081724/5081724/,Historical Formula One technical retrospective,A/B,P1,wear,quantitative_evidence_extraction,TO_REVIEW_FULL_TEXT,"Qualifiers described as lasting four or five corners, or half a lap at most; demonstrates track/event override dominating nominal qualifying life.",Extreme temporary-circuit example; not a generic 1984 qualifier lifetime.,"Deep-mine this source beyond its current Tire Lab summary. Extract every quantitative value, plotted range, table datum, test condition, equation, and uncertainty relevant to wear that is not already represented in the knowledge master.","Record page/figure/table/section; units; tire size/construction; load; pressure; speed; temperature; surface; slip/camber; test method; whether value is direct measurement, fit, or author interpretation. Create separate evidence records rather than one broad note.",Do not turn road/passenger/aircraft magnitudes into race-tire coefficients without an explicit applicability bridge. Do not duplicate existing measurements.,
CUR-SRC080-Q2,current_knowledge_deep_mine,SRC080,Dallas 1984 — qualifying tires unusable on crumbling temporary surface,1984,Autosport / period driver testimony,https://www.autosport.com/f1/news/grand-prix-gold-dallas-1984-5081724/5081724/,Historical Formula One technical retrospective,A/B,P1,wear,relationship_constraint_extraction,TO_REVIEW_FULL_TEXT,"Qualifiers described as lasting four or five corners, or half a lap at most; demonstrates track/event override dominating nominal qualifying life.",Extreme temporary-circuit example; not a generic 1984 qualifier lifetime.,"Extract the strongest causal/scaling relationships, applicability limits, calibration methods, and historical constraints from this source for wear. Identify which Tire Lab generator formulas or priors the evidence can constrain without assigning unsupported constants.","Separate observations, scaling rules, historical constraints, fitment facts, and calibration methodology. Record scope (construction/era/use case) and directionality/nonlinearity/interactions.",Do not promote a general relationship into an exact supplier/class value unless the source actually measures that context.,
CUR-SRC081-Q1,current_knowledge_deep_mine,SRC081,Sebring GT Michelin stint behavior,2004,Racecar / Michelin ALMS operations,https://www.racecar.com/News/5529/motorsport/bam-sebring-qualifying,Period motorsport technical report,B,P1,wear;wet;motorsport,quantitative_evidence_extraction,TO_REVIEW_FULL_TEXT,"21 GT solutions: 10 slick compounds and 11 wets; tire builds for 5-6 laps, stays level through first stint, then drops halfway through a second stint.","One of the strongest explicit public stint-shape anchors; 2004 Michelin GT, not a universal historical curve.","Deep-mine this source beyond its current Tire Lab summary. Extract every quantitative value, plotted range, table datum, test condition, equation, and uncertainty relevant to wear, wet, motorsport that is not already represented in the knowledge master.","Record page/figure/table/section; units; tire size/construction; load; pressure; speed; temperature; surface; slip/camber; test method; whether value is direct measurement, fit, or author interpretation. Create separate evidence records rather than one broad note.",Do not turn road/passenger/aircraft magnitudes into race-tire coefficients without an explicit applicability bridge. Do not duplicate existing measurements.,
CUR-SRC081-Q2,current_knowledge_deep_mine,SRC081,Sebring GT Michelin stint behavior,2004,Racecar / Michelin ALMS operations,https://www.racecar.com/News/5529/motorsport/bam-sebring-qualifying,Period motorsport technical report,B,P1,wear;wet;motorsport,relationship_constraint_extraction,TO_REVIEW_FULL_TEXT,"21 GT solutions: 10 slick compounds and 11 wets; tire builds for 5-6 laps, stays level through first stint, then drops halfway through a second stint.","One of the strongest explicit public stint-shape anchors; 2004 Michelin GT, not a universal historical curve.","Extract the strongest causal/scaling relationships, applicability limits, calibration methods, and historical constraints from this source for wear, wet, motorsport. Identify which Tire Lab generator formulas or priors the evidence can constrain without assigning unsupported constants.","Separate observations, scaling rules, historical constraints, fitment facts, and calibration methodology. Record scope (construction/era/use case) and directionality/nonlinearity/interactions.",Do not promote a general relationship into an exact supplier/class value unless the source actually measures that context.,
CUR-SRC082-Q1,current_knowledge_deep_mine,SRC082,McLaren F1 GTR — Goodyear every daytime stop vs Michelin double-stint,1995,DailySportscar / David Price and later team retrospectives,https://www.dailysportscar.com/2013/05/13/david-price-thirty-years-without-getting-bored.html,Team/principal retrospective,B,P1,wear;motorsport,quantitative_evidence_extraction,TO_REVIEW_FULL_TEXT,"Goodyear-shod DPR/Harrods McLarens required tire changes every daytime stop, while Michelin-shod McLarens could double-stint; strong supplier-relative endurance evidence.","Relative stint evidence only until exact pit timing, fuel stint lengths and weather are reconciled.","Deep-mine this source beyond its current Tire Lab summary. Extract every quantitative value, plotted range, table datum, test condition, equation, and uncertainty relevant to wear, motorsport that is not already represented in the knowledge master.","Record page/figure/table/section; units; tire size/construction; load; pressure; speed; temperature; surface; slip/camber; test method; whether value is direct measurement, fit, or author interpretation. Create separate evidence records rather than one broad note.",Do not turn road/passenger/aircraft magnitudes into race-tire coefficients without an explicit applicability bridge. Do not duplicate existing measurements.,
CUR-SRC082-Q2,current_knowledge_deep_mine,SRC082,McLaren F1 GTR — Goodyear every daytime stop vs Michelin double-stint,1995,DailySportscar / David Price and later team retrospectives,https://www.dailysportscar.com/2013/05/13/david-price-thirty-years-without-getting-bored.html,Team/principal retrospective,B,P1,wear;motorsport,relationship_constraint_extraction,TO_REVIEW_FULL_TEXT,"Goodyear-shod DPR/Harrods McLarens required tire changes every daytime stop, while Michelin-shod McLarens could double-stint; strong supplier-relative endurance evidence.","Relative stint evidence only until exact pit timing, fuel stint lengths and weather are reconciled.","Extract the strongest causal/scaling relationships, applicability limits, calibration methods, and historical constraints from this source for wear, motorsport. Identify which Tire Lab generator formulas or priors the evidence can constrain without assigning unsupported constants.","Separate observations, scaling rules, historical constraints, fitment facts, and calibration methodology. Record scope (construction/era/use case) and directionality/nonlinearity/interactions.",Do not promote a general relationship into an exact supplier/class value unless the source actually measures that context.,
CUR-SRC083-Q1,current_knowledge_deep_mine,SRC083,Goodyear rotating-tire lateral spring-rate measurement apparatus,1969 filed / 1971 published,The Goodyear Tire & Rubber Company,https://www.freepatentsonline.com/3581563.html,Patent / tire-test method,A,P1,wear;forces,quantitative_evidence_extraction,TO_REVIEW_FULL_TEXT,"Defines lateral spring rate as lateral tread force divided by lateral tread deflection and measures it under rotating, loaded, inflated conditions.",Excellent proof of metric/methodology; the patent does not publish period F1 lateral-rate values.,"Deep-mine this source beyond its current Tire Lab summary. Extract every quantitative value, plotted range, table datum, test condition, equation, and uncertainty relevant to wear, forces that is not already represented in the knowledge master.","Record page/figure/table/section; units; tire size/construction; load; pressure; speed; temperature; surface; slip/camber; test method; whether value is direct measurement, fit, or author interpretation. Create separate evidence records rather than one broad note.",Do not turn road/passenger/aircraft magnitudes into race-tire coefficients without an explicit applicability bridge. Do not duplicate existing measurements.,
CUR-SRC083-Q2,current_knowledge_deep_mine,SRC083,Goodyear rotating-tire lateral spring-rate measurement apparatus,1969 filed / 1971 published,The Goodyear Tire & Rubber Company,https://www.freepatentsonline.com/3581563.html,Patent / tire-test method,A,P1,wear;forces,relationship_constraint_extraction,TO_REVIEW_FULL_TEXT,"Defines lateral spring rate as lateral tread force divided by lateral tread deflection and measures it under rotating, loaded, inflated conditions.",Excellent proof of metric/methodology; the patent does not publish period F1 lateral-rate values.,"Extract the strongest causal/scaling relationships, applicability limits, calibration methods, and historical constraints from this source for wear, forces. Identify which Tire Lab generator formulas or priors the evidence can constrain without assigning unsupported constants.","Separate observations, scaling rules, historical constraints, fitment facts, and calibration methodology. Record scope (construction/era/use case) and directionality/nonlinearity/interactions.",Do not promote a general relationship into an exact supplier/class value unless the source actually measures that context.,
CUR-SRC084-Q1,current_knowledge_deep_mine,SRC084,GCAPS Wet Tire Testing & Modeling,Modern,Global Center for Automotive Performance Simulation,https://www.gcaps.net/2021/02/22/wet-testing/,Professional tire-test facility technical method,A/B,P1,pressure;thermal;wear;forces;wet,quantitative_evidence_extraction,TO_REVIEW_FULL_TEXT,"Wet F&M testing across speed, load, camber, pressure and water depth up to 250 km/h; separates compound cooling effects from tread-water evacuation and supports MF modeling.",Method/shape evidence and modern motorsport applicability; not historical coefficients.,"Deep-mine this source beyond its current Tire Lab summary. Extract every quantitative value, plotted range, table datum, test condition, equation, and uncertainty relevant to pressure, thermal, wear, forces, wet that is not already represented in the knowledge master.","Record page/figure/table/section; units; tire size/construction; load; pressure; speed; temperature; surface; slip/camber; test method; whether value is direct measurement, fit, or author interpretation. Create separate evidence records rather than one broad note.",Do not turn road/passenger/aircraft magnitudes into race-tire coefficients without an explicit applicability bridge. Do not duplicate existing measurements.,
CUR-SRC084-Q2,current_knowledge_deep_mine,SRC084,GCAPS Wet Tire Testing & Modeling,Modern,Global Center for Automotive Performance Simulation,https://www.gcaps.net/2021/02/22/wet-testing/,Professional tire-test facility technical method,A/B,P1,pressure;thermal;wear;forces;wet,relationship_constraint_extraction,TO_REVIEW_FULL_TEXT,"Wet F&M testing across speed, load, camber, pressure and water depth up to 250 km/h; separates compound cooling effects from tread-water evacuation and supports MF modeling.",Method/shape evidence and modern motorsport applicability; not historical coefficients.,"Extract the strongest causal/scaling relationships, applicability limits, calibration methods, and historical constraints from this source for pressure, thermal, wear, forces, wet. Identify which Tire Lab generator formulas or priors the evidence can constrain without assigning unsupported constants.","Separate observations, scaling rules, historical constraints, fitment facts, and calibration methodology. Record scope (construction/era/use case) and directionality/nonlinearity/interactions.",Do not promote a general relationship into an exact supplier/class value unless the source actually measures that context.,
CUR-SRC085-Q1,current_knowledge_deep_mine,SRC085,An evaluation of some unbraked tire cornering force characteristics,1972,NASA Langley / T. J. W. Leland,https://ntrs.nasa.gov/citations/19730002824,NASA technical note,A,P1,wear;forces;wet;motorsport,quantitative_evidence_extraction,TO_REVIEW_FULL_TEXT,"6.50x13 automobile tires tested at 3, 4.5 and 6 deg yaw on dry, damp and flooded concrete; strong tread/surface effects and complete cornering-force loss near hydroplaning.","Public automotive wet cornering dataset; road tires, not racing tires.","Deep-mine this source beyond its current Tire Lab summary. Extract every quantitative value, plotted range, table datum, test condition, equation, and uncertainty relevant to wear, forces, wet, motorsport that is not already represented in the knowledge master.","Record page/figure/table/section; units; tire size/construction; load; pressure; speed; temperature; surface; slip/camber; test method; whether value is direct measurement, fit, or author interpretation. Create separate evidence records rather than one broad note.",Do not turn road/passenger/aircraft magnitudes into race-tire coefficients without an explicit applicability bridge. Do not duplicate existing measurements.,
CUR-SRC085-Q2,current_knowledge_deep_mine,SRC085,An evaluation of some unbraked tire cornering force characteristics,1972,NASA Langley / T. J. W. Leland,https://ntrs.nasa.gov/citations/19730002824,NASA technical note,A,P1,wear;forces;wet;motorsport,relationship_constraint_extraction,TO_REVIEW_FULL_TEXT,"6.50x13 automobile tires tested at 3, 4.5 and 6 deg yaw on dry, damp and flooded concrete; strong tread/surface effects and complete cornering-force loss near hydroplaning.","Public automotive wet cornering dataset; road tires, not racing tires.","Extract the strongest causal/scaling relationships, applicability limits, calibration methods, and historical constraints from this source for wear, forces, wet, motorsport. Identify which Tire Lab generator formulas or priors the evidence can constrain without assigning unsupported constants.","Separate observations, scaling rules, historical constraints, fitment facts, and calibration methodology. Record scope (construction/era/use case) and directionality/nonlinearity/interactions.",Do not promote a general relationship into an exact supplier/class value unless the source actually measures that context.,
CUR-SRC086-Q1,current_knowledge_deep_mine,SRC086,SAE Study — Wet Pavement Braking Traction,1970,SAE Tire Committee,https://saemobilus.sae.org/papers/sae-study-wet-pavement-braking-traction-700462,SAE technical paper,A,P1,wear;forces;wet;motorsport,quantitative_evidence_extraction,TO_REVIEW_FULL_TEXT,"Wet braking tests explicitly analyze effects of tire wear, vehicle speed and test surface.","Mechanism/measurement evidence; passenger tires and wet braking, not race-tire F&M.","Deep-mine this source beyond its current Tire Lab summary. Extract every quantitative value, plotted range, table datum, test condition, equation, and uncertainty relevant to wear, forces, wet, motorsport that is not already represented in the knowledge master.","Record page/figure/table/section; units; tire size/construction; load; pressure; speed; temperature; surface; slip/camber; test method; whether value is direct measurement, fit, or author interpretation. Create separate evidence records rather than one broad note.",Do not turn road/passenger/aircraft magnitudes into race-tire coefficients without an explicit applicability bridge. Do not duplicate existing measurements.,
CUR-SRC086-Q2,current_knowledge_deep_mine,SRC086,SAE Study — Wet Pavement Braking Traction,1970,SAE Tire Committee,https://saemobilus.sae.org/papers/sae-study-wet-pavement-braking-traction-700462,SAE technical paper,A,P1,wear;forces;wet;motorsport,relationship_constraint_extraction,TO_REVIEW_FULL_TEXT,"Wet braking tests explicitly analyze effects of tire wear, vehicle speed and test surface.","Mechanism/measurement evidence; passenger tires and wet braking, not race-tire F&M.","Extract the strongest causal/scaling relationships, applicability limits, calibration methods, and historical constraints from this source for wear, forces, wet, motorsport. Identify which Tire Lab generator formulas or priors the evidence can constrain without assigning unsupported constants.","Separate observations, scaling rules, historical constraints, fitment facts, and calibration methodology. Record scope (construction/era/use case) and directionality/nonlinearity/interactions.",Do not promote a general relationship into an exact supplier/class value unless the source actually measures that context.,
CUR-SRC087-Q1,current_knowledge_deep_mine,SRC087,Pirelli Sebring WSC tire range — D4/D5/D6/W4/W6,2000,Pirelli,https://press.pirelli.com/pirelli-at-the-superflo-12-hours/,Manufacturer technical release,A,P1,wet,quantitative_evidence_extraction,TO_REVIEW_FULL_TEXT,"Exact code/use mapping: D4 hard warm, D5 medium-hard/daylight, D6 soft/cool/night; W4 intermediate; W4-W6 rain.",Excellent supplier-code example for 2000 ALMS/WSC; do not backdate codes to 1995.,"Deep-mine this source beyond its current Tire Lab summary. Extract every quantitative value, plotted range, table datum, test condition, equation, and uncertainty relevant to wet that is not already represented in the knowledge master.","Record page/figure/table/section; units; tire size/construction; load; pressure; speed; temperature; surface; slip/camber; test method; whether value is direct measurement, fit, or author interpretation. Create separate evidence records rather than one broad note.",Do not turn road/passenger/aircraft magnitudes into race-tire coefficients without an explicit applicability bridge. Do not duplicate existing measurements.,
CUR-SRC087-Q2,current_knowledge_deep_mine,SRC087,Pirelli Sebring WSC tire range — D4/D5/D6/W4/W6,2000,Pirelli,https://press.pirelli.com/pirelli-at-the-superflo-12-hours/,Manufacturer technical release,A,P1,wet,relationship_constraint_extraction,TO_REVIEW_FULL_TEXT,"Exact code/use mapping: D4 hard warm, D5 medium-hard/daylight, D6 soft/cool/night; W4 intermediate; W4-W6 rain.",Excellent supplier-code example for 2000 ALMS/WSC; do not backdate codes to 1995.,"Extract the strongest causal/scaling relationships, applicability limits, calibration methods, and historical constraints from this source for wet. Identify which Tire Lab generator formulas or priors the evidence can constrain without assigning unsupported constants.","Separate observations, scaling rules, historical constraints, fitment facts, and calibration methodology. Record scope (construction/era/use case) and directionality/nonlinearity/interactions.",Do not promote a general relationship into an exact supplier/class value unless the source actually measures that context.,
CUR-SRC088-Q1,current_knowledge_deep_mine,SRC088,Goodyear racing tire code architecture and running-in guidance,Current,Goodyear Motorsport,https://www.goodyear-motorsport.de/en/technical-information/goodyear-racing-tires.html,Manufacturer technical information,A,P1,pressure;thermal;construction;motorsport,quantitative_evidence_extraction,TO_REVIEW_FULL_TEXT,D-number identifies dimensions/construction/compound; separate R-xxx compound code runs soft R-001 to hard R-999; 2-3 slow laps recommended to reach working temperature/pressure.,"Use as code-system and warm-up architecture, not proof of a specific historical compound code.","Deep-mine this source beyond its current Tire Lab summary. Extract every quantitative value, plotted range, table datum, test condition, equation, and uncertainty relevant to pressure, thermal, construction, motorsport that is not already represented in the knowledge master.","Record page/figure/table/section; units; tire size/construction; load; pressure; speed; temperature; surface; slip/camber; test method; whether value is direct measurement, fit, or author interpretation. Create separate evidence records rather than one broad note.",Do not turn road/passenger/aircraft magnitudes into race-tire coefficients without an explicit applicability bridge. Do not duplicate existing measurements.,
CUR-SRC088-Q2,current_knowledge_deep_mine,SRC088,Goodyear racing tire code architecture and running-in guidance,Current,Goodyear Motorsport,https://www.goodyear-motorsport.de/en/technical-information/goodyear-racing-tires.html,Manufacturer technical information,A,P1,pressure;thermal;construction;motorsport,relationship_constraint_extraction,TO_REVIEW_FULL_TEXT,D-number identifies dimensions/construction/compound; separate R-xxx compound code runs soft R-001 to hard R-999; 2-3 slow laps recommended to reach working temperature/pressure.,"Use as code-system and warm-up architecture, not proof of a specific historical compound code.","Extract the strongest causal/scaling relationships, applicability limits, calibration methods, and historical constraints from this source for pressure, thermal, construction, motorsport. Identify which Tire Lab generator formulas or priors the evidence can constrain without assigning unsupported constants.","Separate observations, scaling rules, historical constraints, fitment facts, and calibration methodology. Record scope (construction/era/use case) and directionality/nonlinearity/interactions.",Do not promote a general relationship into an exact supplier/class value unless the source actually measures that context.,
CUR-SRC089-Q1,current_knowledge_deep_mine,SRC089,1995 Le Mans preliminary tire supplier / N° identifiers,1995,24h-en-piste,https://www.24h-en-piste.com/en/AfficherResultats.php?Annee=1995&Type=Preliminaires,Le Mans technical/results archive,B/C,P1,motorsport,quantitative_evidence_extraction,TO_REVIEW_FULL_TEXT,"Lists Michelin, Goodyear, Pirelli and Dunlop with identifiers such as 001R, 006R, 008R and 83405 alongside entries.",Do not call the N° field a compound code until independently decoded; it may be an event tire/entry identifier.,"Deep-mine this source beyond its current Tire Lab summary. Extract every quantitative value, plotted range, table datum, test condition, equation, and uncertainty relevant to motorsport that is not already represented in the knowledge master.","Record page/figure/table/section; units; tire size/construction; load; pressure; speed; temperature; surface; slip/camber; test method; whether value is direct measurement, fit, or author interpretation. Create separate evidence records rather than one broad note.",Do not turn road/passenger/aircraft magnitudes into race-tire coefficients without an explicit applicability bridge. Do not duplicate existing measurements.,
CUR-SRC089-Q2,current_knowledge_deep_mine,SRC089,1995 Le Mans preliminary tire supplier / N° identifiers,1995,24h-en-piste,https://www.24h-en-piste.com/en/AfficherResultats.php?Annee=1995&Type=Preliminaires,Le Mans technical/results archive,B/C,P1,motorsport,relationship_constraint_extraction,TO_REVIEW_FULL_TEXT,"Lists Michelin, Goodyear, Pirelli and Dunlop with identifiers such as 001R, 006R, 008R and 83405 alongside entries.",Do not call the N° field a compound code until independently decoded; it may be an event tire/entry identifier.,"Extract the strongest causal/scaling relationships, applicability limits, calibration methods, and historical constraints from this source for motorsport. Identify which Tire Lab generator formulas or priors the evidence can constrain without assigning unsupported constants.","Separate observations, scaling rules, historical constraints, fitment facts, and calibration methodology. Record scope (construction/era/use case) and directionality/nonlinearity/interactions.",Do not promote a general relationship into an exact supplier/class value unless the source actually measures that context.,
CUR-SRC090-Q1,current_knowledge_deep_mine,SRC090,A Multifactor Examination of Wet Skid Resistance of Car Tires,1974,Delft University / A. Dijks,https://saemobilus.sae.org/papers/a-multifactor-examination-wet-skid-resistance-car-tires-741106,SAE technical paper,A,P1,wear;forces;wet;construction;motorsport,quantitative_evidence_extraction,TO_REVIEW_FULL_TEXT,"Wet peak braking/side-force response modeled against road texture plus tire tread, compound, carcass stiffness and tread depth/wear.","Strong public multifactor wet mechanism; production tires, not racing tires.","Deep-mine this source beyond its current Tire Lab summary. Extract every quantitative value, plotted range, table datum, test condition, equation, and uncertainty relevant to wear, forces, wet, construction, motorsport that is not already represented in the knowledge master.","Record page/figure/table/section; units; tire size/construction; load; pressure; speed; temperature; surface; slip/camber; test method; whether value is direct measurement, fit, or author interpretation. Create separate evidence records rather than one broad note.",Do not turn road/passenger/aircraft magnitudes into race-tire coefficients without an explicit applicability bridge. Do not duplicate existing measurements.,
CUR-SRC090-Q2,current_knowledge_deep_mine,SRC090,A Multifactor Examination of Wet Skid Resistance of Car Tires,1974,Delft University / A. Dijks,https://saemobilus.sae.org/papers/a-multifactor-examination-wet-skid-resistance-car-tires-741106,SAE technical paper,A,P1,wear;forces;wet;construction;motorsport,relationship_constraint_extraction,TO_REVIEW_FULL_TEXT,"Wet peak braking/side-force response modeled against road texture plus tire tread, compound, carcass stiffness and tread depth/wear.","Strong public multifactor wet mechanism; production tires, not racing tires.","Extract the strongest causal/scaling relationships, applicability limits, calibration methods, and historical constraints from this source for wear, forces, wet, construction, motorsport. Identify which Tire Lab generator formulas or priors the evidence can constrain without assigning unsupported constants.","Separate observations, scaling rules, historical constraints, fitment facts, and calibration methodology. Record scope (construction/era/use case) and directionality/nonlinearity/interactions.",Do not promote a general relationship into an exact supplier/class value unless the source actually measures that context.,
CUR-SRC091-Q1,current_knowledge_deep_mine,SRC091,Braking/cornering of tires with different tread patterns on dry/damp/flooded surfaces,1974,NASA Langley / Dreher & Tanner,https://ntrs.nasa.gov/citations/19740026374,NASA technical note,A,P1,wear;forces;wet;motorsport,quantitative_evidence_extraction,TO_REVIEW_FULL_TEXT,Measures drag- and cornering-force friction coefficients across 0-12 deg yaw and 5-100 knots; transverse cuts slightly improve wet traction.,"Aircraft tire dataset; use as wet physical-shape constraint, not automotive race-tire absolute μ.","Deep-mine this source beyond its current Tire Lab summary. Extract every quantitative value, plotted range, table datum, test condition, equation, and uncertainty relevant to wear, forces, wet, motorsport that is not already represented in the knowledge master.","Record page/figure/table/section; units; tire size/construction; load; pressure; speed; temperature; surface; slip/camber; test method; whether value is direct measurement, fit, or author interpretation. Create separate evidence records rather than one broad note.",Do not turn road/passenger/aircraft magnitudes into race-tire coefficients without an explicit applicability bridge. Do not duplicate existing measurements.,
CUR-SRC091-Q2,current_knowledge_deep_mine,SRC091,Braking/cornering of tires with different tread patterns on dry/damp/flooded surfaces,1974,NASA Langley / Dreher & Tanner,https://ntrs.nasa.gov/citations/19740026374,NASA technical note,A,P1,wear;forces;wet;motorsport,relationship_constraint_extraction,TO_REVIEW_FULL_TEXT,Measures drag- and cornering-force friction coefficients across 0-12 deg yaw and 5-100 knots; transverse cuts slightly improve wet traction.,"Aircraft tire dataset; use as wet physical-shape constraint, not automotive race-tire absolute μ.","Extract the strongest causal/scaling relationships, applicability limits, calibration methods, and historical constraints from this source for wear, forces, wet, motorsport. Identify which Tire Lab generator formulas or priors the evidence can constrain without assigning unsupported constants.","Separate observations, scaling rules, historical constraints, fitment facts, and calibration methodology. Record scope (construction/era/use case) and directionality/nonlinearity/interactions.",Do not promote a general relationship into an exact supplier/class value unless the source actually measures that context.,
CUR-SRC092-Q1,current_knowledge_deep_mine,SRC092,"Traction characteristics on dry, wet and flooded surfaces",1976,NASA Langley / Yager & Dreher,https://ntrs.nasa.gov/citations/19760011408,NASA technical memorandum,A,P1,forces;wet;motorsport,quantitative_evidence_extraction,TO_REVIEW_FULL_TEXT,Presents maximum/skidding drag and maximum cornering coefficients versus speed/yaw/surface wetness for simulation model development.,"Public F&M-like wet shape data, but aircraft tire; not a historical racing coefficient source.","Deep-mine this source beyond its current Tire Lab summary. Extract every quantitative value, plotted range, table datum, test condition, equation, and uncertainty relevant to forces, wet, motorsport that is not already represented in the knowledge master.","Record page/figure/table/section; units; tire size/construction; load; pressure; speed; temperature; surface; slip/camber; test method; whether value is direct measurement, fit, or author interpretation. Create separate evidence records rather than one broad note.",Do not turn road/passenger/aircraft magnitudes into race-tire coefficients without an explicit applicability bridge. Do not duplicate existing measurements.,
CUR-SRC092-Q2,current_knowledge_deep_mine,SRC092,"Traction characteristics on dry, wet and flooded surfaces",1976,NASA Langley / Yager & Dreher,https://ntrs.nasa.gov/citations/19760011408,NASA technical memorandum,A,P1,forces;wet;motorsport,relationship_constraint_extraction,TO_REVIEW_FULL_TEXT,Presents maximum/skidding drag and maximum cornering coefficients versus speed/yaw/surface wetness for simulation model development.,"Public F&M-like wet shape data, but aircraft tire; not a historical racing coefficient source.","Extract the strongest causal/scaling relationships, applicability limits, calibration methods, and historical constraints from this source for forces, wet, motorsport. Identify which Tire Lab generator formulas or priors the evidence can constrain without assigning unsupported constants.","Separate observations, scaling rules, historical constraints, fitment facts, and calibration methodology. Record scope (construction/era/use case) and directionality/nonlinearity/interactions.",Do not promote a general relationship into an exact supplier/class value unless the source actually measures that context.,
CUR-SRC093-Q1,current_knowledge_deep_mine,SRC093,McLaren at Le Mans: Pursuit of Perfection,1995,McLaren Cars / Electronic Arts; online copy,https://www.youtube.com/watch?v=n8qyI7LmYrA,Contemporary documentary / video evidence source,B,P1,motorsport,quantitative_evidence_extraction,TO_REVIEW_FULL_TEXT,Fly-on-the-wall 1995 Le Mans documentary made around the pit lane with team tactics and pit action; suitable for timestamped tire-stop audit.,Use only timestamped visible actions/corroborated events as evidence. Current research tooling did not expose a reliable transcript/frame index automatically.,"Deep-mine this source beyond its current Tire Lab summary. Extract every quantitative value, plotted range, table datum, test condition, equation, and uncertainty relevant to motorsport that is not already represented in the knowledge master.","Record page/figure/table/section; units; tire size/construction; load; pressure; speed; temperature; surface; slip/camber; test method; whether value is direct measurement, fit, or author interpretation. Create separate evidence records rather than one broad note.",Do not turn road/passenger/aircraft magnitudes into race-tire coefficients without an explicit applicability bridge. Do not duplicate existing measurements.,
CUR-SRC093-Q2,current_knowledge_deep_mine,SRC093,McLaren at Le Mans: Pursuit of Perfection,1995,McLaren Cars / Electronic Arts; online copy,https://www.youtube.com/watch?v=n8qyI7LmYrA,Contemporary documentary / video evidence source,B,P1,motorsport,relationship_constraint_extraction,TO_REVIEW_FULL_TEXT,Fly-on-the-wall 1995 Le Mans documentary made around the pit lane with team tactics and pit action; suitable for timestamped tire-stop audit.,Use only timestamped visible actions/corroborated events as evidence. Current research tooling did not expose a reliable transcript/frame index automatically.,"Extract the strongest causal/scaling relationships, applicability limits, calibration methods, and historical constraints from this source for motorsport. Identify which Tire Lab generator formulas or priors the evidence can constrain without assigning unsupported constants.","Separate observations, scaling rules, historical constraints, fitment facts, and calibration methodology. Record scope (construction/era/use case) and directionality/nonlinearity/interactions.",Do not promote a general relationship into an exact supplier/class value unless the source actually measures that context.,
CUR-SRC094-Q1,current_knowledge_deep_mine,SRC094,Le Mans 1990 Jaguar XJR-12 — Goodyear 480 vs 600 rear compounds,1990,Motor Sport Magazine / team account,https://www.motorsportmagazine.com/archive/article/september-2024/115/dowe-on-le-mans-1990/,Team technical retrospective,B,P1,pressure;wear;motorsport,quantitative_evidence_extraction,TO_REVIEW_FULL_TEXT,Standard 480-compound Goodyear rear tires would not double-stint on Jaguar; harder 600 compound enabled double-stinting and improved pit strategy.,Strong team-insider compound/endurance evidence; retrospective publication and no exact wear/F&M/pressure curve.,"Deep-mine this source beyond its current Tire Lab summary. Extract every quantitative value, plotted range, table datum, test condition, equation, and uncertainty relevant to pressure, wear, motorsport that is not already represented in the knowledge master.","Record page/figure/table/section; units; tire size/construction; load; pressure; speed; temperature; surface; slip/camber; test method; whether value is direct measurement, fit, or author interpretation. Create separate evidence records rather than one broad note.",Do not turn road/passenger/aircraft magnitudes into race-tire coefficients without an explicit applicability bridge. Do not duplicate existing measurements.,
CUR-SRC094-Q2,current_knowledge_deep_mine,SRC094,Le Mans 1990 Jaguar XJR-12 — Goodyear 480 vs 600 rear compounds,1990,Motor Sport Magazine / team account,https://www.motorsportmagazine.com/archive/article/september-2024/115/dowe-on-le-mans-1990/,Team technical retrospective,B,P1,pressure;wear;motorsport,relationship_constraint_extraction,TO_REVIEW_FULL_TEXT,Standard 480-compound Goodyear rear tires would not double-stint on Jaguar; harder 600 compound enabled double-stinting and improved pit strategy.,Strong team-insider compound/endurance evidence; retrospective publication and no exact wear/F&M/pressure curve.,"Extract the strongest causal/scaling relationships, applicability limits, calibration methods, and historical constraints from this source for pressure, wear, motorsport. Identify which Tire Lab generator formulas or priors the evidence can constrain without assigning unsupported constants.","Separate observations, scaling rules, historical constraints, fitment facts, and calibration methodology. Record scope (construction/era/use case) and directionality/nonlinearity/interactions.",Do not promote a general relationship into an exact supplier/class value unless the source actually measures that context.,
CUR-SRC095-Q1,current_knowledge_deep_mine,SRC095,1978 Canadian GP — Goodyear intermediate tire trial,1978,Autosport / period driver testimony,https://www.autosport.com/general/news/montreal-1978-no-place-like-home-5078241/5078241/,Historical Formula One technical retrospective,B,P1,forces;wet;construction,quantitative_evidence_extraction,TO_REVIEW_FULL_TEXT,Goodyear offered Hans-Joachim Stuck a new intermediate wet-weather tire being tried in Canada for the first time.,"Availability/context evidence; no construction, code or force data.","Deep-mine this source beyond its current Tire Lab summary. Extract every quantitative value, plotted range, table datum, test condition, equation, and uncertainty relevant to forces, wet, construction that is not already represented in the knowledge master.","Record page/figure/table/section; units; tire size/construction; load; pressure; speed; temperature; surface; slip/camber; test method; whether value is direct measurement, fit, or author interpretation. Create separate evidence records rather than one broad note.",Do not turn road/passenger/aircraft magnitudes into race-tire coefficients without an explicit applicability bridge. Do not duplicate existing measurements.,
CUR-SRC095-Q2,current_knowledge_deep_mine,SRC095,1978 Canadian GP — Goodyear intermediate tire trial,1978,Autosport / period driver testimony,https://www.autosport.com/general/news/montreal-1978-no-place-like-home-5078241/5078241/,Historical Formula One technical retrospective,B,P1,forces;wet;construction,relationship_constraint_extraction,TO_REVIEW_FULL_TEXT,Goodyear offered Hans-Joachim Stuck a new intermediate wet-weather tire being tried in Canada for the first time.,"Availability/context evidence; no construction, code or force data.","Extract the strongest causal/scaling relationships, applicability limits, calibration methods, and historical constraints from this source for forces, wet, construction. Identify which Tire Lab generator formulas or priors the evidence can constrain without assigning unsupported constants.","Separate observations, scaling rules, historical constraints, fitment facts, and calibration methodology. Record scope (construction/era/use case) and directionality/nonlinearity/interactions.",Do not promote a general relationship into an exact supplier/class value unless the source actually measures that context.,
CUR-SRC096-Q1,current_knowledge_deep_mine,SRC096,Sebring Corvette C5-R Michelin double-stint durability,2004,DailySportscar / Ron Fellows,https://www.dailysportscar.com/archive/subscribers/interviews/ronfellows_2.htm,Driver/team technical interview,B,P1,wear;motorsport,quantitative_evidence_extraction,TO_REVIEW_FULL_TEXT,Corvette changed Michelin tires every other stop and consistently double-stinted; switch from Goodyear to Michelin was explicitly linked to durability.,Strong relative endurance evidence for 2004 GTS; not a 1990s coefficient source.,"Deep-mine this source beyond its current Tire Lab summary. Extract every quantitative value, plotted range, table datum, test condition, equation, and uncertainty relevant to wear, motorsport that is not already represented in the knowledge master.","Record page/figure/table/section; units; tire size/construction; load; pressure; speed; temperature; surface; slip/camber; test method; whether value is direct measurement, fit, or author interpretation. Create separate evidence records rather than one broad note.",Do not turn road/passenger/aircraft magnitudes into race-tire coefficients without an explicit applicability bridge. Do not duplicate existing measurements.,
CUR-SRC096-Q2,current_knowledge_deep_mine,SRC096,Sebring Corvette C5-R Michelin double-stint durability,2004,DailySportscar / Ron Fellows,https://www.dailysportscar.com/archive/subscribers/interviews/ronfellows_2.htm,Driver/team technical interview,B,P1,wear;motorsport,relationship_constraint_extraction,TO_REVIEW_FULL_TEXT,Corvette changed Michelin tires every other stop and consistently double-stinted; switch from Goodyear to Michelin was explicitly linked to durability.,Strong relative endurance evidence for 2004 GTS; not a 1990s coefficient source.,"Extract the strongest causal/scaling relationships, applicability limits, calibration methods, and historical constraints from this source for wear, motorsport. Identify which Tire Lab generator formulas or priors the evidence can constrain without assigning unsupported constants.","Separate observations, scaling rules, historical constraints, fitment facts, and calibration methodology. Record scope (construction/era/use case) and directionality/nonlinearity/interactions.",Do not promote a general relationship into an exact supplier/class value unless the source actually measures that context.,
CUR-SRC097-Q1,current_knowledge_deep_mine,SRC097,"Dunlop Racing R5 current range, dimensions, 204 compound and road-legal fitments",Current / R5 lineage from 1958,Longstone Tyres,https://www.longstonetyres.co.uk/vintage-tyres/dunlop-racing.html,Current specialist distributor technical page,B,P1,forces;construction;motorsport,quantitative_evidence_extraction,TO_REVIEW_FULL_TEXT,"Current R5 range is cross-ply, 204 compound, tube-type; Longstone lists 15–17 inch dimensions and states 16- and 17-inch R5 fitments are road legal.","Excellent current product/fitment evidence; distributor source, not proof of original 1958 force/moment coefficients.","Deep-mine this source beyond its current Tire Lab summary. Extract every quantitative value, plotted range, table datum, test condition, equation, and uncertainty relevant to forces, construction, motorsport that is not already represented in the knowledge master.","Record page/figure/table/section; units; tire size/construction; load; pressure; speed; temperature; surface; slip/camber; test method; whether value is direct measurement, fit, or author interpretation. Create separate evidence records rather than one broad note.",Do not turn road/passenger/aircraft magnitudes into race-tire coefficients without an explicit applicability bridge. Do not duplicate existing measurements.,
CUR-SRC097-Q2,current_knowledge_deep_mine,SRC097,"Dunlop Racing R5 current range, dimensions, 204 compound and road-legal fitments",Current / R5 lineage from 1958,Longstone Tyres,https://www.longstonetyres.co.uk/vintage-tyres/dunlop-racing.html,Current specialist distributor technical page,B,P1,forces;construction;motorsport,relationship_constraint_extraction,TO_REVIEW_FULL_TEXT,"Current R5 range is cross-ply, 204 compound, tube-type; Longstone lists 15–17 inch dimensions and states 16- and 17-inch R5 fitments are road legal.","Excellent current product/fitment evidence; distributor source, not proof of original 1958 force/moment coefficients.","Extract the strongest causal/scaling relationships, applicability limits, calibration methods, and historical constraints from this source for forces, construction, motorsport. Identify which Tire Lab generator formulas or priors the evidence can constrain without assigning unsupported constants.","Separate observations, scaling rules, historical constraints, fitment facts, and calibration methodology. Record scope (construction/era/use case) and directionality/nonlinearity/interactions.",Do not promote a general relationship into an exact supplier/class value unless the source actually measures that context.,
CUR-SRC098-Q1,current_knowledge_deep_mine,SRC098,FIA HTH-001 Dunlop Vintage R5,2022 homologation of period-spec R5/CM204,FIA / Goodyear Operations S.A. / Dunlop brand,https://historicdb.fia.com/sites/default/files/regulations/1649945602/hth-001.pdf,FIA Historic Tyre Homologation,A,P1,wear,quantitative_evidence_extraction,TO_REVIEW_FULL_TEXT,"FIA certifies R5 tread and CM204 compound as compliant with a manufacturer period specification; publishes controlled geometry, Shore A 60, 5–6 mm main groove depth, mass, E-marking and 27 psi measurement conditions.",Strongest current R5 calibration source. Period-spec compliance does not prove molecular identity or exact F&M/wear of the original 1958 Green Spot tire.,"Deep-mine this source beyond its current Tire Lab summary. Extract every quantitative value, plotted range, table datum, test condition, equation, and uncertainty relevant to wear that is not already represented in the knowledge master.","Record page/figure/table/section; units; tire size/construction; load; pressure; speed; temperature; surface; slip/camber; test method; whether value is direct measurement, fit, or author interpretation. Create separate evidence records rather than one broad note.",Do not turn road/passenger/aircraft magnitudes into race-tire coefficients without an explicit applicability bridge. Do not duplicate existing measurements.,
CUR-SRC098-Q2,current_knowledge_deep_mine,SRC098,FIA HTH-001 Dunlop Vintage R5,2022 homologation of period-spec R5/CM204,FIA / Goodyear Operations S.A. / Dunlop brand,https://historicdb.fia.com/sites/default/files/regulations/1649945602/hth-001.pdf,FIA Historic Tyre Homologation,A,P1,wear,relationship_constraint_extraction,TO_REVIEW_FULL_TEXT,"FIA certifies R5 tread and CM204 compound as compliant with a manufacturer period specification; publishes controlled geometry, Shore A 60, 5–6 mm main groove depth, mass, E-marking and 27 psi measurement conditions.",Strongest current R5 calibration source. Period-spec compliance does not prove molecular identity or exact F&M/wear of the original 1958 Green Spot tire.,"Extract the strongest causal/scaling relationships, applicability limits, calibration methods, and historical constraints from this source for wear. Identify which Tire Lab generator formulas or priors the evidence can constrain without assigning unsupported constants.","Separate observations, scaling rules, historical constraints, fitment facts, and calibration methodology. Record scope (construction/era/use case) and directionality/nonlinearity/interactions.",Do not promote a general relationship into an exact supplier/class value unless the source actually measures that context.,
CUR-SRC099-Q1,current_knowledge_deep_mine,SRC099,Historic Tyre Pressure Guide — Dunlop Vintage / R5,2019,Dunlop Racing via Roger Kraus Racing,https://rogerkrausracing.com/pdfpricing/Tire%20pressures%20%20Dunlop%20Vintage%202019.pdf,Manufacturer-supplied historic pressure guide via racing distributor,A/B,P1,pressure;wear;construction,quantitative_evidence_extraction,TO_REVIEW_FULL_TEXT,R5 hot/cold pressure recommendations vary strongly with vehicle mass; guide also recommends 1–3 psi axle bias toward the engine end and explicitly identifies Vintage/R5 as XP cross-ply treaded.,Operational guide for current historic-control R5; do not back-project exact pressures to every 1958–61 works car without car/event evidence.,"Deep-mine this source beyond its current Tire Lab summary. Extract every quantitative value, plotted range, table datum, test condition, equation, and uncertainty relevant to pressure, wear, construction that is not already represented in the knowledge master.","Record page/figure/table/section; units; tire size/construction; load; pressure; speed; temperature; surface; slip/camber; test method; whether value is direct measurement, fit, or author interpretation. Create separate evidence records rather than one broad note.",Do not turn road/passenger/aircraft magnitudes into race-tire coefficients without an explicit applicability bridge. Do not duplicate existing measurements.,
CUR-SRC099-Q2,current_knowledge_deep_mine,SRC099,Historic Tyre Pressure Guide — Dunlop Vintage / R5,2019,Dunlop Racing via Roger Kraus Racing,https://rogerkrausracing.com/pdfpricing/Tire%20pressures%20%20Dunlop%20Vintage%202019.pdf,Manufacturer-supplied historic pressure guide via racing distributor,A/B,P1,pressure;wear;construction,relationship_constraint_extraction,TO_REVIEW_FULL_TEXT,R5 hot/cold pressure recommendations vary strongly with vehicle mass; guide also recommends 1–3 psi axle bias toward the engine end and explicitly identifies Vintage/R5 as XP cross-ply treaded.,Operational guide for current historic-control R5; do not back-project exact pressures to every 1958–61 works car without car/event evidence.,"Extract the strongest causal/scaling relationships, applicability limits, calibration methods, and historical constraints from this source for pressure, wear, construction. Identify which Tire Lab generator formulas or priors the evidence can constrain without assigning unsupported constants.","Separate observations, scaling rules, historical constraints, fitment facts, and calibration methodology. Record scope (construction/era/use case) and directionality/nonlinearity/interactions.",Do not promote a general relationship into an exact supplier/class value unless the source actually measures that context.,
CUR-SRC100-Q1,current_knowledge_deep_mine,SRC100,Dunlop Vintage 2024 size/weight/rim/compound catalogue,2024,Dunlop Racing catalogue distributed by Roger Kraus Racing,https://rogerkrausracing.com/pdfpricing/Dunlop%20Vintage%202024.pdf,Current historic racing tire data catalogue via specialist distributor,A/B,P1,geometry;wear;construction,quantitative_evidence_extraction,TO_REVIEW_FULL_TEXT,"Lists R5 204-compound sizes, tire mass, recommended rim ranges, used measurement rim, overall diameter, section width and tread width; confirms Vintage series is tube type.","Useful current-production dimensional/weight cross-check. Values differ from FIA HTH controlled measurements, so record measurement conditions and source rather than averaging blindly.","Deep-mine this source beyond its current Tire Lab summary. Extract every quantitative value, plotted range, table datum, test condition, equation, and uncertainty relevant to geometry, wear, construction that is not already represented in the knowledge master.","Record page/figure/table/section; units; tire size/construction; load; pressure; speed; temperature; surface; slip/camber; test method; whether value is direct measurement, fit, or author interpretation. Create separate evidence records rather than one broad note.",Do not turn road/passenger/aircraft magnitudes into race-tire coefficients without an explicit applicability bridge. Do not duplicate existing measurements.,
CUR-SRC100-Q2,current_knowledge_deep_mine,SRC100,Dunlop Vintage 2024 size/weight/rim/compound catalogue,2024,Dunlop Racing catalogue distributed by Roger Kraus Racing,https://rogerkrausracing.com/pdfpricing/Dunlop%20Vintage%202024.pdf,Current historic racing tire data catalogue via specialist distributor,A/B,P1,geometry;wear;construction,relationship_constraint_extraction,TO_REVIEW_FULL_TEXT,"Lists R5 204-compound sizes, tire mass, recommended rim ranges, used measurement rim, overall diameter, section width and tread width; confirms Vintage series is tube type.","Useful current-production dimensional/weight cross-check. Values differ from FIA HTH controlled measurements, so record measurement conditions and source rather than averaging blindly.","Extract the strongest causal/scaling relationships, applicability limits, calibration methods, and historical constraints from this source for geometry, wear, construction. Identify which Tire Lab generator formulas or priors the evidence can constrain without assigning unsupported constants.","Separate observations, scaling rules, historical constraints, fitment facts, and calibration methodology. Record scope (construction/era/use case) and directionality/nonlinearity/interactions.",Do not promote a general relationship into an exact supplier/class value unless the source actually measures that context.,
CUR-SRC101-Q1,current_knowledge_deep_mine,SRC101,Some Accessories at Earls Court — Dunlop's new R5 racing tyre,1958,Motor Sport Magazine,https://www.motorsportmagazine.com/archive/article/november-1958/27/some-accessories-at-earls-court-2/,Contemporary period publication,A/B,P1,forces;construction;motorsport,quantitative_evidence_extraction,TO_REVIEW_FULL_TEXT,Contemporary November 1958 report explicitly identifies the R5 as Dunlop's new racing tire.,"Strong chronology confirmation; no dimensions, construction rates or force coefficients.","Deep-mine this source beyond its current Tire Lab summary. Extract every quantitative value, plotted range, table datum, test condition, equation, and uncertainty relevant to forces, construction, motorsport that is not already represented in the knowledge master.","Record page/figure/table/section; units; tire size/construction; load; pressure; speed; temperature; surface; slip/camber; test method; whether value is direct measurement, fit, or author interpretation. Create separate evidence records rather than one broad note.",Do not turn road/passenger/aircraft magnitudes into race-tire coefficients without an explicit applicability bridge. Do not duplicate existing measurements.,
CUR-SRC101-Q2,current_knowledge_deep_mine,SRC101,Some Accessories at Earls Court — Dunlop's new R5 racing tyre,1958,Motor Sport Magazine,https://www.motorsportmagazine.com/archive/article/november-1958/27/some-accessories-at-earls-court-2/,Contemporary period publication,A/B,P1,forces;construction;motorsport,relationship_constraint_extraction,TO_REVIEW_FULL_TEXT,Contemporary November 1958 report explicitly identifies the R5 as Dunlop's new racing tire.,"Strong chronology confirmation; no dimensions, construction rates or force coefficients.","Extract the strongest causal/scaling relationships, applicability limits, calibration methods, and historical constraints from this source for forces, construction, motorsport. Identify which Tire Lab generator formulas or priors the evidence can constrain without assigning unsupported constants.","Separate observations, scaling rules, historical constraints, fitment facts, and calibration methodology. Record scope (construction/era/use case) and directionality/nonlinearity/interactions.",Do not promote a general relationship into an exact supplier/class value unless the source actually measures that context.,
CUR-SRC102-Q1,current_knowledge_deep_mine,SRC102,Goodyear Motorsport Vintage / Can-Am — Blue Streak 5,Current / FIA Period C-D-E replacement,Goodyear Motorsport,https://www.goodyear-motorsport.de/en/vintage-can-am-reifendb.html,Manufacturer current product database,A,P1,geometry;wear;forces,quantitative_evidence_extraction,TO_REVIEW_FULL_TEXT,Official current Blue Streak 5 size/rim/section-width/rolling-circumference data; confirms current FIA C/D/E family corresponding to R5 dimensions.,"Current manufacturer data. Excellent dimensional cross-check, but not original 1958 force/moment or wear data.","Deep-mine this source beyond its current Tire Lab summary. Extract every quantitative value, plotted range, table datum, test condition, equation, and uncertainty relevant to geometry, wear, forces that is not already represented in the knowledge master.","Record page/figure/table/section; units; tire size/construction; load; pressure; speed; temperature; surface; slip/camber; test method; whether value is direct measurement, fit, or author interpretation. Create separate evidence records rather than one broad note.",Do not turn road/passenger/aircraft magnitudes into race-tire coefficients without an explicit applicability bridge. Do not duplicate existing measurements.,
CUR-SRC102-Q2,current_knowledge_deep_mine,SRC102,Goodyear Motorsport Vintage / Can-Am — Blue Streak 5,Current / FIA Period C-D-E replacement,Goodyear Motorsport,https://www.goodyear-motorsport.de/en/vintage-can-am-reifendb.html,Manufacturer current product database,A,P1,geometry;wear;forces,relationship_constraint_extraction,TO_REVIEW_FULL_TEXT,Official current Blue Streak 5 size/rim/section-width/rolling-circumference data; confirms current FIA C/D/E family corresponding to R5 dimensions.,"Current manufacturer data. Excellent dimensional cross-check, but not original 1958 force/moment or wear data.","Extract the strongest causal/scaling relationships, applicability limits, calibration methods, and historical constraints from this source for geometry, wear, forces. Identify which Tire Lab generator formulas or priors the evidence can constrain without assigning unsupported constants.","Separate observations, scaling rules, historical constraints, fitment facts, and calibration methodology. Record scope (construction/era/use case) and directionality/nonlinearity/interactions.",Do not promote a general relationship into an exact supplier/class value unless the source actually measures that context.,
CUR-SRC103-Q1,current_knowledge_deep_mine,SRC103,Historic Technical Tyre List n°100 — R5 / Blue Streak 5 pairing,2025,FIA,https://historicdb.fia.com/sites/default/files/regulations/1772807359/historic_technical_tyre_list_100_2025.pdf,FIA Historic Technical Tyre List,A,P1,geometry;regulation,quantitative_evidence_extraction,TO_REVIEW_FULL_TEXT,"Pairs Dunlop R5 HTH-001 with Goodyear Blue Streak 5 HTH-008 across the same Vintage sizes, confirming the homologated current transition.",Homologation/identity evidence; not proof that current production is chemically identical to every original 1958 tire.,"Deep-mine this source beyond its current Tire Lab summary. Extract every quantitative value, plotted range, table datum, test condition, equation, and uncertainty relevant to geometry, regulation that is not already represented in the knowledge master.","Record page/figure/table/section; units; tire size/construction; load; pressure; speed; temperature; surface; slip/camber; test method; whether value is direct measurement, fit, or author interpretation. Create separate evidence records rather than one broad note.",Do not turn road/passenger/aircraft magnitudes into race-tire coefficients without an explicit applicability bridge. Do not duplicate existing measurements.,
CUR-SRC103-Q2,current_knowledge_deep_mine,SRC103,Historic Technical Tyre List n°100 — R5 / Blue Streak 5 pairing,2025,FIA,https://historicdb.fia.com/sites/default/files/regulations/1772807359/historic_technical_tyre_list_100_2025.pdf,FIA Historic Technical Tyre List,A,P1,geometry;regulation,relationship_constraint_extraction,TO_REVIEW_FULL_TEXT,"Pairs Dunlop R5 HTH-001 with Goodyear Blue Streak 5 HTH-008 across the same Vintage sizes, confirming the homologated current transition.",Homologation/identity evidence; not proof that current production is chemically identical to every original 1958 tire.,"Extract the strongest causal/scaling relationships, applicability limits, calibration methods, and historical constraints from this source for geometry, regulation. Identify which Tire Lab generator formulas or priors the evidence can constrain without assigning unsupported constants.","Separate observations, scaling rules, historical constraints, fitment facts, and calibration methodology. Record scope (construction/era/use case) and directionality/nonlinearity/interactions.",Do not promote a general relationship into an exact supplier/class value unless the source actually measures that context.,
CUR-SRC104-Q1,current_knowledge_deep_mine,SRC104,Motor Sport — Dunlop R5 nylon construction contemporary evidence,1958,Motor Sport Magazine,https://www.motorsportmagazine.com/archive/article/september-1958/20/500-fastest-at-great-auclum-national-speed-hill-cl/,Contemporary period publication,A/B,P1,construction;motorsport,quantitative_evidence_extraction,TO_REVIEW_FULL_TEXT,"September 1958 report states Dunlop's racing R5 used nylon, directly supporting nylon-cased R5 construction in period rather than a later retrofit.",Strong contemporary construction evidence; no stiffness or F&M coefficients.,"Deep-mine this source beyond its current Tire Lab summary. Extract every quantitative value, plotted range, table datum, test condition, equation, and uncertainty relevant to construction, motorsport that is not already represented in the knowledge master.","Record page/figure/table/section; units; tire size/construction; load; pressure; speed; temperature; surface; slip/camber; test method; whether value is direct measurement, fit, or author interpretation. Create separate evidence records rather than one broad note.",Do not turn road/passenger/aircraft magnitudes into race-tire coefficients without an explicit applicability bridge. Do not duplicate existing measurements.,
CUR-SRC104-Q2,current_knowledge_deep_mine,SRC104,Motor Sport — Dunlop R5 nylon construction contemporary evidence,1958,Motor Sport Magazine,https://www.motorsportmagazine.com/archive/article/september-1958/20/500-fastest-at-great-auclum-national-speed-hill-cl/,Contemporary period publication,A/B,P1,construction;motorsport,relationship_constraint_extraction,TO_REVIEW_FULL_TEXT,"September 1958 report states Dunlop's racing R5 used nylon, directly supporting nylon-cased R5 construction in period rather than a later retrofit.",Strong contemporary construction evidence; no stiffness or F&M coefficients.,"Extract the strongest causal/scaling relationships, applicability limits, calibration methods, and historical constraints from this source for construction, motorsport. Identify which Tire Lab generator formulas or priors the evidence can constrain without assigning unsupported constants.","Separate observations, scaling rules, historical constraints, fitment facts, and calibration methodology. Record scope (construction/era/use case) and directionality/nonlinearity/interactions.",Do not promote a general relationship into an exact supplier/class value unless the source actually measures that context.,
CUR-SRC105-Q1,current_knowledge_deep_mine,SRC105,Autosport — Elva Formula Junior fitted with Dunlop R5 D9,1960,Autosport,https://porschecarshistory.com/wp-content/old/lib/magazines/autosport/1960/AS1960.10.07.pdf,Contemporary technical/race-car specification,A/B,P1,forces;motorsport,quantitative_evidence_extraction,TO_REVIEW_FULL_TEXT,"Elva Formula Junior specification gives 4.50-15 front and 5.00-15 rear Dunlop R5 D9 tires, directly identifying a period R5 compound/spec code.",Strong period fitment/code evidence; does not decode D9 rubber chemistry or force coefficients.,"Deep-mine this source beyond its current Tire Lab summary. Extract every quantitative value, plotted range, table datum, test condition, equation, and uncertainty relevant to forces, motorsport that is not already represented in the knowledge master.","Record page/figure/table/section; units; tire size/construction; load; pressure; speed; temperature; surface; slip/camber; test method; whether value is direct measurement, fit, or author interpretation. Create separate evidence records rather than one broad note.",Do not turn road/passenger/aircraft magnitudes into race-tire coefficients without an explicit applicability bridge. Do not duplicate existing measurements.,
CUR-SRC105-Q2,current_knowledge_deep_mine,SRC105,Autosport — Elva Formula Junior fitted with Dunlop R5 D9,1960,Autosport,https://porschecarshistory.com/wp-content/old/lib/magazines/autosport/1960/AS1960.10.07.pdf,Contemporary technical/race-car specification,A/B,P1,forces;motorsport,relationship_constraint_extraction,TO_REVIEW_FULL_TEXT,"Elva Formula Junior specification gives 4.50-15 front and 5.00-15 rear Dunlop R5 D9 tires, directly identifying a period R5 compound/spec code.",Strong period fitment/code evidence; does not decode D9 rubber chemistry or force coefficients.,"Extract the strongest causal/scaling relationships, applicability limits, calibration methods, and historical constraints from this source for forces, motorsport. Identify which Tire Lab generator formulas or priors the evidence can constrain without assigning unsupported constants.","Separate observations, scaling rules, historical constraints, fitment facts, and calibration methodology. Record scope (construction/era/use case) and directionality/nonlinearity/interactions.",Do not promote a general relationship into an exact supplier/class value unless the source actually measures that context.,
CUR-SRC106-Q1,current_knowledge_deep_mine,SRC106,Autocar — Cooper Formula Junior Dunlop D9 or D12 racing tires,1962,Autocar / Cooper Car Company,https://www.nationaltransporttrust.org.uk/documents/bibliography_attachments/Cooper_T59_Sales_Flyer.pdf,Contemporary manufacturer/car technical specification,A/B,P1,motorsport,quantitative_evidence_extraction,TO_REVIEW_FULL_TEXT,"1962 Cooper-Austin Formula Junior specification lists Dunlop D9 or D12 racing tires, 4.50 front and 5.50 rear.",Direct period specification proving multiple Dunlop race specs; exact D9-vs-D12 compound properties need separate evidence.,"Deep-mine this source beyond its current Tire Lab summary. Extract every quantitative value, plotted range, table datum, test condition, equation, and uncertainty relevant to motorsport that is not already represented in the knowledge master.","Record page/figure/table/section; units; tire size/construction; load; pressure; speed; temperature; surface; slip/camber; test method; whether value is direct measurement, fit, or author interpretation. Create separate evidence records rather than one broad note.",Do not turn road/passenger/aircraft magnitudes into race-tire coefficients without an explicit applicability bridge. Do not duplicate existing measurements.,
CUR-SRC106-Q2,current_knowledge_deep_mine,SRC106,Autocar — Cooper Formula Junior Dunlop D9 or D12 racing tires,1962,Autocar / Cooper Car Company,https://www.nationaltransporttrust.org.uk/documents/bibliography_attachments/Cooper_T59_Sales_Flyer.pdf,Contemporary manufacturer/car technical specification,A/B,P1,motorsport,relationship_constraint_extraction,TO_REVIEW_FULL_TEXT,"1962 Cooper-Austin Formula Junior specification lists Dunlop D9 or D12 racing tires, 4.50 front and 5.50 rear.",Direct period specification proving multiple Dunlop race specs; exact D9-vs-D12 compound properties need separate evidence.,"Extract the strongest causal/scaling relationships, applicability limits, calibration methods, and historical constraints from this source for motorsport. Identify which Tire Lab generator formulas or priors the evidence can constrain without assigning unsupported constants.","Separate observations, scaling rules, historical constraints, fitment facts, and calibration methodology. Record scope (construction/era/use case) and directionality/nonlinearity/interactions.",Do not promote a general relationship into an exact supplier/class value unless the source actually measures that context.,
CUR-SRC107-Q1,current_knowledge_deep_mine,SRC107,Race Circuit Surfacing — Dunlop D9/D12 tread wear rates at Goodwood,1964 reporting 1961 tests,Motor Sport Magazine / Dunlop test data,https://www.motorsportmagazine.com/archive/article/march-1964/26/race-circuit-surfacing/,Period race-circuit technical analysis using Dunlop test data,A/B,P1,wear;forces;motorsport,quantitative_evidence_extraction,TO_REVIEW_FULL_TEXT,"Old-surface D9: 53 miles/mm practice and 45–50 miles/mm racing. After resurfacing, D12: 50 miles/mm practice and 80 miles/mm racing; report notes D12 normally wears faster and estimates roughly 100% D9 tread-wear improvement on new surface.","Exceptional abrasion-rate anchor. It is tread loss vs distance, not wear→grip, and is highly surface/compound/car dependent.","Deep-mine this source beyond its current Tire Lab summary. Extract every quantitative value, plotted range, table datum, test condition, equation, and uncertainty relevant to wear, forces, motorsport that is not already represented in the knowledge master.","Record page/figure/table/section; units; tire size/construction; load; pressure; speed; temperature; surface; slip/camber; test method; whether value is direct measurement, fit, or author interpretation. Create separate evidence records rather than one broad note.",Do not turn road/passenger/aircraft magnitudes into race-tire coefficients without an explicit applicability bridge. Do not duplicate existing measurements.,
CUR-SRC107-Q2,current_knowledge_deep_mine,SRC107,Race Circuit Surfacing — Dunlop D9/D12 tread wear rates at Goodwood,1964 reporting 1961 tests,Motor Sport Magazine / Dunlop test data,https://www.motorsportmagazine.com/archive/article/march-1964/26/race-circuit-surfacing/,Period race-circuit technical analysis using Dunlop test data,A/B,P1,wear;forces;motorsport,relationship_constraint_extraction,TO_REVIEW_FULL_TEXT,"Old-surface D9: 53 miles/mm practice and 45–50 miles/mm racing. After resurfacing, D12: 50 miles/mm practice and 80 miles/mm racing; report notes D12 normally wears faster and estimates roughly 100% D9 tread-wear improvement on new surface.","Exceptional abrasion-rate anchor. It is tread loss vs distance, not wear→grip, and is highly surface/compound/car dependent.","Extract the strongest causal/scaling relationships, applicability limits, calibration methods, and historical constraints from this source for wear, forces, motorsport. Identify which Tire Lab generator formulas or priors the evidence can constrain without assigning unsupported constants.","Separate observations, scaling rules, historical constraints, fitment facts, and calibration methodology. Record scope (construction/era/use case) and directionality/nonlinearity/interactions.",Do not promote a general relationship into an exact supplier/class value unless the source actually measures that context.,
CUR-SRC108-Q1,current_knowledge_deep_mine,SRC108,Peregrine competition-car test — Dunlop R5 31F/34R psi,1961,Motor Sport Magazine,https://www.motorsportmagazine.com/archive/article/april-1961/55/peregrine-kind-of-falcon/,Contemporary road/race test,A/B,P1,pressure;motorsport,quantitative_evidence_extraction,TO_REVIEW_FULL_TEXT,At Silverstone the Peregrine ran Dunlop R5 racing tires at 31 psi front and 34 psi rear; report notes pressure adjustments would alter handling.,"Useful car-specific period pressure example, not a universal R5 pressure target.","Deep-mine this source beyond its current Tire Lab summary. Extract every quantitative value, plotted range, table datum, test condition, equation, and uncertainty relevant to pressure, motorsport that is not already represented in the knowledge master.","Record page/figure/table/section; units; tire size/construction; load; pressure; speed; temperature; surface; slip/camber; test method; whether value is direct measurement, fit, or author interpretation. Create separate evidence records rather than one broad note.",Do not turn road/passenger/aircraft magnitudes into race-tire coefficients without an explicit applicability bridge. Do not duplicate existing measurements.,
CUR-SRC108-Q2,current_knowledge_deep_mine,SRC108,Peregrine competition-car test — Dunlop R5 31F/34R psi,1961,Motor Sport Magazine,https://www.motorsportmagazine.com/archive/article/april-1961/55/peregrine-kind-of-falcon/,Contemporary road/race test,A/B,P1,pressure;motorsport,relationship_constraint_extraction,TO_REVIEW_FULL_TEXT,At Silverstone the Peregrine ran Dunlop R5 racing tires at 31 psi front and 34 psi rear; report notes pressure adjustments would alter handling.,"Useful car-specific period pressure example, not a universal R5 pressure target.","Extract the strongest causal/scaling relationships, applicability limits, calibration methods, and historical constraints from this source for pressure, motorsport. Identify which Tire Lab generator formulas or priors the evidence can constrain without assigning unsupported constants.","Separate observations, scaling rules, historical constraints, fitment facts, and calibration methodology. Record scope (construction/era/use case) and directionality/nonlinearity/interactions.",Do not promote a general relationship into an exact supplier/class value unless the source actually measures that context.,
CUR-SRC109-Q1,current_knowledge_deep_mine,SRC109,Jaguar Tuning & Preparation of E-Type Cars for Competition — R5 pressure/fitment,1962,Jaguar Cars,https://jaguarrules.ru/wp-content/uploads/2018/11/Jaguar-E-Type-for-competition-use-1962.pdf,Factory competition preparation manual,A,P1,pressure,quantitative_evidence_extraction,TO_REVIEW_FULL_TEXT,"Specifies Dunlop R5 6.00x15 front / 6.50x15 rear and recommends 45 psi front and rear as a baseline, while explicitly saying pressures vary by circuit and requirements.",Very strong factory car-specific pressure/fitment evidence; do not generalize 45 psi to lighter R5 cars.,"Deep-mine this source beyond its current Tire Lab summary. Extract every quantitative value, plotted range, table datum, test condition, equation, and uncertainty relevant to pressure that is not already represented in the knowledge master.","Record page/figure/table/section; units; tire size/construction; load; pressure; speed; temperature; surface; slip/camber; test method; whether value is direct measurement, fit, or author interpretation. Create separate evidence records rather than one broad note.",Do not turn road/passenger/aircraft magnitudes into race-tire coefficients without an explicit applicability bridge. Do not duplicate existing measurements.,
CUR-SRC109-Q2,current_knowledge_deep_mine,SRC109,Jaguar Tuning & Preparation of E-Type Cars for Competition — R5 pressure/fitment,1962,Jaguar Cars,https://jaguarrules.ru/wp-content/uploads/2018/11/Jaguar-E-Type-for-competition-use-1962.pdf,Factory competition preparation manual,A,P1,pressure,relationship_constraint_extraction,TO_REVIEW_FULL_TEXT,"Specifies Dunlop R5 6.00x15 front / 6.50x15 rear and recommends 45 psi front and rear as a baseline, while explicitly saying pressures vary by circuit and requirements.",Very strong factory car-specific pressure/fitment evidence; do not generalize 45 psi to lighter R5 cars.,"Extract the strongest causal/scaling relationships, applicability limits, calibration methods, and historical constraints from this source for pressure. Identify which Tire Lab generator formulas or priors the evidence can constrain without assigning unsupported constants.","Separate observations, scaling rules, historical constraints, fitment facts, and calibration methodology. Record scope (construction/era/use case) and directionality/nonlinearity/interactions.",Do not promote a general relationship into an exact supplier/class value unless the source actually measures that context.,
CUR-SRC110-Q1,current_knowledge_deep_mine,SRC110,Italian GP — R5 normal-pattern 6 mm tread selected for durability,1959,Autosport,https://porschecarshistory.com/wp-content/old/lib/magazines/autosport/1959/AS1959.09.25.pdf,Contemporary Grand Prix race report,A/B,P1,wear,quantitative_evidence_extraction,TO_REVIEW_FULL_TEXT,Brabham chose a Dunlop R5 normal pattern because its heavier 6 mm tread reduced concern about left-front wear; Moss followed the same strategy.,Direct period tread-depth/durability strategy evidence; does not by itself define competitive tire life.,"Deep-mine this source beyond its current Tire Lab summary. Extract every quantitative value, plotted range, table datum, test condition, equation, and uncertainty relevant to wear that is not already represented in the knowledge master.","Record page/figure/table/section; units; tire size/construction; load; pressure; speed; temperature; surface; slip/camber; test method; whether value is direct measurement, fit, or author interpretation. Create separate evidence records rather than one broad note.",Do not turn road/passenger/aircraft magnitudes into race-tire coefficients without an explicit applicability bridge. Do not duplicate existing measurements.,
CUR-SRC110-Q2,current_knowledge_deep_mine,SRC110,Italian GP — R5 normal-pattern 6 mm tread selected for durability,1959,Autosport,https://porschecarshistory.com/wp-content/old/lib/magazines/autosport/1959/AS1959.09.25.pdf,Contemporary Grand Prix race report,A/B,P1,wear,relationship_constraint_extraction,TO_REVIEW_FULL_TEXT,Brabham chose a Dunlop R5 normal pattern because its heavier 6 mm tread reduced concern about left-front wear; Moss followed the same strategy.,Direct period tread-depth/durability strategy evidence; does not by itself define competitive tire life.,"Extract the strongest causal/scaling relationships, applicability limits, calibration methods, and historical constraints from this source for wear. Identify which Tire Lab generator formulas or priors the evidence can constrain without assigning unsupported constants.","Separate observations, scaling rules, historical constraints, fitment facts, and calibration methodology. Record scope (construction/era/use case) and directionality/nonlinearity/interactions.",Do not promote a general relationship into an exact supplier/class value unless the source actually measures that context.,
CUR-SRC111-Q1,current_knowledge_deep_mine,SRC111,Michelin Formula 1 radial introduction and first world title,1977-1979,Michelin Motorsport,https://news.motorsport.michelin.com/en/articles/Michelin-s-first-Formula-1-world-titles,Manufacturer motorsport history,A,P1,pressure;forces;construction;motorsport,quantitative_evidence_extraction,TO_REVIEW_FULL_TEXT,Michelin entered Formula 1 with radial technology in 1977; its first F1 radial victory came in 1978 and the first F1 world titles followed in 1979.,"Strong construction and chronology evidence; it does not publish complete force/moment, pressure, rate or durability surfaces.","Deep-mine this source beyond its current Tire Lab summary. Extract every quantitative value, plotted range, table datum, test condition, equation, and uncertainty relevant to pressure, forces, construction, motorsport that is not already represented in the knowledge master.","Record page/figure/table/section; units; tire size/construction; load; pressure; speed; temperature; surface; slip/camber; test method; whether value is direct measurement, fit, or author interpretation. Create separate evidence records rather than one broad note.",Do not turn road/passenger/aircraft magnitudes into race-tire coefficients without an explicit applicability bridge. Do not duplicate existing measurements.,
CUR-SRC111-Q2,current_knowledge_deep_mine,SRC111,Michelin Formula 1 radial introduction and first world title,1977-1979,Michelin Motorsport,https://news.motorsport.michelin.com/en/articles/Michelin-s-first-Formula-1-world-titles,Manufacturer motorsport history,A,P1,pressure;forces;construction;motorsport,relationship_constraint_extraction,TO_REVIEW_FULL_TEXT,Michelin entered Formula 1 with radial technology in 1977; its first F1 radial victory came in 1978 and the first F1 world titles followed in 1979.,"Strong construction and chronology evidence; it does not publish complete force/moment, pressure, rate or durability surfaces.","Extract the strongest causal/scaling relationships, applicability limits, calibration methods, and historical constraints from this source for pressure, forces, construction, motorsport. Identify which Tire Lab generator formulas or priors the evidence can constrain without assigning unsupported constants.","Separate observations, scaling rules, historical constraints, fitment facts, and calibration methodology. Record scope (construction/era/use case) and directionality/nonlinearity/interactions.",Do not promote a general relationship into an exact supplier/class value unless the source actually measures that context.,
CUR-SRC112-Q1,current_knowledge_deep_mine,SRC112,1998 F1 grooved-tyre regulation and contact-patch reduction,1998,Formula 1,https://www.formula1.com/en/latest/article/re-writing-the-f1-rulebook-part-3-narrow-cars-find-their-groove.5YeEtrJfLako8UUG6Smgo4.5YeEtrJfLako8UUG6Smgo4,Official Formula 1 technical history,A,P1,regulation,quantitative_evidence_extraction,TO_REVIEW_FULL_TEXT,Grooved tyres replaced slicks in 1998; the new structure put about 12% less rubber on the ground and required fundamentally harder compounds; a fourth front groove followed in 1999.,Excellent architecture evidence; the 12% contact-patch statement is not a direct mu multiplier.,"Deep-mine this source beyond its current Tire Lab summary. Extract every quantitative value, plotted range, table datum, test condition, equation, and uncertainty relevant to regulation that is not already represented in the knowledge master.","Record page/figure/table/section; units; tire size/construction; load; pressure; speed; temperature; surface; slip/camber; test method; whether value is direct measurement, fit, or author interpretation. Create separate evidence records rather than one broad note.",Do not turn road/passenger/aircraft magnitudes into race-tire coefficients without an explicit applicability bridge. Do not duplicate existing measurements.,
CUR-SRC112-Q2,current_knowledge_deep_mine,SRC112,1998 F1 grooved-tyre regulation and contact-patch reduction,1998,Formula 1,https://www.formula1.com/en/latest/article/re-writing-the-f1-rulebook-part-3-narrow-cars-find-their-groove.5YeEtrJfLako8UUG6Smgo4.5YeEtrJfLako8UUG6Smgo4,Official Formula 1 technical history,A,P1,regulation,relationship_constraint_extraction,TO_REVIEW_FULL_TEXT,Grooved tyres replaced slicks in 1998; the new structure put about 12% less rubber on the ground and required fundamentally harder compounds; a fourth front groove followed in 1999.,Excellent architecture evidence; the 12% contact-patch statement is not a direct mu multiplier.,"Extract the strongest causal/scaling relationships, applicability limits, calibration methods, and historical constraints from this source for regulation. Identify which Tire Lab generator formulas or priors the evidence can constrain without assigning unsupported constants.","Separate observations, scaling rules, historical constraints, fitment facts, and calibration methodology. Record scope (construction/era/use case) and directionality/nonlinearity/interactions.",Do not promote a general relationship into an exact supplier/class value unless the source actually measures that context.,
CUR-SRC113-Q1,current_knowledge_deep_mine,SRC113,2005 F1 one-set race rule and supplier construction trade-off,2005,Formula 1,https://www.formula1.com/en/latest/article/5-times-f1-teams-got-the-new-regulations-wrong.1odf2dnvDZkY5uYTaqRYfp.1odf2dnvDZkY5uYTaqRYfp,Official Formula 1 technical history,A,P1,construction;motorsport,quantitative_evidence_extraction,TO_REVIEW_FULL_TEXT,Race tyre changes were banned except for puncture/safety needs; Michelin's more compliant architecture and Bridgestone's stiffer-sidewall/harder-compound approach created a distinct durability regime.,Strong durability/architecture evidence; supplier narrative must not be converted directly into exact stiffness coefficients.,"Deep-mine this source beyond its current Tire Lab summary. Extract every quantitative value, plotted range, table datum, test condition, equation, and uncertainty relevant to construction, motorsport that is not already represented in the knowledge master.","Record page/figure/table/section; units; tire size/construction; load; pressure; speed; temperature; surface; slip/camber; test method; whether value is direct measurement, fit, or author interpretation. Create separate evidence records rather than one broad note.",Do not turn road/passenger/aircraft magnitudes into race-tire coefficients without an explicit applicability bridge. Do not duplicate existing measurements.,
CUR-SRC113-Q2,current_knowledge_deep_mine,SRC113,2005 F1 one-set race rule and supplier construction trade-off,2005,Formula 1,https://www.formula1.com/en/latest/article/5-times-f1-teams-got-the-new-regulations-wrong.1odf2dnvDZkY5uYTaqRYfp.1odf2dnvDZkY5uYTaqRYfp,Official Formula 1 technical history,A,P1,construction;motorsport,relationship_constraint_extraction,TO_REVIEW_FULL_TEXT,Race tyre changes were banned except for puncture/safety needs; Michelin's more compliant architecture and Bridgestone's stiffer-sidewall/harder-compound approach created a distinct durability regime.,Strong durability/architecture evidence; supplier narrative must not be converted directly into exact stiffness coefficients.,"Extract the strongest causal/scaling relationships, applicability limits, calibration methods, and historical constraints from this source for construction, motorsport. Identify which Tire Lab generator formulas or priors the evidence can constrain without assigning unsupported constants.","Separate observations, scaling rules, historical constraints, fitment facts, and calibration methodology. Record scope (construction/era/use case) and directionality/nonlinearity/interactions.",Do not promote a general relationship into an exact supplier/class value unless the source actually measures that context.,
CUR-SRC114-Q1,current_knowledge_deep_mine,SRC114,2009 F1 return to slick tyres,2009,Formula 1,https://www.formula1.com/en/latest/article/re-writing-the-f1-rulebook-part-4-cleaner-cars-kers-and-the-return-of-slicks.1NUrjfG83a6aE0QSuAkGK8,Official Formula 1 technical history,A,P1,forces;regulation,quantitative_evidence_extraction,TO_REVIEW_FULL_TEXT,"Slicks returned after an 11-year absence; the rules aimed to recover mechanical grip by putting more rubber on the road, estimated at roughly 6-8%.","Strong architecture evidence; 6-8% is a rule-change mechanical-grip estimate, not direct tyre mu.","Deep-mine this source beyond its current Tire Lab summary. Extract every quantitative value, plotted range, table datum, test condition, equation, and uncertainty relevant to forces, regulation that is not already represented in the knowledge master.","Record page/figure/table/section; units; tire size/construction; load; pressure; speed; temperature; surface; slip/camber; test method; whether value is direct measurement, fit, or author interpretation. Create separate evidence records rather than one broad note.",Do not turn road/passenger/aircraft magnitudes into race-tire coefficients without an explicit applicability bridge. Do not duplicate existing measurements.,
CUR-SRC114-Q2,current_knowledge_deep_mine,SRC114,2009 F1 return to slick tyres,2009,Formula 1,https://www.formula1.com/en/latest/article/re-writing-the-f1-rulebook-part-4-cleaner-cars-kers-and-the-return-of-slicks.1NUrjfG83a6aE0QSuAkGK8,Official Formula 1 technical history,A,P1,forces;regulation,relationship_constraint_extraction,TO_REVIEW_FULL_TEXT,"Slicks returned after an 11-year absence; the rules aimed to recover mechanical grip by putting more rubber on the road, estimated at roughly 6-8%.","Strong architecture evidence; 6-8% is a rule-change mechanical-grip estimate, not direct tyre mu.","Extract the strongest causal/scaling relationships, applicability limits, calibration methods, and historical constraints from this source for forces, regulation. Identify which Tire Lab generator formulas or priors the evidence can constrain without assigning unsupported constants.","Separate observations, scaling rules, historical constraints, fitment facts, and calibration methodology. Record scope (construction/era/use case) and directionality/nonlinearity/interactions.",Do not promote a general relationship into an exact supplier/class value unless the source actually measures that context.,
CUR-SRC115-Q1,current_knowledge_deep_mine,SRC115,F1 tyre technical targets and nominal 18-inch dimensions,2025-2027,FIA,https://legal.fia.com/web/appeloffre.nsf/0F43EC70A0FACADFC1258991006043A9/%24FILE/ITT%20F1%20TYRES%202025-2027%20%28including%20F2%20and%20F3%29_UPDATE%2014.04.2023.pdf?openelement=,FIA tyre tender technical targets,A,P1,wear,quantitative_evidence_extraction,TO_REVIEW_FULL_TEXT,"The FIA tender defines 2025 dry nominal dimensions of 305/720-18 front and 405/720-18 rear and explicitly treats degradation, durability and operating conditions as development targets.",Excellent geometry/target evidence; tender targets are not achieved-value F&M measurements.,"Deep-mine this source beyond its current Tire Lab summary. Extract every quantitative value, plotted range, table datum, test condition, equation, and uncertainty relevant to wear that is not already represented in the knowledge master.","Record page/figure/table/section; units; tire size/construction; load; pressure; speed; temperature; surface; slip/camber; test method; whether value is direct measurement, fit, or author interpretation. Create separate evidence records rather than one broad note.",Do not turn road/passenger/aircraft magnitudes into race-tire coefficients without an explicit applicability bridge. Do not duplicate existing measurements.,
CUR-SRC115-Q2,current_knowledge_deep_mine,SRC115,F1 tyre technical targets and nominal 18-inch dimensions,2025-2027,FIA,https://legal.fia.com/web/appeloffre.nsf/0F43EC70A0FACADFC1258991006043A9/%24FILE/ITT%20F1%20TYRES%202025-2027%20%28including%20F2%20and%20F3%29_UPDATE%2014.04.2023.pdf?openelement=,FIA tyre tender technical targets,A,P1,wear,relationship_constraint_extraction,TO_REVIEW_FULL_TEXT,"The FIA tender defines 2025 dry nominal dimensions of 305/720-18 front and 405/720-18 rear and explicitly treats degradation, durability and operating conditions as development targets.",Excellent geometry/target evidence; tender targets are not achieved-value F&M measurements.,"Extract the strongest causal/scaling relationships, applicability limits, calibration methods, and historical constraints from this source for wear. Identify which Tire Lab generator formulas or priors the evidence can constrain without assigning unsupported constants.","Separate observations, scaling rules, historical constraints, fitment facts, and calibration methodology. Record scope (construction/era/use case) and directionality/nonlinearity/interactions.",Do not promote a general relationship into an exact supplier/class value unless the source actually measures that context.,
CUR-SRC116-Q1,current_knowledge_deep_mine,SRC116,2026 F1 narrower 18-inch tyre architecture,2026,FIA,https://www.fia.com/news/new-era-competition-fia-showcases-future-focused-formula-1-regulations-2026-and-beyond,FIA regulation overview,A,P1,geometry;forces;regulation,quantitative_evidence_extraction,TO_REVIEW_FULL_TEXT,The 18-inch wheel architecture is retained for 2026 while front tyre width is reduced 25 mm and rear width 30 mm.,Strong regulation/architecture evidence; final proprietary force surfaces remain unavailable.,"Deep-mine this source beyond its current Tire Lab summary. Extract every quantitative value, plotted range, table datum, test condition, equation, and uncertainty relevant to geometry, forces, regulation that is not already represented in the knowledge master.","Record page/figure/table/section; units; tire size/construction; load; pressure; speed; temperature; surface; slip/camber; test method; whether value is direct measurement, fit, or author interpretation. Create separate evidence records rather than one broad note.",Do not turn road/passenger/aircraft magnitudes into race-tire coefficients without an explicit applicability bridge. Do not duplicate existing measurements.,
CUR-SRC116-Q2,current_knowledge_deep_mine,SRC116,2026 F1 narrower 18-inch tyre architecture,2026,FIA,https://www.fia.com/news/new-era-competition-fia-showcases-future-focused-formula-1-regulations-2026-and-beyond,FIA regulation overview,A,P1,geometry;forces;regulation,relationship_constraint_extraction,TO_REVIEW_FULL_TEXT,The 18-inch wheel architecture is retained for 2026 while front tyre width is reduced 25 mm and rear width 30 mm.,Strong regulation/architecture evidence; final proprietary force surfaces remain unavailable.,"Extract the strongest causal/scaling relationships, applicability limits, calibration methods, and historical constraints from this source for geometry, forces, regulation. Identify which Tire Lab generator formulas or priors the evidence can constrain without assigning unsupported constants.","Separate observations, scaling rules, historical constraints, fitment facts, and calibration methodology. Record scope (construction/era/use case) and directionality/nonlinearity/interactions.",Do not promote a general relationship into an exact supplier/class value unless the source actually measures that context.,
CUR-SRC117-Q1,current_knowledge_deep_mine,SRC117,FIA Formula 2 adopts 18-inch Pirelli tyres,2020,FIA Formula 2,https://www.fiaformula2.com/en/latest/article/fia-formula-2-cars-to-use-18-pirelli-tyres-from-2020.5Kg8FzxSOaZ1ZDimMGk5BW,Official Formula 2 technical announcement,A,P1,motorsport,quantitative_evidence_extraction,TO_REVIEW_FULL_TEXT,Formula 2 adopted 18-inch Pirelli tyres for 2020 and served as a competitive test bed for the low-profile technology later introduced in Formula 1.,Strong architecture chronology; event compound and operating data remain event-specific.,"Deep-mine this source beyond its current Tire Lab summary. Extract every quantitative value, plotted range, table datum, test condition, equation, and uncertainty relevant to motorsport that is not already represented in the knowledge master.","Record page/figure/table/section; units; tire size/construction; load; pressure; speed; temperature; surface; slip/camber; test method; whether value is direct measurement, fit, or author interpretation. Create separate evidence records rather than one broad note.",Do not turn road/passenger/aircraft magnitudes into race-tire coefficients without an explicit applicability bridge. Do not duplicate existing measurements.,
CUR-SRC117-Q2,current_knowledge_deep_mine,SRC117,FIA Formula 2 adopts 18-inch Pirelli tyres,2020,FIA Formula 2,https://www.fiaformula2.com/en/latest/article/fia-formula-2-cars-to-use-18-pirelli-tyres-from-2020.5Kg8FzxSOaZ1ZDimMGk5BW,Official Formula 2 technical announcement,A,P1,motorsport,relationship_constraint_extraction,TO_REVIEW_FULL_TEXT,Formula 2 adopted 18-inch Pirelli tyres for 2020 and served as a competitive test bed for the low-profile technology later introduced in Formula 1.,Strong architecture chronology; event compound and operating data remain event-specific.,"Extract the strongest causal/scaling relationships, applicability limits, calibration methods, and historical constraints from this source for motorsport. Identify which Tire Lab generator formulas or priors the evidence can constrain without assigning unsupported constants.","Separate observations, scaling rules, historical constraints, fitment facts, and calibration methodology. Record scope (construction/era/use case) and directionality/nonlinearity/interactions.",Do not promote a general relationship into an exact supplier/class value unless the source actually measures that context.,
CUR-SRC118-Q1,current_knowledge_deep_mine,SRC118,F2 Silverstone Soft vs Hard degradation behaviour,2025,FIA Formula 2 / Pirelli,https://www.fiaformula2.com/en/latest/article/preview-the-second-half-of-2025-starts-at-silverstone-for-round-8.uKPqJ7snBe3F6JLbXMP7z,Official F2/Pirelli race preview,A,P1,wear,quantitative_evidence_extraction,TO_REVIEW_FULL_TEXT,At Silverstone the Soft could be managed to roughly lap 6-9 for the first stint without excessive performance loss; the Hard was more consistent and the only viable Sprint compound.,Excellent event-specific life-shape evidence; not a universal F2 life value.,"Deep-mine this source beyond its current Tire Lab summary. Extract every quantitative value, plotted range, table datum, test condition, equation, and uncertainty relevant to wear that is not already represented in the knowledge master.","Record page/figure/table/section; units; tire size/construction; load; pressure; speed; temperature; surface; slip/camber; test method; whether value is direct measurement, fit, or author interpretation. Create separate evidence records rather than one broad note.",Do not turn road/passenger/aircraft magnitudes into race-tire coefficients without an explicit applicability bridge. Do not duplicate existing measurements.,
CUR-SRC118-Q2,current_knowledge_deep_mine,SRC118,F2 Silverstone Soft vs Hard degradation behaviour,2025,FIA Formula 2 / Pirelli,https://www.fiaformula2.com/en/latest/article/preview-the-second-half-of-2025-starts-at-silverstone-for-round-8.uKPqJ7snBe3F6JLbXMP7z,Official F2/Pirelli race preview,A,P1,wear,relationship_constraint_extraction,TO_REVIEW_FULL_TEXT,At Silverstone the Soft could be managed to roughly lap 6-9 for the first stint without excessive performance loss; the Hard was more consistent and the only viable Sprint compound.,Excellent event-specific life-shape evidence; not a universal F2 life value.,"Extract the strongest causal/scaling relationships, applicability limits, calibration methods, and historical constraints from this source for wear. Identify which Tire Lab generator formulas or priors the evidence can constrain without assigning unsupported constants.","Separate observations, scaling rules, historical constraints, fitment facts, and calibration methodology. Record scope (construction/era/use case) and directionality/nonlinearity/interactions.",Do not promote a general relationship into an exact supplier/class value unless the source actually measures that context.,
CUR-SRC119-Q1,current_knowledge_deep_mine,SRC119,"F2 Lusail tyre pressure, camber and wear-life prescriptions",2025,FIA,https://www.fia.com/system/files/decision-document/2025_lusail_event_-_f2_lusail_event_notes_2025_v1.pdf,FIA event tyre operating document,A,P1,pressure;wear;forces,quantitative_evidence_extraction,TO_REVIEW_FULL_TEXT,"Official Lusail notes provide compound IDs, 16 psi front / 14 psi rear minimum pressures, camber limits and prior Hard wear of about 23% front / 22% rear average at 15 laps.",Outstanding direct operational calibration evidence; values are event-specific.,"Deep-mine this source beyond its current Tire Lab summary. Extract every quantitative value, plotted range, table datum, test condition, equation, and uncertainty relevant to pressure, wear, forces that is not already represented in the knowledge master.","Record page/figure/table/section; units; tire size/construction; load; pressure; speed; temperature; surface; slip/camber; test method; whether value is direct measurement, fit, or author interpretation. Create separate evidence records rather than one broad note.",Do not turn road/passenger/aircraft magnitudes into race-tire coefficients without an explicit applicability bridge. Do not duplicate existing measurements.,
CUR-SRC119-Q2,current_knowledge_deep_mine,SRC119,"F2 Lusail tyre pressure, camber and wear-life prescriptions",2025,FIA,https://www.fia.com/system/files/decision-document/2025_lusail_event_-_f2_lusail_event_notes_2025_v1.pdf,FIA event tyre operating document,A,P1,pressure;wear;forces,relationship_constraint_extraction,TO_REVIEW_FULL_TEXT,"Official Lusail notes provide compound IDs, 16 psi front / 14 psi rear minimum pressures, camber limits and prior Hard wear of about 23% front / 22% rear average at 15 laps.",Outstanding direct operational calibration evidence; values are event-specific.,"Extract the strongest causal/scaling relationships, applicability limits, calibration methods, and historical constraints from this source for pressure, wear, forces. Identify which Tire Lab generator formulas or priors the evidence can constrain without assigning unsupported constants.","Separate observations, scaling rules, historical constraints, fitment facts, and calibration methodology. Record scope (construction/era/use case) and directionality/nonlinearity/interactions.",Do not promote a general relationship into an exact supplier/class value unless the source actually measures that context.,
CUR-SRC120-Q1,current_knowledge_deep_mine,SRC120,"2025 Formula 3 16-inch tyre debut, graining and warm-up",2025,FIA Formula 3 / Pirelli,https://www.fiaformula3.com/Latest/6dskfo0lgMzvBHzeiCvww/preview-melbourne-kicks-off-2025-f3-season,Official F3/Pirelli race preview,A,P1,thermal;wear;wet;motorsport,quantitative_evidence_extraction,TO_REVIEW_FULL_TEXT,"The 2025 F3 car introduced 16-inch tyres. Pirelli explicitly links low-temperature warm-up, graining, thermal degradation and wear to driver management.",Strong current control-series behaviour evidence; exact F&M remains proprietary.,"Deep-mine this source beyond its current Tire Lab summary. Extract every quantitative value, plotted range, table datum, test condition, equation, and uncertainty relevant to thermal, wear, wet, motorsport that is not already represented in the knowledge master.","Record page/figure/table/section; units; tire size/construction; load; pressure; speed; temperature; surface; slip/camber; test method; whether value is direct measurement, fit, or author interpretation. Create separate evidence records rather than one broad note.",Do not turn road/passenger/aircraft magnitudes into race-tire coefficients without an explicit applicability bridge. Do not duplicate existing measurements.,
CUR-SRC120-Q2,current_knowledge_deep_mine,SRC120,"2025 Formula 3 16-inch tyre debut, graining and warm-up",2025,FIA Formula 3 / Pirelli,https://www.fiaformula3.com/Latest/6dskfo0lgMzvBHzeiCvww/preview-melbourne-kicks-off-2025-f3-season,Official F3/Pirelli race preview,A,P1,thermal;wear;wet;motorsport,relationship_constraint_extraction,TO_REVIEW_FULL_TEXT,"The 2025 F3 car introduced 16-inch tyres. Pirelli explicitly links low-temperature warm-up, graining, thermal degradation and wear to driver management.",Strong current control-series behaviour evidence; exact F&M remains proprietary.,"Extract the strongest causal/scaling relationships, applicability limits, calibration methods, and historical constraints from this source for thermal, wear, wet, motorsport. Identify which Tire Lab generator formulas or priors the evidence can constrain without assigning unsupported constants.","Separate observations, scaling rules, historical constraints, fitment facts, and calibration methodology. Record scope (construction/era/use case) and directionality/nonlinearity/interactions.",Do not promote a general relationship into an exact supplier/class value unless the source actually measures that context.,
CUR-SRC121-Q1,current_knowledge_deep_mine,SRC121,Michelin Pilot Sport EV2 Formula E all-weather tyre,2016-2017,FIA Formula E,https://www.fiaformulae.com/en/news/6534,Official Formula E technical article,A,P1,geometry;wear;wet;motorsport,quantitative_evidence_extraction,TO_REVIEW_FULL_TEXT,The EV2 was an 18-inch treaded dry/wet tyre in 245/40 R18 front and 305/40 R18 rear sizes; it was reported 11% lighter and 16% lower in rolling resistance than the first-generation Formula E tyre.,"Excellent geometry, rolling-loss and all-weather architecture evidence; no direct absolute peak-mu surface.","Deep-mine this source beyond its current Tire Lab summary. Extract every quantitative value, plotted range, table datum, test condition, equation, and uncertainty relevant to geometry, wear, wet, motorsport that is not already represented in the knowledge master.","Record page/figure/table/section; units; tire size/construction; load; pressure; speed; temperature; surface; slip/camber; test method; whether value is direct measurement, fit, or author interpretation. Create separate evidence records rather than one broad note.",Do not turn road/passenger/aircraft magnitudes into race-tire coefficients without an explicit applicability bridge. Do not duplicate existing measurements.,
CUR-SRC121-Q2,current_knowledge_deep_mine,SRC121,Michelin Pilot Sport EV2 Formula E all-weather tyre,2016-2017,FIA Formula E,https://www.fiaformulae.com/en/news/6534,Official Formula E technical article,A,P1,geometry;wear;wet;motorsport,relationship_constraint_extraction,TO_REVIEW_FULL_TEXT,The EV2 was an 18-inch treaded dry/wet tyre in 245/40 R18 front and 305/40 R18 rear sizes; it was reported 11% lighter and 16% lower in rolling resistance than the first-generation Formula E tyre.,"Excellent geometry, rolling-loss and all-weather architecture evidence; no direct absolute peak-mu surface.","Extract the strongest causal/scaling relationships, applicability limits, calibration methods, and historical constraints from this source for geometry, wear, wet, motorsport. Identify which Tire Lab generator formulas or priors the evidence can constrain without assigning unsupported constants.","Separate observations, scaling rules, historical constraints, fitment facts, and calibration methodology. Record scope (construction/era/use case) and directionality/nonlinearity/interactions.",Do not promote a general relationship into an exact supplier/class value unless the source actually measures that context.,
CUR-SRC122-Q1,current_knowledge_deep_mine,SRC122,Hankook Gen3 Evo iON Race all-weather grip increase,2024-2025,Hankook Tire,https://www.hankooktire.com/us/en/company/media-center/media-detail.630662.html?contentType=&tabCode=,Manufacturer Formula E technical release,A,P1,thermal;forces;motorsport,quantitative_evidence_extraction,TO_REVIEW_FULL_TEXT,The Gen3 Evo iON Race remains all-weather and is reported to provide 5-10% more grip than the previous Gen3 model with improved heat resistance.,Strong supplier-relative claim; 5-10% must not be interpreted as an absolute mu value without defined test conditions.,"Deep-mine this source beyond its current Tire Lab summary. Extract every quantitative value, plotted range, table datum, test condition, equation, and uncertainty relevant to thermal, forces, motorsport that is not already represented in the knowledge master.","Record page/figure/table/section; units; tire size/construction; load; pressure; speed; temperature; surface; slip/camber; test method; whether value is direct measurement, fit, or author interpretation. Create separate evidence records rather than one broad note.",Do not turn road/passenger/aircraft magnitudes into race-tire coefficients without an explicit applicability bridge. Do not duplicate existing measurements.,
CUR-SRC122-Q2,current_knowledge_deep_mine,SRC122,Hankook Gen3 Evo iON Race all-weather grip increase,2024-2025,Hankook Tire,https://www.hankooktire.com/us/en/company/media-center/media-detail.630662.html?contentType=&tabCode=,Manufacturer Formula E technical release,A,P1,thermal;forces;motorsport,relationship_constraint_extraction,TO_REVIEW_FULL_TEXT,The Gen3 Evo iON Race remains all-weather and is reported to provide 5-10% more grip than the previous Gen3 model with improved heat resistance.,Strong supplier-relative claim; 5-10% must not be interpreted as an absolute mu value without defined test conditions.,"Extract the strongest causal/scaling relationships, applicability limits, calibration methods, and historical constraints from this source for thermal, forces, motorsport. Identify which Tire Lab generator formulas or priors the evidence can constrain without assigning unsupported constants.","Separate observations, scaling rules, historical constraints, fitment facts, and calibration methodology. Record scope (construction/era/use case) and directionality/nonlinearity/interactions.",Do not promote a general relationship into an exact supplier/class value unless the source actually measures that context.,
CUR-SRC123-Q1,current_knowledge_deep_mine,SRC123,"WEC Hypercar Michelin slick menu, temperature ranges and dimensions",2025-2026,FIA WEC / Michelin,https://press.fiawec.com/assets/fileuploads/68/e7/68e77b70a936c.pdf,Official WEC/Michelin technical guide,A,P1,thermal;wet;construction,quantitative_evidence_extraction,TO_REVIEW_FULL_TEXT,"Hypercar uses 29/71-18 front and 34/71-18 rear; Soft, Medium and Hard slicks are mapped to published ground-temperature bands with a dedicated rain tyre.",Excellent current geometry/menu evidence; ground-temperature bands are not carcass-core target temperatures.,"Deep-mine this source beyond its current Tire Lab summary. Extract every quantitative value, plotted range, table datum, test condition, equation, and uncertainty relevant to thermal, wet, construction that is not already represented in the knowledge master.","Record page/figure/table/section; units; tire size/construction; load; pressure; speed; temperature; surface; slip/camber; test method; whether value is direct measurement, fit, or author interpretation. Create separate evidence records rather than one broad note.",Do not turn road/passenger/aircraft magnitudes into race-tire coefficients without an explicit applicability bridge. Do not duplicate existing measurements.,
CUR-SRC123-Q2,current_knowledge_deep_mine,SRC123,"WEC Hypercar Michelin slick menu, temperature ranges and dimensions",2025-2026,FIA WEC / Michelin,https://press.fiawec.com/assets/fileuploads/68/e7/68e77b70a936c.pdf,Official WEC/Michelin technical guide,A,P1,thermal;wet;construction,relationship_constraint_extraction,TO_REVIEW_FULL_TEXT,"Hypercar uses 29/71-18 front and 34/71-18 rear; Soft, Medium and Hard slicks are mapped to published ground-temperature bands with a dedicated rain tyre.",Excellent current geometry/menu evidence; ground-temperature bands are not carcass-core target temperatures.,"Extract the strongest causal/scaling relationships, applicability limits, calibration methods, and historical constraints from this source for thermal, wet, construction. Identify which Tire Lab generator formulas or priors the evidence can constrain without assigning unsupported constants.","Separate observations, scaling rules, historical constraints, fitment facts, and calibration methodology. Record scope (construction/era/use case) and directionality/nonlinearity/interactions.",Do not promote a general relationship into an exact supplier/class value unless the source actually measures that context.,
CUR-SRC124-Q1,current_knowledge_deep_mine,SRC124,Bahrain WEC Hypercar stabilized pressure and camber,2025,FIA WEC Committee,https://api.fia.com/sites/default/files/wec_2025_d45_all_tyres_pressure_camber_bahr_28102025.pdf,FIA WEC Committee tyre decision,A,P1,pressure;forces;wet,quantitative_evidence_extraction,TO_REVIEW_FULL_TEXT,Bahrain 2025 Hypercar minimum stabilized relative pressure was 1.75 bar / 25.4 psi front and rear with published static-camber limits and mandatory TPMS.,Exceptional event-specific operational evidence; do not generalize the pressure target to every circuit.,"Deep-mine this source beyond its current Tire Lab summary. Extract every quantitative value, plotted range, table datum, test condition, equation, and uncertainty relevant to pressure, forces, wet that is not already represented in the knowledge master.","Record page/figure/table/section; units; tire size/construction; load; pressure; speed; temperature; surface; slip/camber; test method; whether value is direct measurement, fit, or author interpretation. Create separate evidence records rather than one broad note.",Do not turn road/passenger/aircraft magnitudes into race-tire coefficients without an explicit applicability bridge. Do not duplicate existing measurements.,
CUR-SRC124-Q2,current_knowledge_deep_mine,SRC124,Bahrain WEC Hypercar stabilized pressure and camber,2025,FIA WEC Committee,https://api.fia.com/sites/default/files/wec_2025_d45_all_tyres_pressure_camber_bahr_28102025.pdf,FIA WEC Committee tyre decision,A,P1,pressure;forces;wet,relationship_constraint_extraction,TO_REVIEW_FULL_TEXT,Bahrain 2025 Hypercar minimum stabilized relative pressure was 1.75 bar / 25.4 psi front and rear with published static-camber limits and mandatory TPMS.,Exceptional event-specific operational evidence; do not generalize the pressure target to every circuit.,"Extract the strongest causal/scaling relationships, applicability limits, calibration methods, and historical constraints from this source for pressure, forces, wet. Identify which Tire Lab generator formulas or priors the evidence can constrain without assigning unsupported constants.","Separate observations, scaling rules, historical constraints, fitment facts, and calibration methodology. Record scope (construction/era/use case) and directionality/nonlinearity/interactions.",Do not promote a general relationship into an exact supplier/class value unless the source actually measures that context.,
CUR-SRC125-Q1,current_knowledge_deep_mine,SRC125,LMGT3 Goodyear multi-stint endurance evidence,2025,FIA WEC / Goodyear,https://www.fiawec.com/en/news/tyre-partners/8259,Official WEC tyre-partner report,A,P1,wear;motorsport,quantitative_evidence_extraction,TO_REVIEW_FULL_TEXT,At Le Mans multiple LMGT3 drivers completed up to four consecutive stints on one set; Goodyear reported longevity exceeding driver-time limits.,"Strong useful-life anchor; exact distance depends on event, car, compound and track state.","Deep-mine this source beyond its current Tire Lab summary. Extract every quantitative value, plotted range, table datum, test condition, equation, and uncertainty relevant to wear, motorsport that is not already represented in the knowledge master.","Record page/figure/table/section; units; tire size/construction; load; pressure; speed; temperature; surface; slip/camber; test method; whether value is direct measurement, fit, or author interpretation. Create separate evidence records rather than one broad note.",Do not turn road/passenger/aircraft magnitudes into race-tire coefficients without an explicit applicability bridge. Do not duplicate existing measurements.,
CUR-SRC125-Q2,current_knowledge_deep_mine,SRC125,LMGT3 Goodyear multi-stint endurance evidence,2025,FIA WEC / Goodyear,https://www.fiawec.com/en/news/tyre-partners/8259,Official WEC tyre-partner report,A,P1,wear;motorsport,relationship_constraint_extraction,TO_REVIEW_FULL_TEXT,At Le Mans multiple LMGT3 drivers completed up to four consecutive stints on one set; Goodyear reported longevity exceeding driver-time limits.,"Strong useful-life anchor; exact distance depends on event, car, compound and track state.","Extract the strongest causal/scaling relationships, applicability limits, calibration methods, and historical constraints from this source for wear, motorsport. Identify which Tire Lab generator formulas or priors the evidence can constrain without assigning unsupported constants.","Separate observations, scaling rules, historical constraints, fitment facts, and calibration methodology. Record scope (construction/era/use case) and directionality/nonlinearity/interactions.",Do not promote a general relationship into an exact supplier/class value unless the source actually measures that context.,
CUR-SRC126-Q1,current_knowledge_deep_mine,SRC126,Hankook WRC surface-specific tyre architecture,2025,WRC / Hankook,https://www.wrc.com/en/news/wrc-enters-new-era-with-hankook-at-the-helm,Official WRC/supplier technical overview,A,P1,wear;wet,quantitative_evidence_extraction,TO_REVIEW_FULL_TEXT,"The exclusive range separates tarmac, wet tarmac, gravel, snow and studded-ice architectures with multiple surface-specific compounds.",Excellent architecture evidence; exact stage-specific F&M and wear remain unavailable.,"Deep-mine this source beyond its current Tire Lab summary. Extract every quantitative value, plotted range, table datum, test condition, equation, and uncertainty relevant to wear, wet that is not already represented in the knowledge master.","Record page/figure/table/section; units; tire size/construction; load; pressure; speed; temperature; surface; slip/camber; test method; whether value is direct measurement, fit, or author interpretation. Create separate evidence records rather than one broad note.",Do not turn road/passenger/aircraft magnitudes into race-tire coefficients without an explicit applicability bridge. Do not duplicate existing measurements.,
CUR-SRC126-Q2,current_knowledge_deep_mine,SRC126,Hankook WRC surface-specific tyre architecture,2025,WRC / Hankook,https://www.wrc.com/en/news/wrc-enters-new-era-with-hankook-at-the-helm,Official WRC/supplier technical overview,A,P1,wear;wet,relationship_constraint_extraction,TO_REVIEW_FULL_TEXT,"The exclusive range separates tarmac, wet tarmac, gravel, snow and studded-ice architectures with multiple surface-specific compounds.",Excellent architecture evidence; exact stage-specific F&M and wear remain unavailable.,"Extract the strongest causal/scaling relationships, applicability limits, calibration methods, and historical constraints from this source for wear, wet. Identify which Tire Lab generator formulas or priors the evidence can constrain without assigning unsupported constants.","Separate observations, scaling rules, historical constraints, fitment facts, and calibration methodology. Record scope (construction/era/use case) and directionality/nonlinearity/interactions.",Do not promote a general relationship into an exact supplier/class value unless the source actually measures that context.,
CUR-SRC127-Q1,current_knowledge_deep_mine,SRC127,NASCAR Next Gen 18-inch tyre redesign,2022,Goodyear Racing,https://corporate.goodyear.com/content/dam/goodyear-corp/documents/media/guides/2022%20Goodyear%20Racing%20Media%20Guide.pdf,Manufacturer racing media guide,A,P1,construction;motorsport,quantitative_evidence_extraction,TO_REVIEW_FULL_TEXT,NASCAR Cup moved from long-running 15-inch architecture to a newly developed 18-inch tyre for Next Gen; Goodyear characterizes it as a wholesale redesign.,Strong architecture break; track-specific NASCAR constructions and compounds still require event data.,"Deep-mine this source beyond its current Tire Lab summary. Extract every quantitative value, plotted range, table datum, test condition, equation, and uncertainty relevant to construction, motorsport that is not already represented in the knowledge master.","Record page/figure/table/section; units; tire size/construction; load; pressure; speed; temperature; surface; slip/camber; test method; whether value is direct measurement, fit, or author interpretation. Create separate evidence records rather than one broad note.",Do not turn road/passenger/aircraft magnitudes into race-tire coefficients without an explicit applicability bridge. Do not duplicate existing measurements.,
CUR-SRC127-Q2,current_knowledge_deep_mine,SRC127,NASCAR Next Gen 18-inch tyre redesign,2022,Goodyear Racing,https://corporate.goodyear.com/content/dam/goodyear-corp/documents/media/guides/2022%20Goodyear%20Racing%20Media%20Guide.pdf,Manufacturer racing media guide,A,P1,construction;motorsport,relationship_constraint_extraction,TO_REVIEW_FULL_TEXT,NASCAR Cup moved from long-running 15-inch architecture to a newly developed 18-inch tyre for Next Gen; Goodyear characterizes it as a wholesale redesign.,Strong architecture break; track-specific NASCAR constructions and compounds still require event data.,"Extract the strongest causal/scaling relationships, applicability limits, calibration methods, and historical constraints from this source for construction, motorsport. Identify which Tire Lab generator formulas or priors the evidence can constrain without assigning unsupported constants.","Separate observations, scaling rules, historical constraints, fitment facts, and calibration methodology. Record scope (construction/era/use case) and directionality/nonlinearity/interactions.",Do not promote a general relationship into an exact supplier/class value unless the source actually measures that context.,
CUR-SRC128-Q1,current_knowledge_deep_mine,SRC128,2017 F1 25-percent wider tyre dimensions,2017,Formula 1 / Pirelli,https://www.formula1.com/en/latest/article/pirelli-reveal-wider-faster-2017-tyres.5eQCKChfRIx709KvI2LO3S,Official Formula 1 technical announcement,A,P1,geometry;forces,quantitative_evidence_extraction,TO_REVIEW_FULL_TEXT,For 2017 the front increased from 245 to 305 mm and the rear from 325 to 405 mm; slick sizes became 305/670-13 front and 405/670-13 rear.,Excellent nominal geometry evidence; no direct force coefficients.,"Deep-mine this source beyond its current Tire Lab summary. Extract every quantitative value, plotted range, table datum, test condition, equation, and uncertainty relevant to geometry, forces that is not already represented in the knowledge master.","Record page/figure/table/section; units; tire size/construction; load; pressure; speed; temperature; surface; slip/camber; test method; whether value is direct measurement, fit, or author interpretation. Create separate evidence records rather than one broad note.",Do not turn road/passenger/aircraft magnitudes into race-tire coefficients without an explicit applicability bridge. Do not duplicate existing measurements.,
CUR-SRC128-Q2,current_knowledge_deep_mine,SRC128,2017 F1 25-percent wider tyre dimensions,2017,Formula 1 / Pirelli,https://www.formula1.com/en/latest/article/pirelli-reveal-wider-faster-2017-tyres.5eQCKChfRIx709KvI2LO3S,Official Formula 1 technical announcement,A,P1,geometry;forces,relationship_constraint_extraction,TO_REVIEW_FULL_TEXT,For 2017 the front increased from 245 to 305 mm and the rear from 325 to 405 mm; slick sizes became 305/670-13 front and 405/670-13 rear.,Excellent nominal geometry evidence; no direct force coefficients.,"Extract the strongest causal/scaling relationships, applicability limits, calibration methods, and historical constraints from this source for geometry, forces. Identify which Tire Lab generator formulas or priors the evidence can constrain without assigning unsupported constants.","Separate observations, scaling rules, historical constraints, fitment facts, and calibration methodology. Record scope (construction/era/use case) and directionality/nonlinearity/interactions.",Do not promote a general relationship into an exact supplier/class value unless the source actually measures that context.,
CUR-SRC129-Q1,current_knowledge_deep_mine,SRC129,2017 lower-degradation and wider-operating-window design philosophy,2017,Formula 1 / Pirelli,https://www.formula1.com/en/latest/article/pirelli-on-the-wider-picture-exclusive-paul-hembery-q-a.QFTJGtGFc4zTbmDpcAUoQ,Official Formula 1 / Pirelli technical interview,A,P1,thermal;wear,quantitative_evidence_extraction,TO_REVIEW_FULL_TEXT,Pirelli stated the 2017 tyre was designed for much less degradation and a wider operating window so drivers could push harder for longer.,Strong design-target and operational evidence; not an exact temperature-window measurement.,"Deep-mine this source beyond its current Tire Lab summary. Extract every quantitative value, plotted range, table datum, test condition, equation, and uncertainty relevant to thermal, wear that is not already represented in the knowledge master.","Record page/figure/table/section; units; tire size/construction; load; pressure; speed; temperature; surface; slip/camber; test method; whether value is direct measurement, fit, or author interpretation. Create separate evidence records rather than one broad note.",Do not turn road/passenger/aircraft magnitudes into race-tire coefficients without an explicit applicability bridge. Do not duplicate existing measurements.,
CUR-SRC129-Q2,current_knowledge_deep_mine,SRC129,2017 lower-degradation and wider-operating-window design philosophy,2017,Formula 1 / Pirelli,https://www.formula1.com/en/latest/article/pirelli-on-the-wider-picture-exclusive-paul-hembery-q-a.QFTJGtGFc4zTbmDpcAUoQ,Official Formula 1 / Pirelli technical interview,A,P1,thermal;wear,relationship_constraint_extraction,TO_REVIEW_FULL_TEXT,Pirelli stated the 2017 tyre was designed for much less degradation and a wider operating window so drivers could push harder for longer.,Strong design-target and operational evidence; not an exact temperature-window measurement.,"Extract the strongest causal/scaling relationships, applicability limits, calibration methods, and historical constraints from this source for thermal, wear. Identify which Tire Lab generator formulas or priors the evidence can constrain without assigning unsupported constants.","Separate observations, scaling rules, historical constraints, fitment facts, and calibration methodology. Record scope (construction/era/use case) and directionality/nonlinearity/interactions.",Do not promote a general relationship into an exact supplier/class value unless the source actually measures that context.,
CUR-SRC130-Q1,current_knowledge_deep_mine,SRC130,Pirelli control-era architecture milestones,2011-2022,Formula 1,https://www.formula1.com/en/latest/article/pirelli-to-continue-as-formula-1s-exclusive-tyre-supplier-until-2027.7xJIxJyMe84N3p7k4iIMjK,Official Formula 1 tyre-partnership history,A,P1,wear;motorsport,quantitative_evidence_extraction,TO_REVIEW_FULL_TEXT,"Pirelli became Formula 1's sole supplier in 2011, initially delivering requested 13-inch high-degradation tyres; major architecture changes followed in 2017 and 2022.",Excellent chronology/design-intent evidence; does not define exact per-compound F&M.,"Deep-mine this source beyond its current Tire Lab summary. Extract every quantitative value, plotted range, table datum, test condition, equation, and uncertainty relevant to wear, motorsport that is not already represented in the knowledge master.","Record page/figure/table/section; units; tire size/construction; load; pressure; speed; temperature; surface; slip/camber; test method; whether value is direct measurement, fit, or author interpretation. Create separate evidence records rather than one broad note.",Do not turn road/passenger/aircraft magnitudes into race-tire coefficients without an explicit applicability bridge. Do not duplicate existing measurements.,
CUR-SRC130-Q2,current_knowledge_deep_mine,SRC130,Pirelli control-era architecture milestones,2011-2022,Formula 1,https://www.formula1.com/en/latest/article/pirelli-to-continue-as-formula-1s-exclusive-tyre-supplier-until-2027.7xJIxJyMe84N3p7k4iIMjK,Official Formula 1 tyre-partnership history,A,P1,wear;motorsport,relationship_constraint_extraction,TO_REVIEW_FULL_TEXT,"Pirelli became Formula 1's sole supplier in 2011, initially delivering requested 13-inch high-degradation tyres; major architecture changes followed in 2017 and 2022.",Excellent chronology/design-intent evidence; does not define exact per-compound F&M.,"Extract the strongest causal/scaling relationships, applicability limits, calibration methods, and historical constraints from this source for wear, motorsport. Identify which Tire Lab generator formulas or priors the evidence can constrain without assigning unsupported constants.","Separate observations, scaling rules, historical constraints, fitment facts, and calibration methodology. Record scope (construction/era/use case) and directionality/nonlinearity/interactions.",Do not promote a general relationship into an exact supplier/class value unless the source actually measures that context.,
CUR-SRC131-Q1,current_knowledge_deep_mine,SRC131,Bridgestone enters Formula 1 in 1997,1997,Bridgestone,https://www.bridgestone.com/ir/library/integrated_report/pdf/2023/ir2023_spread.pdf,Manufacturer corporate motorsport history,A,P1,pressure;forces;construction;motorsport,quantitative_evidence_extraction,TO_REVIEW_FULL_TEXT,Bridgestone records its entry into Formula 1 in 1997 and a championship victory on Bridgestone tyres the following season.,"Strong supplier chronology; no compound, pressure or force-surface values.","Deep-mine this source beyond its current Tire Lab summary. Extract every quantitative value, plotted range, table datum, test condition, equation, and uncertainty relevant to pressure, forces, construction, motorsport that is not already represented in the knowledge master.","Record page/figure/table/section; units; tire size/construction; load; pressure; speed; temperature; surface; slip/camber; test method; whether value is direct measurement, fit, or author interpretation. Create separate evidence records rather than one broad note.",Do not turn road/passenger/aircraft magnitudes into race-tire coefficients without an explicit applicability bridge. Do not duplicate existing measurements.,
CUR-SRC131-Q2,current_knowledge_deep_mine,SRC131,Bridgestone enters Formula 1 in 1997,1997,Bridgestone,https://www.bridgestone.com/ir/library/integrated_report/pdf/2023/ir2023_spread.pdf,Manufacturer corporate motorsport history,A,P1,pressure;forces;construction;motorsport,relationship_constraint_extraction,TO_REVIEW_FULL_TEXT,Bridgestone records its entry into Formula 1 in 1997 and a championship victory on Bridgestone tyres the following season.,"Strong supplier chronology; no compound, pressure or force-surface values.","Extract the strongest causal/scaling relationships, applicability limits, calibration methods, and historical constraints from this source for pressure, forces, construction, motorsport. Identify which Tire Lab generator formulas or priors the evidence can constrain without assigning unsupported constants.","Separate observations, scaling rules, historical constraints, fitment facts, and calibration methodology. Record scope (construction/era/use case) and directionality/nonlinearity/interactions.",Do not promote a general relationship into an exact supplier/class value unless the source actually measures that context.,
CUR-SRC132-Q1,current_knowledge_deep_mine,SRC132,Goodyear F1 peaky grip and narrow performance window,1997,Formula 1 / Jacques Villeneuve,https://www.formula1.com/en/latest/article/how-i-beat-schumacher-to-the-title-at-jerez-97-by-jacques-villeneuve.2cerUxDqRaYUsoQi2KGSQW,Official driver retrospective,A/B,P1,geometry;thermal;forces,quantitative_evidence_extraction,TO_REVIEW_FULL_TEXT,"Villeneuve described 1997 Goodyear tyres as producing substantial grip but with a very peaky, small performance window.",Strong qualitative driver evidence; do not convert directly to exact temperature or slip-angle widths.,"Deep-mine this source beyond its current Tire Lab summary. Extract every quantitative value, plotted range, table datum, test condition, equation, and uncertainty relevant to geometry, thermal, forces that is not already represented in the knowledge master.","Record page/figure/table/section; units; tire size/construction; load; pressure; speed; temperature; surface; slip/camber; test method; whether value is direct measurement, fit, or author interpretation. Create separate evidence records rather than one broad note.",Do not turn road/passenger/aircraft magnitudes into race-tire coefficients without an explicit applicability bridge. Do not duplicate existing measurements.,
CUR-SRC132-Q2,current_knowledge_deep_mine,SRC132,Goodyear F1 peaky grip and narrow performance window,1997,Formula 1 / Jacques Villeneuve,https://www.formula1.com/en/latest/article/how-i-beat-schumacher-to-the-title-at-jerez-97-by-jacques-villeneuve.2cerUxDqRaYUsoQi2KGSQW,Official driver retrospective,A/B,P1,geometry;thermal;forces,relationship_constraint_extraction,TO_REVIEW_FULL_TEXT,"Villeneuve described 1997 Goodyear tyres as producing substantial grip but with a very peaky, small performance window.",Strong qualitative driver evidence; do not convert directly to exact temperature or slip-angle widths.,"Extract the strongest causal/scaling relationships, applicability limits, calibration methods, and historical constraints from this source for geometry, thermal, forces. Identify which Tire Lab generator formulas or priors the evidence can constrain without assigning unsupported constants.","Separate observations, scaling rules, historical constraints, fitment facts, and calibration methodology. Record scope (construction/era/use case) and directionality/nonlinearity/interactions.",Do not promote a general relationship into an exact supplier/class value unless the source actually measures that context.,
CUR-SRC133-Q1,current_knowledge_deep_mine,SRC133,F1 Academy one-slick plus wet architecture and short slick peak,2024-2026,F1 Academy,https://www.f1academy.com/Latest/1K0kPnFl7YqsZuQlVLakie/explained-how-do-f1-academy-tyres-work,Official F1 Academy technical explainer,A,P1,pressure;wet,quantitative_evidence_extraction,TO_REVIEW_FULL_TEXT,"F1 Academy uses 13-inch tyres with one slick specification plus rain tyre. The slick is described as peaking in roughly the first two laps, then becoming notably slower.",Excellent menu/operational evidence; no absolute F&M or pressure table.,"Deep-mine this source beyond its current Tire Lab summary. Extract every quantitative value, plotted range, table datum, test condition, equation, and uncertainty relevant to pressure, wet that is not already represented in the knowledge master.","Record page/figure/table/section; units; tire size/construction; load; pressure; speed; temperature; surface; slip/camber; test method; whether value is direct measurement, fit, or author interpretation. Create separate evidence records rather than one broad note.",Do not turn road/passenger/aircraft magnitudes into race-tire coefficients without an explicit applicability bridge. Do not duplicate existing measurements.,
CUR-SRC133-Q2,current_knowledge_deep_mine,SRC133,F1 Academy one-slick plus wet architecture and short slick peak,2024-2026,F1 Academy,https://www.f1academy.com/Latest/1K0kPnFl7YqsZuQlVLakie/explained-how-do-f1-academy-tyres-work,Official F1 Academy technical explainer,A,P1,pressure;wet,relationship_constraint_extraction,TO_REVIEW_FULL_TEXT,"F1 Academy uses 13-inch tyres with one slick specification plus rain tyre. The slick is described as peaking in roughly the first two laps, then becoming notably slower.",Excellent menu/operational evidence; no absolute F&M or pressure table.,"Extract the strongest causal/scaling relationships, applicability limits, calibration methods, and historical constraints from this source for pressure, wet. Identify which Tire Lab generator formulas or priors the evidence can constrain without assigning unsupported constants.","Separate observations, scaling rules, historical constraints, fitment facts, and calibration methodology. Record scope (construction/era/use case) and directionality/nonlinearity/interactions.",Do not promote a general relationship into an exact supplier/class value unless the source actually measures that context.,
CUR-SRC134-Q1,current_knowledge_deep_mine,SRC134,INDYCAR Firestone primary/alternate/wet and track-specific oval architecture,2025-2026,INDYCAR,https://www.indycar.com/Fan-Info/INDYCAR-101/Technology,Official INDYCAR technical overview and rulebook,A,P1,geometry;forces;wet;construction;motorsport,quantitative_evidence_extraction,TO_REVIEW_FULL_TEXT,Firestone is the exclusive supplier. Road/street races use durable primary and softer higher-grip alternate dry tyres plus rain tyres; ovals use venue-specific construction and compound. Tyre warmers are prohibited and only air/nitrogen may be used.,Excellent architecture/menu evidence; track-specific tyre dimensions and F&M must still be separately sourced.,"Deep-mine this source beyond its current Tire Lab summary. Extract every quantitative value, plotted range, table datum, test condition, equation, and uncertainty relevant to geometry, forces, wet, construction, motorsport that is not already represented in the knowledge master.","Record page/figure/table/section; units; tire size/construction; load; pressure; speed; temperature; surface; slip/camber; test method; whether value is direct measurement, fit, or author interpretation. Create separate evidence records rather than one broad note.",Do not turn road/passenger/aircraft magnitudes into race-tire coefficients without an explicit applicability bridge. Do not duplicate existing measurements.,
CUR-SRC134-Q2,current_knowledge_deep_mine,SRC134,INDYCAR Firestone primary/alternate/wet and track-specific oval architecture,2025-2026,INDYCAR,https://www.indycar.com/Fan-Info/INDYCAR-101/Technology,Official INDYCAR technical overview and rulebook,A,P1,geometry;forces;wet;construction;motorsport,relationship_constraint_extraction,TO_REVIEW_FULL_TEXT,Firestone is the exclusive supplier. Road/street races use durable primary and softer higher-grip alternate dry tyres plus rain tyres; ovals use venue-specific construction and compound. Tyre warmers are prohibited and only air/nitrogen may be used.,Excellent architecture/menu evidence; track-specific tyre dimensions and F&M must still be separately sourced.,"Extract the strongest causal/scaling relationships, applicability limits, calibration methods, and historical constraints from this source for geometry, forces, wet, construction, motorsport. Identify which Tire Lab generator formulas or priors the evidence can constrain without assigning unsupported constants.","Separate observations, scaling rules, historical constraints, fitment facts, and calibration methodology. Record scope (construction/era/use case) and directionality/nonlinearity/interactions.",Do not promote a general relationship into an exact supplier/class value unless the source actually measures that context.,
CUR-SRC135-Q1,current_knowledge_deep_mine,SRC135,2025 street-course alternate intentionally softer and faster-wearing,2025,INDYCAR / Firestone,https://www.indycar.com/news/2025/03/03-01-buzz,Official INDYCAR race technical article,A,P1,geometry;wear;forces,quantitative_evidence_extraction,TO_REVIEW_FULL_TEXT,"For 2025 temporary street circuits Firestone intentionally supplied a softer alternate with more grip, faster wear and a larger performance drop-off than the primary.",Strong relative grip/wear evidence; track-specific and not an absolute mu measurement.,"Deep-mine this source beyond its current Tire Lab summary. Extract every quantitative value, plotted range, table datum, test condition, equation, and uncertainty relevant to geometry, wear, forces that is not already represented in the knowledge master.","Record page/figure/table/section; units; tire size/construction; load; pressure; speed; temperature; surface; slip/camber; test method; whether value is direct measurement, fit, or author interpretation. Create separate evidence records rather than one broad note.",Do not turn road/passenger/aircraft magnitudes into race-tire coefficients without an explicit applicability bridge. Do not duplicate existing measurements.,
CUR-SRC135-Q2,current_knowledge_deep_mine,SRC135,2025 street-course alternate intentionally softer and faster-wearing,2025,INDYCAR / Firestone,https://www.indycar.com/news/2025/03/03-01-buzz,Official INDYCAR race technical article,A,P1,geometry;wear;forces,relationship_constraint_extraction,TO_REVIEW_FULL_TEXT,"For 2025 temporary street circuits Firestone intentionally supplied a softer alternate with more grip, faster wear and a larger performance drop-off than the primary.",Strong relative grip/wear evidence; track-specific and not an absolute mu measurement.,"Extract the strongest causal/scaling relationships, applicability limits, calibration methods, and historical constraints from this source for geometry, wear, forces. Identify which Tire Lab generator formulas or priors the evidence can constrain without assigning unsupported constants.","Separate observations, scaling rules, historical constraints, fitment facts, and calibration methodology. Record scope (construction/era/use case) and directionality/nonlinearity/interactions.",Do not promote a general relationship into an exact supplier/class value unless the source actually measures that context.,
CUR-SRC136-Q1,current_knowledge_deep_mine,SRC136,Yokohama ADVAN control tyre wet warm-up and durability update,2025,SUPER FORMULA / Yokohama,https://superformula.net/sf3/release/18791/,Official Super Formula technical release,A,P1,thermal;forces;wet;construction,quantitative_evidence_extraction,TO_REVIEW_FULL_TEXT,The 2025 control tyre uses 46% renewable/recycled material and specifically improves wet warm-up and wet grip; paddock reports also describe improved long-run consistency.,Strong architecture and relative-behaviour evidence; no public F&M surface.,"Deep-mine this source beyond its current Tire Lab summary. Extract every quantitative value, plotted range, table datum, test condition, equation, and uncertainty relevant to thermal, forces, wet, construction that is not already represented in the knowledge master.","Record page/figure/table/section; units; tire size/construction; load; pressure; speed; temperature; surface; slip/camber; test method; whether value is direct measurement, fit, or author interpretation. Create separate evidence records rather than one broad note.",Do not turn road/passenger/aircraft magnitudes into race-tire coefficients without an explicit applicability bridge. Do not duplicate existing measurements.,
CUR-SRC136-Q2,current_knowledge_deep_mine,SRC136,Yokohama ADVAN control tyre wet warm-up and durability update,2025,SUPER FORMULA / Yokohama,https://superformula.net/sf3/release/18791/,Official Super Formula technical release,A,P1,thermal;forces;wet;construction,relationship_constraint_extraction,TO_REVIEW_FULL_TEXT,The 2025 control tyre uses 46% renewable/recycled material and specifically improves wet warm-up and wet grip; paddock reports also describe improved long-run consistency.,Strong architecture and relative-behaviour evidence; no public F&M surface.,"Extract the strongest causal/scaling relationships, applicability limits, calibration methods, and historical constraints from this source for thermal, forces, wet, construction. Identify which Tire Lab generator formulas or priors the evidence can constrain without assigning unsupported constants.","Separate observations, scaling rules, historical constraints, fitment facts, and calibration methodology. Record scope (construction/era/use case) and directionality/nonlinearity/interactions.",Do not promote a general relationship into an exact supplier/class value unless the source actually measures that context.,
CUR-SRC137-Q1,current_knowledge_deep_mine,SRC137,FIA F3 one event-selected dry compound plus wet,2019,FIA Formula 3 / Pirelli,https://www.fiaformula3.com/en/latest/article/2019-preview-round-1.6isfq9lDIod8pNAufoOUdM,Official FIA Formula 3 series preview,A,P1,forces;wet,quantitative_evidence_extraction,TO_REVIEW_FULL_TEXT,"The 2019 FIA F3 championship used one Pirelli dry compound and one wet compound per event, with no mandatory pit stop.",Strong class-menu evidence; exact dimensions and force data require separate sources.,"Deep-mine this source beyond its current Tire Lab summary. Extract every quantitative value, plotted range, table datum, test condition, equation, and uncertainty relevant to forces, wet that is not already represented in the knowledge master.","Record page/figure/table/section; units; tire size/construction; load; pressure; speed; temperature; surface; slip/camber; test method; whether value is direct measurement, fit, or author interpretation. Create separate evidence records rather than one broad note.",Do not turn road/passenger/aircraft magnitudes into race-tire coefficients without an explicit applicability bridge. Do not duplicate existing measurements.,
CUR-SRC137-Q2,current_knowledge_deep_mine,SRC137,FIA F3 one event-selected dry compound plus wet,2019,FIA Formula 3 / Pirelli,https://www.fiaformula3.com/en/latest/article/2019-preview-round-1.6isfq9lDIod8pNAufoOUdM,Official FIA Formula 3 series preview,A,P1,forces;wet,relationship_constraint_extraction,TO_REVIEW_FULL_TEXT,"The 2019 FIA F3 championship used one Pirelli dry compound and one wet compound per event, with no mandatory pit stop.",Strong class-menu evidence; exact dimensions and force data require separate sources.,"Extract the strongest causal/scaling relationships, applicability limits, calibration methods, and historical constraints from this source for forces, wet. Identify which Tire Lab generator formulas or priors the evidence can constrain without assigning unsupported constants.","Separate observations, scaling rules, historical constraints, fitment facts, and calibration methodology. Record scope (construction/era/use case) and directionality/nonlinearity/interactions.",Do not promote a general relationship into an exact supplier/class value unless the source actually measures that context.,
CUR-SRC138-Q1,current_knowledge_deep_mine,SRC138,Formula Regional first-generation one-specification Pirelli dry and wet,2025,Formula Regional European Championship by Alpine,https://formularegionaleubyalpine.com/the-rules-and-regulations/,Official Formula Regional rules overview,A,P1,forces;wet;motorsport,quantitative_evidence_extraction,TO_REVIEW_FULL_TEXT,"Formula Regional uses Pirelli tyres in one specification, with two dry and two wet sets per driver at an event.",Strong class-menu evidence; precise tyre dimensions/forces are not supplied.,"Deep-mine this source beyond its current Tire Lab summary. Extract every quantitative value, plotted range, table datum, test condition, equation, and uncertainty relevant to forces, wet, motorsport that is not already represented in the knowledge master.","Record page/figure/table/section; units; tire size/construction; load; pressure; speed; temperature; surface; slip/camber; test method; whether value is direct measurement, fit, or author interpretation. Create separate evidence records rather than one broad note.",Do not turn road/passenger/aircraft magnitudes into race-tire coefficients without an explicit applicability bridge. Do not duplicate existing measurements.,
CUR-SRC138-Q2,current_knowledge_deep_mine,SRC138,Formula Regional first-generation one-specification Pirelli dry and wet,2025,Formula Regional European Championship by Alpine,https://formularegionaleubyalpine.com/the-rules-and-regulations/,Official Formula Regional rules overview,A,P1,forces;wet;motorsport,relationship_constraint_extraction,TO_REVIEW_FULL_TEXT,"Formula Regional uses Pirelli tyres in one specification, with two dry and two wet sets per driver at an event.",Strong class-menu evidence; precise tyre dimensions/forces are not supplied.,"Extract the strongest causal/scaling relationships, applicability limits, calibration methods, and historical constraints from this source for forces, wet, motorsport. Identify which Tire Lab generator formulas or priors the evidence can constrain without assigning unsupported constants.","Separate observations, scaling rules, historical constraints, fitment facts, and calibration methodology. Record scope (construction/era/use case) and directionality/nonlinearity/interactions.",Do not promote a general relationship into an exact supplier/class value unless the source actually measures that context.,
CUR-SRC139-Q1,current_knowledge_deep_mine,SRC139,Second-generation Formula Regional moves to 15-inch Pirelli control tyres,2026,FIA,https://www.fia.com/news/consistent-performance-formula-regional-pirelli-confirmed-single-tyre-supplier-across-next-gen,FIA Formula Regional technical announcement,A,P1,forces;motorsport;regulation,quantitative_evidence_extraction,TO_REVIEW_FULL_TEXT,The FIA confirmed Pirelli as the single supplier for next-generation Formula Regional and specified 15-inch tyres from 2026.,Strong supplier/architecture evidence; exact dimensions and force curves require homologation/user-manual data.,"Deep-mine this source beyond its current Tire Lab summary. Extract every quantitative value, plotted range, table datum, test condition, equation, and uncertainty relevant to forces, motorsport, regulation that is not already represented in the knowledge master.","Record page/figure/table/section; units; tire size/construction; load; pressure; speed; temperature; surface; slip/camber; test method; whether value is direct measurement, fit, or author interpretation. Create separate evidence records rather than one broad note.",Do not turn road/passenger/aircraft magnitudes into race-tire coefficients without an explicit applicability bridge. Do not duplicate existing measurements.,
CUR-SRC139-Q2,current_knowledge_deep_mine,SRC139,Second-generation Formula Regional moves to 15-inch Pirelli control tyres,2026,FIA,https://www.fia.com/news/consistent-performance-formula-regional-pirelli-confirmed-single-tyre-supplier-across-next-gen,FIA Formula Regional technical announcement,A,P1,forces;motorsport;regulation,relationship_constraint_extraction,TO_REVIEW_FULL_TEXT,The FIA confirmed Pirelli as the single supplier for next-generation Formula Regional and specified 15-inch tyres from 2026.,Strong supplier/architecture evidence; exact dimensions and force curves require homologation/user-manual data.,"Extract the strongest causal/scaling relationships, applicability limits, calibration methods, and historical constraints from this source for forces, motorsport, regulation. Identify which Tire Lab generator formulas or priors the evidence can constrain without assigning unsupported constants.","Separate observations, scaling rules, historical constraints, fitment facts, and calibration methodology. Record scope (construction/era/use case) and directionality/nonlinearity/interactions.",Do not promote a general relationship into an exact supplier/class value unless the source actually measures that context.,
CUR-SRC140-Q1,current_knowledge_deep_mine,SRC140,LMDh controlled wheel and tyre dimensions,2025,FIA,https://www.fia.com/sites/default/files/documents/lmdh_technical_regulations_2025.04.02_-_blackline_0.pdf,FIA LMDh technical regulations,A,P1,geometry;forces,quantitative_evidence_extraction,TO_REVIEW_FULL_TEXT,LMDh specifies 29/71-18 front and 34/71-18 rear tyres with 12.5-inch and 14-inch nominal rim widths; tyres may use only air or nitrogen.,Excellent geometry/regulatory evidence; exact force and compound surfaces remain supplier data.,"Deep-mine this source beyond its current Tire Lab summary. Extract every quantitative value, plotted range, table datum, test condition, equation, and uncertainty relevant to geometry, forces that is not already represented in the knowledge master.","Record page/figure/table/section; units; tire size/construction; load; pressure; speed; temperature; surface; slip/camber; test method; whether value is direct measurement, fit, or author interpretation. Create separate evidence records rather than one broad note.",Do not turn road/passenger/aircraft magnitudes into race-tire coefficients without an explicit applicability bridge. Do not duplicate existing measurements.,
CUR-SRC140-Q2,current_knowledge_deep_mine,SRC140,LMDh controlled wheel and tyre dimensions,2025,FIA,https://www.fia.com/sites/default/files/documents/lmdh_technical_regulations_2025.04.02_-_blackline_0.pdf,FIA LMDh technical regulations,A,P1,geometry;forces,relationship_constraint_extraction,TO_REVIEW_FULL_TEXT,LMDh specifies 29/71-18 front and 34/71-18 rear tyres with 12.5-inch and 14-inch nominal rim widths; tyres may use only air or nitrogen.,Excellent geometry/regulatory evidence; exact force and compound surfaces remain supplier data.,"Extract the strongest causal/scaling relationships, applicability limits, calibration methods, and historical constraints from this source for geometry, forces. Identify which Tire Lab generator formulas or priors the evidence can constrain without assigning unsupported constants.","Separate observations, scaling rules, historical constraints, fitment facts, and calibration methodology. Record scope (construction/era/use case) and directionality/nonlinearity/interactions.",Do not promote a general relationship into an exact supplier/class value unless the source actually measures that context.,
CUR-SRC141-Q1,current_knowledge_deep_mine,SRC141,New GTP Michelin designed for double stints,2023,IMSA / Michelin,https://www.imsa.com/news/2022/08/05/state-of-the-sport-reveals-new-dates-new-venues-and-more-for-imsa-in-2023/,IMSA official sustainability/technical announcement,A,P1,wear;forces;motorsport,quantitative_evidence_extraction,TO_REVIEW_FULL_TEXT,"Michelin developed a unique GTP tyre with double-stint capability, enabling tire usage reductions of up to 25 percent.",Strong durability and strategic-design evidence; does not define an exact wear-to-grip curve.,"Deep-mine this source beyond its current Tire Lab summary. Extract every quantitative value, plotted range, table datum, test condition, equation, and uncertainty relevant to wear, forces, motorsport that is not already represented in the knowledge master.","Record page/figure/table/section; units; tire size/construction; load; pressure; speed; temperature; surface; slip/camber; test method; whether value is direct measurement, fit, or author interpretation. Create separate evidence records rather than one broad note.",Do not turn road/passenger/aircraft magnitudes into race-tire coefficients without an explicit applicability bridge. Do not duplicate existing measurements.,
CUR-SRC141-Q2,current_knowledge_deep_mine,SRC141,New GTP Michelin designed for double stints,2023,IMSA / Michelin,https://www.imsa.com/news/2022/08/05/state-of-the-sport-reveals-new-dates-new-venues-and-more-for-imsa-in-2023/,IMSA official sustainability/technical announcement,A,P1,wear;forces;motorsport,relationship_constraint_extraction,TO_REVIEW_FULL_TEXT,"Michelin developed a unique GTP tyre with double-stint capability, enabling tire usage reductions of up to 25 percent.",Strong durability and strategic-design evidence; does not define an exact wear-to-grip curve.,"Extract the strongest causal/scaling relationships, applicability limits, calibration methods, and historical constraints from this source for wear, forces, motorsport. Identify which Tire Lab generator formulas or priors the evidence can constrain without assigning unsupported constants.","Separate observations, scaling rules, historical constraints, fitment facts, and calibration methodology. Record scope (construction/era/use case) and directionality/nonlinearity/interactions.",Do not promote a general relationship into an exact supplier/class value unless the source actually measures that context.,
CUR-SRC142-Q1,current_knowledge_deep_mine,SRC142,IMSA GTP Road Atlanta pressure/camber/stint matrix,2025,Michelin Motorsport / IMSA,https://www.imsa.com/wp-content/uploads/sites/32/2025/10/01/MMTB_IWSC_2025_18_GTP_Tire_usage_requirements_Road-Atlanta.pdf,Michelin Motorsport Technical Bulletin,A,P1,pressure;wear;forces;motorsport,quantitative_evidence_extraction,TO_REVIEW_FULL_TEXT,"The bulletin specifies 29/71-18 front and 34/71-18 rear, a 24.7-29.0 psi stabilized pressure grid, camber-dependent 2-3 stint limits and a recommended maximum stint length of 175 km.","Exceptional direct operating evidence, but circuit-specific.","Deep-mine this source beyond its current Tire Lab summary. Extract every quantitative value, plotted range, table datum, test condition, equation, and uncertainty relevant to pressure, wear, forces, motorsport that is not already represented in the knowledge master.","Record page/figure/table/section; units; tire size/construction; load; pressure; speed; temperature; surface; slip/camber; test method; whether value is direct measurement, fit, or author interpretation. Create separate evidence records rather than one broad note.",Do not turn road/passenger/aircraft magnitudes into race-tire coefficients without an explicit applicability bridge. Do not duplicate existing measurements.,
CUR-SRC142-Q2,current_knowledge_deep_mine,SRC142,IMSA GTP Road Atlanta pressure/camber/stint matrix,2025,Michelin Motorsport / IMSA,https://www.imsa.com/wp-content/uploads/sites/32/2025/10/01/MMTB_IWSC_2025_18_GTP_Tire_usage_requirements_Road-Atlanta.pdf,Michelin Motorsport Technical Bulletin,A,P1,pressure;wear;forces;motorsport,relationship_constraint_extraction,TO_REVIEW_FULL_TEXT,"The bulletin specifies 29/71-18 front and 34/71-18 rear, a 24.7-29.0 psi stabilized pressure grid, camber-dependent 2-3 stint limits and a recommended maximum stint length of 175 km.","Exceptional direct operating evidence, but circuit-specific.","Extract the strongest causal/scaling relationships, applicability limits, calibration methods, and historical constraints from this source for pressure, wear, forces, motorsport. Identify which Tire Lab generator formulas or priors the evidence can constrain without assigning unsupported constants.","Separate observations, scaling rules, historical constraints, fitment facts, and calibration methodology. Record scope (construction/era/use case) and directionality/nonlinearity/interactions.",Do not promote a general relationship into an exact supplier/class value unless the source actually measures that context.,
CUR-SRC143-Q1,current_knowledge_deep_mine,SRC143,Goodyear becomes LMP2 control supplier,2021,FIA WEC / ELMS,https://press.fiawec.com/assets/fileuploads/60/8f/608ff2392e874.pdf,Official WEC/ELMS regulation presentation,A,P1,general_tire_physics,quantitative_evidence_extraction,TO_REVIEW_FULL_TEXT,From 2021 Goodyear became the sole tyre manufacturer for LMP2 in the ELMS/WEC regulatory ecosystem.,Strong control-supplier chronology; exact compound and F&M require technical bulletins.,"Deep-mine this source beyond its current Tire Lab summary. Extract every quantitative value, plotted range, table datum, test condition, equation, and uncertainty relevant to general_tire_physics that is not already represented in the knowledge master.","Record page/figure/table/section; units; tire size/construction; load; pressure; speed; temperature; surface; slip/camber; test method; whether value is direct measurement, fit, or author interpretation. Create separate evidence records rather than one broad note.",Do not turn road/passenger/aircraft magnitudes into race-tire coefficients without an explicit applicability bridge. Do not duplicate existing measurements.,
CUR-SRC143-Q2,current_knowledge_deep_mine,SRC143,Goodyear becomes LMP2 control supplier,2021,FIA WEC / ELMS,https://press.fiawec.com/assets/fileuploads/60/8f/608ff2392e874.pdf,Official WEC/ELMS regulation presentation,A,P1,general_tire_physics,relationship_constraint_extraction,TO_REVIEW_FULL_TEXT,From 2021 Goodyear became the sole tyre manufacturer for LMP2 in the ELMS/WEC regulatory ecosystem.,Strong control-supplier chronology; exact compound and F&M require technical bulletins.,"Extract the strongest causal/scaling relationships, applicability limits, calibration methods, and historical constraints from this source for general_tire_physics. Identify which Tire Lab generator formulas or priors the evidence can constrain without assigning unsupported constants.","Separate observations, scaling rules, historical constraints, fitment facts, and calibration methodology. Record scope (construction/era/use case) and directionality/nonlinearity/interactions.",Do not promote a general relationship into an exact supplier/class value unless the source actually measures that context.,
CUR-SRC144-Q1,current_knowledge_deep_mine,SRC144,WEC open tyre competition history before current control classes,2012-2025,FIA WEC,https://www.fiawec.com/en/news/michelin-mixes-up-tyre-choices-for-fuji/8489,Official WEC championship retrospective,A,P1,construction;motorsport,quantitative_evidence_extraction,TO_REVIEW_FULL_TEXT,"WEC records Michelin success in LMP1, LMP2, LMGTE Pro and LMGTE Am during periods that permitted open competition between tyre firms; Hypercar is Michelin-controlled from 2021.",Strong supplier/competition chronology; not a direct physical calibration.,"Deep-mine this source beyond its current Tire Lab summary. Extract every quantitative value, plotted range, table datum, test condition, equation, and uncertainty relevant to construction, motorsport that is not already represented in the knowledge master.","Record page/figure/table/section; units; tire size/construction; load; pressure; speed; temperature; surface; slip/camber; test method; whether value is direct measurement, fit, or author interpretation. Create separate evidence records rather than one broad note.",Do not turn road/passenger/aircraft magnitudes into race-tire coefficients without an explicit applicability bridge. Do not duplicate existing measurements.,
CUR-SRC144-Q2,current_knowledge_deep_mine,SRC144,WEC open tyre competition history before current control classes,2012-2025,FIA WEC,https://www.fiawec.com/en/news/michelin-mixes-up-tyre-choices-for-fuji/8489,Official WEC championship retrospective,A,P1,construction;motorsport,relationship_constraint_extraction,TO_REVIEW_FULL_TEXT,"WEC records Michelin success in LMP1, LMP2, LMGTE Pro and LMGTE Am during periods that permitted open competition between tyre firms; Hypercar is Michelin-controlled from 2021.",Strong supplier/competition chronology; not a direct physical calibration.,"Extract the strongest causal/scaling relationships, applicability limits, calibration methods, and historical constraints from this source for construction, motorsport. Identify which Tire Lab generator formulas or priors the evidence can constrain without assigning unsupported constants.","Separate observations, scaling rules, historical constraints, fitment facts, and calibration methodology. Record scope (construction/era/use case) and directionality/nonlinearity/interactions.",Do not promote a general relationship into an exact supplier/class value unless the source actually measures that context.,
CUR-SRC145-Q1,current_knowledge_deep_mine,SRC145,GTP Sebring pressure/camber/stint operating matrix,2023,Michelin Motorsport / IMSA,https://www.imsa.com/wp-content/uploads/sites/32/2023/02/08/MMTB-IWSC-2023-13-IWSC-GTP-Tire-usage-requirements-Sebring.pdf,Official IMSA technical bulletin,A,P1,pressure;wear;forces;motorsport,quantitative_evidence_extraction,TO_REVIEW_FULL_TEXT,"Sebring GTP bulletin specifies 29/71-18 and 34/71-18 tyres, pressure/camber matrices, TPMS, recommended minimum cold relation and 175 km maximum stint guidance.",Exceptional direct operational evidence; event-specific and not a universal tyre life.,"Deep-mine this source beyond its current Tire Lab summary. Extract every quantitative value, plotted range, table datum, test condition, equation, and uncertainty relevant to pressure, wear, forces, motorsport that is not already represented in the knowledge master.","Record page/figure/table/section; units; tire size/construction; load; pressure; speed; temperature; surface; slip/camber; test method; whether value is direct measurement, fit, or author interpretation. Create separate evidence records rather than one broad note.",Do not turn road/passenger/aircraft magnitudes into race-tire coefficients without an explicit applicability bridge. Do not duplicate existing measurements.,
CUR-SRC145-Q2,current_knowledge_deep_mine,SRC145,GTP Sebring pressure/camber/stint operating matrix,2023,Michelin Motorsport / IMSA,https://www.imsa.com/wp-content/uploads/sites/32/2023/02/08/MMTB-IWSC-2023-13-IWSC-GTP-Tire-usage-requirements-Sebring.pdf,Official IMSA technical bulletin,A,P1,pressure;wear;forces;motorsport,relationship_constraint_extraction,TO_REVIEW_FULL_TEXT,"Sebring GTP bulletin specifies 29/71-18 and 34/71-18 tyres, pressure/camber matrices, TPMS, recommended minimum cold relation and 175 km maximum stint guidance.",Exceptional direct operational evidence; event-specific and not a universal tyre life.,"Extract the strongest causal/scaling relationships, applicability limits, calibration methods, and historical constraints from this source for pressure, wear, forces, motorsport. Identify which Tire Lab generator formulas or priors the evidence can constrain without assigning unsupported constants.","Separate observations, scaling rules, historical constraints, fitment facts, and calibration methodology. Record scope (construction/era/use case) and directionality/nonlinearity/interactions.",Do not promote a general relationship into an exact supplier/class value unless the source actually measures that context.,
PREV-NEW-01-Q1,previous_50_source_packet,NEW-01,Understanding Race Tires,1998,Chuck Hallum / Hallum Racing Enterprises,https://saemobilus.sae.org/papers/understanding-race-tires-983028,RACE-TIRE MODELING,TO_ASSESS,P0,pressure;thermal;wear;forces;motorsport,full_text_measurement_extraction,TO_REVIEW_FULL_TEXT,"Contact-patch heat generation; slip, pressure, load, camber, tread thickness; deflection, spring rate and high-speed loss.","Treat model hypotheses as engineering model evidence, not universal measured coefficients.","Open/read the source and extract all quantitative measurements, curves, operating ranges, equations and test conditions relevant to the stated target: Contact-patch heat generation; slip, pressure, load, camber, tread thickness; deflection, spring rate and high-speed loss.","Verify full text status; preserve exact context, units, page/figure/table citations; deduplicate against existing evidence before promotion.","Treat model hypotheses as engineering model evidence, not universal measured coefficients.",SAE 983028
PREV-NEW-01-Q2,previous_50_source_packet,NEW-01,Understanding Race Tires,1998,Chuck Hallum / Hallum Racing Enterprises,https://saemobilus.sae.org/papers/understanding-race-tires-983028,RACE-TIRE MODELING,TO_ASSESS,P0,pressure;thermal;wear;forces;motorsport,model_applicability_extraction,TO_REVIEW_FULL_TEXT,"Contact-patch heat generation; slip, pressure, load, camber, tread thickness; deflection, spring rate and high-speed loss.","Treat model hypotheses as engineering model evidence, not universal measured coefficients.","Translate only supported findings into Tire Lab observations/scaling rules/constraints. Determine affected families/classes and what the source cannot establish. Target: Contact-patch heat generation; slip, pressure, load, camber, tread thickness; deflection, spring rate and high-speed loss.","Verify full text status; preserve exact context, units, page/figure/table citations; deduplicate against existing evidence before promotion.","Treat model hypotheses as engineering model evidence, not universal measured coefficients.",SAE 983028
PREV-NEW-02-Q1,previous_50_source_packet,NEW-02,HOW TO WORK RACE TIRES On NASCAR Ovals,2000,Chuck Hallum / Hallum Racing Enterprises,https://saemobilus.sae.org/papers/work-race-tires-nascar-ovals-2000-01-3571,DIRECT MOTORSPORT ENGINEERING,TO_ASSESS,P0,pressure;thermal;wear;forces;motorsport,full_text_measurement_extraction,TO_REVIEW_FULL_TEXT,Race-tire slip losses and tread heating; pressure sensitivity; camber/toe/load effects.,NASCAR-specific magnitudes are not universal road-racing values.,"Open/read the source and extract all quantitative measurements, curves, operating ranges, equations and test conditions relevant to the stated target: Race-tire slip losses and tread heating; pressure sensitivity; camber/toe/load effects.","Verify full text status; preserve exact context, units, page/figure/table citations; deduplicate against existing evidence before promotion.",NASCAR-specific magnitudes are not universal road-racing values.,SAE 2000-01-3571
PREV-NEW-02-Q2,previous_50_source_packet,NEW-02,HOW TO WORK RACE TIRES On NASCAR Ovals,2000,Chuck Hallum / Hallum Racing Enterprises,https://saemobilus.sae.org/papers/work-race-tires-nascar-ovals-2000-01-3571,DIRECT MOTORSPORT ENGINEERING,TO_ASSESS,P0,pressure;thermal;wear;forces;motorsport,model_applicability_extraction,TO_REVIEW_FULL_TEXT,Race-tire slip losses and tread heating; pressure sensitivity; camber/toe/load effects.,NASCAR-specific magnitudes are not universal road-racing values.,Translate only supported findings into Tire Lab observations/scaling rules/constraints. Determine affected families/classes and what the source cannot establish. Target: Race-tire slip losses and tread heating; pressure sensitivity; camber/toe/load effects.,"Verify full text status; preserve exact context, units, page/figure/table citations; deduplicate against existing evidence before promotion.",NASCAR-specific magnitudes are not universal road-racing values.,SAE 2000-01-3571
PREV-NEW-03-Q1,previous_50_source_packet,NEW-03,Dynamic Traction Characteristics of Tires,2002,Chuck Hallum / Hallum Racing,https://saemobilus.sae.org/papers/dynamic-traction-characteristics-tires-2002-01-3302,MOTORSPORT TIRE DYNAMICS,TO_ASSESS,P0,geometry;thermal;forces;transient,full_text_measurement_extraction,TO_REVIEW_FULL_TEXT,Heat generated in the contact patch changes dynamic traction during a corner; transient interpretation of load sensitivity.,Do not use as a substitute for direct historical F&M data.,"Open/read the source and extract all quantitative measurements, curves, operating ranges, equations and test conditions relevant to the stated target: Heat generated in the contact patch changes dynamic traction during a corner; transient interpretation of load sensitivity.","Verify full text status; preserve exact context, units, page/figure/table citations; deduplicate against existing evidence before promotion.",Do not use as a substitute for direct historical F&M data.,SAE 2002-01-3302
PREV-NEW-03-Q2,previous_50_source_packet,NEW-03,Dynamic Traction Characteristics of Tires,2002,Chuck Hallum / Hallum Racing,https://saemobilus.sae.org/papers/dynamic-traction-characteristics-tires-2002-01-3302,MOTORSPORT TIRE DYNAMICS,TO_ASSESS,P0,geometry;thermal;forces;transient,model_applicability_extraction,TO_REVIEW_FULL_TEXT,Heat generated in the contact patch changes dynamic traction during a corner; transient interpretation of load sensitivity.,Do not use as a substitute for direct historical F&M data.,Translate only supported findings into Tire Lab observations/scaling rules/constraints. Determine affected families/classes and what the source cannot establish. Target: Heat generated in the contact patch changes dynamic traction during a corner; transient interpretation of load sensitivity.,"Verify full text status; preserve exact context, units, page/figure/table citations; deduplicate against existing evidence before promotion.",Do not use as a substitute for direct historical F&M data.,SAE 2002-01-3302
PREV-NEW-04-Q1,previous_50_source_packet,NEW-04,Race Car Tire Modeling: A Simplified Approach for Vehicle Dynamic Analysis and Real-Time Simulation,2004,Giuseppe Callea,https://saemobilus.sae.org/papers/race-car-tire-modeling-a-simplified-approach-vehicle-dynamic-analysis-real-time-simulation-2004-01-3530,MOTORSPORT TELEMETRY/MODELING,TO_ASSESS,P0,forces;transient;motorsport,full_text_measurement_extraction,TO_REVIEW_FULL_TEXT,"Deriving tire stiffness/force behavior from on-track data; load, camber and combined slip.","Use for calibration methodology, not historic target values.","Open/read the source and extract all quantitative measurements, curves, operating ranges, equations and test conditions relevant to the stated target: Deriving tire stiffness/force behavior from on-track data; load, camber and combined slip.","Verify full text status; preserve exact context, units, page/figure/table citations; deduplicate against existing evidence before promotion.","Use for calibration methodology, not historic target values.",SAE 2004-01-3530
PREV-NEW-04-Q2,previous_50_source_packet,NEW-04,Race Car Tire Modeling: A Simplified Approach for Vehicle Dynamic Analysis and Real-Time Simulation,2004,Giuseppe Callea,https://saemobilus.sae.org/papers/race-car-tire-modeling-a-simplified-approach-vehicle-dynamic-analysis-real-time-simulation-2004-01-3530,MOTORSPORT TELEMETRY/MODELING,TO_ASSESS,P0,forces;transient;motorsport,model_applicability_extraction,TO_REVIEW_FULL_TEXT,"Deriving tire stiffness/force behavior from on-track data; load, camber and combined slip.","Use for calibration methodology, not historic target values.","Translate only supported findings into Tire Lab observations/scaling rules/constraints. Determine affected families/classes and what the source cannot establish. Target: Deriving tire stiffness/force behavior from on-track data; load, camber and combined slip.","Verify full text status; preserve exact context, units, page/figure/table citations; deduplicate against existing evidence before promotion.","Use for calibration methodology, not historic target values.",SAE 2004-01-3530
PREV-NEW-05-Q1,previous_50_source_packet,NEW-05,An Analysis of Tire Traction Properties and Their Influence on Vehicle Dynamic Performance,1970,Howard Dugoff; P. S. Fancher; Leonard Segel / University of Michigan,https://saemobilus.sae.org/papers/analysis-tire-traction-properties-influence-vehicle-dynamic-performance-700377,FOUNDATIONAL COMBINED-SLIP MODEL,TO_ASSESS,P1,forces;transient,full_text_measurement_extraction,TO_REVIEW_FULL_TEXT,"Analytical longitudinal/lateral shear forces vs normal load, sideslip, inclination and longitudinal slip; combined force behavior.",Model architecture source; validate numerical priors independently.,"Open/read the source and extract all quantitative measurements, curves, operating ranges, equations and test conditions relevant to the stated target: Analytical longitudinal/lateral shear forces vs normal load, sideslip, inclination and longitudinal slip; combined force behavior.","Verify full text status; preserve exact context, units, page/figure/table citations; deduplicate against existing evidence before promotion.",Model architecture source; validate numerical priors independently.,SAE 700377
PREV-NEW-05-Q2,previous_50_source_packet,NEW-05,An Analysis of Tire Traction Properties and Their Influence on Vehicle Dynamic Performance,1970,Howard Dugoff; P. S. Fancher; Leonard Segel / University of Michigan,https://saemobilus.sae.org/papers/analysis-tire-traction-properties-influence-vehicle-dynamic-performance-700377,FOUNDATIONAL COMBINED-SLIP MODEL,TO_ASSESS,P1,forces;transient,model_applicability_extraction,TO_REVIEW_FULL_TEXT,"Analytical longitudinal/lateral shear forces vs normal load, sideslip, inclination and longitudinal slip; combined force behavior.",Model architecture source; validate numerical priors independently.,"Translate only supported findings into Tire Lab observations/scaling rules/constraints. Determine affected families/classes and what the source cannot establish. Target: Analytical longitudinal/lateral shear forces vs normal load, sideslip, inclination and longitudinal slip; combined force behavior.","Verify full text status; preserve exact context, units, page/figure/table citations; deduplicate against existing evidence before promotion.",Model architecture source; validate numerical priors independently.,SAE 700377
PREV-NEW-06-Q1,previous_50_source_packet,NEW-06,Tire Traction Measurement on the Road and in the Laboratory,1971,Walter Bergman; Harold R. Clemett; Narendra J. Sheth / Ford,https://saemobilus.sae.org/papers/tire-traction-measurement-road-laboratory-710630,PERIOD OEM TEST METHODOLOGY,TO_ASSESS,P1,forces,full_text_measurement_extraction,TO_REVIEW_FULL_TEXT,Traction-envelope concept; road/lab correlation; cornering traction with and without power application.,"Use test-method relationships, not generic friction values as race-slick mu.","Open/read the source and extract all quantitative measurements, curves, operating ranges, equations and test conditions relevant to the stated target: Traction-envelope concept; road/lab correlation; cornering traction with and without power application.","Verify full text status; preserve exact context, units, page/figure/table citations; deduplicate against existing evidence before promotion.","Use test-method relationships, not generic friction values as race-slick mu.",SAE 710630
PREV-NEW-06-Q2,previous_50_source_packet,NEW-06,Tire Traction Measurement on the Road and in the Laboratory,1971,Walter Bergman; Harold R. Clemett; Narendra J. Sheth / Ford,https://saemobilus.sae.org/papers/tire-traction-measurement-road-laboratory-710630,PERIOD OEM TEST METHODOLOGY,TO_ASSESS,P1,forces,model_applicability_extraction,TO_REVIEW_FULL_TEXT,Traction-envelope concept; road/lab correlation; cornering traction with and without power application.,"Use test-method relationships, not generic friction values as race-slick mu.",Translate only supported findings into Tire Lab observations/scaling rules/constraints. Determine affected families/classes and what the source cannot establish. Target: Traction-envelope concept; road/lab correlation; cornering traction with and without power application.,"Verify full text status; preserve exact context, units, page/figure/table citations; deduplicate against existing evidence before promotion.","Use test-method relationships, not generic friction values as race-slick mu.",SAE 710630
PREV-NEW-07-Q1,previous_50_source_packet,NEW-07,Investigation of Tire-Road Traction Properties,1971,F. D. Smithson / GM; F. H. Herzegh / B.F. Goodrich,https://saemobilus.sae.org/papers/investigation-tire-road-traction-properties-710091,PERIOD OEM/SUPPLIER TRACTION,TO_ASSESS,P1,forces,full_text_measurement_extraction,TO_REVIEW_FULL_TEXT,Road-surface dependence of measured tire traction and test-surface categorization.,Keep road-surface effects distinct from tire construction effects.,"Open/read the source and extract all quantitative measurements, curves, operating ranges, equations and test conditions relevant to the stated target: Road-surface dependence of measured tire traction and test-surface categorization.","Verify full text status; preserve exact context, units, page/figure/table citations; deduplicate against existing evidence before promotion.",Keep road-surface effects distinct from tire construction effects.,SAE 710091
PREV-NEW-07-Q2,previous_50_source_packet,NEW-07,Investigation of Tire-Road Traction Properties,1971,F. D. Smithson / GM; F. H. Herzegh / B.F. Goodrich,https://saemobilus.sae.org/papers/investigation-tire-road-traction-properties-710091,PERIOD OEM/SUPPLIER TRACTION,TO_ASSESS,P1,forces,model_applicability_extraction,TO_REVIEW_FULL_TEXT,Road-surface dependence of measured tire traction and test-surface categorization.,Keep road-surface effects distinct from tire construction effects.,Translate only supported findings into Tire Lab observations/scaling rules/constraints. Determine affected families/classes and what the source cannot establish. Target: Road-surface dependence of measured tire traction and test-surface categorization.,"Verify full text status; preserve exact context, units, page/figure/table citations; deduplicate against existing evidence before promotion.",Keep road-surface effects distinct from tire construction effects.,SAE 710091
PREV-NEW-08-Q1,previous_50_source_packet,NEW-08,Mechanical Properties of Truck Tires,1973,J. T. Tielking; P. S. Fancher; R. E. Wild / University of Michigan,https://saemobilus.sae.org/papers/mechanical-properties-truck-tires-730183,PERIOD MECHANICS DATA,TO_ASSESS,P1,pressure;wear;forces;construction,full_text_measurement_extraction,TO_REVIEW_FULL_TEXT,"Vertical/lateral spring rates; load and inflation effects; camber/slip; ply rating, tread pattern and wear effects.",Truck absolute values are not race-tire targets; relationships are useful.,"Open/read the source and extract all quantitative measurements, curves, operating ranges, equations and test conditions relevant to the stated target: Vertical/lateral spring rates; load and inflation effects; camber/slip; ply rating, tread pattern and wear effects.","Verify full text status; preserve exact context, units, page/figure/table citations; deduplicate against existing evidence before promotion.",Truck absolute values are not race-tire targets; relationships are useful.,SAE 730183
PREV-NEW-08-Q2,previous_50_source_packet,NEW-08,Mechanical Properties of Truck Tires,1973,J. T. Tielking; P. S. Fancher; R. E. Wild / University of Michigan,https://saemobilus.sae.org/papers/mechanical-properties-truck-tires-730183,PERIOD MECHANICS DATA,TO_ASSESS,P1,pressure;wear;forces;construction,model_applicability_extraction,TO_REVIEW_FULL_TEXT,"Vertical/lateral spring rates; load and inflation effects; camber/slip; ply rating, tread pattern and wear effects.",Truck absolute values are not race-tire targets; relationships are useful.,"Translate only supported findings into Tire Lab observations/scaling rules/constraints. Determine affected families/classes and what the source cannot establish. Target: Vertical/lateral spring rates; load and inflation effects; camber/slip; ply rating, tread pattern and wear effects.","Verify full text status; preserve exact context, units, page/figure/table citations; deduplicate against existing evidence before promotion.",Truck absolute values are not race-tire targets; relationships are useful.,SAE 730183
PREV-NEW-09-Q1,previous_50_source_packet,NEW-09,Light Truck Tire Traction Properties and Their Effect on Braking Performance,1974,D. J. Bickerstaff; G. Hartley / Ford,https://saemobilus.sae.org/papers/light-truck-tire-traction-properties-effect-braking-performance-741137,PERIOD LOAD-SENSITIVITY EVIDENCE,TO_ASSESS,P1,pressure;forces;construction,full_text_measurement_extraction,TO_REVIEW_FULL_TEXT,Bias-ply peak traction load sensitivity and inflation-pressure influence.,Use the qualitative/functional relationship unless the tire class is applicable.,"Open/read the source and extract all quantitative measurements, curves, operating ranges, equations and test conditions relevant to the stated target: Bias-ply peak traction load sensitivity and inflation-pressure influence.","Verify full text status; preserve exact context, units, page/figure/table citations; deduplicate against existing evidence before promotion.",Use the qualitative/functional relationship unless the tire class is applicable.,SAE 741137
PREV-NEW-09-Q2,previous_50_source_packet,NEW-09,Light Truck Tire Traction Properties and Their Effect on Braking Performance,1974,D. J. Bickerstaff; G. Hartley / Ford,https://saemobilus.sae.org/papers/light-truck-tire-traction-properties-effect-braking-performance-741137,PERIOD LOAD-SENSITIVITY EVIDENCE,TO_ASSESS,P1,pressure;forces;construction,model_applicability_extraction,TO_REVIEW_FULL_TEXT,Bias-ply peak traction load sensitivity and inflation-pressure influence.,Use the qualitative/functional relationship unless the tire class is applicable.,Translate only supported findings into Tire Lab observations/scaling rules/constraints. Determine affected families/classes and what the source cannot establish. Target: Bias-ply peak traction load sensitivity and inflation-pressure influence.,"Verify full text status; preserve exact context, units, page/figure/table citations; deduplicate against existing evidence before promotion.",Use the qualitative/functional relationship unless the tire class is applicable.,SAE 741137
PREV-NEW-10-Q1,previous_50_source_packet,NEW-10,The Influence of Tire Wear on Steering Properties and the Corresponding Stresses at the Tread-Road Interface,1974,S. A. Lippmann; K. L. Oblizajek / Uniroyal,https://saemobilus.sae.org/papers/influence-tire-wear-steering-properties-corresponding-stresses-tread-road-interference-741102,WEAR -> FORCE/MOMENT EVIDENCE,TO_ASSESS,P1,pressure;wear;forces,full_text_measurement_extraction,TO_REVIEW_FULL_TEXT,"Wear state, structure, load and inflation effects on cornering stiffness and aligning-torque stiffness; interfacial stress distributions.",Do not equate tread depth directly with AC wear-health percentage.,"Open/read the source and extract all quantitative measurements, curves, operating ranges, equations and test conditions relevant to the stated target: Wear state, structure, load and inflation effects on cornering stiffness and aligning-torque stiffness; interfacial stress distributions.","Verify full text status; preserve exact context, units, page/figure/table citations; deduplicate against existing evidence before promotion.",Do not equate tread depth directly with AC wear-health percentage.,SAE 741102
PREV-NEW-10-Q2,previous_50_source_packet,NEW-10,The Influence of Tire Wear on Steering Properties and the Corresponding Stresses at the Tread-Road Interface,1974,S. A. Lippmann; K. L. Oblizajek / Uniroyal,https://saemobilus.sae.org/papers/influence-tire-wear-steering-properties-corresponding-stresses-tread-road-interference-741102,WEAR -> FORCE/MOMENT EVIDENCE,TO_ASSESS,P1,pressure;wear;forces,model_applicability_extraction,TO_REVIEW_FULL_TEXT,"Wear state, structure, load and inflation effects on cornering stiffness and aligning-torque stiffness; interfacial stress distributions.",Do not equate tread depth directly with AC wear-health percentage.,"Translate only supported findings into Tire Lab observations/scaling rules/constraints. Determine affected families/classes and what the source cannot establish. Target: Wear state, structure, load and inflation effects on cornering stiffness and aligning-torque stiffness; interfacial stress distributions.","Verify full text status; preserve exact context, units, page/figure/table citations; deduplicate against existing evidence before promotion.",Do not equate tread depth directly with AC wear-health percentage.,SAE 741102
PREV-NEW-11-Q1,previous_50_source_packet,NEW-11,Evaluation of Tire Abrasion in Terms of Driving Severity,1975,A. Chiesa; G. Ghilardi / Pirelli,https://saemobilus.sae.org/papers/evaluation-tire-abrasion-terms-driving-severity-750459,PERIOD SUPPLIER WEAR EVIDENCE,TO_ASSESS,P0,wear,full_text_measurement_extraction,TO_REVIEW_FULL_TEXT,"Specific wear rate, wear-profile shape, front/rear wear ratio; wear-rate ratios change with driving severity.",Excellent architecture evidence against one fixed km-life multiplier.,"Open/read the source and extract all quantitative measurements, curves, operating ranges, equations and test conditions relevant to the stated target: Specific wear rate, wear-profile shape, front/rear wear ratio; wear-rate ratios change with driving severity.","Verify full text status; preserve exact context, units, page/figure/table citations; deduplicate against existing evidence before promotion.",Excellent architecture evidence against one fixed km-life multiplier.,SAE 750459
PREV-NEW-11-Q2,previous_50_source_packet,NEW-11,Evaluation of Tire Abrasion in Terms of Driving Severity,1975,A. Chiesa; G. Ghilardi / Pirelli,https://saemobilus.sae.org/papers/evaluation-tire-abrasion-terms-driving-severity-750459,PERIOD SUPPLIER WEAR EVIDENCE,TO_ASSESS,P0,wear,model_applicability_extraction,TO_REVIEW_FULL_TEXT,"Specific wear rate, wear-profile shape, front/rear wear ratio; wear-rate ratios change with driving severity.",Excellent architecture evidence against one fixed km-life multiplier.,"Translate only supported findings into Tire Lab observations/scaling rules/constraints. Determine affected families/classes and what the source cannot establish. Target: Specific wear rate, wear-profile shape, front/rear wear ratio; wear-rate ratios change with driving severity.","Verify full text status; preserve exact context, units, page/figure/table citations; deduplicate against existing evidence before promotion.",Excellent architecture evidence against one fixed km-life multiplier.,SAE 750459
PREV-NEW-12-Q1,previous_50_source_packet,NEW-12,Road and Dynamometer Tire Power Dissipation,1975,W. B. Crum,https://saemobilus.sae.org/papers/road-dynamometer-tire-power-dissipation-750955,ENERGY/ROLLING MODEL,TO_ASSESS,P1,forces,full_text_measurement_extraction,TO_REVIEW_FULL_TEXT,Driving-tire slip power dissipation; rolling-resistance moment and loaded deflection; dynamometer vs road interpretation.,"Use to refine energy pathways, not to set racing coefficients blindly.","Open/read the source and extract all quantitative measurements, curves, operating ranges, equations and test conditions relevant to the stated target: Driving-tire slip power dissipation; rolling-resistance moment and loaded deflection; dynamometer vs road interpretation.","Verify full text status; preserve exact context, units, page/figure/table citations; deduplicate against existing evidence before promotion.","Use to refine energy pathways, not to set racing coefficients blindly.",SAE 750955
PREV-NEW-12-Q2,previous_50_source_packet,NEW-12,Road and Dynamometer Tire Power Dissipation,1975,W. B. Crum,https://saemobilus.sae.org/papers/road-dynamometer-tire-power-dissipation-750955,ENERGY/ROLLING MODEL,TO_ASSESS,P1,forces,model_applicability_extraction,TO_REVIEW_FULL_TEXT,Driving-tire slip power dissipation; rolling-resistance moment and loaded deflection; dynamometer vs road interpretation.,"Use to refine energy pathways, not to set racing coefficients blindly.",Translate only supported findings into Tire Lab observations/scaling rules/constraints. Determine affected families/classes and what the source cannot establish. Target: Driving-tire slip power dissipation; rolling-resistance moment and loaded deflection; dynamometer vs road interpretation.,"Verify full text status; preserve exact context, units, page/figure/table citations; deduplicate against existing evidence before promotion.","Use to refine energy pathways, not to set racing coefficients blindly.",SAE 750955
PREV-NEW-13-Q1,previous_50_source_packet,NEW-13,Frequency Response of Tires—Slip Angle and Lateral Force,1976,Rüdiger Weber; Hans-Georg Persch / Porsche,https://saemobilus.sae.org/papers/frequency-response-tires-slip-angle-lateral-force-760030,PERIOD PORSCHE TRANSIENT TIRE DATA,TO_ASSESS,P1,forces;transient,full_text_measurement_extraction,TO_REVIEW_FULL_TEXT,Steady vs transient tire properties; lateral-force frequency response to changing slip angle.,Useful for relaxation/transient architecture; not a thermal target source.,"Open/read the source and extract all quantitative measurements, curves, operating ranges, equations and test conditions relevant to the stated target: Steady vs transient tire properties; lateral-force frequency response to changing slip angle.","Verify full text status; preserve exact context, units, page/figure/table citations; deduplicate against existing evidence before promotion.",Useful for relaxation/transient architecture; not a thermal target source.,SAE 760030
PREV-NEW-13-Q2,previous_50_source_packet,NEW-13,Frequency Response of Tires—Slip Angle and Lateral Force,1976,Rüdiger Weber; Hans-Georg Persch / Porsche,https://saemobilus.sae.org/papers/frequency-response-tires-slip-angle-lateral-force-760030,PERIOD PORSCHE TRANSIENT TIRE DATA,TO_ASSESS,P1,forces;transient,model_applicability_extraction,TO_REVIEW_FULL_TEXT,Steady vs transient tire properties; lateral-force frequency response to changing slip angle.,Useful for relaxation/transient architecture; not a thermal target source.,Translate only supported findings into Tire Lab observations/scaling rules/constraints. Determine affected families/classes and what the source cannot establish. Target: Steady vs transient tire properties; lateral-force frequency response to changing slip angle.,"Verify full text status; preserve exact context, units, page/figure/table citations; deduplicate against existing evidence before promotion.",Useful for relaxation/transient architecture; not a thermal target source.,SAE 760030
PREV-NEW-14-Q1,previous_50_source_packet,NEW-14,Power Loss of Truck Tires Under Equilibrium and Transient Conditions,1976,I. Gusakov; D. J. Schuring / Calspan,https://saemobilus.sae.org/papers/power-loss-truck-tires-equilibrium-transient-conditions-762030,THERMAL/ENERGY TEST DATABASE,TO_ASSESS,P0,pressure;thermal;wear;forces;transient;construction,full_text_measurement_extraction,TO_REVIEW_FULL_TEXT,"Influences of wear, speed, load, torque, slip angle, inflation pressure, temperature, construction, tread and distance on power loss.",Relationships are high-value; absolute truck values need class translation.,"Open/read the source and extract all quantitative measurements, curves, operating ranges, equations and test conditions relevant to the stated target: Influences of wear, speed, load, torque, slip angle, inflation pressure, temperature, construction, tread and distance on power loss.","Verify full text status; preserve exact context, units, page/figure/table citations; deduplicate against existing evidence before promotion.",Relationships are high-value; absolute truck values need class translation.,SAE 762030
PREV-NEW-14-Q2,previous_50_source_packet,NEW-14,Power Loss of Truck Tires Under Equilibrium and Transient Conditions,1976,I. Gusakov; D. J. Schuring / Calspan,https://saemobilus.sae.org/papers/power-loss-truck-tires-equilibrium-transient-conditions-762030,THERMAL/ENERGY TEST DATABASE,TO_ASSESS,P0,pressure;thermal;wear;forces;transient;construction,model_applicability_extraction,TO_REVIEW_FULL_TEXT,"Influences of wear, speed, load, torque, slip angle, inflation pressure, temperature, construction, tread and distance on power loss.",Relationships are high-value; absolute truck values need class translation.,"Translate only supported findings into Tire Lab observations/scaling rules/constraints. Determine affected families/classes and what the source cannot establish. Target: Influences of wear, speed, load, torque, slip angle, inflation pressure, temperature, construction, tread and distance on power loss.","Verify full text status; preserve exact context, units, page/figure/table citations; deduplicate against existing evidence before promotion.",Relationships are high-value; absolute truck values need class translation.,SAE 762030
PREV-NEW-15-Q1,previous_50_source_packet,NEW-15,"The Effect of Inflation Pressure on Bias, Bias-Belted and Radial Tire Performance",1980,B. L. Collier; J. T. Warchol / B.F. Goodrich,https://saemobilus.sae.org/papers/effect-inflation-pressure-bias-bias-belted-radial-tire-performance-800087,CONSTRUCTION/PRESSURE EVIDENCE,TO_ASSESS,P0,pressure;wear;forces;construction,full_text_measurement_extraction,TO_REVIEW_FULL_TEXT,"16-48 psi tests; pressure effects on rolling resistance, tread wear, traction and mechanical properties across three constructions.","Use construction differences to constrain cross-ply/radial scaling, not race pressure targets.","Open/read the source and extract all quantitative measurements, curves, operating ranges, equations and test conditions relevant to the stated target: 16-48 psi tests; pressure effects on rolling resistance, tread wear, traction and mechanical properties across three constructions.","Verify full text status; preserve exact context, units, page/figure/table citations; deduplicate against existing evidence before promotion.","Use construction differences to constrain cross-ply/radial scaling, not race pressure targets.",SAE 800087
PREV-NEW-15-Q2,previous_50_source_packet,NEW-15,"The Effect of Inflation Pressure on Bias, Bias-Belted and Radial Tire Performance",1980,B. L. Collier; J. T. Warchol / B.F. Goodrich,https://saemobilus.sae.org/papers/effect-inflation-pressure-bias-bias-belted-radial-tire-performance-800087,CONSTRUCTION/PRESSURE EVIDENCE,TO_ASSESS,P0,pressure;wear;forces;construction,model_applicability_extraction,TO_REVIEW_FULL_TEXT,"16-48 psi tests; pressure effects on rolling resistance, tread wear, traction and mechanical properties across three constructions.","Use construction differences to constrain cross-ply/radial scaling, not race pressure targets.","Translate only supported findings into Tire Lab observations/scaling rules/constraints. Determine affected families/classes and what the source cannot establish. Target: 16-48 psi tests; pressure effects on rolling resistance, tread wear, traction and mechanical properties across three constructions.","Verify full text status; preserve exact context, units, page/figure/table citations; deduplicate against existing evidence before promotion.","Use construction differences to constrain cross-ply/radial scaling, not race pressure targets.",SAE 800087
PREV-NEW-16-Q1,previous_50_source_packet,NEW-16,Effect of Ambient Temperature on Radial Tire Rolling Resistance,1980,M. L. Janssen; G. L. Hall / Firestone,https://saemobilus.sae.org/papers/effect-ambient-temperature-radial-tire-rolling-resistance-800090,THERMAL/ROLLING EVIDENCE,TO_ASSESS,P1,pressure;thermal;wear;construction,full_text_measurement_extraction,TO_REVIEW_FULL_TEXT,Ambient -20 to 40 C; inflation and viscoelastic-property effects on rolling resistance; compound/tread differences.,General radial data; do not map absolute RR directly to race slicks.,"Open/read the source and extract all quantitative measurements, curves, operating ranges, equations and test conditions relevant to the stated target: Ambient -20 to 40 C; inflation and viscoelastic-property effects on rolling resistance; compound/tread differences.","Verify full text status; preserve exact context, units, page/figure/table citations; deduplicate against existing evidence before promotion.",General radial data; do not map absolute RR directly to race slicks.,SAE 800090
PREV-NEW-16-Q2,previous_50_source_packet,NEW-16,Effect of Ambient Temperature on Radial Tire Rolling Resistance,1980,M. L. Janssen; G. L. Hall / Firestone,https://saemobilus.sae.org/papers/effect-ambient-temperature-radial-tire-rolling-resistance-800090,THERMAL/ROLLING EVIDENCE,TO_ASSESS,P1,pressure;thermal;wear;construction,model_applicability_extraction,TO_REVIEW_FULL_TEXT,Ambient -20 to 40 C; inflation and viscoelastic-property effects on rolling resistance; compound/tread differences.,General radial data; do not map absolute RR directly to race slicks.,Translate only supported findings into Tire Lab observations/scaling rules/constraints. Determine affected families/classes and what the source cannot establish. Target: Ambient -20 to 40 C; inflation and viscoelastic-property effects on rolling resistance; compound/tread differences.,"Verify full text status; preserve exact context, units, page/figure/table citations; deduplicate against existing evidence before promotion.",General radial data; do not map absolute RR directly to race slicks.,SAE 800090
PREV-NEW-17-Q1,previous_50_source_packet,NEW-17,Analysis of Tire Deformation in Operation from the Data of Temperature Rise,1980,D. C. Prevorsek; Y. D. Kwon; R. K. Sharma; C. W. Beringer / Allied Chemical,https://saemobilus.sae.org/papers/analysis-tire-deformation-operation-data-temperature-rise-800181,THERMAL <-> DEFORMATION EVIDENCE,TO_ASSESS,P0,thermal;construction,full_text_measurement_extraction,TO_REVIEW_FULL_TEXT,Uses temperature rise to estimate in-service deformation amplitude and fatigue-relevant carcass behavior.,Use as pathway evidence linking flex/hysteresis and heat.,"Open/read the source and extract all quantitative measurements, curves, operating ranges, equations and test conditions relevant to the stated target: Uses temperature rise to estimate in-service deformation amplitude and fatigue-relevant carcass behavior.","Verify full text status; preserve exact context, units, page/figure/table citations; deduplicate against existing evidence before promotion.",Use as pathway evidence linking flex/hysteresis and heat.,SAE 800181
PREV-NEW-17-Q2,previous_50_source_packet,NEW-17,Analysis of Tire Deformation in Operation from the Data of Temperature Rise,1980,D. C. Prevorsek; Y. D. Kwon; R. K. Sharma; C. W. Beringer / Allied Chemical,https://saemobilus.sae.org/papers/analysis-tire-deformation-operation-data-temperature-rise-800181,THERMAL <-> DEFORMATION EVIDENCE,TO_ASSESS,P0,thermal;construction,model_applicability_extraction,TO_REVIEW_FULL_TEXT,Uses temperature rise to estimate in-service deformation amplitude and fatigue-relevant carcass behavior.,Use as pathway evidence linking flex/hysteresis and heat.,Translate only supported findings into Tire Lab observations/scaling rules/constraints. Determine affected families/classes and what the source cannot establish. Target: Uses temperature rise to estimate in-service deformation amplitude and fatigue-relevant carcass behavior.,"Verify full text status; preserve exact context, units, page/figure/table citations; deduplicate against existing evidence before promotion.",Use as pathway evidence linking flex/hysteresis and heat.,SAE 800181
PREV-NEW-18-Q1,previous_50_source_packet,NEW-18,Internal Air Temperature Measurements in Tyres — A Major Advance in Earth Mover Tyre Pressure Control,1980,Donald M. Gordon,https://saemobilus.sae.org/papers/internal-air-temperature-measurements-tyres-a-major-advance-earth-mover-tyre-pressure-control-801022,PRESSURE/TEMPERATURE MEASUREMENT,TO_ASSESS,P0,pressure;thermal,full_text_measurement_extraction,TO_REVIEW_FULL_TEXT,Contained-air temperature plus gas-law pressure control for hot pressure.,Large earthmover absolute values are irrelevant; measurement concept is useful.,"Open/read the source and extract all quantitative measurements, curves, operating ranges, equations and test conditions relevant to the stated target: Contained-air temperature plus gas-law pressure control for hot pressure.","Verify full text status; preserve exact context, units, page/figure/table citations; deduplicate against existing evidence before promotion.",Large earthmover absolute values are irrelevant; measurement concept is useful.,SAE 801022
PREV-NEW-18-Q2,previous_50_source_packet,NEW-18,Internal Air Temperature Measurements in Tyres — A Major Advance in Earth Mover Tyre Pressure Control,1980,Donald M. Gordon,https://saemobilus.sae.org/papers/internal-air-temperature-measurements-tyres-a-major-advance-earth-mover-tyre-pressure-control-801022,PRESSURE/TEMPERATURE MEASUREMENT,TO_ASSESS,P0,pressure;thermal,model_applicability_extraction,TO_REVIEW_FULL_TEXT,Contained-air temperature plus gas-law pressure control for hot pressure.,Large earthmover absolute values are irrelevant; measurement concept is useful.,Translate only supported findings into Tire Lab observations/scaling rules/constraints. Determine affected families/classes and what the source cannot establish. Target: Contained-air temperature plus gas-law pressure control for hot pressure.,"Verify full text status; preserve exact context, units, page/figure/table citations; deduplicate against existing evidence before promotion.",Large earthmover absolute values are irrelevant; measurement concept is useful.,SAE 801022
PREV-NEW-19-Q1,previous_50_source_packet,NEW-19,Modeling Tire Energy Dissipation for Power Loss Calculations,1981,Daniel J. Segalman,https://saemobilus.sae.org/papers/modeling-tire-energy-dissipation-power-loss-calculations-810162,THERMO-MECHANICAL ENERGY MODEL,TO_ASSESS,P0,thermal;construction,full_text_measurement_extraction,TO_REVIEW_FULL_TEXT,"Viscoelastic stress response, material distribution, temperature and deformation fields to compute unrecovered work/heat.",Use as physical architecture support; coefficients still require tire-specific evidence.,"Open/read the source and extract all quantitative measurements, curves, operating ranges, equations and test conditions relevant to the stated target: Viscoelastic stress response, material distribution, temperature and deformation fields to compute unrecovered work/heat.","Verify full text status; preserve exact context, units, page/figure/table citations; deduplicate against existing evidence before promotion.",Use as physical architecture support; coefficients still require tire-specific evidence.,SAE 810162
PREV-NEW-19-Q2,previous_50_source_packet,NEW-19,Modeling Tire Energy Dissipation for Power Loss Calculations,1981,Daniel J. Segalman,https://saemobilus.sae.org/papers/modeling-tire-energy-dissipation-power-loss-calculations-810162,THERMO-MECHANICAL ENERGY MODEL,TO_ASSESS,P0,thermal;construction,model_applicability_extraction,TO_REVIEW_FULL_TEXT,"Viscoelastic stress response, material distribution, temperature and deformation fields to compute unrecovered work/heat.",Use as physical architecture support; coefficients still require tire-specific evidence.,"Translate only supported findings into Tire Lab observations/scaling rules/constraints. Determine affected families/classes and what the source cannot establish. Target: Viscoelastic stress response, material distribution, temperature and deformation fields to compute unrecovered work/heat.","Verify full text status; preserve exact context, units, page/figure/table citations; deduplicate against existing evidence before promotion.",Use as physical architecture support; coefficients still require tire-specific evidence.,SAE 810162
PREV-NEW-20-Q1,previous_50_source_packet,NEW-20,Recent Aircraft Tire Thermal Studies,1982,Richard N. Dodge; Samuel K. Clark / University of Michigan,https://saemobilus.sae.org/papers/recent-aircraft-tire-thermal-studies-821392,THERMAL NETWORK VALIDATION,TO_ASSESS,P0,thermal,full_text_measurement_extraction,TO_REVIEW_FULL_TEXT,Internal temperature distribution from cyclic stress/work and diffusion; compared with buried thermocouples.,Aircraft duty is extreme; heat-path architecture is the main transfer value.,"Open/read the source and extract all quantitative measurements, curves, operating ranges, equations and test conditions relevant to the stated target: Internal temperature distribution from cyclic stress/work and diffusion; compared with buried thermocouples.","Verify full text status; preserve exact context, units, page/figure/table citations; deduplicate against existing evidence before promotion.",Aircraft duty is extreme; heat-path architecture is the main transfer value.,SAE 821392
PREV-NEW-20-Q2,previous_50_source_packet,NEW-20,Recent Aircraft Tire Thermal Studies,1982,Richard N. Dodge; Samuel K. Clark / University of Michigan,https://saemobilus.sae.org/papers/recent-aircraft-tire-thermal-studies-821392,THERMAL NETWORK VALIDATION,TO_ASSESS,P0,thermal,model_applicability_extraction,TO_REVIEW_FULL_TEXT,Internal temperature distribution from cyclic stress/work and diffusion; compared with buried thermocouples.,Aircraft duty is extreme; heat-path architecture is the main transfer value.,Translate only supported findings into Tire Lab observations/scaling rules/constraints. Determine affected families/classes and what the source cannot establish. Target: Internal temperature distribution from cyclic stress/work and diffusion; compared with buried thermocouples.,"Verify full text status; preserve exact context, units, page/figure/table citations; deduplicate against existing evidence before promotion.",Aircraft duty is extreme; heat-path architecture is the main transfer value.,SAE 821392
PREV-NEW-21-Q1,previous_50_source_packet,NEW-21,A New Way of Tire Characteristics Determination at the Tire Test Rig under Realistic Loading Conditions,1989,Walter Halbmann; Claudio Dori / Porsche,https://saemobilus.sae.org/papers/a-new-way-tire-characteristics-determination-tire-test-rig-realistic-loading-conditions-890101,PERIOD PORSCHE TEST METHOD,TO_ASSESS,P0,pressure;wear;forces,full_text_measurement_extraction,TO_REVIEW_FULL_TEXT,"Slip angle, longitudinal slip, camber, speed, pressure and tread-height effects; controlled wear during tire testing.",Very high priority for late-1980s/1990s family construction and test methodology.,"Open/read the source and extract all quantitative measurements, curves, operating ranges, equations and test conditions relevant to the stated target: Slip angle, longitudinal slip, camber, speed, pressure and tread-height effects; controlled wear during tire testing.","Verify full text status; preserve exact context, units, page/figure/table citations; deduplicate against existing evidence before promotion.",Very high priority for late-1980s/1990s family construction and test methodology.,SAE 890101
PREV-NEW-21-Q2,previous_50_source_packet,NEW-21,A New Way of Tire Characteristics Determination at the Tire Test Rig under Realistic Loading Conditions,1989,Walter Halbmann; Claudio Dori / Porsche,https://saemobilus.sae.org/papers/a-new-way-tire-characteristics-determination-tire-test-rig-realistic-loading-conditions-890101,PERIOD PORSCHE TEST METHOD,TO_ASSESS,P0,pressure;wear;forces,model_applicability_extraction,TO_REVIEW_FULL_TEXT,"Slip angle, longitudinal slip, camber, speed, pressure and tread-height effects; controlled wear during tire testing.",Very high priority for late-1980s/1990s family construction and test methodology.,"Translate only supported findings into Tire Lab observations/scaling rules/constraints. Determine affected families/classes and what the source cannot establish. Target: Slip angle, longitudinal slip, camber, speed, pressure and tread-height effects; controlled wear during tire testing.","Verify full text status; preserve exact context, units, page/figure/table citations; deduplicate against existing evidence before promotion.",Very high priority for late-1980s/1990s family construction and test methodology.,SAE 890101
PREV-NEW-22-Q1,previous_50_source_packet,NEW-22,Numerical Prediction of Slip Energy of a Straight Rolling Tire,1994,S. B. Tadepalli et al. / University of South Florida & Wright-Patterson AFB,https://saemobilus.sae.org/papers/numerical-prediction-slip-energy-a-straight-rolling-tire-941179,SLIP-ENERGY WEAR MODEL,TO_ASSESS,P0,wear;forces,full_text_measurement_extraction,TO_REVIEW_FULL_TEXT,Contact-patch slip velocity and slip-energy generation; even low brake slip increases energy contributing to wear.,"Use to improve wear-work normalization, not direct racing life.","Open/read the source and extract all quantitative measurements, curves, operating ranges, equations and test conditions relevant to the stated target: Contact-patch slip velocity and slip-energy generation; even low brake slip increases energy contributing to wear.","Verify full text status; preserve exact context, units, page/figure/table citations; deduplicate against existing evidence before promotion.","Use to improve wear-work normalization, not direct racing life.",SAE 941179
PREV-NEW-22-Q2,previous_50_source_packet,NEW-22,Numerical Prediction of Slip Energy of a Straight Rolling Tire,1994,S. B. Tadepalli et al. / University of South Florida & Wright-Patterson AFB,https://saemobilus.sae.org/papers/numerical-prediction-slip-energy-a-straight-rolling-tire-941179,SLIP-ENERGY WEAR MODEL,TO_ASSESS,P0,wear;forces,model_applicability_extraction,TO_REVIEW_FULL_TEXT,Contact-patch slip velocity and slip-energy generation; even low brake slip increases energy contributing to wear.,"Use to improve wear-work normalization, not direct racing life.",Translate only supported findings into Tire Lab observations/scaling rules/constraints. Determine affected families/classes and what the source cannot establish. Target: Contact-patch slip velocity and slip-energy generation; even low brake slip increases energy contributing to wear.,"Verify full text status; preserve exact context, units, page/figure/table citations; deduplicate against existing evidence before promotion.","Use to improve wear-work normalization, not direct racing life.",SAE 941179
PREV-NEW-23-Q1,previous_50_source_packet,NEW-23,The Aircraft Tire Wear Problem,1995,Thomas J. Yager / NASA,https://saemobilus.sae.org/papers/aircraft-tire-wear-problem-951391,LARGE TEST WEAR DATASET,TO_ASSESS,P0,geometry;pressure;thermal;wear;forces;construction,full_text_measurement_extraction,TO_REVIEW_FULL_TEXT,"~900 runs: tread temperature, loading, inflation, size, tread, construction, speed, yaw, braking and camber effects on wear.",Excellent multi-variable wear architecture evidence; aircraft absolute wear rates are not racing priors.,"Open/read the source and extract all quantitative measurements, curves, operating ranges, equations and test conditions relevant to the stated target: ~900 runs: tread temperature, loading, inflation, size, tread, construction, speed, yaw, braking and camber effects on wear.","Verify full text status; preserve exact context, units, page/figure/table citations; deduplicate against existing evidence before promotion.",Excellent multi-variable wear architecture evidence; aircraft absolute wear rates are not racing priors.,SAE 951391
PREV-NEW-23-Q2,previous_50_source_packet,NEW-23,The Aircraft Tire Wear Problem,1995,Thomas J. Yager / NASA,https://saemobilus.sae.org/papers/aircraft-tire-wear-problem-951391,LARGE TEST WEAR DATASET,TO_ASSESS,P0,geometry;pressure;thermal;wear;forces;construction,model_applicability_extraction,TO_REVIEW_FULL_TEXT,"~900 runs: tread temperature, loading, inflation, size, tread, construction, speed, yaw, braking and camber effects on wear.",Excellent multi-variable wear architecture evidence; aircraft absolute wear rates are not racing priors.,"Translate only supported findings into Tire Lab observations/scaling rules/constraints. Determine affected families/classes and what the source cannot establish. Target: ~900 runs: tread temperature, loading, inflation, size, tread, construction, speed, yaw, braking and camber effects on wear.","Verify full text status; preserve exact context, units, page/figure/table citations; deduplicate against existing evidence before promotion.",Excellent multi-variable wear architecture evidence; aircraft absolute wear rates are not racing priors.,SAE 951391
PREV-NEW-24-Q1,previous_50_source_packet,NEW-24,Orbiter Tire Traction and Wear,1995,C. D. Michalopoulos; David A. Hamilton,https://saemobilus.sae.org/papers/orbiter-tire-traction-wear-952019,ENERGY-BASED WEAR MODEL,TO_ASSESS,P0,geometry;wear;forces,full_text_measurement_extraction,TO_REVIEW_FULL_TEXT,"Side force/wear vs vertical load, slip angle, footprint and abradability; dissipated side-force energy used as wear index.",Use as evidence for slip-energy-to-wear coupling.,"Open/read the source and extract all quantitative measurements, curves, operating ranges, equations and test conditions relevant to the stated target: Side force/wear vs vertical load, slip angle, footprint and abradability; dissipated side-force energy used as wear index.","Verify full text status; preserve exact context, units, page/figure/table citations; deduplicate against existing evidence before promotion.",Use as evidence for slip-energy-to-wear coupling.,SAE 952019
PREV-NEW-24-Q2,previous_50_source_packet,NEW-24,Orbiter Tire Traction and Wear,1995,C. D. Michalopoulos; David A. Hamilton,https://saemobilus.sae.org/papers/orbiter-tire-traction-wear-952019,ENERGY-BASED WEAR MODEL,TO_ASSESS,P0,geometry;wear;forces,model_applicability_extraction,TO_REVIEW_FULL_TEXT,"Side force/wear vs vertical load, slip angle, footprint and abradability; dissipated side-force energy used as wear index.",Use as evidence for slip-energy-to-wear coupling.,"Translate only supported findings into Tire Lab observations/scaling rules/constraints. Determine affected families/classes and what the source cannot establish. Target: Side force/wear vs vertical load, slip angle, footprint and abradability; dissipated side-force energy used as wear index.","Verify full text status; preserve exact context, units, page/figure/table citations; deduplicate against existing evidence before promotion.",Use as evidence for slip-energy-to-wear coupling.,SAE 952019
PREV-NEW-25-Q1,previous_50_source_packet,NEW-25,"Truck Tire Wet Traction: Effects of Water Depth, Speed, Tread Depth, Inflation, and Load",1996,M. G. Pottinger et al.,https://saemobilus.sae.org/papers/truck-tire-wet-traction-effects-water-depth-speed-tread-depth-inflation-load-962153,WET-TRACTION MULTIVARIATE DATA,TO_ASSESS,P1,geometry;pressure;wear;forces;wet,full_text_measurement_extraction,TO_REVIEW_FULL_TEXT,"Designed experiments on water depth, speed, tread wear, inflation and load; lateral/alignment and braking traction.","Use to improve wet/intermediate architecture, not direct race-wet coefficients.","Open/read the source and extract all quantitative measurements, curves, operating ranges, equations and test conditions relevant to the stated target: Designed experiments on water depth, speed, tread wear, inflation and load; lateral/alignment and braking traction.","Verify full text status; preserve exact context, units, page/figure/table citations; deduplicate against existing evidence before promotion.","Use to improve wet/intermediate architecture, not direct race-wet coefficients.",SAE 962153
PREV-NEW-25-Q2,previous_50_source_packet,NEW-25,"Truck Tire Wet Traction: Effects of Water Depth, Speed, Tread Depth, Inflation, and Load",1996,M. G. Pottinger et al.,https://saemobilus.sae.org/papers/truck-tire-wet-traction-effects-water-depth-speed-tread-depth-inflation-load-962153,WET-TRACTION MULTIVARIATE DATA,TO_ASSESS,P1,geometry;pressure;wear;forces;wet,model_applicability_extraction,TO_REVIEW_FULL_TEXT,"Designed experiments on water depth, speed, tread wear, inflation and load; lateral/alignment and braking traction.","Use to improve wet/intermediate architecture, not direct race-wet coefficients.","Translate only supported findings into Tire Lab observations/scaling rules/constraints. Determine affected families/classes and what the source cannot establish. Target: Designed experiments on water depth, speed, tread wear, inflation and load; lateral/alignment and braking traction.","Verify full text status; preserve exact context, units, page/figure/table citations; deduplicate against existing evidence before promotion.","Use to improve wet/intermediate architecture, not direct race-wet coefficients.",SAE 962153
PREV-NEW-26-Q1,previous_50_source_packet,NEW-26,The Paper-Tire Concept: A Way to Optimize Tire Force and Moment Properties,1997,Dieterich J. Schuring; Wolfgang Pelz; Marion G. Pottinger,https://saemobilus.sae.org/papers/paper-tire-concept-a-way-optimize-tire-force-moment-properties-970557,PARAMETRIC TIRE MODELING,TO_ASSESS,P1,forces,full_text_measurement_extraction,TO_REVIEW_FULL_TEXT,Defines a virtual tire from recognized F&M characteristics; useful separation of tire targets from implementational model parameters.,Architecture source; no historic priors by itself.,"Open/read the source and extract all quantitative measurements, curves, operating ranges, equations and test conditions relevant to the stated target: Defines a virtual tire from recognized F&M characteristics; useful separation of tire targets from implementational model parameters.","Verify full text status; preserve exact context, units, page/figure/table citations; deduplicate against existing evidence before promotion.",Architecture source; no historic priors by itself.,SAE 970557
PREV-NEW-26-Q2,previous_50_source_packet,NEW-26,The Paper-Tire Concept: A Way to Optimize Tire Force and Moment Properties,1997,Dieterich J. Schuring; Wolfgang Pelz; Marion G. Pottinger,https://saemobilus.sae.org/papers/paper-tire-concept-a-way-optimize-tire-force-moment-properties-970557,PARAMETRIC TIRE MODELING,TO_ASSESS,P1,forces,model_applicability_extraction,TO_REVIEW_FULL_TEXT,Defines a virtual tire from recognized F&M characteristics; useful separation of tire targets from implementational model parameters.,Architecture source; no historic priors by itself.,Translate only supported findings into Tire Lab observations/scaling rules/constraints. Determine affected families/classes and what the source cannot establish. Target: Defines a virtual tire from recognized F&M characteristics; useful separation of tire targets from implementational model parameters.,"Verify full text status; preserve exact context, units, page/figure/table citations; deduplicate against existing evidence before promotion.",Architecture source; no historic priors by itself.,SAE 970557
PREV-NEW-27-Q1,previous_50_source_packet,NEW-27,Influence of Tire Core and Surface Temperature on Lateral Tire Characteristics,2014,Christian Angrick; Sebastiaan van Putten; Günther Prokop,https://saemobilus.sae.org/articles/influence-tire-core-surface-temperature-lateral-tire-characteristics-2014-01-0074,CORE VS SURFACE TEMPERATURE,TO_ASSESS,P0,pressure;thermal;forces;transient;motorsport,full_text_measurement_extraction,TO_REVIEW_FULL_TEXT,"Measures core/surface temperature separately; effects on cornering stiffness, relaxation length, lateral mu and internal pressure.",High priority for mapping AC core vs tread telemetry; modern road tire values are not historic race targets.,"Open/read the source and extract all quantitative measurements, curves, operating ranges, equations and test conditions relevant to the stated target: Measures core/surface temperature separately; effects on cornering stiffness, relaxation length, lateral mu and internal pressure.","Verify full text status; preserve exact context, units, page/figure/table citations; deduplicate against existing evidence before promotion.",High priority for mapping AC core vs tread telemetry; modern road tire values are not historic race targets.,SAE 2014-01-0074
PREV-NEW-27-Q2,previous_50_source_packet,NEW-27,Influence of Tire Core and Surface Temperature on Lateral Tire Characteristics,2014,Christian Angrick; Sebastiaan van Putten; Günther Prokop,https://saemobilus.sae.org/articles/influence-tire-core-surface-temperature-lateral-tire-characteristics-2014-01-0074,CORE VS SURFACE TEMPERATURE,TO_ASSESS,P0,pressure;thermal;forces;transient;motorsport,model_applicability_extraction,TO_REVIEW_FULL_TEXT,"Measures core/surface temperature separately; effects on cornering stiffness, relaxation length, lateral mu and internal pressure.",High priority for mapping AC core vs tread telemetry; modern road tire values are not historic race targets.,"Translate only supported findings into Tire Lab observations/scaling rules/constraints. Determine affected families/classes and what the source cannot establish. Target: Measures core/surface temperature separately; effects on cornering stiffness, relaxation length, lateral mu and internal pressure.","Verify full text status; preserve exact context, units, page/figure/table citations; deduplicate against existing evidence before promotion.",High priority for mapping AC core vs tread telemetry; modern road tire values are not historic race targets.,SAE 2014-01-0074
PREV-NEW-28-Q1,previous_50_source_packet,NEW-28,A Detailed Thermo-Mechanical Tire Model for Advanced Handling Applications,2015,Francesco Calabrese; Manfred Baecker; Carlos Galbally; Axel Gallrein,https://saemobilus.sae.org/articles/a-detailed-thermo-mechanical-tire-model-advanced-handling-applications-2015-01-0655,THERMO-MECHANICAL MODEL / MOTORSPORT VALIDATION,TO_ASSESS,P0,thermal;forces,full_text_measurement_extraction,TO_REVIEW_FULL_TEXT,Heat from cyclic deformation and contact-patch sliding; cooling to air/asphalt; local temperature changes friction; validated with motorsport measurements.,"Use for architecture and pathway calibration, not historic absolute targets.","Open/read the source and extract all quantitative measurements, curves, operating ranges, equations and test conditions relevant to the stated target: Heat from cyclic deformation and contact-patch sliding; cooling to air/asphalt; local temperature changes friction; validated with motorsport measurements.","Verify full text status; preserve exact context, units, page/figure/table citations; deduplicate against existing evidence before promotion.","Use for architecture and pathway calibration, not historic absolute targets.",SAE 2015-01-0655
PREV-NEW-28-Q2,previous_50_source_packet,NEW-28,A Detailed Thermo-Mechanical Tire Model for Advanced Handling Applications,2015,Francesco Calabrese; Manfred Baecker; Carlos Galbally; Axel Gallrein,https://saemobilus.sae.org/articles/a-detailed-thermo-mechanical-tire-model-advanced-handling-applications-2015-01-0655,THERMO-MECHANICAL MODEL / MOTORSPORT VALIDATION,TO_ASSESS,P0,thermal;forces,model_applicability_extraction,TO_REVIEW_FULL_TEXT,Heat from cyclic deformation and contact-patch sliding; cooling to air/asphalt; local temperature changes friction; validated with motorsport measurements.,"Use for architecture and pathway calibration, not historic absolute targets.",Translate only supported findings into Tire Lab observations/scaling rules/constraints. Determine affected families/classes and what the source cannot establish. Target: Heat from cyclic deformation and contact-patch sliding; cooling to air/asphalt; local temperature changes friction; validated with motorsport measurements.,"Verify full text status; preserve exact context, units, page/figure/table citations; deduplicate against existing evidence before promotion.","Use for architecture and pathway calibration, not historic absolute targets.",SAE 2015-01-0655
PREV-NEW-29-Q1,previous_50_source_packet,NEW-29,A Hybrid Approach to Model the Temperature Effect in Tire Forces and Moments,2017,Bibin S; Ashok Kumar Pandey,https://saemobilus.sae.org/articles/a-hybrid-approach-model-temperature-effect-tire-forces-moments-2017-01-9676,TEMPERATURE -> F&M,TO_ASSESS,P1,thermal;forces,full_text_measurement_extraction,TO_REVIEW_FULL_TEXT,Temperature effects on longitudinal/lateral force and aligning moment; rubber friction/elastic-modulus variation.,Use functional trends; tire/sample specifics limit direct coefficients.,"Open/read the source and extract all quantitative measurements, curves, operating ranges, equations and test conditions relevant to the stated target: Temperature effects on longitudinal/lateral force and aligning moment; rubber friction/elastic-modulus variation.","Verify full text status; preserve exact context, units, page/figure/table citations; deduplicate against existing evidence before promotion.",Use functional trends; tire/sample specifics limit direct coefficients.,SAE 2017-01-9676
PREV-NEW-29-Q2,previous_50_source_packet,NEW-29,A Hybrid Approach to Model the Temperature Effect in Tire Forces and Moments,2017,Bibin S; Ashok Kumar Pandey,https://saemobilus.sae.org/articles/a-hybrid-approach-model-temperature-effect-tire-forces-moments-2017-01-9676,TEMPERATURE -> F&M,TO_ASSESS,P1,thermal;forces,model_applicability_extraction,TO_REVIEW_FULL_TEXT,Temperature effects on longitudinal/lateral force and aligning moment; rubber friction/elastic-modulus variation.,Use functional trends; tire/sample specifics limit direct coefficients.,Translate only supported findings into Tire Lab observations/scaling rules/constraints. Determine affected families/classes and what the source cannot establish. Target: Temperature effects on longitudinal/lateral force and aligning moment; rubber friction/elastic-modulus variation.,"Verify full text status; preserve exact context, units, page/figure/table citations; deduplicate against existing evidence before promotion.",Use functional trends; tire/sample specifics limit direct coefficients.,SAE 2017-01-9676
PREV-NEW-30-Q1,previous_50_source_packet,NEW-30,Tire Thermal Model for Enhanced Vehicle Dynamics Simulation,2009,Aldo Sorniotti / University of Surrey,https://saemobilus.sae.org/papers/tire-thermal-model-enhanced-vehicle-dynamics-simulation-2009-01-0441,THERMAL MODEL / EXPERIMENTAL VALIDATION,TO_ASSESS,P0,geometry;thermal;forces;transient,full_text_measurement_extraction,TO_REVIEW_FULL_TEXT,Empirical tire-temperature estimator coupled to a brush model so temperature alters tangential forces.,"Use as calibration framework, not historic temperature truth.","Open/read the source and extract all quantitative measurements, curves, operating ranges, equations and test conditions relevant to the stated target: Empirical tire-temperature estimator coupled to a brush model so temperature alters tangential forces.","Verify full text status; preserve exact context, units, page/figure/table citations; deduplicate against existing evidence before promotion.","Use as calibration framework, not historic temperature truth.",SAE 2009-01-0441
PREV-NEW-30-Q2,previous_50_source_packet,NEW-30,Tire Thermal Model for Enhanced Vehicle Dynamics Simulation,2009,Aldo Sorniotti / University of Surrey,https://saemobilus.sae.org/papers/tire-thermal-model-enhanced-vehicle-dynamics-simulation-2009-01-0441,THERMAL MODEL / EXPERIMENTAL VALIDATION,TO_ASSESS,P0,geometry;thermal;forces;transient,model_applicability_extraction,TO_REVIEW_FULL_TEXT,Empirical tire-temperature estimator coupled to a brush model so temperature alters tangential forces.,"Use as calibration framework, not historic temperature truth.",Translate only supported findings into Tire Lab observations/scaling rules/constraints. Determine affected families/classes and what the source cannot establish. Target: Empirical tire-temperature estimator coupled to a brush model so temperature alters tangential forces.,"Verify full text status; preserve exact context, units, page/figure/table citations; deduplicate against existing evidence before promotion.","Use as calibration framework, not historic temperature truth.",SAE 2009-01-0441
PREV-NEW-31-Q1,previous_50_source_packet,NEW-31,TRT: Thermo Racing Tyre — a Physical Model to Predict the Tyre Temperature Distribution,2013,Flavio Farroni; Daniele Giordano; Michele Russo; Francesco Timpone,https://www.researchgate.net/publication/258226051_TRT_Thermo_racing_tyre_a_physical_model_to_predict_the_tyre_temperature_distribution,MOTORSPORT THERMAL MODEL,TO_ASSESS,P0,thermal;forces;wet;motorsport,full_text_measurement_extraction,TO_REVIEW_FULL_TEXT,"3-D racing tire model: surface/bulk/inner-liner temperatures, friction energy, strain-energy loss, air/track cooling and internal heat flow; telemetry inputs.",High priority for CSP Thermal V2 pathway mapping; keep model-specific parameters separate.,"Open/read the source and extract all quantitative measurements, curves, operating ranges, equations and test conditions relevant to the stated target: 3-D racing tire model: surface/bulk/inner-liner temperatures, friction energy, strain-energy loss, air/track cooling and internal heat flow; telemetry inputs.","Verify full text status; preserve exact context, units, page/figure/table citations; deduplicate against existing evidence before promotion.",High priority for CSP Thermal V2 pathway mapping; keep model-specific parameters separate.,"Meccanica 49, DOI 10.1007/s11012-013-9821-9"
PREV-NEW-31-Q2,previous_50_source_packet,NEW-31,TRT: Thermo Racing Tyre — a Physical Model to Predict the Tyre Temperature Distribution,2013,Flavio Farroni; Daniele Giordano; Michele Russo; Francesco Timpone,https://www.researchgate.net/publication/258226051_TRT_Thermo_racing_tyre_a_physical_model_to_predict_the_tyre_temperature_distribution,MOTORSPORT THERMAL MODEL,TO_ASSESS,P0,thermal;forces;wet;motorsport,model_applicability_extraction,TO_REVIEW_FULL_TEXT,"3-D racing tire model: surface/bulk/inner-liner temperatures, friction energy, strain-energy loss, air/track cooling and internal heat flow; telemetry inputs.",High priority for CSP Thermal V2 pathway mapping; keep model-specific parameters separate.,"Translate only supported findings into Tire Lab observations/scaling rules/constraints. Determine affected families/classes and what the source cannot establish. Target: 3-D racing tire model: surface/bulk/inner-liner temperatures, friction energy, strain-energy loss, air/track cooling and internal heat flow; telemetry inputs.","Verify full text status; preserve exact context, units, page/figure/table citations; deduplicate against existing evidence before promotion.",High priority for CSP Thermal V2 pathway mapping; keep model-specific parameters separate.,"Meccanica 49, DOI 10.1007/s11012-013-9821-9"
PREV-NEW-32-Q1,previous_50_source_packet,NEW-32,TRT EVO: Advances in Real-Time Thermodynamic Tire Modeling for Vehicle Dynamics Simulations,2018/2019,Flavio Farroni; Michele Russo; Aleksandr Sakhnevych; Francesco Timpone,https://journals.sagepub.com/doi/abs/10.1177/0954407018808992,MOTORSPORT THERMAL MODEL,TO_ASSESS,P0,pressure;thermal;forces;transient,full_text_measurement_extraction,TO_REVIEW_FULL_TEXT,"Extends TRT for inhomogeneous contact-patch pressure/stress/sliding, camber effects and additional thermal influences.",Architecture source; verify full text before extracting numerical parameters.,"Open/read the source and extract all quantitative measurements, curves, operating ranges, equations and test conditions relevant to the stated target: Extends TRT for inhomogeneous contact-patch pressure/stress/sliding, camber effects and additional thermal influences.","Verify full text status; preserve exact context, units, page/figure/table citations; deduplicate against existing evidence before promotion.",Architecture source; verify full text before extracting numerical parameters.,"Proc IMechE Part D, DOI 10.1177/0954407018808992"
PREV-NEW-32-Q2,previous_50_source_packet,NEW-32,TRT EVO: Advances in Real-Time Thermodynamic Tire Modeling for Vehicle Dynamics Simulations,2018/2019,Flavio Farroni; Michele Russo; Aleksandr Sakhnevych; Francesco Timpone,https://journals.sagepub.com/doi/abs/10.1177/0954407018808992,MOTORSPORT THERMAL MODEL,TO_ASSESS,P0,pressure;thermal;forces;transient,model_applicability_extraction,TO_REVIEW_FULL_TEXT,"Extends TRT for inhomogeneous contact-patch pressure/stress/sliding, camber effects and additional thermal influences.",Architecture source; verify full text before extracting numerical parameters.,"Translate only supported findings into Tire Lab observations/scaling rules/constraints. Determine affected families/classes and what the source cannot establish. Target: Extends TRT for inhomogeneous contact-patch pressure/stress/sliding, camber effects and additional thermal influences.","Verify full text status; preserve exact context, units, page/figure/table citations; deduplicate against existing evidence before promotion.",Architecture source; verify full text before extracting numerical parameters.,"Proc IMechE Part D, DOI 10.1177/0954407018808992"
PREV-NEW-33-Q1,previous_50_source_packet,NEW-33,Effect of Temperature on Wear Performance of Aircraft Tire Tread Rubber,2019,Jian Wu; Long Chen; Youshan Wang; Benlong Su; Zhibo Cui; Diyuan Wang,https://www.sciencedirect.com/science/article/pii/S0142941819308530,TEMPERATURE/SLIP -> WEAR,TO_ASSESS,P0,thermal;wear;forces,full_text_measurement_extraction,TO_REVIEW_FULL_TEXT,Wear tests across temperature and slip angle; wear mechanism changes with temperature; wear rate correlates with frictional power density.,"Material is aircraft tread rubber; use mechanism/shape evidence, not historic race life.","Open/read the source and extract all quantitative measurements, curves, operating ranges, equations and test conditions relevant to the stated target: Wear tests across temperature and slip angle; wear mechanism changes with temperature; wear rate correlates with frictional power density.","Verify full text status; preserve exact context, units, page/figure/table citations; deduplicate against existing evidence before promotion.","Material is aircraft tread rubber; use mechanism/shape evidence, not historic race life.","Polymer Testing 79, 106037"
PREV-NEW-33-Q2,previous_50_source_packet,NEW-33,Effect of Temperature on Wear Performance of Aircraft Tire Tread Rubber,2019,Jian Wu; Long Chen; Youshan Wang; Benlong Su; Zhibo Cui; Diyuan Wang,https://www.sciencedirect.com/science/article/pii/S0142941819308530,TEMPERATURE/SLIP -> WEAR,TO_ASSESS,P0,thermal;wear;forces,model_applicability_extraction,TO_REVIEW_FULL_TEXT,Wear tests across temperature and slip angle; wear mechanism changes with temperature; wear rate correlates with frictional power density.,"Material is aircraft tread rubber; use mechanism/shape evidence, not historic race life.",Translate only supported findings into Tire Lab observations/scaling rules/constraints. Determine affected families/classes and what the source cannot establish. Target: Wear tests across temperature and slip angle; wear mechanism changes with temperature; wear rate correlates with frictional power density.,"Verify full text status; preserve exact context, units, page/figure/table citations; deduplicate against existing evidence before promotion.","Material is aircraft tread rubber; use mechanism/shape evidence, not historic race life.","Polymer Testing 79, 106037"
PREV-NEW-34-Q1,previous_50_source_packet,NEW-34,Estimating Tire Pressure Based on Different Tire Temperature Measurement Points,2024,Jukka Hyttinen et al.,https://saemobilus.sae.org/papers/estimating-tire-pressure-based-different-tire-temperature-measurement-points-2024-01-5002,PRESSURE/TEMPERATURE SENSOR INTERPRETATION,TO_ASSESS,P0,pressure;thermal,full_text_measurement_extraction,TO_REVIEW_FULL_TEXT,Inner-liner temperature best predicts cavity pressure; driving pressure changes nearly isochoric in the tested tires.,Important for deciding which AC/telemetry temperature should drive pressure prediction; modern application only.,"Open/read the source and extract all quantitative measurements, curves, operating ranges, equations and test conditions relevant to the stated target: Inner-liner temperature best predicts cavity pressure; driving pressure changes nearly isochoric in the tested tires.","Verify full text status; preserve exact context, units, page/figure/table citations; deduplicate against existing evidence before promotion.",Important for deciding which AC/telemetry temperature should drive pressure prediction; modern application only.,SAE 2024-01-5002
PREV-NEW-34-Q2,previous_50_source_packet,NEW-34,Estimating Tire Pressure Based on Different Tire Temperature Measurement Points,2024,Jukka Hyttinen et al.,https://saemobilus.sae.org/papers/estimating-tire-pressure-based-different-tire-temperature-measurement-points-2024-01-5002,PRESSURE/TEMPERATURE SENSOR INTERPRETATION,TO_ASSESS,P0,pressure;thermal,model_applicability_extraction,TO_REVIEW_FULL_TEXT,Inner-liner temperature best predicts cavity pressure; driving pressure changes nearly isochoric in the tested tires.,Important for deciding which AC/telemetry temperature should drive pressure prediction; modern application only.,Translate only supported findings into Tire Lab observations/scaling rules/constraints. Determine affected families/classes and what the source cannot establish. Target: Inner-liner temperature best predicts cavity pressure; driving pressure changes nearly isochoric in the tested tires.,"Verify full text status; preserve exact context, units, page/figure/table citations; deduplicate against existing evidence before promotion.",Important for deciding which AC/telemetry temperature should drive pressure prediction; modern application only.,SAE 2024-01-5002
PREV-NEW-35-Q1,previous_50_source_packet,NEW-35,Tire Thermal Model with State Observer Integration for Enhanced Real-Time Temperature Prediction,2025,Armando Longobardi; Sanjay Balaga; Mario Labella; Mohamed El Amine Gorine / Goodyear,https://saemobilus.sae.org/papers/tire-thermal-model-state-observer-integration-enhanced-real-time-temperature-prediction-2025-01-8756,CURRENT SUPPLIER THERMAL MODEL,TO_ASSESS,P0,thermal,full_text_measurement_extraction,TO_REVIEW_FULL_TEXT,Goodyear 1-D multi-layer thermal model with state observer and TPMS correction.,Useful architecture reference; do not let modern road model overwrite historical construction priors.,"Open/read the source and extract all quantitative measurements, curves, operating ranges, equations and test conditions relevant to the stated target: Goodyear 1-D multi-layer thermal model with state observer and TPMS correction.","Verify full text status; preserve exact context, units, page/figure/table citations; deduplicate against existing evidence before promotion.",Useful architecture reference; do not let modern road model overwrite historical construction priors.,SAE 2025-01-8756
PREV-NEW-35-Q2,previous_50_source_packet,NEW-35,Tire Thermal Model with State Observer Integration for Enhanced Real-Time Temperature Prediction,2025,Armando Longobardi; Sanjay Balaga; Mario Labella; Mohamed El Amine Gorine / Goodyear,https://saemobilus.sae.org/papers/tire-thermal-model-state-observer-integration-enhanced-real-time-temperature-prediction-2025-01-8756,CURRENT SUPPLIER THERMAL MODEL,TO_ASSESS,P0,thermal,model_applicability_extraction,TO_REVIEW_FULL_TEXT,Goodyear 1-D multi-layer thermal model with state observer and TPMS correction.,Useful architecture reference; do not let modern road model overwrite historical construction priors.,Translate only supported findings into Tire Lab observations/scaling rules/constraints. Determine affected families/classes and what the source cannot establish. Target: Goodyear 1-D multi-layer thermal model with state observer and TPMS correction.,"Verify full text status; preserve exact context, units, page/figure/table citations; deduplicate against existing evidence before promotion.",Useful architecture reference; do not let modern road model overwrite historical construction priors.,SAE 2025-01-8756
PREV-NEW-36-Q1,previous_50_source_packet,NEW-36,TEMPERATURES OF PNEUMATIC TRUCK-TIRES,1922,F. O. Ellenwood / Goodyear,https://saemobilus.sae.org/papers/temperatures-pneumatic-truck-tires-220048,EARLY PERIOD THERMAL EVIDENCE,TO_ASSESS,P1,geometry;pressure;thermal;motorsport,full_text_measurement_extraction,TO_REVIEW_FULL_TEXT,"Goodyear study of temperature measurement and effects of pressure, load, run length, stops, rim/tire size and design; identifies rapid flexing as a major heat source.","Very old truck tire; use mechanisms and historical chronology, not racing numbers.","Open/read the source and extract all quantitative measurements, curves, operating ranges, equations and test conditions relevant to the stated target: Goodyear study of temperature measurement and effects of pressure, load, run length, stops, rim/tire size and design; identifies rapid flexing as a major heat source.","Verify full text status; preserve exact context, units, page/figure/table citations; deduplicate against existing evidence before promotion.","Very old truck tire; use mechanisms and historical chronology, not racing numbers.",SAE 220048
PREV-NEW-36-Q2,previous_50_source_packet,NEW-36,TEMPERATURES OF PNEUMATIC TRUCK-TIRES,1922,F. O. Ellenwood / Goodyear,https://saemobilus.sae.org/papers/temperatures-pneumatic-truck-tires-220048,EARLY PERIOD THERMAL EVIDENCE,TO_ASSESS,P1,geometry;pressure;thermal;motorsport,model_applicability_extraction,TO_REVIEW_FULL_TEXT,"Goodyear study of temperature measurement and effects of pressure, load, run length, stops, rim/tire size and design; identifies rapid flexing as a major heat source.","Very old truck tire; use mechanisms and historical chronology, not racing numbers.","Translate only supported findings into Tire Lab observations/scaling rules/constraints. Determine affected families/classes and what the source cannot establish. Target: Goodyear study of temperature measurement and effects of pressure, load, run length, stops, rim/tire size and design; identifies rapid flexing as a major heat source.","Verify full text status; preserve exact context, units, page/figure/table citations; deduplicate against existing evidence before promotion.","Very old truck tire; use mechanisms and historical chronology, not racing numbers.",SAE 220048
PREV-NEW-37-Q1,previous_50_source_packet,NEW-37,Factors Affecting Tire Traction,1967,Walter E. DeVinney / Goodyear,https://saemobilus.sae.org/papers/factors-affecting-tire-traction-670461,PERIOD SUPPLIER WET TRACTION,TO_ASSESS,P1,pressure;thermal;wear;forces;wet;construction,full_text_measurement_extraction,TO_REVIEW_FULL_TEXT,"Wet traction vs speed, tread/compound, construction, inflation, surface, load and temperature.",Use to support wet-model multidimensionality; no generic wet mu transfer.,"Open/read the source and extract all quantitative measurements, curves, operating ranges, equations and test conditions relevant to the stated target: Wet traction vs speed, tread/compound, construction, inflation, surface, load and temperature.","Verify full text status; preserve exact context, units, page/figure/table citations; deduplicate against existing evidence before promotion.",Use to support wet-model multidimensionality; no generic wet mu transfer.,SAE 670461
PREV-NEW-37-Q2,previous_50_source_packet,NEW-37,Factors Affecting Tire Traction,1967,Walter E. DeVinney / Goodyear,https://saemobilus.sae.org/papers/factors-affecting-tire-traction-670461,PERIOD SUPPLIER WET TRACTION,TO_ASSESS,P1,pressure;thermal;wear;forces;wet;construction,model_applicability_extraction,TO_REVIEW_FULL_TEXT,"Wet traction vs speed, tread/compound, construction, inflation, surface, load and temperature.",Use to support wet-model multidimensionality; no generic wet mu transfer.,"Translate only supported findings into Tire Lab observations/scaling rules/constraints. Determine affected families/classes and what the source cannot establish. Target: Wet traction vs speed, tread/compound, construction, inflation, surface, load and temperature.","Verify full text status; preserve exact context, units, page/figure/table citations; deduplicate against existing evidence before promotion.",Use to support wet-model multidimensionality; no generic wet mu transfer.,SAE 670461
PREV-NEW-38-Q1,previous_50_source_packet,NEW-38,Factors Affecting Passenger Tire Traction on the Wet Road,1968,J. D. Kelley / Firestone,https://saemobilus.sae.org/papers/factors-affecting-passenger-tire-traction-wet-road-680138,PERIOD SUPPLIER WET TRACTION,TO_ASSESS,P1,pressure;thermal;wear;forces;wet;construction,full_text_measurement_extraction,TO_REVIEW_FULL_TEXT,"Tread design, compound, construction plus speed, surface, load, temperature and inflation pressure.",Use as wet/intermediate mechanism evidence.,"Open/read the source and extract all quantitative measurements, curves, operating ranges, equations and test conditions relevant to the stated target: Tread design, compound, construction plus speed, surface, load, temperature and inflation pressure.","Verify full text status; preserve exact context, units, page/figure/table citations; deduplicate against existing evidence before promotion.",Use as wet/intermediate mechanism evidence.,SAE 680138
PREV-NEW-38-Q2,previous_50_source_packet,NEW-38,Factors Affecting Passenger Tire Traction on the Wet Road,1968,J. D. Kelley / Firestone,https://saemobilus.sae.org/papers/factors-affecting-passenger-tire-traction-wet-road-680138,PERIOD SUPPLIER WET TRACTION,TO_ASSESS,P1,pressure;thermal;wear;forces;wet;construction,model_applicability_extraction,TO_REVIEW_FULL_TEXT,"Tread design, compound, construction plus speed, surface, load, temperature and inflation pressure.",Use as wet/intermediate mechanism evidence.,"Translate only supported findings into Tire Lab observations/scaling rules/constraints. Determine affected families/classes and what the source cannot establish. Target: Tread design, compound, construction plus speed, surface, load, temperature and inflation pressure.","Verify full text status; preserve exact context, units, page/figure/table citations; deduplicate against existing evidence before promotion.",Use as wet/intermediate mechanism evidence.,SAE 680138
PREV-NEW-39-Q1,previous_50_source_packet,NEW-39,"Vehicle Operating Costs, Fuel Consumption, and Pavement Type and Condition Factors",1982,J. P. Zaniewski et al. / Federal Highway Administration,https://rosap.ntl.bts.gov/view/dot/1012/dot_1012_DS1.pdf,GOVERNMENT SLIP-ENERGY WEAR MODEL,TO_ASSESS,P0,wear;forces;construction,full_text_measurement_extraction,TO_REVIEW_FULL_TEXT,Contains tire-wear chapter using volume loss vs slip energy and a slip-energy/volume coefficient; includes radial/bias examples and pavement effects.,Do not equate this road-tire wear model to racing life directly; valuable for energy-normalized wear architecture.,"Open/read the source and extract all quantitative measurements, curves, operating ranges, equations and test conditions relevant to the stated target: Contains tire-wear chapter using volume loss vs slip energy and a slip-energy/volume coefficient; includes radial/bias examples and pavement effects.","Verify full text status; preserve exact context, units, page/figure/table citations; deduplicate against existing evidence before promotion.",Do not equate this road-tire wear model to racing life directly; valuable for energy-normalized wear architecture.,FHWA/PL/82/001
PREV-NEW-39-Q2,previous_50_source_packet,NEW-39,"Vehicle Operating Costs, Fuel Consumption, and Pavement Type and Condition Factors",1982,J. P. Zaniewski et al. / Federal Highway Administration,https://rosap.ntl.bts.gov/view/dot/1012/dot_1012_DS1.pdf,GOVERNMENT SLIP-ENERGY WEAR MODEL,TO_ASSESS,P0,wear;forces;construction,model_applicability_extraction,TO_REVIEW_FULL_TEXT,Contains tire-wear chapter using volume loss vs slip energy and a slip-energy/volume coefficient; includes radial/bias examples and pavement effects.,Do not equate this road-tire wear model to racing life directly; valuable for energy-normalized wear architecture.,Translate only supported findings into Tire Lab observations/scaling rules/constraints. Determine affected families/classes and what the source cannot establish. Target: Contains tire-wear chapter using volume loss vs slip energy and a slip-energy/volume coefficient; includes radial/bias examples and pavement effects.,"Verify full text status; preserve exact context, units, page/figure/table citations; deduplicate against existing evidence before promotion.",Do not equate this road-tire wear model to racing life directly; valuable for energy-normalized wear architecture.,FHWA/PL/82/001
PREV-NEW-40-Q1,previous_50_source_packet,NEW-40,Talking Tyres,1970,Motor Sport — interview/discussion with racing tyre engineers,https://www.motorsportmagazine.com/archive/article/march-1970/46/talking-tyres/,DIRECT PERIOD RACING TECHNICAL COMMENTARY,TO_ASSESS,P1,thermal;forces;wet;construction;motorsport,full_text_measurement_extraction,TO_REVIEW_FULL_TEXT,"Contemporary engineers discuss surface coefficient, compound/construction and temperature being critical; racing development feedback into low-profile, wet traction and materials.",Extract speaker attribution and context; avoid treating opinions as precise measurements.,"Open/read the source and extract all quantitative measurements, curves, operating ranges, equations and test conditions relevant to the stated target: Contemporary engineers discuss surface coefficient, compound/construction and temperature being critical; racing development feedback into low-profile, wet traction and materials.","Verify full text status; preserve exact context, units, page/figure/table citations; deduplicate against existing evidence before promotion.",Extract speaker attribution and context; avoid treating opinions as precise measurements.,Period magazine technical interview
PREV-NEW-40-Q2,previous_50_source_packet,NEW-40,Talking Tyres,1970,Motor Sport — interview/discussion with racing tyre engineers,https://www.motorsportmagazine.com/archive/article/march-1970/46/talking-tyres/,DIRECT PERIOD RACING TECHNICAL COMMENTARY,TO_ASSESS,P1,thermal;forces;wet;construction;motorsport,model_applicability_extraction,TO_REVIEW_FULL_TEXT,"Contemporary engineers discuss surface coefficient, compound/construction and temperature being critical; racing development feedback into low-profile, wet traction and materials.",Extract speaker attribution and context; avoid treating opinions as precise measurements.,"Translate only supported findings into Tire Lab observations/scaling rules/constraints. Determine affected families/classes and what the source cannot establish. Target: Contemporary engineers discuss surface coefficient, compound/construction and temperature being critical; racing development feedback into low-profile, wet traction and materials.","Verify full text status; preserve exact context, units, page/figure/table citations; deduplicate against existing evidence before promotion.",Extract speaker attribution and context; avoid treating opinions as precise measurements.,Period magazine technical interview
PREV-NEW-41-Q1,previous_50_source_packet,NEW-41,Matters of Moment — September 1975,1975,Motor Sport quoting Goodyear Chief Race Tyre Engineer Bert Baldwin,https://www.motorsportmagazine.com/archive/article/september-1975/21/matters-of-moment-september-1975/,DIRECT PERIOD F1 TEMPERATURE EVIDENCE,TO_ASSESS,P0,thermal;forces;wet;motorsport,full_text_measurement_extraction,TO_REVIEW_FULL_TEXT,Goodyear quote: dry race tire most effective around 220 F; wet around 170 F; wet tire on dry track can exceed 300 F and break up.,Extremely valuable but F1/Goodyear/event-era specific. Preserve whether temperatures refer to tread/operating tire measurement; do not apply universally.,"Open/read the source and extract all quantitative measurements, curves, operating ranges, equations and test conditions relevant to the stated target: Goodyear quote: dry race tire most effective around 220 F; wet around 170 F; wet tire on dry track can exceed 300 F and break up.","Verify full text status; preserve exact context, units, page/figure/table citations; deduplicate against existing evidence before promotion.",Extremely valuable but F1/Goodyear/event-era specific. Preserve whether temperatures refer to tread/operating tire measurement; do not apply universally.,Period technical reporting
PREV-NEW-41-Q2,previous_50_source_packet,NEW-41,Matters of Moment — September 1975,1975,Motor Sport quoting Goodyear Chief Race Tyre Engineer Bert Baldwin,https://www.motorsportmagazine.com/archive/article/september-1975/21/matters-of-moment-september-1975/,DIRECT PERIOD F1 TEMPERATURE EVIDENCE,TO_ASSESS,P0,thermal;forces;wet;motorsport,model_applicability_extraction,TO_REVIEW_FULL_TEXT,Goodyear quote: dry race tire most effective around 220 F; wet around 170 F; wet tire on dry track can exceed 300 F and break up.,Extremely valuable but F1/Goodyear/event-era specific. Preserve whether temperatures refer to tread/operating tire measurement; do not apply universally.,Translate only supported findings into Tire Lab observations/scaling rules/constraints. Determine affected families/classes and what the source cannot establish. Target: Goodyear quote: dry race tire most effective around 220 F; wet around 170 F; wet tire on dry track can exceed 300 F and break up.,"Verify full text status; preserve exact context, units, page/figure/table citations; deduplicate against existing evidence before promotion.",Extremely valuable but F1/Goodyear/event-era specific. Preserve whether temperatures refer to tread/operating tire measurement; do not apply universally.,Period technical reporting
PREV-NEW-42-Q1,previous_50_source_packet,NEW-42,Behind the Grand Prix Scene,1982,Motor Sport,https://www.motorsportmagazine.com/archive/article/april-1982/102/behind-grand-prix-scene/,DIRECT PERIOD F1 SETUP PRACTICE,TO_ASSESS,P0,thermal;wear;motorsport,full_text_measurement_extraction,TO_REVIEW_FULL_TEXT,"Needle pyrometer I/M/O readings immediately after stopping; aim for consistent tread temperature; many F1 tires around 12-15 psi, making 1 psi significant.","F1-specific; use as evidence for pyrometer methodology and pressure sensitivity, not touring/GT pressure targets.","Open/read the source and extract all quantitative measurements, curves, operating ranges, equations and test conditions relevant to the stated target: Needle pyrometer I/M/O readings immediately after stopping; aim for consistent tread temperature; many F1 tires around 12-15 psi, making 1 psi significant.","Verify full text status; preserve exact context, units, page/figure/table citations; deduplicate against existing evidence before promotion.","F1-specific; use as evidence for pyrometer methodology and pressure sensitivity, not touring/GT pressure targets.",Period pit-lane technical observation
PREV-NEW-42-Q2,previous_50_source_packet,NEW-42,Behind the Grand Prix Scene,1982,Motor Sport,https://www.motorsportmagazine.com/archive/article/april-1982/102/behind-grand-prix-scene/,DIRECT PERIOD F1 SETUP PRACTICE,TO_ASSESS,P0,thermal;wear;motorsport,model_applicability_extraction,TO_REVIEW_FULL_TEXT,"Needle pyrometer I/M/O readings immediately after stopping; aim for consistent tread temperature; many F1 tires around 12-15 psi, making 1 psi significant.","F1-specific; use as evidence for pyrometer methodology and pressure sensitivity, not touring/GT pressure targets.","Translate only supported findings into Tire Lab observations/scaling rules/constraints. Determine affected families/classes and what the source cannot establish. Target: Needle pyrometer I/M/O readings immediately after stopping; aim for consistent tread temperature; many F1 tires around 12-15 psi, making 1 psi significant.","Verify full text status; preserve exact context, units, page/figure/table citations; deduplicate against existing evidence before promotion.","F1-specific; use as evidence for pyrometer methodology and pressure sensitivity, not touring/GT pressure targets.",Period pit-lane technical observation
PREV-NEW-43-Q1,previous_50_source_packet,NEW-43,Neutral Contour,1990,Motor Sport / Goodyear history and technical discussion,https://www.motorsportmagazine.com/archive/article/january-1990/60/neutral-contour/,RACING CONSTRUCTION EVOLUTION,TO_ASSESS,P1,thermal;wear;forces;wet;construction;motorsport,full_text_measurement_extraction,TO_REVIEW_FULL_TEXT,Goodyear neutral-contour/low-profile development; slick adoption; thinner treads reduced heat buildup; heat-resistant rubber improved traction; wet architecture discussion.,Separate historical narrative from directly measured engineering data.,"Open/read the source and extract all quantitative measurements, curves, operating ranges, equations and test conditions relevant to the stated target: Goodyear neutral-contour/low-profile development; slick adoption; thinner treads reduced heat buildup; heat-resistant rubber improved traction; wet architecture discussion.","Verify full text status; preserve exact context, units, page/figure/table citations; deduplicate against existing evidence before promotion.",Separate historical narrative from directly measured engineering data.,Period/near-period supplier-history feature
PREV-NEW-43-Q2,previous_50_source_packet,NEW-43,Neutral Contour,1990,Motor Sport / Goodyear history and technical discussion,https://www.motorsportmagazine.com/archive/article/january-1990/60/neutral-contour/,RACING CONSTRUCTION EVOLUTION,TO_ASSESS,P1,thermal;wear;forces;wet;construction;motorsport,model_applicability_extraction,TO_REVIEW_FULL_TEXT,Goodyear neutral-contour/low-profile development; slick adoption; thinner treads reduced heat buildup; heat-resistant rubber improved traction; wet architecture discussion.,Separate historical narrative from directly measured engineering data.,Translate only supported findings into Tire Lab observations/scaling rules/constraints. Determine affected families/classes and what the source cannot establish. Target: Goodyear neutral-contour/low-profile development; slick adoption; thinner treads reduced heat buildup; heat-resistant rubber improved traction; wet architecture discussion.,"Verify full text status; preserve exact context, units, page/figure/table citations; deduplicate against existing evidence before promotion.",Separate historical narrative from directly measured engineering data.,Period/near-period supplier-history feature
PREV-NEW-44-Q1,previous_50_source_packet,NEW-44,Formula 2: The Toleman TG 280-Hart Team Analysis,1980,Motor Sport,https://www.motorsportmagazine.com/archive/article/december-1980/82/formula-2-toleman-tg-280-hart-team-analysis/,DIRECT PERIOD RACING DEVELOPMENT,TO_ASSESS,P1,motorsport,full_text_measurement_extraction,TO_REVIEW_FULL_TEXT,Early-season Pirelli tires had incorrect lateral stiffness; supplier development corrected stiffness while compounds evolved; chassis changes were deliberately avoided.,Useful evidence that tire stiffness can dominate handling diagnosis; no numeric stiffness values provided.,"Open/read the source and extract all quantitative measurements, curves, operating ranges, equations and test conditions relevant to the stated target: Early-season Pirelli tires had incorrect lateral stiffness; supplier development corrected stiffness while compounds evolved; chassis changes were deliberately avoided.","Verify full text status; preserve exact context, units, page/figure/table citations; deduplicate against existing evidence before promotion.",Useful evidence that tire stiffness can dominate handling diagnosis; no numeric stiffness values provided.,Period team technical analysis
PREV-NEW-44-Q2,previous_50_source_packet,NEW-44,Formula 2: The Toleman TG 280-Hart Team Analysis,1980,Motor Sport,https://www.motorsportmagazine.com/archive/article/december-1980/82/formula-2-toleman-tg-280-hart-team-analysis/,DIRECT PERIOD RACING DEVELOPMENT,TO_ASSESS,P1,motorsport,model_applicability_extraction,TO_REVIEW_FULL_TEXT,Early-season Pirelli tires had incorrect lateral stiffness; supplier development corrected stiffness while compounds evolved; chassis changes were deliberately avoided.,Useful evidence that tire stiffness can dominate handling diagnosis; no numeric stiffness values provided.,Translate only supported findings into Tire Lab observations/scaling rules/constraints. Determine affected families/classes and what the source cannot establish. Target: Early-season Pirelli tires had incorrect lateral stiffness; supplier development corrected stiffness while compounds evolved; chassis changes were deliberately avoided.,"Verify full text status; preserve exact context, units, page/figure/table citations; deduplicate against existing evidence before promotion.",Useful evidence that tire stiffness can dominate handling diagnosis; no numeric stiffness values provided.,Period team technical analysis
PREV-NEW-45-Q1,previous_50_source_packet,NEW-45,1994 All-Japan GT Championship Unified Regulations Overview,1994,Japanese motorsport regulations archive / JGTC,https://www.fmotor.jp/00987-1994-gt,DIRECT PERIOD SERIES REGULATION,TO_ASSESS,P0,motorsport;regulation,full_text_measurement_extraction,TO_REVIEW_FULL_TEXT,250-300 km races; tire rules aimed at abolishing Q tires and limiting sets; one set reserved for race start.,Use for compound-menu and qualifying-tire historical constraints; Japanese text should be preserved/translated carefully.,"Open/read the source and extract all quantitative measurements, curves, operating ranges, equations and test conditions relevant to the stated target: 250-300 km races; tire rules aimed at abolishing Q tires and limiting sets; one set reserved for race start.","Verify full text status; preserve exact context, units, page/figure/table citations; deduplicate against existing evidence before promotion.",Use for compound-menu and qualifying-tire historical constraints; Japanese text should be preserved/translated carefully.,Period regulation summary
PREV-NEW-45-Q2,previous_50_source_packet,NEW-45,1994 All-Japan GT Championship Unified Regulations Overview,1994,Japanese motorsport regulations archive / JGTC,https://www.fmotor.jp/00987-1994-gt,DIRECT PERIOD SERIES REGULATION,TO_ASSESS,P0,motorsport;regulation,model_applicability_extraction,TO_REVIEW_FULL_TEXT,250-300 km races; tire rules aimed at abolishing Q tires and limiting sets; one set reserved for race start.,Use for compound-menu and qualifying-tire historical constraints; Japanese text should be preserved/translated carefully.,Translate only supported findings into Tire Lab observations/scaling rules/constraints. Determine affected families/classes and what the source cannot establish. Target: 250-300 km races; tire rules aimed at abolishing Q tires and limiting sets; one set reserved for race start.,"Verify full text status; preserve exact context, units, page/figure/table citations; deduplicate against existing evidence before promotion.",Use for compound-menu and qualifying-tire historical constraints; Japanese text should be preserved/translated carefully.,Period regulation summary
PREV-NEW-46-Q1,previous_50_source_packet,NEW-46,1996 IMSA GTS Technical Regulations,1996,IMSA / FIA Historic Database copy,https://historicdb.fia.com/sites/default/files/regulations/1696762039/1996_imsa_gts_web.pdf,DIRECT PERIOD GT REGULATION,TO_ASSESS,P0,geometry;pressure;wet;motorsport;regulation,full_text_measurement_extraction,TO_REVIEW_FULL_TEXT,"Max complete wheel/tire diameter 28 in at operating pressure; max section width 14 in GTS-1, 12 in GTS-2; center-lock and wheel-arch constraints.",Regulatory maxima are not evidence of each car's actual fitment.,"Open/read the source and extract all quantitative measurements, curves, operating ranges, equations and test conditions relevant to the stated target: Max complete wheel/tire diameter 28 in at operating pressure; max section width 14 in GTS-1, 12 in GTS-2; center-lock and wheel-arch constraints.","Verify full text status; preserve exact context, units, page/figure/table citations; deduplicate against existing evidence before promotion.",Regulatory maxima are not evidence of each car's actual fitment.,Period technical regulations
PREV-NEW-46-Q2,previous_50_source_packet,NEW-46,1996 IMSA GTS Technical Regulations,1996,IMSA / FIA Historic Database copy,https://historicdb.fia.com/sites/default/files/regulations/1696762039/1996_imsa_gts_web.pdf,DIRECT PERIOD GT REGULATION,TO_ASSESS,P0,geometry;pressure;wet;motorsport;regulation,model_applicability_extraction,TO_REVIEW_FULL_TEXT,"Max complete wheel/tire diameter 28 in at operating pressure; max section width 14 in GTS-1, 12 in GTS-2; center-lock and wheel-arch constraints.",Regulatory maxima are not evidence of each car's actual fitment.,"Translate only supported findings into Tire Lab observations/scaling rules/constraints. Determine affected families/classes and what the source cannot establish. Target: Max complete wheel/tire diameter 28 in at operating pressure; max section width 14 in GTS-1, 12 in GTS-2; center-lock and wheel-arch constraints.","Verify full text status; preserve exact context, units, page/figure/table citations; deduplicate against existing evidence before promotion.",Regulatory maxima are not evidence of each car's actual fitment.,Period technical regulations
PREV-NEW-47-Q1,previous_50_source_packet,NEW-47,Race Track User Manual,Current,Goodyear,https://www.goodyear.eu/content/dam/goodyear/consumer/common/download/Goodyear-trackday-booklet.pdf,MODERN MANUFACTURER OPERATING GUIDANCE,TO_ASSESS,P2,pressure;wear;motorsport,full_text_measurement_extraction,TO_REVIEW_FULL_TEXT,"Physics of tires, track condition, tread/compound, vehicle balance, tire handling and pressure basics.","Modern track-day product guidance; use generic operational relationships, not historic racing priors.","Open/read the source and extract all quantitative measurements, curves, operating ranges, equations and test conditions relevant to the stated target: Physics of tires, track condition, tread/compound, vehicle balance, tire handling and pressure basics.","Verify full text status; preserve exact context, units, page/figure/table citations; deduplicate against existing evidence before promotion.","Modern track-day product guidance; use generic operational relationships, not historic racing priors.",Manufacturer track-use technical booklet
PREV-NEW-47-Q2,previous_50_source_packet,NEW-47,Race Track User Manual,Current,Goodyear,https://www.goodyear.eu/content/dam/goodyear/consumer/common/download/Goodyear-trackday-booklet.pdf,MODERN MANUFACTURER OPERATING GUIDANCE,TO_ASSESS,P2,pressure;wear;motorsport,model_applicability_extraction,TO_REVIEW_FULL_TEXT,"Physics of tires, track condition, tread/compound, vehicle balance, tire handling and pressure basics.","Modern track-day product guidance; use generic operational relationships, not historic racing priors.","Translate only supported findings into Tire Lab observations/scaling rules/constraints. Determine affected families/classes and what the source cannot establish. Target: Physics of tires, track condition, tread/compound, vehicle balance, tire handling and pressure basics.","Verify full text status; preserve exact context, units, page/figure/table citations; deduplicate against existing evidence before promotion.","Modern track-day product guidance; use generic operational relationships, not historic racing priors.",Manufacturer track-use technical booklet
PREV-NEW-48-Q1,previous_50_source_packet,NEW-48,MICHELIN Motorsport — official recommendations download hub,Current,Michelin Motorsport,https://www.michelinmotorsport.com/en/motorsport/,MODERN MANUFACTURER TECHNICAL GUIDANCE,TO_ASSESS,P2,pressure;forces;motorsport,full_text_measurement_extraction,TO_REVIEW_FULL_TEXT,Official downloadable motorsport recommendations across circuit/rally/hillclimb/classic; pressure/camber/fitment/compound information where included.,Desktop must download/read the actual recommendation files and cite the specific document/version; landing page alone is not evidence.,"Open/read the source and extract all quantitative measurements, curves, operating ranges, equations and test conditions relevant to the stated target: Official downloadable motorsport recommendations across circuit/rally/hillclimb/classic; pressure/camber/fitment/compound information where included.","Verify full text status; preserve exact context, units, page/figure/table citations; deduplicate against existing evidence before promotion.",Desktop must download/read the actual recommendation files and cite the specific document/version; landing page alone is not evidence.,Manufacturer technical recommendations
PREV-NEW-48-Q2,previous_50_source_packet,NEW-48,MICHELIN Motorsport — official recommendations download hub,Current,Michelin Motorsport,https://www.michelinmotorsport.com/en/motorsport/,MODERN MANUFACTURER TECHNICAL GUIDANCE,TO_ASSESS,P2,pressure;forces;motorsport,model_applicability_extraction,TO_REVIEW_FULL_TEXT,Official downloadable motorsport recommendations across circuit/rally/hillclimb/classic; pressure/camber/fitment/compound information where included.,Desktop must download/read the actual recommendation files and cite the specific document/version; landing page alone is not evidence.,Translate only supported findings into Tire Lab observations/scaling rules/constraints. Determine affected families/classes and what the source cannot establish. Target: Official downloadable motorsport recommendations across circuit/rally/hillclimb/classic; pressure/camber/fitment/compound information where included.,"Verify full text status; preserve exact context, units, page/figure/table citations; deduplicate against existing evidence before promotion.",Desktop must download/read the actual recommendation files and cite the specific document/version; landing page alone is not evidence.,Manufacturer technical recommendations
PREV-NEW-49-Q1,previous_50_source_packet,NEW-49,Dunlop Hail Performance Gains in 2017 LMP2 Prototype Tyre Test,2017,Dunlop Motorsport / Goodyear Newsroom,https://news.goodyear.eu/dunlop-hail-performance-gains-in-2017-lmp2-prototype-tyre-test/,DIRECT MOTORSPORT SUPPLIER DEVELOPMENT,TO_ASSESS,P0,geometry;pressure;forces,full_text_measurement_extraction,TO_REVIEW_FULL_TEXT,"Lab machine and virtual model compared grip and sensitivity to load, pressure and camber; correlation checked against driver feedback; durability/consistency emphasized.","Modern prototype racing; use calibration-methodology evidence, not historic values.","Open/read the source and extract all quantitative measurements, curves, operating ranges, equations and test conditions relevant to the stated target: Lab machine and virtual model compared grip and sensitivity to load, pressure and camber; correlation checked against driver feedback; durability/consistency emphasized.","Verify full text status; preserve exact context, units, page/figure/table citations; deduplicate against existing evidence before promotion.","Modern prototype racing; use calibration-methodology evidence, not historic values.",Supplier development report
PREV-NEW-49-Q2,previous_50_source_packet,NEW-49,Dunlop Hail Performance Gains in 2017 LMP2 Prototype Tyre Test,2017,Dunlop Motorsport / Goodyear Newsroom,https://news.goodyear.eu/dunlop-hail-performance-gains-in-2017-lmp2-prototype-tyre-test/,DIRECT MOTORSPORT SUPPLIER DEVELOPMENT,TO_ASSESS,P0,geometry;pressure;forces,model_applicability_extraction,TO_REVIEW_FULL_TEXT,"Lab machine and virtual model compared grip and sensitivity to load, pressure and camber; correlation checked against driver feedback; durability/consistency emphasized.","Modern prototype racing; use calibration-methodology evidence, not historic values.","Translate only supported findings into Tire Lab observations/scaling rules/constraints. Determine affected families/classes and what the source cannot establish. Target: Lab machine and virtual model compared grip and sensitivity to load, pressure and camber; correlation checked against driver feedback; durability/consistency emphasized.","Verify full text status; preserve exact context, units, page/figure/table citations; deduplicate against existing evidence before promotion.","Modern prototype racing; use calibration-methodology evidence, not historic values.",Supplier development report
PREV-NEW-50-Q1,previous_50_source_packet,NEW-50,Dunlop Takes on the Toughest Race in the World — Nürburgring 24 Hours,2017,Dunlop Motorsport / Goodyear Newsroom,https://news.goodyear.eu/dunlop-takes-on-the-toughest-race-in-the-world---the-nurburgring-24-hours/,DIRECT MOTORSPORT LOAD/TEMPERATURE CONTEXT,TO_ASSESS,P0,geometry;thermal;forces;wet;motorsport,full_text_measurement_extraction,TO_REVIEW_FULL_TEXT,"GT3 partial wheel loads quoted around 10-12 kN; asphalt conditions about 2 C wet to 50 C+ hot; durability, grip and tire-change minimization emphasized.","Modern GT3 source; useful for load/temperature envelope architecture, not 1990s GT1 targets.","Open/read the source and extract all quantitative measurements, curves, operating ranges, equations and test conditions relevant to the stated target: GT3 partial wheel loads quoted around 10-12 kN; asphalt conditions about 2 C wet to 50 C+ hot; durability, grip and tire-change minimization emphasized.","Verify full text status; preserve exact context, units, page/figure/table citations; deduplicate against existing evidence before promotion.","Modern GT3 source; useful for load/temperature envelope architecture, not 1990s GT1 targets.",Supplier endurance technical report
PREV-NEW-50-Q2,previous_50_source_packet,NEW-50,Dunlop Takes on the Toughest Race in the World — Nürburgring 24 Hours,2017,Dunlop Motorsport / Goodyear Newsroom,https://news.goodyear.eu/dunlop-takes-on-the-toughest-race-in-the-world---the-nurburgring-24-hours/,DIRECT MOTORSPORT LOAD/TEMPERATURE CONTEXT,TO_ASSESS,P0,geometry;thermal;forces;wet;motorsport,model_applicability_extraction,TO_REVIEW_FULL_TEXT,"GT3 partial wheel loads quoted around 10-12 kN; asphalt conditions about 2 C wet to 50 C+ hot; durability, grip and tire-change minimization emphasized.","Modern GT3 source; useful for load/temperature envelope architecture, not 1990s GT1 targets.","Translate only supported findings into Tire Lab observations/scaling rules/constraints. Determine affected families/classes and what the source cannot establish. Target: GT3 partial wheel loads quoted around 10-12 kN; asphalt conditions about 2 C wet to 50 C+ hot; durability, grip and tire-change minimization emphasized.","Verify full text status; preserve exact context, units, page/figure/table citations; deduplicate against existing evidence before promotion.","Modern GT3 source; useful for load/temperature envelope architecture, not 1990s GT1 targets.",Supplier endurance technical report
FRESH-01-Q1,fresh_50_sources,FRESH-01,The Effects of Tire-in-Use Factors on Passenger Car Performance,1974,SAE International,https://saemobilus.sae.org/papers/effects-tire-use-factors-passenger-car-performance-741107,PERIOD GENERAL TIRE F&M / WEAR / PRESSURE,TO_ASSESS,P1,pressure;wear;forces;wet;construction,source_ingestion_quantitative,NEW_SOURCE_TO_VERIFY,"Inflation, tread/shoulder wear and construction effects on tire shear/handling; wet/dry traction methodology.","Passenger-car study; use relationships and test methodology, not absolute racing coefficients.","Read the full source where accessible. Extract direct measurements, test conditions, equations, ranges, fitments, temperatures, pressures, loads, slip/wear/stint observations or supplier facts relevant to: Inflation, tread/shoulder wear and construction effects on tire shear/handling; wet/dry traction methodology.","First deduplicate by title/DOI/report number/URL. Mark FULL_TEXT_REVIEWED, ABSTRACT_ONLY, PRIMARY_SCAN_REVIEWED, SECONDARY_ONLY, or INACCESSIBLE. Cite page/section/table/figure for promoted evidence.","Passenger-car study; use relationships and test methodology, not absolute racing coefficients.",SAE 741107
FRESH-01-Q2,fresh_50_sources,FRESH-01,The Effects of Tire-in-Use Factors on Passenger Car Performance,1974,SAE International,https://saemobilus.sae.org/papers/effects-tire-use-factors-passenger-car-performance-741107,PERIOD GENERAL TIRE F&M / WEAR / PRESSURE,TO_ASSESS,P1,pressure;wear;forces;wet;construction,source_ingestion_model_rule,NEW_SOURCE_TO_VERIFY,"Inflation, tread/shoulder wear and construction effects on tire shear/handling; wet/dry traction methodology.","Passenger-car study; use relationships and test methodology, not absolute racing coefficients.","After source verification, identify what this source can legitimately change or constrain in Tire Lab: geometry, construction family, pressure model, thermal pathways, F&M/load/camber behavior, wear mapping, wet/intermediate logic, compound menu, event/supplier identity, or validation methodology.",Propose evidence records before numerical generator changes. Every proposed rule must reference the exact supporting evidence and its applicability domain. State explicit non-applicability.,"Passenger-car study; use relationships and test methodology, not absolute racing coefficients.",SAE 741107
FRESH-02-Q1,fresh_50_sources,FRESH-02,Thermal Analysis of a Rolling Tire,1970,SAE International,https://saemobilus.sae.org/papers/thermal-analysis-a-rolling-tire-700474,PERIOD THERMAL MECHANICS,TO_ASSESS,P1,thermal;construction,source_ingestion_quantitative,NEW_SOURCE_TO_VERIFY,"Steady-state tire heat network: tire-road conduction, internal/external convection, radiation, power loss, construction differences.",General tire thermal model; do not copy absolute temperatures into racing families without context.,"Read the full source where accessible. Extract direct measurements, test conditions, equations, ranges, fitments, temperatures, pressures, loads, slip/wear/stint observations or supplier facts relevant to: Steady-state tire heat network: tire-road conduction, internal/external convection, radiation, power loss, construction differences.","First deduplicate by title/DOI/report number/URL. Mark FULL_TEXT_REVIEWED, ABSTRACT_ONLY, PRIMARY_SCAN_REVIEWED, SECONDARY_ONLY, or INACCESSIBLE. Cite page/section/table/figure for promoted evidence.",General tire thermal model; do not copy absolute temperatures into racing families without context.,SAE 700474
FRESH-02-Q2,fresh_50_sources,FRESH-02,Thermal Analysis of a Rolling Tire,1970,SAE International,https://saemobilus.sae.org/papers/thermal-analysis-a-rolling-tire-700474,PERIOD THERMAL MECHANICS,TO_ASSESS,P1,thermal;construction,source_ingestion_model_rule,NEW_SOURCE_TO_VERIFY,"Steady-state tire heat network: tire-road conduction, internal/external convection, radiation, power loss, construction differences.",General tire thermal model; do not copy absolute temperatures into racing families without context.,"After source verification, identify what this source can legitimately change or constrain in Tire Lab: geometry, construction family, pressure model, thermal pathways, F&M/load/camber behavior, wear mapping, wet/intermediate logic, compound menu, event/supplier identity, or validation methodology.",Propose evidence records before numerical generator changes. Every proposed rule must reference the exact supporting evidence and its applicability domain. State explicit non-applicability.,General tire thermal model; do not copy absolute temperatures into racing families without context.,SAE 700474
FRESH-03-Q1,fresh_50_sources,FRESH-03,Spinvision: A New Look at Dynamic Tire Temperature,1970,SAE International,https://saemobilus.sae.org/papers/spinvision-a-new-look-dynamic-tire-temperature-700473,PERIOD DYNAMIC TEMPERATURE MEASUREMENT,TO_ASSESS,P1,thermal;wear;transient,source_ingestion_quantitative,NEW_SOURCE_TO_VERIFY,"High-speed infrared visualization of dynamic heat patterns and links among heat, wear, uniformity and speed.",Treat as measurement/method evidence; racing extrapolation requires care.,"Read the full source where accessible. Extract direct measurements, test conditions, equations, ranges, fitments, temperatures, pressures, loads, slip/wear/stint observations or supplier facts relevant to: High-speed infrared visualization of dynamic heat patterns and links among heat, wear, uniformity and speed.","First deduplicate by title/DOI/report number/URL. Mark FULL_TEXT_REVIEWED, ABSTRACT_ONLY, PRIMARY_SCAN_REVIEWED, SECONDARY_ONLY, or INACCESSIBLE. Cite page/section/table/figure for promoted evidence.",Treat as measurement/method evidence; racing extrapolation requires care.,SAE 700473
FRESH-03-Q2,fresh_50_sources,FRESH-03,Spinvision: A New Look at Dynamic Tire Temperature,1970,SAE International,https://saemobilus.sae.org/papers/spinvision-a-new-look-dynamic-tire-temperature-700473,PERIOD DYNAMIC TEMPERATURE MEASUREMENT,TO_ASSESS,P1,thermal;wear;transient,source_ingestion_model_rule,NEW_SOURCE_TO_VERIFY,"High-speed infrared visualization of dynamic heat patterns and links among heat, wear, uniformity and speed.",Treat as measurement/method evidence; racing extrapolation requires care.,"After source verification, identify what this source can legitimately change or constrain in Tire Lab: geometry, construction family, pressure model, thermal pathways, F&M/load/camber behavior, wear mapping, wet/intermediate logic, compound menu, event/supplier identity, or validation methodology.",Propose evidence records before numerical generator changes. Every proposed rule must reference the exact supporting evidence and its applicability domain. State explicit non-applicability.,Treat as measurement/method evidence; racing extrapolation requires care.,SAE 700473
FRESH-04-Q1,fresh_50_sources,FRESH-04,Material Properties Affecting Traction and Wear of Passenger Tires,1972,SAE International,https://saemobilus.sae.org/papers/material-properties-affecting-traction-wear-passenger-tires-720161,PERIOD RUBBER FRICTION / ABRASION,TO_ASSESS,P1,wear;forces;construction,source_ingestion_quantitative,NEW_SOURCE_TO_VERIFY,Tread-rubber friction and abrasion mechanisms and material properties controlling traction/wear trade-offs.,Passenger compounds are not racing compounds; preserve mechanism vs magnitude.,"Read the full source where accessible. Extract direct measurements, test conditions, equations, ranges, fitments, temperatures, pressures, loads, slip/wear/stint observations or supplier facts relevant to: Tread-rubber friction and abrasion mechanisms and material properties controlling traction/wear trade-offs.","First deduplicate by title/DOI/report number/URL. Mark FULL_TEXT_REVIEWED, ABSTRACT_ONLY, PRIMARY_SCAN_REVIEWED, SECONDARY_ONLY, or INACCESSIBLE. Cite page/section/table/figure for promoted evidence.",Passenger compounds are not racing compounds; preserve mechanism vs magnitude.,SAE 720161
FRESH-04-Q2,fresh_50_sources,FRESH-04,Material Properties Affecting Traction and Wear of Passenger Tires,1972,SAE International,https://saemobilus.sae.org/papers/material-properties-affecting-traction-wear-passenger-tires-720161,PERIOD RUBBER FRICTION / ABRASION,TO_ASSESS,P1,wear;forces;construction,source_ingestion_model_rule,NEW_SOURCE_TO_VERIFY,Tread-rubber friction and abrasion mechanisms and material properties controlling traction/wear trade-offs.,Passenger compounds are not racing compounds; preserve mechanism vs magnitude.,"After source verification, identify what this source can legitimately change or constrain in Tire Lab: geometry, construction family, pressure model, thermal pathways, F&M/load/camber behavior, wear mapping, wet/intermediate logic, compound menu, event/supplier identity, or validation methodology.",Propose evidence records before numerical generator changes. Every proposed rule must reference the exact supporting evidence and its applicability domain. State explicit non-applicability.,Passenger compounds are not racing compounds; preserve mechanism vs magnitude.,SAE 720161
FRESH-05-Q1,fresh_50_sources,FRESH-05,Passenger-Car Cornering and Braking Tests on Wet Pavements,1976,SAE International,https://saemobilus.sae.org/papers/passenger-car-cornering-braking-tests-wet-pavements-760350,PERIOD WET TRACTION,TO_ASSESS,P1,pressure;wear;forces;wet,source_ingestion_quantitative,NEW_SOURCE_TO_VERIFY,"Wet cornering/braking response versus inflation, tread condition and pavement/water variables.","Use for wet mechanisms and test design, not direct motorsport wet-mu values.","Read the full source where accessible. Extract direct measurements, test conditions, equations, ranges, fitments, temperatures, pressures, loads, slip/wear/stint observations or supplier facts relevant to: Wet cornering/braking response versus inflation, tread condition and pavement/water variables.","First deduplicate by title/DOI/report number/URL. Mark FULL_TEXT_REVIEWED, ABSTRACT_ONLY, PRIMARY_SCAN_REVIEWED, SECONDARY_ONLY, or INACCESSIBLE. Cite page/section/table/figure for promoted evidence.","Use for wet mechanisms and test design, not direct motorsport wet-mu values.",SAE 760350
FRESH-05-Q2,fresh_50_sources,FRESH-05,Passenger-Car Cornering and Braking Tests on Wet Pavements,1976,SAE International,https://saemobilus.sae.org/papers/passenger-car-cornering-braking-tests-wet-pavements-760350,PERIOD WET TRACTION,TO_ASSESS,P1,pressure;wear;forces;wet,source_ingestion_model_rule,NEW_SOURCE_TO_VERIFY,"Wet cornering/braking response versus inflation, tread condition and pavement/water variables.","Use for wet mechanisms and test design, not direct motorsport wet-mu values.","After source verification, identify what this source can legitimately change or constrain in Tire Lab: geometry, construction family, pressure model, thermal pathways, F&M/load/camber behavior, wear mapping, wet/intermediate logic, compound menu, event/supplier identity, or validation methodology.",Propose evidence records before numerical generator changes. Every proposed rule must reference the exact supporting evidence and its applicability domain. State explicit non-applicability.,"Use for wet mechanisms and test design, not direct motorsport wet-mu values.",SAE 760350
FRESH-06-Q1,fresh_50_sources,FRESH-06,"Friction, Tread Depth and Water: Laboratory Investigations of Passenger Car Tire Cornering Performance under Minimally Wet Conditions",2013,SAE International,https://saemobilus.sae.org/papers/friction-tread-depth-water-laboratory-investigations-passenger-car-tire-cornering-performance-minimally-wet-conditions-2013-01-0789,WET / TREAD-DEPTH MECHANICS,TO_ASSESS,P1,wear;forces;wet,source_ingestion_quantitative,NEW_SOURCE_TO_VERIFY,Separate effects of water depth and tread depth on cornering friction under light wetting.,Modern passenger tire; use mechanisms for wet/intermediate architecture only.,"Read the full source where accessible. Extract direct measurements, test conditions, equations, ranges, fitments, temperatures, pressures, loads, slip/wear/stint observations or supplier facts relevant to: Separate effects of water depth and tread depth on cornering friction under light wetting.","First deduplicate by title/DOI/report number/URL. Mark FULL_TEXT_REVIEWED, ABSTRACT_ONLY, PRIMARY_SCAN_REVIEWED, SECONDARY_ONLY, or INACCESSIBLE. Cite page/section/table/figure for promoted evidence.",Modern passenger tire; use mechanisms for wet/intermediate architecture only.,SAE 2013-01-0789
FRESH-06-Q2,fresh_50_sources,FRESH-06,"Friction, Tread Depth and Water: Laboratory Investigations of Passenger Car Tire Cornering Performance under Minimally Wet Conditions",2013,SAE International,https://saemobilus.sae.org/papers/friction-tread-depth-water-laboratory-investigations-passenger-car-tire-cornering-performance-minimally-wet-conditions-2013-01-0789,WET / TREAD-DEPTH MECHANICS,TO_ASSESS,P1,wear;forces;wet,source_ingestion_model_rule,NEW_SOURCE_TO_VERIFY,Separate effects of water depth and tread depth on cornering friction under light wetting.,Modern passenger tire; use mechanisms for wet/intermediate architecture only.,"After source verification, identify what this source can legitimately change or constrain in Tire Lab: geometry, construction family, pressure model, thermal pathways, F&M/load/camber behavior, wear mapping, wet/intermediate logic, compound menu, event/supplier identity, or validation methodology.",Propose evidence records before numerical generator changes. Every proposed rule must reference the exact supporting evidence and its applicability domain. State explicit non-applicability.,Modern passenger tire; use mechanisms for wet/intermediate architecture only.,SAE 2013-01-0789
FRESH-07-Q1,fresh_50_sources,FRESH-07,Transient Tire Properties,1974,SAE International,https://saemobilus.sae.org/papers/transient-tire-properties-740068,PERIOD TRANSIENT TIRE DYNAMICS,TO_ASSESS,P1,forces;transient,source_ingestion_quantitative,NEW_SOURCE_TO_VERIFY,"Transient force response, relaxation behavior and implications for steering response.",Do not impose test-tire transient constants on historic race tires.,"Read the full source where accessible. Extract direct measurements, test conditions, equations, ranges, fitments, temperatures, pressures, loads, slip/wear/stint observations or supplier facts relevant to: Transient force response, relaxation behavior and implications for steering response.","First deduplicate by title/DOI/report number/URL. Mark FULL_TEXT_REVIEWED, ABSTRACT_ONLY, PRIMARY_SCAN_REVIEWED, SECONDARY_ONLY, or INACCESSIBLE. Cite page/section/table/figure for promoted evidence.",Do not impose test-tire transient constants on historic race tires.,SAE 740068
FRESH-07-Q2,fresh_50_sources,FRESH-07,Transient Tire Properties,1974,SAE International,https://saemobilus.sae.org/papers/transient-tire-properties-740068,PERIOD TRANSIENT TIRE DYNAMICS,TO_ASSESS,P1,forces;transient,source_ingestion_model_rule,NEW_SOURCE_TO_VERIFY,"Transient force response, relaxation behavior and implications for steering response.",Do not impose test-tire transient constants on historic race tires.,"After source verification, identify what this source can legitimately change or constrain in Tire Lab: geometry, construction family, pressure model, thermal pathways, F&M/load/camber behavior, wear mapping, wet/intermediate logic, compound menu, event/supplier identity, or validation methodology.",Propose evidence records before numerical generator changes. Every proposed rule must reference the exact supporting evidence and its applicability domain. State explicit non-applicability.,Do not impose test-tire transient constants on historic race tires.,SAE 740068
FRESH-08-Q1,fresh_50_sources,FRESH-08,"The Mathematical Characteristics of Steady State, Low Slip Angle Force and Moment Data",1976,SAE International,https://saemobilus.sae.org/papers/mathematical-characteristics-steady-state-low-slip-angle-force-moment-data-760031,PERIOD FORCE & MOMENT TEST METHODOLOGY,TO_ASSESS,P1,forces,source_ingestion_quantitative,NEW_SOURCE_TO_VERIFY,"Low-slip-angle F&M characterization, test sequencing, break-in/equilibrium and mathematical representation.",Use methodology and curve behavior; not a direct historical racing fitment.,"Read the full source where accessible. Extract direct measurements, test conditions, equations, ranges, fitments, temperatures, pressures, loads, slip/wear/stint observations or supplier facts relevant to: Low-slip-angle F&M characterization, test sequencing, break-in/equilibrium and mathematical representation.","First deduplicate by title/DOI/report number/URL. Mark FULL_TEXT_REVIEWED, ABSTRACT_ONLY, PRIMARY_SCAN_REVIEWED, SECONDARY_ONLY, or INACCESSIBLE. Cite page/section/table/figure for promoted evidence.",Use methodology and curve behavior; not a direct historical racing fitment.,SAE 760031
FRESH-08-Q2,fresh_50_sources,FRESH-08,"The Mathematical Characteristics of Steady State, Low Slip Angle Force and Moment Data",1976,SAE International,https://saemobilus.sae.org/papers/mathematical-characteristics-steady-state-low-slip-angle-force-moment-data-760031,PERIOD FORCE & MOMENT TEST METHODOLOGY,TO_ASSESS,P1,forces,source_ingestion_model_rule,NEW_SOURCE_TO_VERIFY,"Low-slip-angle F&M characterization, test sequencing, break-in/equilibrium and mathematical representation.",Use methodology and curve behavior; not a direct historical racing fitment.,"After source verification, identify what this source can legitimately change or constrain in Tire Lab: geometry, construction family, pressure model, thermal pathways, F&M/load/camber behavior, wear mapping, wet/intermediate logic, compound menu, event/supplier identity, or validation methodology.",Propose evidence records before numerical generator changes. Every proposed rule must reference the exact supporting evidence and its applicability domain. State explicit non-applicability.,Use methodology and curve behavior; not a direct historical racing fitment.,SAE 760031
FRESH-09-Q1,fresh_50_sources,FRESH-09,A Study of Tire Lag Property,2001,SAE International,https://saemobilus.sae.org/papers/a-study-tire-lag-property-2001-01-0751,RELAXATION / TRANSIENT MODELING,TO_ASSESS,P1,forces;transient,source_ingestion_quantitative,NEW_SOURCE_TO_VERIFY,Tire lag/relaxation response and parameters that control force build-up.,"Modern modeling study; use to inform relaxation architecture, not era-specific values.","Read the full source where accessible. Extract direct measurements, test conditions, equations, ranges, fitments, temperatures, pressures, loads, slip/wear/stint observations or supplier facts relevant to: Tire lag/relaxation response and parameters that control force build-up.","First deduplicate by title/DOI/report number/URL. Mark FULL_TEXT_REVIEWED, ABSTRACT_ONLY, PRIMARY_SCAN_REVIEWED, SECONDARY_ONLY, or INACCESSIBLE. Cite page/section/table/figure for promoted evidence.","Modern modeling study; use to inform relaxation architecture, not era-specific values.",SAE 2001-01-0751
FRESH-09-Q2,fresh_50_sources,FRESH-09,A Study of Tire Lag Property,2001,SAE International,https://saemobilus.sae.org/papers/a-study-tire-lag-property-2001-01-0751,RELAXATION / TRANSIENT MODELING,TO_ASSESS,P1,forces;transient,source_ingestion_model_rule,NEW_SOURCE_TO_VERIFY,Tire lag/relaxation response and parameters that control force build-up.,"Modern modeling study; use to inform relaxation architecture, not era-specific values.","After source verification, identify what this source can legitimately change or constrain in Tire Lab: geometry, construction family, pressure model, thermal pathways, F&M/load/camber behavior, wear mapping, wet/intermediate logic, compound menu, event/supplier identity, or validation methodology.",Propose evidence records before numerical generator changes. Every proposed rule must reference the exact supporting evidence and its applicability domain. State explicit non-applicability.,"Modern modeling study; use to inform relaxation architecture, not era-specific values.",SAE 2001-01-0751
FRESH-10-Q1,fresh_50_sources,FRESH-10,An Experimental Study of the Effects of Wheel and Sidewall Parameters on Tire Power Loss,1982,SAE International,https://saemobilus.sae.org/papers/experimental-study-effects-wheel-sidewall-parameters-tire-power-loss-820457,THERMAL / HYSTERESIS / SIDEWALL,TO_ASSESS,P1,geometry;thermal;construction,source_ingestion_quantitative,NEW_SOURCE_TO_VERIFY,Wheel/sidewall design effects on power loss and thermal state; structural contribution to hysteresis.,"General tires; preserve construction trends, not raw racing coefficients.","Read the full source where accessible. Extract direct measurements, test conditions, equations, ranges, fitments, temperatures, pressures, loads, slip/wear/stint observations or supplier facts relevant to: Wheel/sidewall design effects on power loss and thermal state; structural contribution to hysteresis.","First deduplicate by title/DOI/report number/URL. Mark FULL_TEXT_REVIEWED, ABSTRACT_ONLY, PRIMARY_SCAN_REVIEWED, SECONDARY_ONLY, or INACCESSIBLE. Cite page/section/table/figure for promoted evidence.","General tires; preserve construction trends, not raw racing coefficients.",SAE 820457
FRESH-10-Q2,fresh_50_sources,FRESH-10,An Experimental Study of the Effects of Wheel and Sidewall Parameters on Tire Power Loss,1982,SAE International,https://saemobilus.sae.org/papers/experimental-study-effects-wheel-sidewall-parameters-tire-power-loss-820457,THERMAL / HYSTERESIS / SIDEWALL,TO_ASSESS,P1,geometry;thermal;construction,source_ingestion_model_rule,NEW_SOURCE_TO_VERIFY,Wheel/sidewall design effects on power loss and thermal state; structural contribution to hysteresis.,"General tires; preserve construction trends, not raw racing coefficients.","After source verification, identify what this source can legitimately change or constrain in Tire Lab: geometry, construction family, pressure model, thermal pathways, F&M/load/camber behavior, wear mapping, wet/intermediate logic, compound menu, event/supplier identity, or validation methodology.",Propose evidence records before numerical generator changes. Every proposed rule must reference the exact supporting evidence and its applicability domain. State explicit non-applicability.,"General tires; preserve construction trends, not raw racing coefficients.",SAE 820457
FRESH-11-Q1,fresh_50_sources,FRESH-11,Correlation Between Wear of Rubber Compounds in Laboratory and Dynamic Simulations Performed by Finite Elements Method,2005,SAE International / Pirelli-associated research,https://saemobilus.sae.org/papers/correlation-wear-rubber-compounds-laboratory-dynamic-simulations-performed-finite-elements-method-2005-01-4089,WEAR CORRELATION / SIMULATION,TO_ASSESS,P1,wear;transient,source_ingestion_quantitative,NEW_SOURCE_TO_VERIFY,"Laboratory-to-road wear correlation, dynamic severity and finite-element wear prediction.",Use wear methodology; do not transfer passenger compound wear rates directly.,"Read the full source where accessible. Extract direct measurements, test conditions, equations, ranges, fitments, temperatures, pressures, loads, slip/wear/stint observations or supplier facts relevant to: Laboratory-to-road wear correlation, dynamic severity and finite-element wear prediction.","First deduplicate by title/DOI/report number/URL. Mark FULL_TEXT_REVIEWED, ABSTRACT_ONLY, PRIMARY_SCAN_REVIEWED, SECONDARY_ONLY, or INACCESSIBLE. Cite page/section/table/figure for promoted evidence.",Use wear methodology; do not transfer passenger compound wear rates directly.,SAE 2005-01-4089
FRESH-11-Q2,fresh_50_sources,FRESH-11,Correlation Between Wear of Rubber Compounds in Laboratory and Dynamic Simulations Performed by Finite Elements Method,2005,SAE International / Pirelli-associated research,https://saemobilus.sae.org/papers/correlation-wear-rubber-compounds-laboratory-dynamic-simulations-performed-finite-elements-method-2005-01-4089,WEAR CORRELATION / SIMULATION,TO_ASSESS,P1,wear;transient,source_ingestion_model_rule,NEW_SOURCE_TO_VERIFY,"Laboratory-to-road wear correlation, dynamic severity and finite-element wear prediction.",Use wear methodology; do not transfer passenger compound wear rates directly.,"After source verification, identify what this source can legitimately change or constrain in Tire Lab: geometry, construction family, pressure model, thermal pathways, F&M/load/camber behavior, wear mapping, wet/intermediate logic, compound menu, event/supplier identity, or validation methodology.",Propose evidence records before numerical generator changes. Every proposed rule must reference the exact supporting evidence and its applicability domain. State explicit non-applicability.,Use wear methodology; do not transfer passenger compound wear rates directly.,SAE 2005-01-4089
FRESH-12-Q1,fresh_50_sources,FRESH-12,"Structure and Parameterization of MF-Swift, a Magic Formula-based Rigid Ring Tire Model",2009,Tire Science and Technology,https://tst.kglmeridian.com/view/journals/tist/37/3/article-p142.xml,STRUCTURAL / TRANSIENT TIRE MODEL,TO_ASSESS,P1,geometry;pressure;transient;motorsport,source_ingestion_quantitative,NEW_SOURCE_TO_VERIFY,"Loaded radius/contact dimensions, stiffness identification, pressure/load dependence, relaxation and rigid-ring parameterization.",Modern tire model; use parameter-identification methods and physical relationships.,"Read the full source where accessible. Extract direct measurements, test conditions, equations, ranges, fitments, temperatures, pressures, loads, slip/wear/stint observations or supplier facts relevant to: Loaded radius/contact dimensions, stiffness identification, pressure/load dependence, relaxation and rigid-ring parameterization.","First deduplicate by title/DOI/report number/URL. Mark FULL_TEXT_REVIEWED, ABSTRACT_ONLY, PRIMARY_SCAN_REVIEWED, SECONDARY_ONLY, or INACCESSIBLE. Cite page/section/table/figure for promoted evidence.",Modern tire model; use parameter-identification methods and physical relationships.,
FRESH-12-Q2,fresh_50_sources,FRESH-12,"Structure and Parameterization of MF-Swift, a Magic Formula-based Rigid Ring Tire Model",2009,Tire Science and Technology,https://tst.kglmeridian.com/view/journals/tist/37/3/article-p142.xml,STRUCTURAL / TRANSIENT TIRE MODEL,TO_ASSESS,P1,geometry;pressure;transient;motorsport,source_ingestion_model_rule,NEW_SOURCE_TO_VERIFY,"Loaded radius/contact dimensions, stiffness identification, pressure/load dependence, relaxation and rigid-ring parameterization.",Modern tire model; use parameter-identification methods and physical relationships.,"After source verification, identify what this source can legitimately change or constrain in Tire Lab: geometry, construction family, pressure model, thermal pathways, F&M/load/camber behavior, wear mapping, wet/intermediate logic, compound menu, event/supplier identity, or validation methodology.",Propose evidence records before numerical generator changes. Every proposed rule must reference the exact supporting evidence and its applicability domain. State explicit non-applicability.,Modern tire model; use parameter-identification methods and physical relationships.,
FRESH-13-Q1,fresh_50_sources,FRESH-13,Viscoelastic Loss Characteristics of Cord-Rubber Composites,1986,Tire Science and Technology,https://tst.kglmeridian.com/view/journals/tist/14/2/article-p75.xml,CARCASS MATERIAL / HYSTERESIS,TO_ASSESS,P1,thermal;construction,source_ingestion_quantitative,NEW_SOURCE_TO_VERIFY,Viscoelastic loss behavior of cord-rubber composites relevant to carcass heat generation.,Material-level evidence; requires construction mapping before use in race families.,"Read the full source where accessible. Extract direct measurements, test conditions, equations, ranges, fitments, temperatures, pressures, loads, slip/wear/stint observations or supplier facts relevant to: Viscoelastic loss behavior of cord-rubber composites relevant to carcass heat generation.","First deduplicate by title/DOI/report number/URL. Mark FULL_TEXT_REVIEWED, ABSTRACT_ONLY, PRIMARY_SCAN_REVIEWED, SECONDARY_ONLY, or INACCESSIBLE. Cite page/section/table/figure for promoted evidence.",Material-level evidence; requires construction mapping before use in race families.,
FRESH-13-Q2,fresh_50_sources,FRESH-13,Viscoelastic Loss Characteristics of Cord-Rubber Composites,1986,Tire Science and Technology,https://tst.kglmeridian.com/view/journals/tist/14/2/article-p75.xml,CARCASS MATERIAL / HYSTERESIS,TO_ASSESS,P1,thermal;construction,source_ingestion_model_rule,NEW_SOURCE_TO_VERIFY,Viscoelastic loss behavior of cord-rubber composites relevant to carcass heat generation.,Material-level evidence; requires construction mapping before use in race families.,"After source verification, identify what this source can legitimately change or constrain in Tire Lab: geometry, construction family, pressure model, thermal pathways, F&M/load/camber behavior, wear mapping, wet/intermediate logic, compound menu, event/supplier identity, or validation methodology.",Propose evidence records before numerical generator changes. Every proposed rule must reference the exact supporting evidence and its applicability domain. State explicit non-applicability.,Material-level evidence; requires construction mapping before use in race families.,
FRESH-14-Q1,fresh_50_sources,FRESH-14,Traction of Pneumatic Tires on Wet Runways,1965,NASA,https://ntrs.nasa.gov/citations/20000011970,PERIOD WET TRACTION / HYDROPLANING,TO_ASSESS,P1,pressure;forces;wet,source_ingestion_quantitative,NEW_SOURCE_TO_VERIFY,Wet runway tire traction and hydroplaning relationships versus speed/load/pressure/water conditions.,"Aircraft tires and surfaces; use fundamental wet mechanics, not racing absolute grip.","Read the full source where accessible. Extract direct measurements, test conditions, equations, ranges, fitments, temperatures, pressures, loads, slip/wear/stint observations or supplier facts relevant to: Wet runway tire traction and hydroplaning relationships versus speed/load/pressure/water conditions.","First deduplicate by title/DOI/report number/URL. Mark FULL_TEXT_REVIEWED, ABSTRACT_ONLY, PRIMARY_SCAN_REVIEWED, SECONDARY_ONLY, or INACCESSIBLE. Cite page/section/table/figure for promoted evidence.","Aircraft tires and surfaces; use fundamental wet mechanics, not racing absolute grip.",
FRESH-14-Q2,fresh_50_sources,FRESH-14,Traction of Pneumatic Tires on Wet Runways,1965,NASA,https://ntrs.nasa.gov/citations/20000011970,PERIOD WET TRACTION / HYDROPLANING,TO_ASSESS,P1,pressure;forces;wet,source_ingestion_model_rule,NEW_SOURCE_TO_VERIFY,Wet runway tire traction and hydroplaning relationships versus speed/load/pressure/water conditions.,"Aircraft tires and surfaces; use fundamental wet mechanics, not racing absolute grip.","After source verification, identify what this source can legitimately change or constrain in Tire Lab: geometry, construction family, pressure model, thermal pathways, F&M/load/camber behavior, wear mapping, wet/intermediate logic, compound menu, event/supplier identity, or validation methodology.",Propose evidence records before numerical generator changes. Every proposed rule must reference the exact supporting evidence and its applicability domain. State explicit non-applicability.,"Aircraft tires and surfaces; use fundamental wet mechanics, not racing absolute grip.",
FRESH-15-Q1,fresh_50_sources,FRESH-15,Heat Generation in Aircraft Tires Under Free Rolling Conditions,1982,NASA,https://ntrs.nasa.gov/citations/19830002826,THERMAL GENERATION / VALIDATION,TO_ASSESS,P1,thermal;wet,source_ingestion_quantitative,NEW_SOURCE_TO_VERIFY,"Strain-work-to-heat calculation, heat diffusion and buried-thermocouple validation under free rolling.",Aircraft tire scale differs; use heat-generation architecture and validation method.,"Read the full source where accessible. Extract direct measurements, test conditions, equations, ranges, fitments, temperatures, pressures, loads, slip/wear/stint observations or supplier facts relevant to: Strain-work-to-heat calculation, heat diffusion and buried-thermocouple validation under free rolling.","First deduplicate by title/DOI/report number/URL. Mark FULL_TEXT_REVIEWED, ABSTRACT_ONLY, PRIMARY_SCAN_REVIEWED, SECONDARY_ONLY, or INACCESSIBLE. Cite page/section/table/figure for promoted evidence.",Aircraft tire scale differs; use heat-generation architecture and validation method.,NASA CR-3629
FRESH-15-Q2,fresh_50_sources,FRESH-15,Heat Generation in Aircraft Tires Under Free Rolling Conditions,1982,NASA,https://ntrs.nasa.gov/citations/19830002826,THERMAL GENERATION / VALIDATION,TO_ASSESS,P1,thermal;wet,source_ingestion_model_rule,NEW_SOURCE_TO_VERIFY,"Strain-work-to-heat calculation, heat diffusion and buried-thermocouple validation under free rolling.",Aircraft tire scale differs; use heat-generation architecture and validation method.,"After source verification, identify what this source can legitimately change or constrain in Tire Lab: geometry, construction family, pressure model, thermal pathways, F&M/load/camber behavior, wear mapping, wet/intermediate logic, compound menu, event/supplier identity, or validation methodology.",Propose evidence records before numerical generator changes. Every proposed rule must reference the exact supporting evidence and its applicability domain. State explicit non-applicability.,Aircraft tire scale differs; use heat-generation architecture and validation method.,NASA CR-3629
FRESH-16-Q1,fresh_50_sources,FRESH-16,"Traction Characteristics of a 30 by 11.5-14.5 Type VIII Tire on Dry, Wet, and Flooded Runways",1976,NASA,https://ntrs.nasa.gov/citations/19760011408,DRY/WET/FLOODED TRACTION,TO_ASSESS,P1,forces;wet,source_ingestion_quantitative,NEW_SOURCE_TO_VERIFY,"Traction transition across dry, wet and flooded conditions; water-depth/speed effects.",Aircraft tire; use wet-transition mechanics only.,"Read the full source where accessible. Extract direct measurements, test conditions, equations, ranges, fitments, temperatures, pressures, loads, slip/wear/stint observations or supplier facts relevant to: Traction transition across dry, wet and flooded conditions; water-depth/speed effects.","First deduplicate by title/DOI/report number/URL. Mark FULL_TEXT_REVIEWED, ABSTRACT_ONLY, PRIMARY_SCAN_REVIEWED, SECONDARY_ONLY, or INACCESSIBLE. Cite page/section/table/figure for promoted evidence.",Aircraft tire; use wet-transition mechanics only.,NASA TM X-72805
FRESH-16-Q2,fresh_50_sources,FRESH-16,"Traction Characteristics of a 30 by 11.5-14.5 Type VIII Tire on Dry, Wet, and Flooded Runways",1976,NASA,https://ntrs.nasa.gov/citations/19760011408,DRY/WET/FLOODED TRACTION,TO_ASSESS,P1,forces;wet,source_ingestion_model_rule,NEW_SOURCE_TO_VERIFY,"Traction transition across dry, wet and flooded conditions; water-depth/speed effects.",Aircraft tire; use wet-transition mechanics only.,"After source verification, identify what this source can legitimately change or constrain in Tire Lab: geometry, construction family, pressure model, thermal pathways, F&M/load/camber behavior, wear mapping, wet/intermediate logic, compound menu, event/supplier identity, or validation methodology.",Propose evidence records before numerical generator changes. Every proposed rule must reference the exact supporting evidence and its applicability domain. State explicit non-applicability.,Aircraft tire; use wet-transition mechanics only.,NASA TM X-72805
FRESH-17-Q1,fresh_50_sources,FRESH-17,Heat Generation in Aircraft Tires Under Yawed Rolling Conditions,1987,NASA,https://ntrs.nasa.gov/citations/19870016170,THERMAL / LATERAL SCRUB,TO_ASSESS,P1,pressure;thermal,source_ingestion_quantitative,NEW_SOURCE_TO_VERIFY,"Heat from yawed rolling/contact scrubbing and validation across pressure, deflection and yaw.",Aircraft geometry/load; use normalized mechanisms and validation approach.,"Read the full source where accessible. Extract direct measurements, test conditions, equations, ranges, fitments, temperatures, pressures, loads, slip/wear/stint observations or supplier facts relevant to: Heat from yawed rolling/contact scrubbing and validation across pressure, deflection and yaw.","First deduplicate by title/DOI/report number/URL. Mark FULL_TEXT_REVIEWED, ABSTRACT_ONLY, PRIMARY_SCAN_REVIEWED, SECONDARY_ONLY, or INACCESSIBLE. Cite page/section/table/figure for promoted evidence.",Aircraft geometry/load; use normalized mechanisms and validation approach.,NASA CR-4080
FRESH-17-Q2,fresh_50_sources,FRESH-17,Heat Generation in Aircraft Tires Under Yawed Rolling Conditions,1987,NASA,https://ntrs.nasa.gov/citations/19870016170,THERMAL / LATERAL SCRUB,TO_ASSESS,P1,pressure;thermal,source_ingestion_model_rule,NEW_SOURCE_TO_VERIFY,"Heat from yawed rolling/contact scrubbing and validation across pressure, deflection and yaw.",Aircraft geometry/load; use normalized mechanisms and validation approach.,"After source verification, identify what this source can legitimately change or constrain in Tire Lab: geometry, construction family, pressure model, thermal pathways, F&M/load/camber behavior, wear mapping, wet/intermediate logic, compound menu, event/supplier identity, or validation methodology.",Propose evidence records before numerical generator changes. Every proposed rule must reference the exact supporting evidence and its applicability domain. State explicit non-applicability.,Aircraft geometry/load; use normalized mechanisms and validation approach.,NASA CR-4080
FRESH-18-Q1,fresh_50_sources,FRESH-18,Wear and Related Characteristics of an Aircraft Tire During Braking,1972,NASA,https://ntrs.nasa.gov/citations/19730002294,WEAR / SLIP / TEMPERATURE,TO_ASSESS,P1,thermal;wear;forces,source_ingestion_quantitative,NEW_SOURCE_TO_VERIFY,Wear versus distance/slip ratio/surface and tread temperature increase with braking slip.,Aircraft braking; use qualitative/normalized wear-energy relationships.,"Read the full source where accessible. Extract direct measurements, test conditions, equations, ranges, fitments, temperatures, pressures, loads, slip/wear/stint observations or supplier facts relevant to: Wear versus distance/slip ratio/surface and tread temperature increase with braking slip.","First deduplicate by title/DOI/report number/URL. Mark FULL_TEXT_REVIEWED, ABSTRACT_ONLY, PRIMARY_SCAN_REVIEWED, SECONDARY_ONLY, or INACCESSIBLE. Cite page/section/table/figure for promoted evidence.",Aircraft braking; use qualitative/normalized wear-energy relationships.,NASA TN D-6963
FRESH-18-Q2,fresh_50_sources,FRESH-18,Wear and Related Characteristics of an Aircraft Tire During Braking,1972,NASA,https://ntrs.nasa.gov/citations/19730002294,WEAR / SLIP / TEMPERATURE,TO_ASSESS,P1,thermal;wear;forces,source_ingestion_model_rule,NEW_SOURCE_TO_VERIFY,Wear versus distance/slip ratio/surface and tread temperature increase with braking slip.,Aircraft braking; use qualitative/normalized wear-energy relationships.,"After source verification, identify what this source can legitimately change or constrain in Tire Lab: geometry, construction family, pressure model, thermal pathways, F&M/load/camber behavior, wear mapping, wet/intermediate logic, compound menu, event/supplier identity, or validation methodology.",Propose evidence records before numerical generator changes. Every proposed rule must reference the exact supporting evidence and its applicability domain. State explicit non-applicability.,Aircraft braking; use qualitative/normalized wear-energy relationships.,NASA TN D-6963
FRESH-19-Q1,fresh_50_sources,FRESH-19,Heat Generation in Aircraft Tires Under Braked Rolling Conditions,1984,NASA,https://ntrs.nasa.gov/citations/19840007519,THERMAL / LONGITUDINAL SLIP,TO_ASSESS,P1,thermal;forces,source_ingestion_quantitative,NEW_SOURCE_TO_VERIFY,Heat-generation mechanisms under braking and validation of thermal model.,"Aircraft tire; translate by normalized work/slip, not raw values.","Read the full source where accessible. Extract direct measurements, test conditions, equations, ranges, fitments, temperatures, pressures, loads, slip/wear/stint observations or supplier facts relevant to: Heat-generation mechanisms under braking and validation of thermal model.","First deduplicate by title/DOI/report number/URL. Mark FULL_TEXT_REVIEWED, ABSTRACT_ONLY, PRIMARY_SCAN_REVIEWED, SECONDARY_ONLY, or INACCESSIBLE. Cite page/section/table/figure for promoted evidence.","Aircraft tire; translate by normalized work/slip, not raw values.",NASA CR-3768
FRESH-19-Q2,fresh_50_sources,FRESH-19,Heat Generation in Aircraft Tires Under Braked Rolling Conditions,1984,NASA,https://ntrs.nasa.gov/citations/19840007519,THERMAL / LONGITUDINAL SLIP,TO_ASSESS,P1,thermal;forces,source_ingestion_model_rule,NEW_SOURCE_TO_VERIFY,Heat-generation mechanisms under braking and validation of thermal model.,"Aircraft tire; translate by normalized work/slip, not raw values.","After source verification, identify what this source can legitimately change or constrain in Tire Lab: geometry, construction family, pressure model, thermal pathways, F&M/load/camber behavior, wear mapping, wet/intermediate logic, compound menu, event/supplier identity, or validation methodology.",Propose evidence records before numerical generator changes. Every proposed rule must reference the exact supporting evidence and its applicability domain. State explicit non-applicability.,"Aircraft tire; translate by normalized work/slip, not raw values.",NASA CR-3768
FRESH-20-Q1,fresh_50_sources,FRESH-20,Energy Dissipation in a Rolling Aircraft Tire,1988,NASA,https://ntrs.nasa.gov/citations/19880016529,HYSTERESIS / ENERGY DISSIPATION,TO_ASSESS,P1,thermal;construction,source_ingestion_quantitative,NEW_SOURCE_TO_VERIFY,Rolling energy dissipation and its relation to carcass deformation and thermal behavior.,Aircraft tire; use architecture and normalization.,"Read the full source where accessible. Extract direct measurements, test conditions, equations, ranges, fitments, temperatures, pressures, loads, slip/wear/stint observations or supplier facts relevant to: Rolling energy dissipation and its relation to carcass deformation and thermal behavior.","First deduplicate by title/DOI/report number/URL. Mark FULL_TEXT_REVIEWED, ABSTRACT_ONLY, PRIMARY_SCAN_REVIEWED, SECONDARY_ONLY, or INACCESSIBLE. Cite page/section/table/figure for promoted evidence.",Aircraft tire; use architecture and normalization.,NASA CR-182978
FRESH-20-Q2,fresh_50_sources,FRESH-20,Energy Dissipation in a Rolling Aircraft Tire,1988,NASA,https://ntrs.nasa.gov/citations/19880016529,HYSTERESIS / ENERGY DISSIPATION,TO_ASSESS,P1,thermal;construction,source_ingestion_model_rule,NEW_SOURCE_TO_VERIFY,Rolling energy dissipation and its relation to carcass deformation and thermal behavior.,Aircraft tire; use architecture and normalization.,"After source verification, identify what this source can legitimately change or constrain in Tire Lab: geometry, construction family, pressure model, thermal pathways, F&M/load/camber behavior, wear mapping, wet/intermediate logic, compound menu, event/supplier identity, or validation methodology.",Propose evidence records before numerical generator changes. Every proposed rule must reference the exact supporting evidence and its applicability domain. State explicit non-applicability.,Aircraft tire; use architecture and normalization.,NASA CR-182978
FRESH-21-Q1,fresh_50_sources,FRESH-21,Rolling Resistance of Tires Measured Under Transient and Equilibrium Conditions,1970s,Calspan / U.S. DOT,https://rosap.ntl.bts.gov/view/dot/11691,TRANSIENT/EQUILIBRIUM PRESSURE-TEMP-RR,TO_ASSESS,P1,geometry;pressure;thermal;forces;transient;construction,source_ingestion_quantitative,NEW_SOURCE_TO_VERIFY,"Systematic effects of load, speed, pressure, temperature, slip angle, torque, construction, aspect ratio and wheel diameter; time/distance to equilibrium.","Passenger/light-truck matrix; highly useful for coupled physics, not race magnitudes.","Read the full source where accessible. Extract direct measurements, test conditions, equations, ranges, fitments, temperatures, pressures, loads, slip/wear/stint observations or supplier facts relevant to: Systematic effects of load, speed, pressure, temperature, slip angle, torque, construction, aspect ratio and wheel diameter; time/distance to equilibrium.","First deduplicate by title/DOI/report number/URL. Mark FULL_TEXT_REVIEWED, ABSTRACT_ONLY, PRIMARY_SCAN_REVIEWED, SECONDARY_ONLY, or INACCESSIBLE. Cite page/section/table/figure for promoted evidence.","Passenger/light-truck matrix; highly useful for coupled physics, not race magnitudes.",
FRESH-21-Q2,fresh_50_sources,FRESH-21,Rolling Resistance of Tires Measured Under Transient and Equilibrium Conditions,1970s,Calspan / U.S. DOT,https://rosap.ntl.bts.gov/view/dot/11691,TRANSIENT/EQUILIBRIUM PRESSURE-TEMP-RR,TO_ASSESS,P1,geometry;pressure;thermal;forces;transient;construction,source_ingestion_model_rule,NEW_SOURCE_TO_VERIFY,"Systematic effects of load, speed, pressure, temperature, slip angle, torque, construction, aspect ratio and wheel diameter; time/distance to equilibrium.","Passenger/light-truck matrix; highly useful for coupled physics, not race magnitudes.","After source verification, identify what this source can legitimately change or constrain in Tire Lab: geometry, construction family, pressure model, thermal pathways, F&M/load/camber behavior, wear mapping, wet/intermediate logic, compound menu, event/supplier identity, or validation methodology.",Propose evidence records before numerical generator changes. Every proposed rule must reference the exact supporting evidence and its applicability domain. State explicit non-applicability.,"Passenger/light-truck matrix; highly useful for coupled physics, not race magnitudes.",
FRESH-22-Q1,fresh_50_sources,FRESH-22,Some Effects of Grooved Runway Configurations on Aircraft Tire Traction,1973,NASA,https://ntrs.nasa.gov/citations/19730012330,WET TRACTION / SURFACE TEXTURE,TO_ASSESS,P1,forces;wet,source_ingestion_quantitative,NEW_SOURCE_TO_VERIFY,Groove/surface effects on wet traction and hydroplaning behavior.,Aircraft/runway context; use surface/water mechanisms.,"Read the full source where accessible. Extract direct measurements, test conditions, equations, ranges, fitments, temperatures, pressures, loads, slip/wear/stint observations or supplier facts relevant to: Groove/surface effects on wet traction and hydroplaning behavior.","First deduplicate by title/DOI/report number/URL. Mark FULL_TEXT_REVIEWED, ABSTRACT_ONLY, PRIMARY_SCAN_REVIEWED, SECONDARY_ONLY, or INACCESSIBLE. Cite page/section/table/figure for promoted evidence.",Aircraft/runway context; use surface/water mechanisms.,
FRESH-22-Q2,fresh_50_sources,FRESH-22,Some Effects of Grooved Runway Configurations on Aircraft Tire Traction,1973,NASA,https://ntrs.nasa.gov/citations/19730012330,WET TRACTION / SURFACE TEXTURE,TO_ASSESS,P1,forces;wet,source_ingestion_model_rule,NEW_SOURCE_TO_VERIFY,Groove/surface effects on wet traction and hydroplaning behavior.,Aircraft/runway context; use surface/water mechanisms.,"After source verification, identify what this source can legitimately change or constrain in Tire Lab: geometry, construction family, pressure model, thermal pathways, F&M/load/camber behavior, wear mapping, wet/intermediate logic, compound menu, event/supplier identity, or validation methodology.",Propose evidence records before numerical generator changes. Every proposed rule must reference the exact supporting evidence and its applicability domain. State explicit non-applicability.,Aircraft/runway context; use surface/water mechanisms.,
FRESH-23-Q1,fresh_50_sources,FRESH-23,One Giant Leap,2014,Motor Sport Magazine,https://www.motorsportmagazine.com/archive/article/july-2014/138/one-giant-leap/,HISTORICAL RACING TIRE DEVELOPMENT,TO_ASSESS,P1,thermal;wear;motorsport,source_ingestion_quantitative,NEW_SOURCE_TO_VERIFY,"Period recollections on 1960s tire war, tread thickness, heat buildup, soft compounds and development methods.",Retrospective interviews; separate quoted period facts from later recollection.,"Read the full source where accessible. Extract direct measurements, test conditions, equations, ranges, fitments, temperatures, pressures, loads, slip/wear/stint observations or supplier facts relevant to: Period recollections on 1960s tire war, tread thickness, heat buildup, soft compounds and development methods.","First deduplicate by title/DOI/report number/URL. Mark FULL_TEXT_REVIEWED, ABSTRACT_ONLY, PRIMARY_SCAN_REVIEWED, SECONDARY_ONLY, or INACCESSIBLE. Cite page/section/table/figure for promoted evidence.",Retrospective interviews; separate quoted period facts from later recollection.,
FRESH-23-Q2,fresh_50_sources,FRESH-23,One Giant Leap,2014,Motor Sport Magazine,https://www.motorsportmagazine.com/archive/article/july-2014/138/one-giant-leap/,HISTORICAL RACING TIRE DEVELOPMENT,TO_ASSESS,P1,thermal;wear;motorsport,source_ingestion_model_rule,NEW_SOURCE_TO_VERIFY,"Period recollections on 1960s tire war, tread thickness, heat buildup, soft compounds and development methods.",Retrospective interviews; separate quoted period facts from later recollection.,"After source verification, identify what this source can legitimately change or constrain in Tire Lab: geometry, construction family, pressure model, thermal pathways, F&M/load/camber behavior, wear mapping, wet/intermediate logic, compound menu, event/supplier identity, or validation methodology.",Propose evidence records before numerical generator changes. Every proposed rule must reference the exact supporting evidence and its applicability domain. State explicit non-applicability.,Retrospective interviews; separate quoted period facts from later recollection.,
FRESH-24-Q1,fresh_50_sources,FRESH-24,Compound Fractures,1997,Motor Sport Magazine,https://www.motorsportmagazine.com/archive/article/april-1997/30/compound-fractures/,HISTORICAL RACING SUPPLIER / WET TIRE,TO_ASSESS,P1,wet;motorsport,source_ingestion_quantitative,NEW_SOURCE_TO_VERIFY,"Supplier wars, wet-tire performance differences and compound/spec evolution.",Magazine historical narrative; corroborate quantitative claims where possible.,"Read the full source where accessible. Extract direct measurements, test conditions, equations, ranges, fitments, temperatures, pressures, loads, slip/wear/stint observations or supplier facts relevant to: Supplier wars, wet-tire performance differences and compound/spec evolution.","First deduplicate by title/DOI/report number/URL. Mark FULL_TEXT_REVIEWED, ABSTRACT_ONLY, PRIMARY_SCAN_REVIEWED, SECONDARY_ONLY, or INACCESSIBLE. Cite page/section/table/figure for promoted evidence.",Magazine historical narrative; corroborate quantitative claims where possible.,
FRESH-24-Q2,fresh_50_sources,FRESH-24,Compound Fractures,1997,Motor Sport Magazine,https://www.motorsportmagazine.com/archive/article/april-1997/30/compound-fractures/,HISTORICAL RACING SUPPLIER / WET TIRE,TO_ASSESS,P1,wet;motorsport,source_ingestion_model_rule,NEW_SOURCE_TO_VERIFY,"Supplier wars, wet-tire performance differences and compound/spec evolution.",Magazine historical narrative; corroborate quantitative claims where possible.,"After source verification, identify what this source can legitimately change or constrain in Tire Lab: geometry, construction family, pressure model, thermal pathways, F&M/load/camber behavior, wear mapping, wet/intermediate logic, compound menu, event/supplier identity, or validation methodology.",Propose evidence records before numerical generator changes. Every proposed rule must reference the exact supporting evidence and its applicability domain. State explicit non-applicability.,Magazine historical narrative; corroborate quantitative claims where possible.,
FRESH-25-Q1,fresh_50_sources,FRESH-25,50 Goodyear Wolverhampton 1927-1977,1977,Motor Sport Magazine,https://www.motorsportmagazine.com/archive/article/august-1977/74/50-good-year-wolverhampton-1927-1977/,PERIOD RACING TIRE CONSTRUCTION,TO_ASSESS,P0,thermal;construction;motorsport,source_ingestion_quantitative,NEW_SOURCE_TO_VERIFY,"Goodyear racing development: construction spring-rate tuning, ply angle/cord density, temperature/sliding observations.",Company/history article; distinguish direct engineer quotations from narrative.,"Read the full source where accessible. Extract direct measurements, test conditions, equations, ranges, fitments, temperatures, pressures, loads, slip/wear/stint observations or supplier facts relevant to: Goodyear racing development: construction spring-rate tuning, ply angle/cord density, temperature/sliding observations.","First deduplicate by title/DOI/report number/URL. Mark FULL_TEXT_REVIEWED, ABSTRACT_ONLY, PRIMARY_SCAN_REVIEWED, SECONDARY_ONLY, or INACCESSIBLE. Cite page/section/table/figure for promoted evidence.",Company/history article; distinguish direct engineer quotations from narrative.,
FRESH-25-Q2,fresh_50_sources,FRESH-25,50 Goodyear Wolverhampton 1927-1977,1977,Motor Sport Magazine,https://www.motorsportmagazine.com/archive/article/august-1977/74/50-good-year-wolverhampton-1927-1977/,PERIOD RACING TIRE CONSTRUCTION,TO_ASSESS,P0,thermal;construction;motorsport,source_ingestion_model_rule,NEW_SOURCE_TO_VERIFY,"Goodyear racing development: construction spring-rate tuning, ply angle/cord density, temperature/sliding observations.",Company/history article; distinguish direct engineer quotations from narrative.,"After source verification, identify what this source can legitimately change or constrain in Tire Lab: geometry, construction family, pressure model, thermal pathways, F&M/load/camber behavior, wear mapping, wet/intermediate logic, compound menu, event/supplier identity, or validation methodology.",Propose evidence records before numerical generator changes. Every proposed rule must reference the exact supporting evidence and its applicability domain. State explicit non-applicability.,Company/history article; distinguish direct engineer quotations from narrative.,
FRESH-26-Q1,fresh_50_sources,FRESH-26,Technofile - The Slick Tyre,1999,Motor Sport Magazine,https://www.motorsportmagazine.com/archive/article/july-1999/51/the-slick-tyre/,HISTORICAL SLICK / WET DEVELOPMENT,TO_ASSESS,P1,wear;wet,source_ingestion_quantitative,NEW_SOURCE_TO_VERIFY,"Early slick behavior, driveability/breakaway and Dunlop wet compound/tread development.",Historical overview; do not universalize one supplier/spec.,"Read the full source where accessible. Extract direct measurements, test conditions, equations, ranges, fitments, temperatures, pressures, loads, slip/wear/stint observations or supplier facts relevant to: Early slick behavior, driveability/breakaway and Dunlop wet compound/tread development.","First deduplicate by title/DOI/report number/URL. Mark FULL_TEXT_REVIEWED, ABSTRACT_ONLY, PRIMARY_SCAN_REVIEWED, SECONDARY_ONLY, or INACCESSIBLE. Cite page/section/table/figure for promoted evidence.",Historical overview; do not universalize one supplier/spec.,
FRESH-26-Q2,fresh_50_sources,FRESH-26,Technofile - The Slick Tyre,1999,Motor Sport Magazine,https://www.motorsportmagazine.com/archive/article/july-1999/51/the-slick-tyre/,HISTORICAL SLICK / WET DEVELOPMENT,TO_ASSESS,P1,wear;wet,source_ingestion_model_rule,NEW_SOURCE_TO_VERIFY,"Early slick behavior, driveability/breakaway and Dunlop wet compound/tread development.",Historical overview; do not universalize one supplier/spec.,"After source verification, identify what this source can legitimately change or constrain in Tire Lab: geometry, construction family, pressure model, thermal pathways, F&M/load/camber behavior, wear mapping, wet/intermediate logic, compound menu, event/supplier identity, or validation methodology.",Propose evidence records before numerical generator changes. Every proposed rule must reference the exact supporting evidence and its applicability domain. State explicit non-applicability.,Historical overview; do not universalize one supplier/spec.,
FRESH-27-Q1,fresh_50_sources,FRESH-27,"Leo Mehl, Goodyear's European Racing Chief, Reflects on Four Years in Europe",1971,Motor Sport Magazine,https://www.motorsportmagazine.com/archive/article/november-1971/48/leo-mehl-goodyears-european-racing-chief-reflects-on-four-years-in-europe/,DIRECT PERIOD RACING ENGINEERING,TO_ASSESS,P0,thermal;construction;motorsport,source_ingestion_quantitative,NEW_SOURCE_TO_VERIFY,"Goodyear race-tire development, materials, slick durability/heat and contemporary supplier engineering.",Supplier-specific period interview; preserve exact context.,"Read the full source where accessible. Extract direct measurements, test conditions, equations, ranges, fitments, temperatures, pressures, loads, slip/wear/stint observations or supplier facts relevant to: Goodyear race-tire development, materials, slick durability/heat and contemporary supplier engineering.","First deduplicate by title/DOI/report number/URL. Mark FULL_TEXT_REVIEWED, ABSTRACT_ONLY, PRIMARY_SCAN_REVIEWED, SECONDARY_ONLY, or INACCESSIBLE. Cite page/section/table/figure for promoted evidence.",Supplier-specific period interview; preserve exact context.,
FRESH-27-Q2,fresh_50_sources,FRESH-27,"Leo Mehl, Goodyear's European Racing Chief, Reflects on Four Years in Europe",1971,Motor Sport Magazine,https://www.motorsportmagazine.com/archive/article/november-1971/48/leo-mehl-goodyears-european-racing-chief-reflects-on-four-years-in-europe/,DIRECT PERIOD RACING ENGINEERING,TO_ASSESS,P0,thermal;construction;motorsport,source_ingestion_model_rule,NEW_SOURCE_TO_VERIFY,"Goodyear race-tire development, materials, slick durability/heat and contemporary supplier engineering.",Supplier-specific period interview; preserve exact context.,"After source verification, identify what this source can legitimately change or constrain in Tire Lab: geometry, construction family, pressure model, thermal pathways, F&M/load/camber behavior, wear mapping, wet/intermediate logic, compound menu, event/supplier identity, or validation methodology.",Propose evidence records before numerical generator changes. Every proposed rule must reference the exact supporting evidence and its applicability domain. State explicit non-applicability.,Supplier-specific period interview; preserve exact context.,
FRESH-28-Q1,fresh_50_sources,FRESH-28,Austrian Grand Prix 1979 Race Report,1979,Motor Sport Magazine,https://www.motorsportmagazine.com/archive/article/september-1979/29/austrian-grand-prix-5/,DIRECT PERIOD QUALIFYING-TIRE WEAR,TO_ASSESS,P0,wear;motorsport,source_ingestion_quantitative,NEW_SOURCE_TO_VERIFY,Qualifying tire degradation/blistering and supplier differences; very short-life soft compounds.,Event-specific F1 evidence; do not apply to endurance/touring.,"Read the full source where accessible. Extract direct measurements, test conditions, equations, ranges, fitments, temperatures, pressures, loads, slip/wear/stint observations or supplier facts relevant to: Qualifying tire degradation/blistering and supplier differences; very short-life soft compounds.","First deduplicate by title/DOI/report number/URL. Mark FULL_TEXT_REVIEWED, ABSTRACT_ONLY, PRIMARY_SCAN_REVIEWED, SECONDARY_ONLY, or INACCESSIBLE. Cite page/section/table/figure for promoted evidence.",Event-specific F1 evidence; do not apply to endurance/touring.,
FRESH-28-Q2,fresh_50_sources,FRESH-28,Austrian Grand Prix 1979 Race Report,1979,Motor Sport Magazine,https://www.motorsportmagazine.com/archive/article/september-1979/29/austrian-grand-prix-5/,DIRECT PERIOD QUALIFYING-TIRE WEAR,TO_ASSESS,P0,wear;motorsport,source_ingestion_model_rule,NEW_SOURCE_TO_VERIFY,Qualifying tire degradation/blistering and supplier differences; very short-life soft compounds.,Event-specific F1 evidence; do not apply to endurance/touring.,"After source verification, identify what this source can legitimately change or constrain in Tire Lab: geometry, construction family, pressure model, thermal pathways, F&M/load/camber behavior, wear mapping, wet/intermediate logic, compound menu, event/supplier identity, or validation methodology.",Propose evidence records before numerical generator changes. Every proposed rule must reference the exact supporting evidence and its applicability domain. State explicit non-applicability.,Event-specific F1 evidence; do not apply to endurance/touring.,
FRESH-29-Q1,fresh_50_sources,FRESH-29,Formula Two Review — June 1981,1981,Motor Sport Magazine,https://www.motorsportmagazine.com/archive/article/june-1981/40/formula-two-review/,PERIOD F2 SUPPLIER / CONSTRUCTION,TO_ASSESS,P0,construction;motorsport,source_ingestion_quantitative,NEW_SOURCE_TO_VERIFY,"Bridgestone cross-ply vs Pirelli radial behavior, qualifying/race versions, blistering and supplier differences.",F2-specific; useful for transition-era construction and compound menus.,"Read the full source where accessible. Extract direct measurements, test conditions, equations, ranges, fitments, temperatures, pressures, loads, slip/wear/stint observations or supplier facts relevant to: Bridgestone cross-ply vs Pirelli radial behavior, qualifying/race versions, blistering and supplier differences.","First deduplicate by title/DOI/report number/URL. Mark FULL_TEXT_REVIEWED, ABSTRACT_ONLY, PRIMARY_SCAN_REVIEWED, SECONDARY_ONLY, or INACCESSIBLE. Cite page/section/table/figure for promoted evidence.",F2-specific; useful for transition-era construction and compound menus.,
FRESH-29-Q2,fresh_50_sources,FRESH-29,Formula Two Review — June 1981,1981,Motor Sport Magazine,https://www.motorsportmagazine.com/archive/article/june-1981/40/formula-two-review/,PERIOD F2 SUPPLIER / CONSTRUCTION,TO_ASSESS,P0,construction;motorsport,source_ingestion_model_rule,NEW_SOURCE_TO_VERIFY,"Bridgestone cross-ply vs Pirelli radial behavior, qualifying/race versions, blistering and supplier differences.",F2-specific; useful for transition-era construction and compound menus.,"After source verification, identify what this source can legitimately change or constrain in Tire Lab: geometry, construction family, pressure model, thermal pathways, F&M/load/camber behavior, wear mapping, wet/intermediate logic, compound menu, event/supplier identity, or validation methodology.",Propose evidence records before numerical generator changes. Every proposed rule must reference the exact supporting evidence and its applicability domain. State explicit non-applicability.,F2-specific; useful for transition-era construction and compound menus.,
FRESH-30-Q1,fresh_50_sources,FRESH-30,P ZERO RA Rally Tyre Technical Data,current,Pirelli Motorsport,https://www.pirelli.com/tires/en-us/motorsport/car/rally/catalog/p-zero-ra,OFFICIAL MODERN RACING TEMP/PRESSURE,TO_ASSESS,P1,geometry;pressure;thermal;construction;motorsport,source_ingestion_quantitative,NEW_SOURCE_TO_VERIFY,"Official compound working surface-temperature ranges, cold/hot pressures, sizes and construction/use guidance.","Modern rally tire; use as calibration methodology/thermal architecture, not historical direct values.","Read the full source where accessible. Extract direct measurements, test conditions, equations, ranges, fitments, temperatures, pressures, loads, slip/wear/stint observations or supplier facts relevant to: Official compound working surface-temperature ranges, cold/hot pressures, sizes and construction/use guidance.","First deduplicate by title/DOI/report number/URL. Mark FULL_TEXT_REVIEWED, ABSTRACT_ONLY, PRIMARY_SCAN_REVIEWED, SECONDARY_ONLY, or INACCESSIBLE. Cite page/section/table/figure for promoted evidence.","Modern rally tire; use as calibration methodology/thermal architecture, not historical direct values.",
FRESH-30-Q2,fresh_50_sources,FRESH-30,P ZERO RA Rally Tyre Technical Data,current,Pirelli Motorsport,https://www.pirelli.com/tires/en-us/motorsport/car/rally/catalog/p-zero-ra,OFFICIAL MODERN RACING TEMP/PRESSURE,TO_ASSESS,P1,geometry;pressure;thermal;construction;motorsport,source_ingestion_model_rule,NEW_SOURCE_TO_VERIFY,"Official compound working surface-temperature ranges, cold/hot pressures, sizes and construction/use guidance.","Modern rally tire; use as calibration methodology/thermal architecture, not historical direct values.","After source verification, identify what this source can legitimately change or constrain in Tire Lab: geometry, construction family, pressure model, thermal pathways, F&M/load/camber behavior, wear mapping, wet/intermediate logic, compound menu, event/supplier identity, or validation methodology.",Propose evidence records before numerical generator changes. Every proposed rule must reference the exact supporting evidence and its applicability domain. State explicit non-applicability.,"Modern rally tire; use as calibration methodology/thermal architecture, not historical direct values.",
FRESH-31-Q1,fresh_50_sources,FRESH-31,P ZERO RW Rally Wet Tyre Technical Data,current,Pirelli Motorsport,https://www.pirelli.com/tires/en-us/motorsport/car/rally/catalog/p-zero-rw,OFFICIAL MODERN WET TEMP/PRESSURE,TO_ASSESS,P1,pressure;thermal;wet;motorsport,source_ingestion_quantitative,NEW_SOURCE_TO_VERIFY,"Official rain-tire working temperature, pressure and sizing; wet-specific range evidence.",Modern rally wet; do not back-cast absolute values to period wet tires.,"Read the full source where accessible. Extract direct measurements, test conditions, equations, ranges, fitments, temperatures, pressures, loads, slip/wear/stint observations or supplier facts relevant to: Official rain-tire working temperature, pressure and sizing; wet-specific range evidence.","First deduplicate by title/DOI/report number/URL. Mark FULL_TEXT_REVIEWED, ABSTRACT_ONLY, PRIMARY_SCAN_REVIEWED, SECONDARY_ONLY, or INACCESSIBLE. Cite page/section/table/figure for promoted evidence.",Modern rally wet; do not back-cast absolute values to period wet tires.,
FRESH-31-Q2,fresh_50_sources,FRESH-31,P ZERO RW Rally Wet Tyre Technical Data,current,Pirelli Motorsport,https://www.pirelli.com/tires/en-us/motorsport/car/rally/catalog/p-zero-rw,OFFICIAL MODERN WET TEMP/PRESSURE,TO_ASSESS,P1,pressure;thermal;wet;motorsport,source_ingestion_model_rule,NEW_SOURCE_TO_VERIFY,"Official rain-tire working temperature, pressure and sizing; wet-specific range evidence.",Modern rally wet; do not back-cast absolute values to period wet tires.,"After source verification, identify what this source can legitimately change or constrain in Tire Lab: geometry, construction family, pressure model, thermal pathways, F&M/load/camber behavior, wear mapping, wet/intermediate logic, compound menu, event/supplier identity, or validation methodology.",Propose evidence records before numerical generator changes. Every proposed rule must reference the exact supporting evidence and its applicability domain. State explicit non-applicability.,Modern rally wet; do not back-cast absolute values to period wet tires.,
FRESH-32-Q1,fresh_50_sources,FRESH-32,SCORPION K Rally Tyre Technical Data,current,Pirelli Motorsport,https://www.pirelli.com/tires/en-us/motorsport/car/rally/catalog/scorpion-k,OFFICIAL MODERN GRAVEL TEMP/PRESSURE,TO_ASSESS,P1,pressure;motorsport,source_ingestion_quantitative,NEW_SOURCE_TO_VERIFY,"Official gravel-rally compound working ranges, cold/hot pressure and geometry.",Modern rally; use cross-surface calibration methodology.,"Read the full source where accessible. Extract direct measurements, test conditions, equations, ranges, fitments, temperatures, pressures, loads, slip/wear/stint observations or supplier facts relevant to: Official gravel-rally compound working ranges, cold/hot pressure and geometry.","First deduplicate by title/DOI/report number/URL. Mark FULL_TEXT_REVIEWED, ABSTRACT_ONLY, PRIMARY_SCAN_REVIEWED, SECONDARY_ONLY, or INACCESSIBLE. Cite page/section/table/figure for promoted evidence.",Modern rally; use cross-surface calibration methodology.,
FRESH-32-Q2,fresh_50_sources,FRESH-32,SCORPION K Rally Tyre Technical Data,current,Pirelli Motorsport,https://www.pirelli.com/tires/en-us/motorsport/car/rally/catalog/scorpion-k,OFFICIAL MODERN GRAVEL TEMP/PRESSURE,TO_ASSESS,P1,pressure;motorsport,source_ingestion_model_rule,NEW_SOURCE_TO_VERIFY,"Official gravel-rally compound working ranges, cold/hot pressure and geometry.",Modern rally; use cross-surface calibration methodology.,"After source verification, identify what this source can legitimately change or constrain in Tire Lab: geometry, construction family, pressure model, thermal pathways, F&M/load/camber behavior, wear mapping, wet/intermediate logic, compound menu, event/supplier identity, or validation methodology.",Propose evidence records before numerical generator changes. Every proposed rule must reference the exact supporting evidence and its applicability domain. State explicit non-applicability.,Modern rally; use cross-surface calibration methodology.,
FRESH-33-Q1,fresh_50_sources,FRESH-33,2024 Michelin Motorsports Catalogue,2024,Michelin Motorsport,https://trackdaytire.com/wp-content/uploads/2024/08/2024-Michelin-Motorsports-Catalogue.pdf,OFFICIAL/REPRODUCED MODERN MOTORSPORT CATALOG,TO_ASSESS,P1,geometry;pressure;thermal;motorsport,source_ingestion_quantitative,NEW_SOURCE_TO_VERIFY,"Race tire sizes, pressure preparation, temperature-pressure rule-of-thumb and application recommendations.",Verify document authenticity/version; modern values are not historical targets.,"Read the full source where accessible. Extract direct measurements, test conditions, equations, ranges, fitments, temperatures, pressures, loads, slip/wear/stint observations or supplier facts relevant to: Race tire sizes, pressure preparation, temperature-pressure rule-of-thumb and application recommendations.","First deduplicate by title/DOI/report number/URL. Mark FULL_TEXT_REVIEWED, ABSTRACT_ONLY, PRIMARY_SCAN_REVIEWED, SECONDARY_ONLY, or INACCESSIBLE. Cite page/section/table/figure for promoted evidence.",Verify document authenticity/version; modern values are not historical targets.,
FRESH-33-Q2,fresh_50_sources,FRESH-33,2024 Michelin Motorsports Catalogue,2024,Michelin Motorsport,https://trackdaytire.com/wp-content/uploads/2024/08/2024-Michelin-Motorsports-Catalogue.pdf,OFFICIAL/REPRODUCED MODERN MOTORSPORT CATALOG,TO_ASSESS,P1,geometry;pressure;thermal;motorsport,source_ingestion_model_rule,NEW_SOURCE_TO_VERIFY,"Race tire sizes, pressure preparation, temperature-pressure rule-of-thumb and application recommendations.",Verify document authenticity/version; modern values are not historical targets.,"After source verification, identify what this source can legitimately change or constrain in Tire Lab: geometry, construction family, pressure model, thermal pathways, F&M/load/camber behavior, wear mapping, wet/intermediate logic, compound menu, event/supplier identity, or validation methodology.",Propose evidence records before numerical generator changes. Every proposed rule must reference the exact supporting evidence and its applicability domain. State explicit non-applicability.,Verify document authenticity/version; modern values are not historical targets.,
FRESH-34-Q1,fresh_50_sources,FRESH-34,Michelin Raceguide — WEC 24 Hours of Le Mans 2024,2024,Michelin Motorsport,https://www.speedcafe.com/wp-content/uploads/04_Michelin_Raceguide_WEC_24HduMans2024_EN.pdf,OFFICIAL MODERN ENDURANCE,TO_ASSESS,P1,geometry;pressure;thermal;forces;motorsport,source_ingestion_quantitative,NEW_SOURCE_TO_VERIFY,"Hypercar sizes, ground-temperature compound selection, minimum pressures/camber and event operating guidance.","Modern Hypercar; use for endurance calibration concepts, not historic GT1 values.","Read the full source where accessible. Extract direct measurements, test conditions, equations, ranges, fitments, temperatures, pressures, loads, slip/wear/stint observations or supplier facts relevant to: Hypercar sizes, ground-temperature compound selection, minimum pressures/camber and event operating guidance.","First deduplicate by title/DOI/report number/URL. Mark FULL_TEXT_REVIEWED, ABSTRACT_ONLY, PRIMARY_SCAN_REVIEWED, SECONDARY_ONLY, or INACCESSIBLE. Cite page/section/table/figure for promoted evidence.","Modern Hypercar; use for endurance calibration concepts, not historic GT1 values.",
FRESH-34-Q2,fresh_50_sources,FRESH-34,Michelin Raceguide — WEC 24 Hours of Le Mans 2024,2024,Michelin Motorsport,https://www.speedcafe.com/wp-content/uploads/04_Michelin_Raceguide_WEC_24HduMans2024_EN.pdf,OFFICIAL MODERN ENDURANCE,TO_ASSESS,P1,geometry;pressure;thermal;forces;motorsport,source_ingestion_model_rule,NEW_SOURCE_TO_VERIFY,"Hypercar sizes, ground-temperature compound selection, minimum pressures/camber and event operating guidance.","Modern Hypercar; use for endurance calibration concepts, not historic GT1 values.","After source verification, identify what this source can legitimately change or constrain in Tire Lab: geometry, construction family, pressure model, thermal pathways, F&M/load/camber behavior, wear mapping, wet/intermediate logic, compound menu, event/supplier identity, or validation methodology.",Propose evidence records before numerical generator changes. Every proposed rule must reference the exact supporting evidence and its applicability domain. State explicit non-applicability.,"Modern Hypercar; use for endurance calibration concepts, not historic GT1 values.",
FRESH-35-Q1,fresh_50_sources,FRESH-35,MICHELIN Pilot Sport Cup Care and Feeding,unknown,Michelin / Tire Rack mirror,https://www.tirerack.com/images/pdf/Michelin_Care_and_Feeding.pdf,TREAD PYROMETER / PRESSURE SETUP METHOD,TO_ASSESS,P1,pressure;thermal;wear,source_ingestion_quantitative,NEW_SOURCE_TO_VERIFY,"Cold-to-hot pressure examples, I/M/O pyrometer interpretation, hot pressure and tread-temperature setup workflow.",Track-day tire guidance; methodology only for racing-tool telemetry interpretation.,"Read the full source where accessible. Extract direct measurements, test conditions, equations, ranges, fitments, temperatures, pressures, loads, slip/wear/stint observations or supplier facts relevant to: Cold-to-hot pressure examples, I/M/O pyrometer interpretation, hot pressure and tread-temperature setup workflow.","First deduplicate by title/DOI/report number/URL. Mark FULL_TEXT_REVIEWED, ABSTRACT_ONLY, PRIMARY_SCAN_REVIEWED, SECONDARY_ONLY, or INACCESSIBLE. Cite page/section/table/figure for promoted evidence.",Track-day tire guidance; methodology only for racing-tool telemetry interpretation.,
FRESH-35-Q2,fresh_50_sources,FRESH-35,MICHELIN Pilot Sport Cup Care and Feeding,unknown,Michelin / Tire Rack mirror,https://www.tirerack.com/images/pdf/Michelin_Care_and_Feeding.pdf,TREAD PYROMETER / PRESSURE SETUP METHOD,TO_ASSESS,P1,pressure;thermal;wear,source_ingestion_model_rule,NEW_SOURCE_TO_VERIFY,"Cold-to-hot pressure examples, I/M/O pyrometer interpretation, hot pressure and tread-temperature setup workflow.",Track-day tire guidance; methodology only for racing-tool telemetry interpretation.,"After source verification, identify what this source can legitimately change or constrain in Tire Lab: geometry, construction family, pressure model, thermal pathways, F&M/load/camber behavior, wear mapping, wet/intermediate logic, compound menu, event/supplier identity, or validation methodology.",Propose evidence records before numerical generator changes. Every proposed rule must reference the exact supporting evidence and its applicability domain. State explicit non-applicability.,Track-day tire guidance; methodology only for racing-tool telemetry interpretation.,
FRESH-36-Q1,fresh_50_sources,FRESH-36,2022 Italian Grand Prix Event Notes — Pirelli Preview,2022,FIA / Pirelli,https://www.fia.com/sites/default/files/doc_3_-_2022_italian_grand_prix_-_event_notes_-_pit_lane_drawing_red_zone_and_pirelli_preview.pdf,OFFICIAL F1 PRESSURE/CAMBER,TO_ASSESS,P1,pressure;thermal;forces;motorsport,source_ingestion_quantitative,NEW_SOURCE_TO_VERIFY,"Start/stabilized pressure minima, camber limits and documented pressure-vs-temperature cooling relationships.",Modern F1; excellent pressure-model validation structure but not historical values.,"Read the full source where accessible. Extract direct measurements, test conditions, equations, ranges, fitments, temperatures, pressures, loads, slip/wear/stint observations or supplier facts relevant to: Start/stabilized pressure minima, camber limits and documented pressure-vs-temperature cooling relationships.","First deduplicate by title/DOI/report number/URL. Mark FULL_TEXT_REVIEWED, ABSTRACT_ONLY, PRIMARY_SCAN_REVIEWED, SECONDARY_ONLY, or INACCESSIBLE. Cite page/section/table/figure for promoted evidence.",Modern F1; excellent pressure-model validation structure but not historical values.,
FRESH-36-Q2,fresh_50_sources,FRESH-36,2022 Italian Grand Prix Event Notes — Pirelli Preview,2022,FIA / Pirelli,https://www.fia.com/sites/default/files/doc_3_-_2022_italian_grand_prix_-_event_notes_-_pit_lane_drawing_red_zone_and_pirelli_preview.pdf,OFFICIAL F1 PRESSURE/CAMBER,TO_ASSESS,P1,pressure;thermal;forces;motorsport,source_ingestion_model_rule,NEW_SOURCE_TO_VERIFY,"Start/stabilized pressure minima, camber limits and documented pressure-vs-temperature cooling relationships.",Modern F1; excellent pressure-model validation structure but not historical values.,"After source verification, identify what this source can legitimately change or constrain in Tire Lab: geometry, construction family, pressure model, thermal pathways, F&M/load/camber behavior, wear mapping, wet/intermediate logic, compound menu, event/supplier identity, or validation methodology.",Propose evidence records before numerical generator changes. Every proposed rule must reference the exact supporting evidence and its applicability domain. State explicit non-applicability.,Modern F1; excellent pressure-model validation structure but not historical values.,
FRESH-37-Q1,fresh_50_sources,FRESH-37,FIA WEC Committee Tyre Pressure and Camber Decisions,2024-2026,FIA,https://www.fia.com/events/world-endurance-championship/season-2024/wec-committee,OFFICIAL ENDURANCE PRESSURE/CAMBER DATASET,TO_ASSESS,P1,pressure;forces;wet,source_ingestion_quantitative,NEW_SOURCE_TO_VERIFY,Event-by-event stabilized pressure and camber constraints; build a structured modern endurance reference set.,Modern regulated minima are not necessarily optimum pressure and not historic targets.,"Read the full source where accessible. Extract direct measurements, test conditions, equations, ranges, fitments, temperatures, pressures, loads, slip/wear/stint observations or supplier facts relevant to: Event-by-event stabilized pressure and camber constraints; build a structured modern endurance reference set.","First deduplicate by title/DOI/report number/URL. Mark FULL_TEXT_REVIEWED, ABSTRACT_ONLY, PRIMARY_SCAN_REVIEWED, SECONDARY_ONLY, or INACCESSIBLE. Cite page/section/table/figure for promoted evidence.",Modern regulated minima are not necessarily optimum pressure and not historic targets.,
FRESH-37-Q2,fresh_50_sources,FRESH-37,FIA WEC Committee Tyre Pressure and Camber Decisions,2024-2026,FIA,https://www.fia.com/events/world-endurance-championship/season-2024/wec-committee,OFFICIAL ENDURANCE PRESSURE/CAMBER DATASET,TO_ASSESS,P1,pressure;forces;wet,source_ingestion_model_rule,NEW_SOURCE_TO_VERIFY,Event-by-event stabilized pressure and camber constraints; build a structured modern endurance reference set.,Modern regulated minima are not necessarily optimum pressure and not historic targets.,"After source verification, identify what this source can legitimately change or constrain in Tire Lab: geometry, construction family, pressure model, thermal pathways, F&M/load/camber behavior, wear mapping, wet/intermediate logic, compound menu, event/supplier identity, or validation methodology.",Propose evidence records before numerical generator changes. Every proposed rule must reference the exact supporting evidence and its applicability domain. State explicit non-applicability.,Modern regulated minima are not necessarily optimum pressure and not historic targets.,
FRESH-38-Q1,fresh_50_sources,FRESH-38,Hoosier Rally Tires Set-Up Recommendations,current,Hoosier Racing Tire,https://www.hoosiertire.com/tires/rally/,OFFICIAL RACE-TIRE SETUP,TO_ASSESS,P1,pressure;motorsport,source_ingestion_quantitative,NEW_SOURCE_TO_VERIFY,Cold/hot pressure targets and rally setup guidance.,Modern manufacturer guidance; use pressure closure/testing methodology.,"Read the full source where accessible. Extract direct measurements, test conditions, equations, ranges, fitments, temperatures, pressures, loads, slip/wear/stint observations or supplier facts relevant to: Cold/hot pressure targets and rally setup guidance.","First deduplicate by title/DOI/report number/URL. Mark FULL_TEXT_REVIEWED, ABSTRACT_ONLY, PRIMARY_SCAN_REVIEWED, SECONDARY_ONLY, or INACCESSIBLE. Cite page/section/table/figure for promoted evidence.",Modern manufacturer guidance; use pressure closure/testing methodology.,
FRESH-38-Q2,fresh_50_sources,FRESH-38,Hoosier Rally Tires Set-Up Recommendations,current,Hoosier Racing Tire,https://www.hoosiertire.com/tires/rally/,OFFICIAL RACE-TIRE SETUP,TO_ASSESS,P1,pressure;motorsport,source_ingestion_model_rule,NEW_SOURCE_TO_VERIFY,Cold/hot pressure targets and rally setup guidance.,Modern manufacturer guidance; use pressure closure/testing methodology.,"After source verification, identify what this source can legitimately change or constrain in Tire Lab: geometry, construction family, pressure model, thermal pathways, F&M/load/camber behavior, wear mapping, wet/intermediate logic, compound menu, event/supplier identity, or validation methodology.",Propose evidence records before numerical generator changes. Every proposed rule must reference the exact supporting evidence and its applicability domain. State explicit non-applicability.,Modern manufacturer guidance; use pressure closure/testing methodology.,
FRESH-39-Q1,fresh_50_sources,FRESH-39,Dowe on Le Mans 1990,2024,Motor Sport Magazine,https://www.motorsportmagazine.com/archive/article/september-2024/115/dowe-on-le-mans-1990/,HISTORICAL ENDURANCE STINT / COMPOUND,TO_ASSESS,P1,wear;motorsport,source_ingestion_quantitative,NEW_SOURCE_TO_VERIFY,Jaguar/Goodyear rear-tire compound sizing and double-stint durability evidence from Le Mans 1990.,Retrospective testimony; preserve car/event/spec context.,"Read the full source where accessible. Extract direct measurements, test conditions, equations, ranges, fitments, temperatures, pressures, loads, slip/wear/stint observations or supplier facts relevant to: Jaguar/Goodyear rear-tire compound sizing and double-stint durability evidence from Le Mans 1990.","First deduplicate by title/DOI/report number/URL. Mark FULL_TEXT_REVIEWED, ABSTRACT_ONLY, PRIMARY_SCAN_REVIEWED, SECONDARY_ONLY, or INACCESSIBLE. Cite page/section/table/figure for promoted evidence.",Retrospective testimony; preserve car/event/spec context.,
FRESH-39-Q2,fresh_50_sources,FRESH-39,Dowe on Le Mans 1990,2024,Motor Sport Magazine,https://www.motorsportmagazine.com/archive/article/september-2024/115/dowe-on-le-mans-1990/,HISTORICAL ENDURANCE STINT / COMPOUND,TO_ASSESS,P1,wear;motorsport,source_ingestion_model_rule,NEW_SOURCE_TO_VERIFY,Jaguar/Goodyear rear-tire compound sizing and double-stint durability evidence from Le Mans 1990.,Retrospective testimony; preserve car/event/spec context.,"After source verification, identify what this source can legitimately change or constrain in Tire Lab: geometry, construction family, pressure model, thermal pathways, F&M/load/camber behavior, wear mapping, wet/intermediate logic, compound menu, event/supplier identity, or validation methodology.",Propose evidence records before numerical generator changes. Every proposed rule must reference the exact supporting evidence and its applicability domain. State explicit non-applicability.,Retrospective testimony; preserve car/event/spec context.,
FRESH-40-Q1,fresh_50_sources,FRESH-40,Formula Two Review — May 1975,1975,Motor Sport Magazine,https://www.motorsportmagazine.com/archive/article/may-1975/35/formula-two-review/,PERIOD WET-TIRE DURABILITY,TO_ASSESS,P1,thermal;wet;motorsport,source_ingestion_quantitative,NEW_SOURCE_TO_VERIFY,Wet tire overheating/chunking as track dries; harder older wet compounds lasting longer.,F2 event evidence; do not universalize supplier behavior.,"Read the full source where accessible. Extract direct measurements, test conditions, equations, ranges, fitments, temperatures, pressures, loads, slip/wear/stint observations or supplier facts relevant to: Wet tire overheating/chunking as track dries; harder older wet compounds lasting longer.","First deduplicate by title/DOI/report number/URL. Mark FULL_TEXT_REVIEWED, ABSTRACT_ONLY, PRIMARY_SCAN_REVIEWED, SECONDARY_ONLY, or INACCESSIBLE. Cite page/section/table/figure for promoted evidence.",F2 event evidence; do not universalize supplier behavior.,
FRESH-40-Q2,fresh_50_sources,FRESH-40,Formula Two Review — May 1975,1975,Motor Sport Magazine,https://www.motorsportmagazine.com/archive/article/may-1975/35/formula-two-review/,PERIOD WET-TIRE DURABILITY,TO_ASSESS,P1,thermal;wet;motorsport,source_ingestion_model_rule,NEW_SOURCE_TO_VERIFY,Wet tire overheating/chunking as track dries; harder older wet compounds lasting longer.,F2 event evidence; do not universalize supplier behavior.,"After source verification, identify what this source can legitimately change or constrain in Tire Lab: geometry, construction family, pressure model, thermal pathways, F&M/load/camber behavior, wear mapping, wet/intermediate logic, compound menu, event/supplier identity, or validation methodology.",Propose evidence records before numerical generator changes. Every proposed rule must reference the exact supporting evidence and its applicability domain. State explicit non-applicability.,F2 event evidence; do not universalize supplier behavior.,
FRESH-41-Q1,fresh_50_sources,FRESH-41,Around and About — October 1981: Avon Racing Tyres,1981,Motor Sport Magazine,https://www.motorsportmagazine.com/archive/article/october-1981/40/around-and-about-october-1981/,PERIOD SUPPLIER DEVELOPMENT,TO_ASSESS,P1,construction;motorsport,source_ingestion_quantitative,NEW_SOURCE_TO_VERIFY,Avon rapid F1 tire development after Goodyear withdrawal; construction/development timeline.,Historical narrative; extract only supported technical details.,"Read the full source where accessible. Extract direct measurements, test conditions, equations, ranges, fitments, temperatures, pressures, loads, slip/wear/stint observations or supplier facts relevant to: Avon rapid F1 tire development after Goodyear withdrawal; construction/development timeline.","First deduplicate by title/DOI/report number/URL. Mark FULL_TEXT_REVIEWED, ABSTRACT_ONLY, PRIMARY_SCAN_REVIEWED, SECONDARY_ONLY, or INACCESSIBLE. Cite page/section/table/figure for promoted evidence.",Historical narrative; extract only supported technical details.,
FRESH-41-Q2,fresh_50_sources,FRESH-41,Around and About — October 1981: Avon Racing Tyres,1981,Motor Sport Magazine,https://www.motorsportmagazine.com/archive/article/october-1981/40/around-and-about-october-1981/,PERIOD SUPPLIER DEVELOPMENT,TO_ASSESS,P1,construction;motorsport,source_ingestion_model_rule,NEW_SOURCE_TO_VERIFY,Avon rapid F1 tire development after Goodyear withdrawal; construction/development timeline.,Historical narrative; extract only supported technical details.,"After source verification, identify what this source can legitimately change or constrain in Tire Lab: geometry, construction family, pressure model, thermal pathways, F&M/load/camber behavior, wear mapping, wet/intermediate logic, compound menu, event/supplier identity, or validation methodology.",Propose evidence records before numerical generator changes. Every proposed rule must reference the exact supporting evidence and its applicability domain. State explicit non-applicability.,Historical narrative; extract only supported technical details.,
FRESH-42-Q1,fresh_50_sources,FRESH-42,How Williams Designed a Le Mans Winner: BMW V12 LMR,2008,Motor Sport Magazine,https://www.motorsportmagazine.com/archive/article/april-2008/108/bmw-v12-lmr/,ENDURANCE TIRE STINT STRATEGY,TO_ASSESS,P1,wear;motorsport,source_ingestion_quantitative,NEW_SOURCE_TO_VERIFY,Michelin endurance strategy and double/triple-stint development goals around 1999 Le Mans.,Retrospective; distinguish planned vs actually completed stints.,"Read the full source where accessible. Extract direct measurements, test conditions, equations, ranges, fitments, temperatures, pressures, loads, slip/wear/stint observations or supplier facts relevant to: Michelin endurance strategy and double/triple-stint development goals around 1999 Le Mans.","First deduplicate by title/DOI/report number/URL. Mark FULL_TEXT_REVIEWED, ABSTRACT_ONLY, PRIMARY_SCAN_REVIEWED, SECONDARY_ONLY, or INACCESSIBLE. Cite page/section/table/figure for promoted evidence.",Retrospective; distinguish planned vs actually completed stints.,
FRESH-42-Q2,fresh_50_sources,FRESH-42,How Williams Designed a Le Mans Winner: BMW V12 LMR,2008,Motor Sport Magazine,https://www.motorsportmagazine.com/archive/article/april-2008/108/bmw-v12-lmr/,ENDURANCE TIRE STINT STRATEGY,TO_ASSESS,P1,wear;motorsport,source_ingestion_model_rule,NEW_SOURCE_TO_VERIFY,Michelin endurance strategy and double/triple-stint development goals around 1999 Le Mans.,Retrospective; distinguish planned vs actually completed stints.,"After source verification, identify what this source can legitimately change or constrain in Tire Lab: geometry, construction family, pressure model, thermal pathways, F&M/load/camber behavior, wear mapping, wet/intermediate logic, compound menu, event/supplier identity, or validation methodology.",Propose evidence records before numerical generator changes. Every proposed rule must reference the exact supporting evidence and its applicability domain. State explicit non-applicability.,Retrospective; distinguish planned vs actually completed stints.,
FRESH-43-Q1,fresh_50_sources,FRESH-43,Lunch with Oliver Gavin,2013,Motor Sport Magazine,https://www.motorsportmagazine.com/archive/article/february-2013/94/lunch-oliver-gavin/,ENDURANCE DRIVER TIRE EVIDENCE,TO_ASSESS,P1,wear,source_ingestion_quantitative,NEW_SOURCE_TO_VERIFY,"Driver testimony on double/triple stints, tire consistency and endurance strategy.","Anecdotal/driver evidence; use as stint observation, not material-property data.","Read the full source where accessible. Extract direct measurements, test conditions, equations, ranges, fitments, temperatures, pressures, loads, slip/wear/stint observations or supplier facts relevant to: Driver testimony on double/triple stints, tire consistency and endurance strategy.","First deduplicate by title/DOI/report number/URL. Mark FULL_TEXT_REVIEWED, ABSTRACT_ONLY, PRIMARY_SCAN_REVIEWED, SECONDARY_ONLY, or INACCESSIBLE. Cite page/section/table/figure for promoted evidence.","Anecdotal/driver evidence; use as stint observation, not material-property data.",
FRESH-43-Q2,fresh_50_sources,FRESH-43,Lunch with Oliver Gavin,2013,Motor Sport Magazine,https://www.motorsportmagazine.com/archive/article/february-2013/94/lunch-oliver-gavin/,ENDURANCE DRIVER TIRE EVIDENCE,TO_ASSESS,P1,wear,source_ingestion_model_rule,NEW_SOURCE_TO_VERIFY,"Driver testimony on double/triple stints, tire consistency and endurance strategy.","Anecdotal/driver evidence; use as stint observation, not material-property data.","After source verification, identify what this source can legitimately change or constrain in Tire Lab: geometry, construction family, pressure model, thermal pathways, F&M/load/camber behavior, wear mapping, wet/intermediate logic, compound menu, event/supplier identity, or validation methodology.",Propose evidence records before numerical generator changes. Every proposed rule must reference the exact supporting evidence and its applicability domain. State explicit non-applicability.,"Anecdotal/driver evidence; use as stint observation, not material-property data.",
FRESH-44-Q1,fresh_50_sources,FRESH-44,IMSA — Daytona 24 Hours 1991,1991,Motor Sport Magazine,https://www.motorsportmagazine.com/archive/article/march-1991/53/imsa-daytona-24-hours-2/,PERIOD IMSA TIRE / SUSPENSION INTERACTION,TO_ASSESS,P1,general_tire_physics,source_ingestion_quantitative,NEW_SOURCE_TO_VERIFY,Jaguar suspension changes for softer Goodyear compounds and event tire setup interaction.,Event/car-specific; useful to demonstrate tire-chassis co-development.,"Read the full source where accessible. Extract direct measurements, test conditions, equations, ranges, fitments, temperatures, pressures, loads, slip/wear/stint observations or supplier facts relevant to: Jaguar suspension changes for softer Goodyear compounds and event tire setup interaction.","First deduplicate by title/DOI/report number/URL. Mark FULL_TEXT_REVIEWED, ABSTRACT_ONLY, PRIMARY_SCAN_REVIEWED, SECONDARY_ONLY, or INACCESSIBLE. Cite page/section/table/figure for promoted evidence.",Event/car-specific; useful to demonstrate tire-chassis co-development.,
FRESH-44-Q2,fresh_50_sources,FRESH-44,IMSA — Daytona 24 Hours 1991,1991,Motor Sport Magazine,https://www.motorsportmagazine.com/archive/article/march-1991/53/imsa-daytona-24-hours-2/,PERIOD IMSA TIRE / SUSPENSION INTERACTION,TO_ASSESS,P1,general_tire_physics,source_ingestion_model_rule,NEW_SOURCE_TO_VERIFY,Jaguar suspension changes for softer Goodyear compounds and event tire setup interaction.,Event/car-specific; useful to demonstrate tire-chassis co-development.,"After source verification, identify what this source can legitimately change or constrain in Tire Lab: geometry, construction family, pressure model, thermal pathways, F&M/load/camber behavior, wear mapping, wet/intermediate logic, compound menu, event/supplier identity, or validation methodology.",Propose evidence records before numerical generator changes. Every proposed rule must reference the exact supporting evidence and its applicability domain. State explicit non-applicability.,Event/car-specific; useful to demonstrate tire-chassis co-development.,
FRESH-45-Q1,fresh_50_sources,FRESH-45,The Formula One Scene — November 1978,1978,Motor Sport Magazine,https://www.motorsportmagazine.com/archive/article/november-1978/31/formula-one-scene/,PERIOD F1 SUPPLIER / QUALIFYING COMPOUNDS,TO_ASSESS,P0,wear;motorsport,source_ingestion_quantitative,NEW_SOURCE_TO_VERIFY,Circuit-specific supplier support and qualifying tire life of only a few hard laps.,F1-specific; use compound-menu/life evidence only.,"Read the full source where accessible. Extract direct measurements, test conditions, equations, ranges, fitments, temperatures, pressures, loads, slip/wear/stint observations or supplier facts relevant to: Circuit-specific supplier support and qualifying tire life of only a few hard laps.","First deduplicate by title/DOI/report number/URL. Mark FULL_TEXT_REVIEWED, ABSTRACT_ONLY, PRIMARY_SCAN_REVIEWED, SECONDARY_ONLY, or INACCESSIBLE. Cite page/section/table/figure for promoted evidence.",F1-specific; use compound-menu/life evidence only.,
FRESH-45-Q2,fresh_50_sources,FRESH-45,The Formula One Scene — November 1978,1978,Motor Sport Magazine,https://www.motorsportmagazine.com/archive/article/november-1978/31/formula-one-scene/,PERIOD F1 SUPPLIER / QUALIFYING COMPOUNDS,TO_ASSESS,P0,wear;motorsport,source_ingestion_model_rule,NEW_SOURCE_TO_VERIFY,Circuit-specific supplier support and qualifying tire life of only a few hard laps.,F1-specific; use compound-menu/life evidence only.,"After source verification, identify what this source can legitimately change or constrain in Tire Lab: geometry, construction family, pressure model, thermal pathways, F&M/load/camber behavior, wear mapping, wet/intermediate logic, compound menu, event/supplier identity, or validation methodology.",Propose evidence records before numerical generator changes. Every proposed rule must reference the exact supporting evidence and its applicability domain. State explicit non-applicability.,F1-specific; use compound-menu/life evidence only.,
FRESH-46-Q1,fresh_50_sources,FRESH-46,Tuning Topics — Ford Escort RS1600 / Broadspeed,1971,Motor Sport Magazine,https://www.motorsportmagazine.com/archive/article/july-1971/76/tuning-topics/,DIRECT PERIOD ESCORT / DUNLOP,TO_ASSESS,P0,motorsport,source_ingestion_quantitative,NEW_SOURCE_TO_VERIFY,Broadspeed Escort RS1600 tire/suspension context including period Dunlop Formula racing tires.,Extract exact tire wording/fitment only if present; do not infer Group 2-wide universal spec.,"Read the full source where accessible. Extract direct measurements, test conditions, equations, ranges, fitments, temperatures, pressures, loads, slip/wear/stint observations or supplier facts relevant to: Broadspeed Escort RS1600 tire/suspension context including period Dunlop Formula racing tires.","First deduplicate by title/DOI/report number/URL. Mark FULL_TEXT_REVIEWED, ABSTRACT_ONLY, PRIMARY_SCAN_REVIEWED, SECONDARY_ONLY, or INACCESSIBLE. Cite page/section/table/figure for promoted evidence.",Extract exact tire wording/fitment only if present; do not infer Group 2-wide universal spec.,
FRESH-46-Q2,fresh_50_sources,FRESH-46,Tuning Topics — Ford Escort RS1600 / Broadspeed,1971,Motor Sport Magazine,https://www.motorsportmagazine.com/archive/article/july-1971/76/tuning-topics/,DIRECT PERIOD ESCORT / DUNLOP,TO_ASSESS,P0,motorsport,source_ingestion_model_rule,NEW_SOURCE_TO_VERIFY,Broadspeed Escort RS1600 tire/suspension context including period Dunlop Formula racing tires.,Extract exact tire wording/fitment only if present; do not infer Group 2-wide universal spec.,"After source verification, identify what this source can legitimately change or constrain in Tire Lab: geometry, construction family, pressure model, thermal pathways, F&M/load/camber behavior, wear mapping, wet/intermediate logic, compound menu, event/supplier identity, or validation methodology.",Propose evidence records before numerical generator changes. Every proposed rule must reference the exact supporting evidence and its applicability domain. State explicit non-applicability.,Extract exact tire wording/fitment only if present; do not infer Group 2-wide universal spec.,
FRESH-47-Q1,fresh_50_sources,FRESH-47,Winning Ways: How the Ford Escort Dominated the RAC Rally 50 Years On,2022,Hagerty UK,https://www.hagerty.co.uk/articles/winning-ways-how-the-ford-escort-dominated-the-rac-rally-50-years-on/,HISTORICAL ESCORT / DUNLOP A2,TO_ASSESS,P0,geometry;wet;motorsport,source_ingestion_quantitative,NEW_SOURCE_TO_VERIFY,"Escort rally tire recollections: Dunlop A2 origins, size/width preferences, wet/loose-surface behavior and fragility.",Retrospective and rally-specific; do not substitute for circuit Group 2 slick data.,"Read the full source where accessible. Extract direct measurements, test conditions, equations, ranges, fitments, temperatures, pressures, loads, slip/wear/stint observations or supplier facts relevant to: Escort rally tire recollections: Dunlop A2 origins, size/width preferences, wet/loose-surface behavior and fragility.","First deduplicate by title/DOI/report number/URL. Mark FULL_TEXT_REVIEWED, ABSTRACT_ONLY, PRIMARY_SCAN_REVIEWED, SECONDARY_ONLY, or INACCESSIBLE. Cite page/section/table/figure for promoted evidence.",Retrospective and rally-specific; do not substitute for circuit Group 2 slick data.,
FRESH-47-Q2,fresh_50_sources,FRESH-47,Winning Ways: How the Ford Escort Dominated the RAC Rally 50 Years On,2022,Hagerty UK,https://www.hagerty.co.uk/articles/winning-ways-how-the-ford-escort-dominated-the-rac-rally-50-years-on/,HISTORICAL ESCORT / DUNLOP A2,TO_ASSESS,P0,geometry;wet;motorsport,source_ingestion_model_rule,NEW_SOURCE_TO_VERIFY,"Escort rally tire recollections: Dunlop A2 origins, size/width preferences, wet/loose-surface behavior and fragility.",Retrospective and rally-specific; do not substitute for circuit Group 2 slick data.,"After source verification, identify what this source can legitimately change or constrain in Tire Lab: geometry, construction family, pressure model, thermal pathways, F&M/load/camber behavior, wear mapping, wet/intermediate logic, compound menu, event/supplier identity, or validation methodology.",Propose evidence records before numerical generator changes. Every proposed rule must reference the exact supporting evidence and its applicability domain. State explicit non-applicability.,Retrospective and rally-specific; do not substitute for circuit Group 2 slick data.,
FRESH-48-Q1,fresh_50_sources,FRESH-48,Le Mans 1995: Introducing the McLaren F1 GTR,2025,Motor Sport Magazine,https://www.motorsportmagazine.com/archive/article/june-2025/80/le-mans-1995-introducing-the-f1-gtr/,1995 GT1 SUPPLIER / COMPOUND HISTORY,TO_ASSESS,P0,construction;motorsport,source_ingestion_quantitative,NEW_SOURCE_TO_VERIFY,Team-specific Michelin/Goodyear supply and compound-range differences for McLaren F1 GTR at Le Mans/BPR.,Retrospective; corroborate team/supplier mappings with entry records.,"Read the full source where accessible. Extract direct measurements, test conditions, equations, ranges, fitments, temperatures, pressures, loads, slip/wear/stint observations or supplier facts relevant to: Team-specific Michelin/Goodyear supply and compound-range differences for McLaren F1 GTR at Le Mans/BPR.","First deduplicate by title/DOI/report number/URL. Mark FULL_TEXT_REVIEWED, ABSTRACT_ONLY, PRIMARY_SCAN_REVIEWED, SECONDARY_ONLY, or INACCESSIBLE. Cite page/section/table/figure for promoted evidence.",Retrospective; corroborate team/supplier mappings with entry records.,
FRESH-48-Q2,fresh_50_sources,FRESH-48,Le Mans 1995: Introducing the McLaren F1 GTR,2025,Motor Sport Magazine,https://www.motorsportmagazine.com/archive/article/june-2025/80/le-mans-1995-introducing-the-f1-gtr/,1995 GT1 SUPPLIER / COMPOUND HISTORY,TO_ASSESS,P0,construction;motorsport,source_ingestion_model_rule,NEW_SOURCE_TO_VERIFY,Team-specific Michelin/Goodyear supply and compound-range differences for McLaren F1 GTR at Le Mans/BPR.,Retrospective; corroborate team/supplier mappings with entry records.,"After source verification, identify what this source can legitimately change or constrain in Tire Lab: geometry, construction family, pressure model, thermal pathways, F&M/load/camber behavior, wear mapping, wet/intermediate logic, compound menu, event/supplier identity, or validation methodology.",Propose evidence records before numerical generator changes. Every proposed rule must reference the exact supporting evidence and its applicability domain. State explicit non-applicability.,Retrospective; corroborate team/supplier mappings with entry records.,
FRESH-49-Q1,fresh_50_sources,FRESH-49,1995 Le Mans Entry Appearance — Tire Supplier Map,1995,RacingSportsCars,https://www.racingsportscars.com/entry/appearance/Le_Mans-1995-06-18.html,1995 GT1 EVENT SUPPLIER DATA,TO_ASSESS,P0,motorsport,source_ingestion_quantitative,NEW_SOURCE_TO_VERIFY,"Car-by-car tire supplier mapping across McLaren, F40, Porsche, Venturi, NSX, Nissan and others at 1995 Le Mans.",Database evidence; verify individual entries where critical.,"Read the full source where accessible. Extract direct measurements, test conditions, equations, ranges, fitments, temperatures, pressures, loads, slip/wear/stint observations or supplier facts relevant to: Car-by-car tire supplier mapping across McLaren, F40, Porsche, Venturi, NSX, Nissan and others at 1995 Le Mans.","First deduplicate by title/DOI/report number/URL. Mark FULL_TEXT_REVIEWED, ABSTRACT_ONLY, PRIMARY_SCAN_REVIEWED, SECONDARY_ONLY, or INACCESSIBLE. Cite page/section/table/figure for promoted evidence.",Database evidence; verify individual entries where critical.,
FRESH-49-Q2,fresh_50_sources,FRESH-49,1995 Le Mans Entry Appearance — Tire Supplier Map,1995,RacingSportsCars,https://www.racingsportscars.com/entry/appearance/Le_Mans-1995-06-18.html,1995 GT1 EVENT SUPPLIER DATA,TO_ASSESS,P0,motorsport,source_ingestion_model_rule,NEW_SOURCE_TO_VERIFY,"Car-by-car tire supplier mapping across McLaren, F40, Porsche, Venturi, NSX, Nissan and others at 1995 Le Mans.",Database evidence; verify individual entries where critical.,"After source verification, identify what this source can legitimately change or constrain in Tire Lab: geometry, construction family, pressure model, thermal pathways, F&M/load/camber behavior, wear mapping, wet/intermediate logic, compound menu, event/supplier identity, or validation methodology.",Propose evidence records before numerical generator changes. Every proposed rule must reference the exact supporting evidence and its applicability domain. State explicit non-applicability.,Database evidence; verify individual entries where critical.,
FRESH-50-Q1,fresh_50_sources,FRESH-50,McLaren F1 GTR RacingSportsCars Archive,1995+,RacingSportsCars,https://www.racingsportscars.com/type/archive/McLaren/F1%20GTR.html,GT1 EVENT / SUPPLIER CHRONOLOGY,TO_ASSESS,P1,motorsport,source_ingestion_quantitative,NEW_SOURCE_TO_VERIFY,Build team/event-specific tire supplier chronology for F1 GTR rather than one universal supplier profile.,Database; treat exact compound identity as unknown unless separately sourced.,"Read the full source where accessible. Extract direct measurements, test conditions, equations, ranges, fitments, temperatures, pressures, loads, slip/wear/stint observations or supplier facts relevant to: Build team/event-specific tire supplier chronology for F1 GTR rather than one universal supplier profile.","First deduplicate by title/DOI/report number/URL. Mark FULL_TEXT_REVIEWED, ABSTRACT_ONLY, PRIMARY_SCAN_REVIEWED, SECONDARY_ONLY, or INACCESSIBLE. Cite page/section/table/figure for promoted evidence.",Database; treat exact compound identity as unknown unless separately sourced.,
FRESH-50-Q2,fresh_50_sources,FRESH-50,McLaren F1 GTR RacingSportsCars Archive,1995+,RacingSportsCars,https://www.racingsportscars.com/type/archive/McLaren/F1%20GTR.html,GT1 EVENT / SUPPLIER CHRONOLOGY,TO_ASSESS,P1,motorsport,source_ingestion_model_rule,NEW_SOURCE_TO_VERIFY,Build team/event-specific tire supplier chronology for F1 GTR rather than one universal supplier profile.,Database; treat exact compound identity as unknown unless separately sourced.,"After source verification, identify what this source can legitimately change or constrain in Tire Lab: geometry, construction family, pressure model, thermal pathways, F&M/load/camber behavior, wear mapping, wet/intermediate logic, compound menu, event/supplier identity, or validation methodology.",Propose evidence records before numerical generator changes. Every proposed rule must reference the exact supporting evidence and its applicability domain. State explicit non-applicability.,Database; treat exact compound identity as unknown unless separately sourced.,
GAP-01,cross_source_gap_mission,MULTI_SOURCE,FAM023 1971-76 Group 2 / ETCC slick pressure and pyrometer evidence,,,,RESEARCH_GAP_MISSION,N/A,P0,pressure;thermal;motorsport;construction,targeted_source_discovery,OPEN_RESEARCH_MISSION,This gap exists in the current Tire Knowledge confidence-gap list or was exposed by BRM/Escort telemetry.,Do not fill the gap by analogy alone; preserve uncertainty when direct evidence remains unavailable.,"Locate primary/near-primary setup sheets, tire supplier docs, team notes, contemporary reports or scans with Escort/Capri/BMW touring-car slick cold/hot pressures, I/M/O tread temperatures, dimensions, construction, or tire changes. Seed with Motor Sport 1971 Tuning Topics, RacingSportsCars period entries and period Dunlop/Goodyear/Pirelli material.","Return a source manifest first, then evidence records. Rank primary manufacturer/team/regulatory/technical sources above retrospective summaries. Deduplicate and retain provenance.","No unsupported exact coefficients, supplier identity, target temperature, pressure, life, or compound code.",
GAP-02,cross_source_gap_mission,MULTI_SOURCE,"1994-1996 GT1/BPR/Le Mans supplier, compound and stint map",,,,RESEARCH_GAP_MISSION,N/A,P0,motorsport;wear;wet;geometry,targeted_source_discovery,OPEN_RESEARCH_MISSION,This gap exists in the current Tire Knowledge confidence-gap list or was exposed by BRM/Escort telemetry.,Do not fill the gap by analogy alone; preserve uncertainty when direct evidence remains unavailable.,"Build event/team/car-level mapping for Michelin, Goodyear, Dunlop, Pirelli, Bridgestone and others; capture dry/wet/intermediate/qualifying identity, sizes, pressure/temperature evidence, tire-change chronology and stint lengths. Prioritize F40, F1 GTR, Supra, R33, NSX, Venturi, 993, EB110, XJ220C, Diablo.","Return a source manifest first, then evidence records. Rank primary manufacturer/team/regulatory/technical sources above retrospective summaries. Deduplicate and retain provenance.","No unsupported exact coefficients, supplier identity, target temperature, pressure, life, or compound code.",
GAP-03,cross_source_gap_mission,MULTI_SOURCE,Historical racing lateral/vertical carcass stiffness and rate evidence,,,,RESEARCH_GAP_MISSION,N/A,P0,construction;forces;pressure;transient,targeted_source_discovery,OPEN_RESEARCH_MISSION,This gap exists in the current Tire Knowledge confidence-gap list or was exposed by BRM/Escort telemetry.,Do not fill the gap by analogy alone; preserve uncertainty when direct evidence remains unavailable.,"Search supplier F&M sheets, rig reports, theses, patents and setup books for numeric vertical rate, lateral spring rate, deflection, relaxation length, pressure-rate slope, and construction details for racing cross-ply and radial tires 1950-2000.","Return a source manifest first, then evidence records. Rank primary manufacturer/team/regulatory/technical sources above retrospective summaries. Deduplicate and retain provenance.","No unsupported exact coefficients, supplier identity, target temperature, pressure, life, or compound code.",
GAP-04,cross_source_gap_mission,MULTI_SOURCE,Period wet/intermediate F&M and thermal evidence,,,,RESEARCH_GAP_MISSION,N/A,P0,wet;thermal;pressure;forces;wear,targeted_source_discovery,OPEN_RESEARCH_MISSION,This gap exists in the current Tire Knowledge confidence-gap list or was exposed by BRM/Escort telemetry.,Do not fill the gap by analogy alone; preserve uncertainty when direct evidence remains unavailable.,"Find direct wet/intermediate tire force, pressure, operating temperature, tread depth, water-depth, aquaplaning and wear data; prioritize motorsport supplier technical documents and period race engineering.","Return a source manifest first, then evidence records. Rank primary manufacturer/team/regulatory/technical sources above retrospective summaries. Deduplicate and retain provenance.","No unsupported exact coefficients, supplier identity, target temperature, pressure, life, or compound code.",
GAP-05,cross_source_gap_mission,MULTI_SOURCE,Wear-to-grip / tread-depth-to-performance curves,,,,RESEARCH_GAP_MISSION,N/A,P0,wear;forces;thermal,targeted_source_discovery,OPEN_RESEARCH_MISSION,This gap exists in the current Tire Knowledge confidence-gap list or was exposed by BRM/Escort telemetry.,Do not fill the gap by analogy alone; preserve uncertainty when direct evidence remains unavailable.,"Find measured relationships between accumulated wear/tread depth and peak mu, cornering stiffness, braking, lap time, temperature, or slip; distinguish abrasion, service life and competitive life.","Return a source manifest first, then evidence records. Rank primary manufacturer/team/regulatory/technical sources above retrospective summaries. Deduplicate and retain provenance.","No unsupported exact coefficients, supplier identity, target temperature, pressure, life, or compound code.",
GAP-06,cross_source_gap_mission,MULTI_SOURCE,Heat-cycle degradation and aging of race compounds,,,,RESEARCH_GAP_MISSION,N/A,P1,thermal;wear;construction,targeted_source_discovery,OPEN_RESEARCH_MISSION,This gap exists in the current Tire Knowledge confidence-gap list or was exposed by BRM/Escort telemetry.,Do not fill the gap by analogy alone; preserve uncertainty when direct evidence remains unavailable.,"Find manufacturer/academic evidence on heat cycles, cure/aging, hysteresis change, grip recovery/loss, storage, time-temperature history and repeated-run performance for racing or high-performance compounds.","Return a source manifest first, then evidence records. Rank primary manufacturer/team/regulatory/technical sources above retrospective summaries. Deduplicate and retain provenance.","No unsupported exact coefficients, supplier identity, target temperature, pressure, life, or compound code.",
GAP-07,cross_source_gap_mission,MULTI_SOURCE,Race-tire rolling resistance / hysteretic energy loss by pressure/load/speed,,,,RESEARCH_GAP_MISSION,N/A,P1,thermal;pressure;construction,targeted_source_discovery,OPEN_RESEARCH_MISSION,This gap exists in the current Tire Knowledge confidence-gap list or was exposed by BRM/Escort telemetry.,Do not fill the gap by analogy alone; preserve uncertainty when direct evidence remains unavailable.,"Find racing-specific or high-performance data that can calibrate ROLLING_RESISTANCE, CARCASS_ROLLING_K and flex heat across construction/era; prioritize rig data over generic road estimates.","Return a source manifest first, then evidence records. Rank primary manufacturer/team/regulatory/technical sources above retrospective summaries. Deduplicate and retain provenance.","No unsupported exact coefficients, supplier identity, target temperature, pressure, life, or compound code.",
GAP-08,cross_source_gap_mission,MULTI_SOURCE,1990s GT / endurance high-load combined-slip and F&M evidence,,,,RESEARCH_GAP_MISSION,N/A,P0,forces;motorsport;pressure;construction,targeted_source_discovery,OPEN_RESEARCH_MISSION,This gap exists in the current Tire Knowledge confidence-gap list or was exposed by BRM/Escort telemetry.,Do not fill the gap by analogy alone; preserve uncertainty when direct evidence remains unavailable.,"Find period or near-period force-and-moment data for large racing radials under high load, camber, drive/brake torque and speed; include supplier tests, university theses, patents and motorsport engineering papers.","Return a source manifest first, then evidence records. Rank primary manufacturer/team/regulatory/technical sources above retrospective summaries. Deduplicate and retain provenance.","No unsupported exact coefficients, supplier identity, target temperature, pressure, life, or compound code.",
GAP-09,cross_source_gap_mission,MULTI_SOURCE,Historical cold-to-hot pressure growth and internal tire temperature,,,,RESEARCH_GAP_MISSION,N/A,P0,pressure;thermal,targeted_source_discovery,OPEN_RESEARCH_MISSION,This gap exists in the current Tire Knowledge confidence-gap list or was exposed by BRM/Escort telemetry.,Do not fill the gap by analogy alone; preserve uncertainty when direct evidence remains unavailable.,"Find period race setup sheets and technical research linking cold pressure, hot pressure, contained-air/core temperature, tread temperature, tire volume and elapsed distance; separate setup pressure from physics-reference pressure.","Return a source manifest first, then evidence records. Rank primary manufacturer/team/regulatory/technical sources above retrospective summaries. Deduplicate and retain provenance.","No unsupported exact coefficients, supplier identity, target temperature, pressure, life, or compound code.",
GAP-10,cross_source_gap_mission,MULTI_SOURCE,Supplier compound-code dictionaries 1970s-1990s,,,,RESEARCH_GAP_MISSION,N/A,P1,motorsport;construction;wear;thermal,targeted_source_discovery,OPEN_RESEARCH_MISSION,This gap exists in the current Tire Knowledge confidence-gap list or was exposed by BRM/Escort telemetry.,Do not fill the gap by analogy alone; preserve uncertainty when direct evidence remains unavailable.,"Decode Dunlop/Goodyear/Michelin/Pirelli/Bridgestone/Firestone motorsport compound and construction codes by era/class/event using catalogs, bulletins, homologation notes, race reports, archived price lists and manufacturer documents.","Return a source manifest first, then evidence records. Rank primary manufacturer/team/regulatory/technical sources above retrospective summaries. Deduplicate and retain provenance.","No unsupported exact coefficients, supplier identity, target temperature, pressure, life, or compound code.",
