tire_key,tire_no,tire_no_raw,source_pdf_page,size_raw,manufacturer_code,manufacturer_name,brand_name_raw,cords_raw,construction_type,construction_name,construction_source,remarks_raw,mapped_package_count,exact_ocr_package_count,best_mapping_confidence,first_data_volume,first_data_page,measurement_page_count,cornering_coeff_page_count,braking_coeff_page_count,evidence_class,transcription_status,identity_scope,racing_applicability_default,curve_digitization_status
TIRF-008,8,008,216,G78-15,DU,Dunlop,Gold Seal RS Patrol,4N+ZF/4N,BB,Bias Belted,Appendix B OCR / direct row,,1,0,HIGH,3,9,2,1,1,DIRECT PRIMARY,OCR/transcribed from Volume II Appendix B; raw field strings retained,1976 Calspan/NHTSA passenger-tire corpus,MECHANISM_ONLY,NOT_DIGITIZED_IN_SUPPLIED_INDEX
TIRF-010,10,010,216,F70-14,GY,Goodyear,Custom Wide Tread Polyglas,ZP+ZF/ZP,BB,Bias Belted,Appendix B OCR / direct row,,1,0,MEDIUM,3,17,2,1,1,DIRECT PRIMARY,OCR/transcribed from Volume II Appendix B; raw field strings retained,1976 Calspan/NHTSA passenger-tire corpus,MECHANISM_ONLY,NOT_DIGITIZED_IN_SUPPLIED_INDEX
TIRF-011,11,011,216,F78-14,GY,Goodyear,Custom Power Cushion Polyglas,ZP+ZF/ZP,BB,Bias Belted,Appendix B OCR / direct row,,1,1,HIGH,3,25,2,1,1,DIRECT PRIMARY,OCR/transcribed from Volume II Appendix B; raw field strings retained,1976 Calspan/NHTSA passenger-tire corpus,MECHANISM_ONLY,NOT_DIGITIZED_IN_SUPPLIED_INDEX
TIRF-012,12,012,216,G78-14,GY,Goodyear,Custom Power Cushion Polyglas,2P+2F/ZP,BB,Bias Belted,Appendix B OCR / direct row,tests,0,0,,,,0,0,0,DIRECT PRIMARY,OCR/transcribed from Volume II Appendix B; raw field strings retained,1976 Calspan/NHTSA passenger-tire corpus,MECHANISM_ONLY,NOT_DIGITIZED_IN_SUPPLIED_INDEX
TIRF-014,14,014,216,G78-14,FI,Firestone,Del9Xe Champion Belted Sup-R-Belt,ZP+ZF/ZP,BB,Bias Belted,Appendix B OCR / direct row,,1,1,HIGH,3,33,3,2,1,DIRECT PRIMARY,OCR/transcribed from Volume II Appendix B; raw field strings retained,1976 Calspan/NHTSA passenger-tire corpus,MECHANISM_ONLY,NOT_DIGITIZED_IN_SUPPLIED_INDEX
TIRF-016,16,016,216,G78-14,BFG,BF Goodrich,Silvertown Belted,ZP+ZF/ZP,BB,Bias Belted,Appendix B OCR / direct row,,0,0,,,,0,0,0,DIRECT PRIMARY,OCR/transcribed from Volume II Appendix B; raw field strings retained,1976 Calspan/NHTSA passenger-tire corpus,MECHANISM_ONLY,NOT_DIGITIZED_IN_SUPPLIED_INDEX
TIRF-017,17,017,216,G78-14,BFG,BF Goodrich,Silvertown Trailmaker Belted,ZP+ZF/ZP,BB,Bias Belted,Appendix B OCR / direct row,Snow.,1,0,MEDIUM,3,45,4,3,1,DIRECT PRIMARY,OCR/transcribed from Volume II Appendix B; raw field strings retained,1976 Calspan/NHTSA passenger-tire corpus,MECHANISM_ONLY,NOT_DIGITIZED_IN_SUPPLIED_INDEX
TIRF-018,18,018,216,G78-15,FI,Firestone,Deluxe ChampionSup-R-Belt,ZP+ZF/ZP,BB,Bias Belted,Appendix B OCR / direct row,,0,0,,,,0,0,0,DIRECT PRIMARY,OCR/transcribed from Volume II Appendix B; raw field strings retained,1976 Calspan/NHTSA passenger-tire corpus,MECHANISM_ONLY,NOT_DIGITIZED_IN_SUPPLIED_INDEX
TIRF-020,20,OZO,216,G78-15,UN,Uniroyal,Uniroyal Belted,ZP+ZF/ZP,BB,Bias Belted,Appendix B OCR / direct row,,0,0,,,,0,0,0,DIRECT PRIMARY,OCR/transcribed from Volume II Appendix B; raw field strings retained,1976 Calspan/NHTSA passenger-tire corpus,MECHANISM_ONLY,NOT_DIGITIZED_IN_SUPPLIED_INDEX
TIRF-021,21,OZI,216,H78-15,UN,Uniroyal,Zeta Z5M Belted,ZP+ZF/ZP,BB,Bias Belted,Appendix B OCR / direct row,,1,0,HIGH,3,67,7,3,2,DIRECT PRIMARY,OCR/transcribed from Volume II Appendix B; raw field strings retained,1976 Calspan/NHTSA passenger-tire corpus,MECHANISM_ONLY,NOT_DIGITIZED_IN_SUPPLIED_INDEX
TIRF-022,22,OZZ,216,J78-15,UN,Uniroyal,Zeta Z5M,ZP+ZF/ZP,BB,Bias Belted,Appendix B OCR / direct row,,0,0,,,,0,0,0,DIRECT PRIMARY,OCR/transcribed from Volume II Appendix B; raw field strings retained,1976 Calspan/NHTSA passenger-tire corpus,MECHANISM_ONLY,NOT_DIGITIZED_IN_SUPPLIED_INDEX
TIRF-023,23,OZ3,216,L78-15,UN,Uniroyal,Zeta Z5M,2P+2F/2P,BB,Bias Belted,Appendix B OCR / direct row,,0,0,,,,0,0,0,DIRECT PRIMARY,OCR/transcribed from Volume II Appendix B; raw field strings retained,1976 Calspan/NHTSA passenger-tire corpus,MECHANISM_ONLY,NOT_DIGITIZED_IN_SUPPLIED_INDEX
TIRF-024,24,024,216,G78-15,DU,Dunlop,Goldseal Sport Belted,2P+ZF/2P,BB,Bias Belted,Appendix B OCR / direct row,,0,0,,,,0,0,0,DIRECT PRIMARY,OCR/transcribed from Volume II Appendix B; raw field strings retained,1976 Calspan/NHTSA passenger-tire corpus,MECHANISM_ONLY,NOT_DIGITIZED_IN_SUPPLIED_INDEX
TIRF-025,25,025,216,H78-15,DU,Dunlop,"Goldseal Sport Belted ""78.""",ZP+2F/2P,BB,Bias Belted,Appendix B OCR / direct row,,1,1,HIGH,3,99,2,1,1,DIRECT PRIMARY,OCR/transcribed from Volume II Appendix B; raw field strings retained,1976 Calspan/NHTSA passenger-tire corpus,MECHANISM_ONLY,NOT_DIGITIZED_IN_SUPPLIED_INDEX
TIRF-026,26,026,216,J78-15,DU,Dunlop,Goldseal 78 Sport Belted,ZP+ZF/ZP,BB,Bias Belted,Appendix B OCR / direct row,,1,1,HIGH,3,107,1,0,1,DIRECT PRIMARY,OCR/transcribed from Volume II Appendix B; raw field strings retained,1976 Calspan/NHTSA passenger-tire corpus,MECHANISM_ONLY,NOT_DIGITIZED_IN_SUPPLIED_INDEX
TIRF-027,27,OZ7,216,L78-15,DU,Dunlop,Golds~al 78 Sport Belted,ZP+ZF/ZP,BB,Bias Belted,Appendix B OCR / direct row,,1,1,HIGH,3,115,2,1,1,DIRECT PRIMARY,OCR/transcribed from Volume II Appendix B; raw field strings retained,1976 Calspan/NHTSA passenger-tire corpus,MECHANISM_ONLY,NOT_DIGITIZED_IN_SUPPLIED_INDEX
TIRF-028,28,OZ8,216,G78-15,DU,Dunlop,CW 144Silen Traction Belted,ZP+2F/ZP,BB,Bias Belted,Appendix B OCR / direct row,Snow,1,0,HIGH,3,123,1,1,0,DIRECT PRIMARY,OCR/transcribed from Volume II Appendix B; raw field strings retained,1976 Calspan/NHTSA passenger-tire corpus,MECHANISM_ONLY,NOT_DIGITIZED_IN_SUPPLIED_INDEX
TIRF-029,29,OZ9,216,BR70-13,GY,Goodyear,Custom Steelgard Radial,ZP+ZS+IN /ZP,R,Radial Ply,Appendix B OCR / direct row,,1,0,MEDIUM,3,132,4,1,2,DIRECT PRIMARY,OCR/transcribed from Volume II Appendix B; raw field strings retained,1976 Calspan/NHTSA passenger-tire corpus,MECHANISM_ONLY,NOT_DIGITIZED_IN_SUPPLIED_INDEX
TIRF-030,30,030,216,DR78-14,GY,Goodyear,Custom Steelgard Radial,2P+2S+1N /ZP,R,Radial Ply,Appendix B OCR / direct row,,1,0,MEDIUM,3,148,2,1,1,DIRECT PRIMARY,OCR/transcribed from Volume II Appendix B; raw field strings retained,1976 Calspan/NHTSA passenger-tire corpus,MECHANISM_ONLY,NOT_DIGITIZED_IN_SUPPLIED_INDEX
TIRF-031,31,031,216,DR78-14,GY,Goodyear,Custom Steelgard Radial,ZP+2S+1N !2P,R,Radial Ply,Appendix B OCR / direct row,,1,0,MEDIUM,3,156,2,1,1,DIRECT PRIMARY,OCR/transcribed from Volume II Appendix B; raw field strings retained,1976 Calspan/NHTSA passenger-tire corpus,MECHANISM_ONLY,NOT_DIGITIZED_IN_SUPPLIED_INDEX
TIRF-032,32,032,216,ER78-14,GY,Goodyear,Custom Steelgard Radial,2P+2S+1N /ZP,R,Radial Ply,Appendix B OCR / direct row,,1,0,LOW,3,164,1,1,0,DIRECT PRIMARY,OCR/transcribed from Volume II Appendix B; raw field strings retained,1976 Calspan/NHTSA passenger-tire corpus,MECHANISM_ONLY,NOT_DIGITIZED_IN_SUPPLIED_INDEX
TIRF-033,33,033,216,GR78-14,GY,Goodyear,Custom Steelgard Radial,2P+ZS+IN /ZP,R,Radial Ply,Appendix B OCR / direct row,Correlation tests,1,0,MEDIUM,3,172,3,1,1,DIRECT PRIMARY,OCR/transcribed from Volume II Appendix B; raw field strings retained,1976 Calspan/NHTSA passenger-tire corpus,MECHANISM_ONLY,NOT_DIGITIZED_IN_SUPPLIED_INDEX
TIRF-034,34,034,217,HR78-14,GY,Goodyear,Custom Steelgard Radial 2P+2S+1N,/2P,R,Radial Ply,Appendix B OCR / direct row,,0,0,,,,0,0,0,DIRECT PRIMARY,OCR/transcribed from Volume II Appendix B; raw field strings retained,1976 Calspan/NHTSA passenger-tire corpus,MECHANISM_ONLY,NOT_DIGITIZED_IN_SUPPLIED_INDEX
TIRF-035,35,035,217,I GR70-15,GY,Goodyear,Custom Stee1gard Radial 2P+2S+1N,/2P,R,Radial Ply,Appendix B OCR / direct row,,0,0,,,,0,0,0,DIRECT PRIMARY,OCR/transcribed from Volume II Appendix B; raw field strings retained,1976 Calspan/NHTSA passenger-tire corpus,MECHANISM_ONLY,NOT_DIGITIZED_IN_SUPPLIED_INDEX
TIRF-036,36,036,217,GR70-15,GY,Goodyear,Custom Steelgard Radial 2P+2S+1N,/2P,R,Radial Ply,Appendix B OCR / direct row,,1,0,LOW,3,188,2,1,1,DIRECT PRIMARY,OCR/transcribed from Volume II Appendix B; raw field strings retained,1976 Calspan/NHTSA passenger-tire corpus,MECHANISM_ONLY,NOT_DIGITIZED_IN_SUPPLIED_INDEX
TIRF-037,37,037,217,HR70-15,GY,Goodyear,Custom Steelgard Radial 2P+2S+1N,/2P,R,Radial Ply,Appendix B OCR / direct row,,1,0,LOW,3,196,2,0,1,DIRECT PRIMARY,OCR/transcribed from Volume II Appendix B; raw field strings retained,1976 Calspan/NHTSA passenger-tire corpus,MECHANISM_ONLY,NOT_DIGITIZED_IN_SUPPLIED_INDEX
TIRF-038,38,038,217,GR78-15,GY,Goodyear,Custom Steelgard Radial 2P+2S+1N,/2P,R,Radial Ply,Appendix B OCR / direct row,,1,0,LOW,3,204,2,1,1,DIRECT PRIMARY,OCR/transcribed from Volume II Appendix B; raw field strings retained,1976 Calspan/NHTSA passenger-tire corpus,MECHANISM_ONLY,NOT_DIGITIZED_IN_SUPPLIED_INDEX
TIRF-039,39,039,217,HR78-15,GY,Goodyear,Custom Steelgard Radial 2P+2S+1N,/2P,R,Radial Ply,Appendix B OCR / direct row,,1,0,MEDIUM,3,212,2,1,1,DIRECT PRIMARY,OCR/transcribed from Volume II Appendix B; raw field strings retained,1976 Calspan/NHTSA passenger-tire corpus,MECHANISM_ONLY,NOT_DIGITIZED_IN_SUPPLIED_INDEX
TIRF-040,40,040,217,JR78-15,GY,Goodyear,Custom Steelgard Radial 2P+2S+1N,/2P,R,Radial Ply,Appendix B OCR / direct row,,1,0,MEDIUM,3,220,2,0,1,DIRECT PRIMARY,OCR/transcribed from Volume II Appendix B; raw field strings retained,1976 Calspan/NHTSA passenger-tire corpus,MECHANISM_ONLY,NOT_DIGITIZED_IN_SUPPLIED_INDEX
TIRF-041,41,041,217,LR78-15,GY,Goodyear,Custom Steelgard Radial 2P+2S+1N,/2P,R,Radial Ply,Appendix B OCR / direct row,,1,0,MEDIUM,3,228,2,1,1,DIRECT PRIMARY,OCR/transcribed from Volume II Appendix B; raw field strings retained,1976 Calspan/NHTSA passenger-tire corpus,MECHANISM_ONLY,NOT_DIGITIZED_IN_SUPPLIED_INDEX
TIRF-042,42,042,217,! GR78-15,GY,Goodyear,Suburbanite Steel Belted Radial 2P+2SI2P,,R,Radial Ply,Appendix B OCR / direct row,,1,0,MEDIUM,3,236,1,1,0,DIRECT PRIMARY,OCR/transcribed from Volume II Appendix B; raw field strings retained,1976 Calspan/NHTSA passenger-tire corpus,MECHANISM_ONLY,NOT_DIGITIZED_IN_SUPPLIED_INDEX
TIRF-043,43,043,217,HR78-15,GY,Goodyear,Suburbanite Steel Belted Radial 2P+2S/2P,,R,Radial Ply,Appendix B OCR / direct row,,1,0,MEDIUM,3,244,2,1,1,DIRECT PRIMARY,OCR/transcribed from Volume II Appendix B; raw field strings retained,1976 Calspan/NHTSA passenger-tire corpus,MECHANISM_ONLY,NOT_DIGITIZED_IN_SUPPLIED_INDEX
TIRF-044,44,044,217,FR70-14 :,DU,Dunlop,Elite Steel Radial 2R+2S/2R,,R,Radial Ply,Appendix B OCR / direct row,,1,0,MEDIUM,3,252,2,1,1,DIRECT PRIMARY,OCR/transcribed from Volume II Appendix B; raw field strings retained,1976 Calspan/NHTSA passenger-tire corpus,MECHANISM_ONLY,NOT_DIGITIZED_IN_SUPPLIED_INDEX
TIRF-045,45,045,217,GR70-14,DU,Dunlop,Elite Steel Radial 2R+2S/ZR,,R,Radial Ply,Appendix B OCR / direct row,,1,0,MEDIUM,3,260,2,1,1,DIRECT PRIMARY,OCR/transcribed from Volume II Appendix B; raw field strings retained,1976 Calspan/NHTSA passenger-tire corpus,MECHANISM_ONLY,NOT_DIGITIZED_IN_SUPPLIED_INDEX
TIRF-048,48,048,217,155 SR13,BFG,BF Goodrich,GT 100 6R/2R,,R,Radial Ply,Appendix B OCR / direct row,,1,0,LOW,3,268,2,1,1,DIRECT PRIMARY,OCR/transcribed from Volume II Appendix B; raw field strings retained,1976 Calspan/NHTSA passenger-tire corpus,MECHANISM_ONLY,NOT_DIGITIZED_IN_SUPPLIED_INDEX
TIRF-049,49,049,217,165 SR13,BFG,BF Goodrich,GT 100 6R/2R,,R,Radial Ply,Appendix B OCR / direct row,,1,0,LOW,3,276,2,1,1,DIRECT PRIMARY,OCR/transcribed from Volume II Appendix B; raw field strings retained,1976 Calspan/NHTSA passenger-tire corpus,MECHANISM_ONLY,NOT_DIGITIZED_IN_SUPPLIED_INDEX
TIRF-050,50,050,217,175 SR13,BFG,BF Goodrich,GT 100 6R/2R,,R,Radial Ply,Appendix B OCR / direct row,,1,0,LOW,3,284,4,2,2,DIRECT PRIMARY,OCR/transcribed from Volume II Appendix B; raw field strings retained,1976 Calspan/NHTSA passenger-tire corpus,MECHANISM_ONLY,NOT_DIGITIZED_IN_SUPPLIED_INDEX
TIRF-051,51,051,217,E60-14,GY,Goodyear,Polyglas GT ZP+2FI2P,,BB,Bias Belted,Appendix B OCR / direct row,,0,0,,,,0,0,0,DIRECT PRIMARY,OCR/transcribed from Volume II Appendix B; raw field strings retained,1976 Calspan/NHTSA passenger-tire corpus,MECHANISM_ONLY,NOT_DIGITIZED_IN_SUPPLIED_INDEX
TIRF-052,52,052,217,F60-14,GY,Goodyear,Polyglas GT 2P+2F/2P,,BB,Bias Belted,Appendix B OCR / direct row,,1,0,LOW,3,300,4,2,2,DIRECT PRIMARY,OCR/transcribed from Volume II Appendix B; raw field strings retained,1976 Calspan/NHTSA passenger-tire corpus,MECHANISM_ONLY,NOT_DIGITIZED_IN_SUPPLIED_INDEX
TIRF-053,53,053,217,G60-14,GY,Goodyear,Polyglas GT Belted 2P+ZF/2P,,BB,Bias Belted,Appendix B OCR / direct row,,0,0,,,,0,0,0,DIRECT PRIMARY,OCR/transcribed from Volume II Appendix B; raw field strings retained,1976 Calspan/NHTSA passenger-tire corpus,MECHANISM_ONLY,NOT_DIGITIZED_IN_SUPPLIED_INDEX
TIRF-054,54,054,217,G60-15,GY,Goodyear,Polyglas GT 2P+ZF/ZP,,BB,Bias Belted,Appendix B OCR / direct row,,1,0,LOW,3,316,2,1,1,DIRECT PRIMARY,OCR/transcribed from Volume II Appendix B; raw field strings retained,1976 Calspan/NHTSA passenger-tire corpus,MECHANISM_ONLY,NOT_DIGITIZED_IN_SUPPLIED_INDEX
TIRF-055,55,055,217,A70-13,GY,Goodyear,Custom Wide Tread Polyglas 2P+2F/ZP,,BB,Bias Belted,Appendix B OCR / direct row,,1,1,HIGH,3,324,1,1,0,DIRECT PRIMARY,OCR/transcribed from Volume II Appendix B; raw field strings retained,1976 Calspan/NHTSA passenger-tire corpus,MECHANISM_ONLY,NOT_DIGITIZED_IN_SUPPLIED_INDEX
TIRF-056,56,056,217,D70-14,GY,Goodyear,Custom Wide Tread Polyglas 2P+ZF/ZP..,,BB,Bias Belted,Appendix B OCR / direct row,,1,0,LOW,3,332,1,1,0,DIRECT PRIMARY,OCR/transcribed from Volume II Appendix B; raw field strings retained,1976 Calspan/NHTSA passenger-tire corpus,MECHANISM_ONLY,NOT_DIGITIZED_IN_SUPPLIED_INDEX
TIRF-057,57,057,217,E70-14,GY,Goodyear,Custom Wide Tread Polyglas ZP+2F/2P,,BB,Bias Belted,Appendix B OCR / direct row,,1,0,LOW,3,340,2,1,1,DIRECT PRIMARY,OCR/transcribed from Volume II Appendix B; raw field strings retained,1976 Calspan/NHTSA passenger-tire corpus,MECHANISM_ONLY,NOT_DIGITIZED_IN_SUPPLIED_INDEX
TIRF-058,58,058,218,G70-14,GY,Goodyear,Custom Wide Tread Polyglas,ZP+ZF/ZP,BB,Bias Belted,Appendix B OCR / direct row,,1,0,LOW,3,348,2,1,1,DIRECT PRIMARY,OCR/transcribed from Volume II Appendix B; raw field strings retained,1976 Calspan/NHTSA passenger-tire corpus,MECHANISM_ONLY,NOT_DIGITIZED_IN_SUPPLIED_INDEX
TIRF-059,59,059,218,G70-15,GY,Goodyear,Custom Wide Tread Polyglas,ZP+ZF/ZP,BB,Bias Belted,Appendix B OCR / direct row,,1,0,LOW,3,356,2,1,1,DIRECT PRIMARY,OCR/transcribed from Volume II Appendix B; raw field strings retained,1976 Calspan/NHTSA passenger-tire corpus,MECHANISM_ONLY,NOT_DIGITIZED_IN_SUPPLIED_INDEX
TIRF-060,60,060,218,A78-13,GY,Goodyear,Custom Power Cushion Polyglas,ZP+ZF/ZP,BB,Bias Belted,Appendix B OCR / direct row,,1,0,MEDIUM,3,364,2,1,1,DIRECT PRIMARY,OCR/transcribed from Volume II Appendix B; raw field strings retained,1976 Calspan/NHTSA passenger-tire corpus,MECHANISM_ONLY,NOT_DIGITIZED_IN_SUPPLIED_INDEX
TIRF-061,61,061,218,C78-14,GY,Goodyear,Custom Power Cushion Polyglas,ZP+ZF/ZP,BB,Bias Belted,Appendix B OCR / direct row,,1,0,LOW,3,372,2,1,1,DIRECT PRIMARY,OCR/transcribed from Volume II Appendix B; raw field strings retained,1976 Calspan/NHTSA passenger-tire corpus,MECHANISM_ONLY,NOT_DIGITIZED_IN_SUPPLIED_INDEX
TIRF-062,62,06Z,218,D78-14,GY,Goodyear,Custom Power Cushion Polyglas,ZP+ZF/ZP,BB,Bias Belted,Appendix B OCR / direct row,...,1,0,LOW,3,380,1,1,0,DIRECT PRIMARY,OCR/transcribed from Volume II Appendix B; raw field strings retained,1976 Calspan/NHTSA passenger-tire corpus,MECHANISM_ONLY,NOT_DIGITIZED_IN_SUPPLIED_INDEX
TIRF-063,63,063,218,E78-14,GY,Goodyear,Custom Power Cushion Polyglas,ZP+ZF/ZP,BB,Bias Belted,Appendix B OCR / direct row,,1,0,LOW,3,388,2,0,1,DIRECT PRIMARY,OCR/transcribed from Volume II Appendix B; raw field strings retained,1976 Calspan/NHTSA passenger-tire corpus,MECHANISM_ONLY,NOT_DIGITIZED_IN_SUPPLIED_INDEX
TIRF-064,64,064,218,H78-14,GY,Goodyear,Custom Power Cushion Polyglas,ZP+ZF/ZP,BB,Bias Belted,Appendix B OCR / direct row,.,1,0,LOW,3,396,2,1,1,DIRECT PRIMARY,OCR/transcribed from Volume II Appendix B; raw field strings retained,1976 Calspan/NHTSA passenger-tire corpus,MECHANISM_ONLY,NOT_DIGITIZED_IN_SUPPLIED_INDEX
TIRF-065,65,065,218,F78-14,GY,Goodyear,"Cu.,tom Power Cushion Polyglas",ZP+ZF/ZP,BB,Bias Belted,Appendix B OCR / direct row,,1,0,MEDIUM,3,404,1,1,0,DIRECT PRIMARY,OCR/transcribed from Volume II Appendix B; raw field strings retained,1976 Calspan/NHTSA passenger-tire corpus,MECHANISM_ONLY,NOT_DIGITIZED_IN_SUPPLIED_INDEX
TIRF-066,66,066,218,G78-15,GY,Goodyear,Custom Power Cushion Polyglas,ZP+ZF/ZP,BB,Bias Belted,Appendix B OCR / direct row,,1,0,LOW,3,412,2,1,1,DIRECT PRIMARY,OCR/transcribed from Volume II Appendix B; raw field strings retained,1976 Calspan/NHTSA passenger-tire corpus,MECHANISM_ONLY,NOT_DIGITIZED_IN_SUPPLIED_INDEX
TIRF-067,67,067,218,H78-15,GY,Goodyear,Custom Power Cushion Polyglas,ZP+ZF/ZP,BB,Bias Belted,Appendix B OCR / direct row,,1,0,LOW,3,420,2,1,1,DIRECT PRIMARY,OCR/transcribed from Volume II Appendix B; raw field strings retained,1976 Calspan/NHTSA passenger-tire corpus,MECHANISM_ONLY,NOT_DIGITIZED_IN_SUPPLIED_INDEX
TIRF-068,68,068,218,J78-15,GY,Goodyear,Custom Power Cushion Polyglas,ZP+ZF/ZP,BB,Bias Belted,Appendix B OCR / direct row,,0,0,,,,0,0,0,DIRECT PRIMARY,OCR/transcribed from Volume II Appendix B; raw field strings retained,1976 Calspan/NHTSA passenger-tire corpus,MECHANISM_ONLY,NOT_DIGITIZED_IN_SUPPLIED_INDEX
TIRF-069,69,069,218,L78-15,GY,Goodyear,Custom Power Cushion Polyglas,ZP+ZF/2P,BB,Bias Belted,Appendix B OCR / direct row,,1,0,MEDIUM,3,428,2,1,1,DIRECT PRIMARY,OCR/transcribed from Volume II Appendix B; raw field strings retained,1976 Calspan/NHTSA passenger-tire corpus,MECHANISM_ONLY,NOT_DIGITIZED_IN_SUPPLIED_INDEX
TIRF-070,70,070,218,L84-15,GY,Goodyear,Custom Power Cushion Polyglas,ZP+ZF/ZP,BB,Bias Belted,Appendix B OCR / direct row,,1,0,LOW,3,436,2,1,1,DIRECT PRIMARY,OCR/transcribed from Volume II Appendix B; raw field strings retained,1976 Calspan/NHTSA passenger-tire corpus,MECHANISM_ONLY,NOT_DIGITIZED_IN_SUPPLIED_INDEX
TIRF-071,71,071,218,D78-14,GY,Goodyear,Custom Polysteel,ZP+ZS/Zp,BB,Bias Belted,Appendix B OCR / direct row,,1,0,LOW,3,444,2,1,1,DIRECT PRIMARY,OCR/transcribed from Volume II Appendix B; raw field strings retained,1976 Calspan/NHTSA passenger-tire corpus,MECHANISM_ONLY,NOT_DIGITIZED_IN_SUPPLIED_INDEX
TIRF-072,72,072,218,E78-14,GY,Goodyear,Custom Polysteel,ZP+ZS/Zp,BB,Bias Belted,Appendix B OCR / direct row,,1,0,LOW,3,452,2,1,1,DIRECT PRIMARY,OCR/transcribed from Volume II Appendix B; raw field strings retained,1976 Calspan/NHTSA passenger-tire corpus,MECHANISM_ONLY,NOT_DIGITIZED_IN_SUPPLIED_INDEX
TIRF-073,73,073,218,F78-14,GY,Goodyear,Custom Polysteel Belted,ZP+ZS/Zp,BB,Bias Belted,Appendix B OCR / direct row,,1,0,MEDIUM,3,460,2,1,1,DIRECT PRIMARY,OCR/transcribed from Volume II Appendix B; raw field strings retained,1976 Calspan/NHTSA passenger-tire corpus,MECHANISM_ONLY,NOT_DIGITIZED_IN_SUPPLIED_INDEX
TIRF-074,74,074,218,G78-14,GY,Goodyear,Custom Polysteel,2P+2S/ZP,BB,Bias Belted,Appendix B OCR / direct row,,1,0,LOW,3,468,2,1,1,DIRECT PRIMARY,OCR/transcribed from Volume II Appendix B; raw field strings retained,1976 Calspan/NHTSA passenger-tire corpus,MECHANISM_ONLY,NOT_DIGITIZED_IN_SUPPLIED_INDEX
TIRF-075,75,075,218,H78-14,GY,Goodyear,Custom Polysteel Belted,2Pt2S/2P,BB,Bias Belted,Appendix B OCR / direct row,,1,0,LOW,3,476,1,1,0,DIRECT PRIMARY,OCR/transcribed from Volume II Appendix B; raw field strings retained,1976 Calspan/NHTSA passenger-tire corpus,MECHANISM_ONLY,NOT_DIGITIZED_IN_SUPPLIED_INDEX
TIRF-076,76,076,218,G78-15,GY,Goodyear,Custom Polysteel,ZP+ZS/ZP,BB,Bias Belted,Appendix B OCR / direct row,,1,0,LOW,4,17,2,1,1,DIRECT PRIMARY,OCR/transcribed from Volume II Appendix B; raw field strings retained,1976 Calspan/NHTSA passenger-tire corpus,MECHANISM_ONLY,NOT_DIGITIZED_IN_SUPPLIED_INDEX
TIRF-077,77,077,218,H78-15,GY,Goodyear,Custom Polysteel Belted,4P+2S/4P,BB,Bias Belted,Appendix B OCR / direct row,,0,0,,,,0,0,0,DIRECT PRIMARY,OCR/transcribed from Volume II Appendix B; raw field strings retained,1976 Calspan/NHTSA passenger-tire corpus,MECHANISM_ONLY,NOT_DIGITIZED_IN_SUPPLIED_INDEX
TIRF-078,78,078,218,J78-15,GY,Goodyear,Custom Polysteel,4P+2S/4P.,BB,Bias Belted,Appendix B OCR / direct row,,1,0,LOW,4,25,1,1,0,DIRECT PRIMARY,OCR/transcribed from Volume II Appendix B; raw field strings retained,1976 Calspan/NHTSA passenger-tire corpus,MECHANISM_ONLY,NOT_DIGITIZED_IN_SUPPLIED_INDEX
TIRF-079,79,079,218,L78-15,GY,Goodyear,Custom Polysteel,ZP+ZS/ZP,BB,Bias Belted,Appendix B OCR / direct row,,1,0,HIGH,4,33,2,1,1,DIRECT PRIMARY,OCR/transcribed from Volume II Appendix B; raw field strings retained,1976 Calspan/NHTSA passenger-tire corpus,MECHANISM_ONLY,NOT_DIGITIZED_IN_SUPPLIED_INDEX
TIRF-080,80,080,218,L84-15,GY,Goodyear,Custom Polysteel,ZP+ZS/Zp,BB,Bias Belted,Appendix B OCR / direct row,,1,0,MEDIUM,4,41,4,2,2,DIRECT PRIMARY,OCR/transcribed from Volume II Appendix B; raw field strings retained,1976 Calspan/NHTSA passenger-tire corpus,MECHANISM_ONLY,NOT_DIGITIZED_IN_SUPPLIED_INDEX
TIRF-081,81,081,219,G78-l4,KS,Kelly-Springfield,Citation G Ip,ZP+zF/zp,BB,Bias Belted,Appendix B OCR / direct row,.,1,0,MEDIUM,4,57,5,4,1,DIRECT PRIMARY,OCR/transcribed from Volume II Appendix B; raw field strings retained,1976 Calspan/NHTSA passenger-tire corpus,MECHANISM_ONLY,NOT_DIGITIZED_IN_SUPPLIED_INDEX
TIRF-082,82,08Z,219,G78-l5,KS,Kelly-Springfield,Citation G/p,ZN+ZF/ZN,BB,Bias Belted,Appendix B OCR / direct row,,0,0,,,,0,0,0,DIRECT PRIMARY,OCR/transcribed from Volume II Appendix B; raw field strings retained,1976 Calspan/NHTSA passenger-tire corpus,MECHANISM_ONLY,NOT_DIGITIZED_IN_SUPPLIED_INDEX
TIRF-084,84,084,219,F78-l4,KS,Kelly-Springfield,Celebrity Nylon Belted,ZN+ZF/zN,BB,Bias Belted,Appendix B OCR / direct row,,0,0,,,,0,0,0,DIRECT PRIMARY,OCR/transcribed from Volume II Appendix B; raw field strings retained,1976 Calspan/NHTSA passenger-tire corpus,MECHANISM_ONLY,NOT_DIGITIZED_IN_SUPPLIED_INDEX
TIRF-085,85,085,219,G78-l4,KS,Kelly-Springfield,Celebrity Nylon Belted,ZN+ZF/ZN,BB,Bias Belted,Appendix B OCR / direct row,,1,0,MEDIUM,4,89,2,1,1,DIRECT PRIMARY,OCR/transcribed from Volume II Appendix B; raw field strings retained,1976 Calspan/NHTSA passenger-tire corpus,MECHANISM_ONLY,NOT_DIGITIZED_IN_SUPPLIED_INDEX
TIRF-086,86,086,219,H78-l4,KS,Kelly-Springfield,Celebrity Nylon Belted,ZN+Zr IZN,BB,Bias Belted,Appendix B OCR / direct row,,0,0,,,,0,0,0,DIRECT PRIMARY,OCR/transcribed from Volume II Appendix B; raw field strings retained,1976 Calspan/NHTSA passenger-tire corpus,MECHANISM_ONLY,NOT_DIGITIZED_IN_SUPPLIED_INDEX
TIRF-088,88,088,219,H78-l5,KS,Kelly-Springfield,Celebrity Nylon Belted,ZN+ZF/zN,BB,Bias Belted,Appendix B OCR / direct row,,1,0,MEDIUM,4,97,1,1,0,DIRECT PRIMARY,OCR/transcribed from Volume II Appendix B; raw field strings retained,1976 Calspan/NHTSA passenger-tire corpus,MECHANISM_ONLY,NOT_DIGITIZED_IN_SUPPLIED_INDEX
TIRF-089,89,089,219,J78-l5,KS,Kelly-Springfield,Celebrity Nylon Belted,4N+ZF/4N,BB,Bias Belted,Appendix B OCR / direct row,.,1,0,MEDIUM,4,105,2,1,1,DIRECT PRIMARY,OCR/transcribed from Volume II Appendix B; raw field strings retained,1976 Calspan/NHTSA passenger-tire corpus,MECHANISM_ONLY,NOT_DIGITIZED_IN_SUPPLIED_INDEX
TIRF-091,91,091,219,G60-l4,DU,Dunlop,G/T Qualifier Belted 60,ZP+zF/zp,BB,Bias Belted,Appendix B OCR / direct row,,1,0,LOW,4,113,2,1,1,DIRECT PRIMARY,OCR/transcribed from Volume II Appendix B; raw field strings retained,1976 Calspan/NHTSA passenger-tire corpus,MECHANISM_ONLY,NOT_DIGITIZED_IN_SUPPLIED_INDEX
TIRF-092,92,09Z,219,G60-l5,DU,Dunlop,G/T Qualifier,ZP+ZF/ZP,BB,Bias Belted,Appendix B OCR / direct row,,1,0,HIGH,4,121,2,1,1,DIRECT PRIMARY,OCR/transcribed from Volume II Appendix B; raw field strings retained,1976 Calspan/NHTSA passenger-tire corpus,MECHANISM_ONLY,NOT_DIGITIZED_IN_SUPPLIED_INDEX
TIRF-093,93,093,219,E70-l4,DU,Dunlop,G I T Qualifier,ZP+zF/zp,BB,Bias Belted,Appendix B OCR / direct row,,1,1,HIGH,4,129,2,1,1,DIRECT PRIMARY,OCR/transcribed from Volume II Appendix B; raw field strings retained,1976 Calspan/NHTSA passenger-tire corpus,MECHANISM_ONLY,NOT_DIGITIZED_IN_SUPPLIED_INDEX
TIRF-094,94,094,219,F70-l4,DU,Dunlop,G/T Qualifier,ZP+zF/zp,BB,Bias Belted,Appendix B OCR / direct row,,1,1,HIGH,4,137,2,1,1,DIRECT PRIMARY,OCR/transcribed from Volume II Appendix B; raw field strings retained,1976 Calspan/NHTSA passenger-tire corpus,MECHANISM_ONLY,NOT_DIGITIZED_IN_SUPPLIED_INDEX
TIRF-095,95,095,219,G70-l4,DU,Dunlop,"G/T Qualifier Belted ""70""",ZP+ZF/ZP,BB,Bias Belted,Appendix B OCR / direct row,,1,1,HIGH,4,145,2,1,1,DIRECT PRIMARY,OCR/transcribed from Volume II Appendix B; raw field strings retained,1976 Calspan/NHTSA passenger-tire corpus,MECHANISM_ONLY,NOT_DIGITIZED_IN_SUPPLIED_INDEX
TIRF-096,96,096,219,A70-13,DU,Dunlop,sIs Wide Track Belted,ZP+zF/ZP,BB,Bias Belted,Appendix B OCR / direct row,,1,0,MEDIUM,4,153,2,1,1,DIRECT PRIMARY,OCR/transcribed from Volume II Appendix B; raw field strings retained,1976 Calspan/NHTSA passenger-tire corpus,MECHANISM_ONLY,NOT_DIGITIZED_IN_SUPPLIED_INDEX
TIRF-097,97,097,219,A78-l3,DU,Dunlop,Goldseal Sport Belted,ZP+ZF/ZP,BB,Bias Belted,Appendix B OCR / direct row,,1,0,MEDIUM,4,161,2,1,1,DIRECT PRIMARY,OCR/transcribed from Volume II Appendix B; raw field strings retained,1976 Calspan/NHTSA passenger-tire corpus,MECHANISM_ONLY,NOT_DIGITIZED_IN_SUPPLIED_INDEX
TIRF-098,98,098,219,B78-l3,DU,Dunlop,Goldseal Sport Belted,ZP+ZF/ZP,BB,Bias Belted,Appendix B OCR / direct row,..,1,1,HIGH,4,169,2,1,1,DIRECT PRIMARY,OCR/transcribed from Volume II Appendix B; raw field strings retained,1976 Calspan/NHTSA passenger-tire corpus,MECHANISM_ONLY,NOT_DIGITIZED_IN_SUPPLIED_INDEX
TIRF-099,99,099,219,C78-l3,DU,Dunlop,"Goldseal Sport Belted ""78""",ZP+zF/ZP,BB,Bias Belted,Appendix B OCR / direct row,,1,1,HIGH,4,177,4,2,2,DIRECT PRIMARY,OCR/transcribed from Volume II Appendix B; raw field strings retained,1976 Calspan/NHTSA passenger-tire corpus,MECHANISM_ONLY,NOT_DIGITIZED_IN_SUPPLIED_INDEX
TIRF-100,100,100,219,C78-l4,DU,Dunlop,"Goldseal ""78"" Sport Belted",ZP+ZF!ZP,BB,Bias Belted,Appendix B OCR / direct row,,0,0,,,,0,0,0,DIRECT PRIMARY,OCR/transcribed from Volume II Appendix B; raw field strings retained,1976 Calspan/NHTSA passenger-tire corpus,MECHANISM_ONLY,NOT_DIGITIZED_IN_SUPPLIED_INDEX
TIRF-101,101,101,219,E78-l4,DU,Dunlop,"Goldseal ""78"" Sport Belted",ZP+ZF!ZP,BB,Bias Belted,Appendix B OCR / direct row,,1,0,MEDIUM,4,193,2,1,1,DIRECT PRIMARY,OCR/transcribed from Volume II Appendix B; raw field strings retained,1976 Calspan/NHTSA passenger-tire corpus,MECHANISM_ONLY,NOT_DIGITIZED_IN_SUPPLIED_INDEX
TIRF-102,102,10Z,219,F78-14,DU,Dunlop,"Goldseal ""78"" Sport Belted",ZP+ZF!ZP,BB,Bias Belted,Appendix B OCR / direct row,,1,0,MEDIUM,4,201,2,1,1,DIRECT PRIMARY,OCR/transcribed from Volume II Appendix B; raw field strings retained,1976 Calspan/NHTSA passenger-tire corpus,MECHANISM_ONLY,NOT_DIGITIZED_IN_SUPPLIED_INDEX
TIRF-103,103,103,219,G78-14,DU,Dunlop,Goldseal Sport Belted,ZP+zF/ZP,BB,Bias Belted,Appendix B OCR / direct row,,1,0,HIGH,4,209,2,1,1,DIRECT PRIMARY,OCR/transcribed from Volume II Appendix B; raw field strings retained,1976 Calspan/NHTSA passenger-tire corpus,MECHANISM_ONLY,NOT_DIGITIZED_IN_SUPPLIED_INDEX
TIRF-104,104,104,219,H78-l4,DU,Dunlop,"Goldseal Sport Belted ""78""",ZP+ZF/ZP,BB,Bias Belted,Appendix B OCR / direct row,,1,0,MEDIUM,4,217,2,1,1,DIRECT PRIMARY,OCR/transcribed from Volume II Appendix B; raw field strings retained,1976 Calspan/NHTSA passenger-tire corpus,MECHANISM_ONLY,NOT_DIGITIZED_IN_SUPPLIED_INDEX
TIRF-106,106,106,220,G70-14,DU,Dunlop,CW44 St Wide Track Belted,ZPtZF/ZP,BB,Bias Belted,Appendix B OCR / direct row,Snow .,1,0,MEDIUM,4,225,2,1,1,DIRECT PRIMARY,OCR/transcribed from Volume II Appendix B; raw field strings retained,1976 Calspan/NHTSA passenger-tire corpus,MECHANISM_ONLY,NOT_DIGITIZED_IN_SUPPLIED_INDEX
TIRF-107,107,107,220,G78-14,DU,Dunlop,CW 144 Silent Traction Belted,ZPtZF/ZP,BB,Bias Belted,Appendix B OCR / direct row,Snow,1,0,MEDIUM,4,233,2,1,1,DIRECT PRIMARY,OCR/transcribed from Volume II Appendix B; raw field strings retained,1976 Calspan/NHTSA passenger-tire corpus,MECHANISM_ONLY,NOT_DIGITIZED_IN_SUPPLIED_INDEX
TIRF-109,109,109,220,G78-15,FI,Firestone,Town & Country,4R,R,Radial Ply,Appendix B OCR / direct row,Snow,1,0,MEDIUM,4,241,2,1,1,DIRECT PRIMARY,OCR/transcribed from Volume II Appendix B; raw field strings retained,1976 Calspan/NHTSA passenger-tire corpus,MECHANISM_ONLY,NOT_DIGITIZED_IN_SUPPLIED_INDEX
TIRF-110,110,110,220,G78-15,BFG,BF Goodrich,Silvertown Belted,ZPtZF/ZP,BB,Bias Belted,Appendix B OCR / direct row,..,1,1,HIGH,4,249,2,1,1,DIRECT PRIMARY,OCR/transcribed from Volume II Appendix B; raw field strings retained,1976 Calspan/NHTSA passenger-tire corpus,MECHANISM_ONLY,NOT_DIGITIZED_IN_SUPPLIED_INDEX
TIRF-114,114,114,220,G78-14,CO,Cooper,Lifeliner Premium 78,ZPtZF/ZP,BB,Bias Belted,Appendix B OCR / direct row,,1,1,HIGH,4,257,2,1,1,DIRECT PRIMARY,OCR/transcribed from Volume II Appendix B; raw field strings retained,1976 Calspan/NHTSA passenger-tire corpus,MECHANISM_ONLY,NOT_DIGITIZED_IN_SUPPLIED_INDEX
TIRF-115,115,115,220,G78-1S,CO,Cooper,Lifeliner Premium 78-,ZPtZF/ZP,BB,Bias Belted,Appendix B OCR / direct row,,1,0,MEDIUM,4,265,1,1,0,DIRECT PRIMARY,OCR/transcribed from Volume II Appendix B; raw field strings retained,1976 Calspan/NHTSA passenger-tire corpus,MECHANISM_ONLY,NOT_DIGITIZED_IN_SUPPLIED_INDEX
TIRF-116,116,116,220,G78-14,GT,General Tire,Belted Jumbo 780,ZPtZF/ZP,BB,Bias Belted,Appendix B OCR / direct row,.,1,0,MEDIUM,4,273,1,1,0,DIRECT PRIMARY,OCR/transcribed from Volume II Appendix B; raw field strings retained,1976 Calspan/NHTSA passenger-tire corpus,MECHANISM_ONLY,NOT_DIGITIZED_IN_SUPPLIED_INDEX
TIRF-117,117,117,220,G78-15,GT,General Tire,Belted Jumbo 780,ZPtZF/ZP,BB,Bias Belted,Appendix B OCR / direct row,,1,0,MEDIUM,4,281,2,1,1,DIRECT PRIMARY,OCR/transcribed from Volume II Appendix B; raw field strings retained,1976 Calspan/NHTSA passenger-tire corpus,MECHANISM_ONLY,NOT_DIGITIZED_IN_SUPPLIED_INDEX
TIRF-118,118,118,220,G78-14,LE,Lee,GS 300 78 RM,4P,B,Bias Ply,Appendix B OCR / direct row,,1,0,MEDIUM,4,289,2,1,1,DIRECT PRIMARY,OCR/transcribed from Volume II Appendix B; raw field strings retained,1976 Calspan/NHTSA passenger-tire corpus,MECHANISM_ONLY,NOT_DIGITIZED_IN_SUPPLIED_INDEX
TIRF-119,119,119,220,G78-15,LE,Lee,GS 300 78 RM,4P,B,Bias Ply,Appendix B OCR / direct row,,1,0,MEDIUM,4,297,2,1,1,DIRECT PRIMARY,OCR/transcribed from Volume II Appendix B; raw field strings retained,1976 Calspan/NHTSA passenger-tire corpus,MECHANISM_ONLY,NOT_DIGITIZED_IN_SUPPLIED_INDEX
TIRF-122,122,12Z,220,G78-14,DA,Dayton,Thorobred Dayton 4+Z,4PtZF/4P,BB,Bias Belted,Appendix B OCR / direct row,I,1,0,MEDIUM,4,305,2,1,1,DIRECT PRIMARY,OCR/transcribed from Volume II Appendix B; raw field strings retained,1976 Calspan/NHTSA passenger-tire corpus,MECHANISM_ONLY,NOT_DIGITIZED_IN_SUPPLIED_INDEX
TIRF-123,123,lZ3,220,G78-15,DA,Dayton,Thorobred Dayton,4PtZF/4P,BB,Bias Belted,Appendix B OCR / direct row,I,1,1,HIGH,4,313,2,1,1,DIRECT PRIMARY,OCR/transcribed from Volume II Appendix B; raw field strings retained,1976 Calspan/NHTSA passenger-tire corpus,MECHANISM_ONLY,NOT_DIGITIZED_IN_SUPPLIED_INDEX
TIRF-124,124,lZ4,220,A78-13,GY,Goodyear,"Power Custom Vyta Cord ""78""",4P,B,Bias Ply,Appendix B OCR / direct row,,1,0,MEDIUM,4,321,2,1,1,DIRECT PRIMARY,OCR/transcribed from Volume II Appendix B; raw field strings retained,1976 Calspan/NHTSA passenger-tire corpus,MECHANISM_ONLY,NOT_DIGITIZED_IN_SUPPLIED_INDEX
TIRF-125,125,lZ5,220,7.00-13,GY,Goodyear,"Power Custom Vyta Cord' ""78""",4P,B,Bias Ply,Appendix B OCR / direct row,,1,0,MEDIUM,4,329,2,1,1,DIRECT PRIMARY,OCR/transcribed from Volume II Appendix B; raw field strings retained,1976 Calspan/NHTSA passenger-tire corpus,MECHANISM_ONLY,NOT_DIGITIZED_IN_SUPPLIED_INDEX
TIRF-126,126,lZ6,220,A78-13,GY,Goodyear,Power Streak 78,ZP,B,Bias Ply,Appendix B OCR / direct row,,1,0,MEDIUM,4,337,2,1,1,DIRECT PRIMARY,OCR/transcribed from Volume II Appendix B; raw field strings retained,1976 Calspan/NHTSA passenger-tire corpus,MECHANISM_ONLY,NOT_DIGITIZED_IN_SUPPLIED_INDEX
TIRF-127,127,lZ7,220,A78-13,GY,Goodyear,Power Cushion,ZP,B,Bias Ply,Appendix B OCR / direct row,,1,0,MEDIUM,4,345,2,1,1,DIRECT PRIMARY,OCR/transcribed from Volume II Appendix B; raw field strings retained,1976 Calspan/NHTSA passenger-tire corpus,MECHANISM_ONLY,NOT_DIGITIZED_IN_SUPPLIED_INDEX
TIRF-128,128,lZ8,220,6.45-14,GY,Goodyear,Power Cushion,ZP,B,Bias Ply,Appendix B OCR / direct row,,1,0,MEDIUM,4,353,2,1,1,DIRECT PRIMARY,OCR/transcribed from Volume II Appendix B; raw field strings retained,1976 Calspan/NHTSA passenger-tire corpus,MECHANISM_ONLY,NOT_DIGITIZED_IN_SUPPLIED_INDEX
TIRF-129,129,129,220,6.95-14,GY,Goodyear,Power Cushion,", ZP",B,Bias Ply,Appendix B OCR / direct row,,1,0,MEDIUM,4,361,1,1,0,DIRECT PRIMARY,OCR/transcribed from Volume II Appendix B; raw field strings retained,1976 Calspan/NHTSA passenger-tire corpus,MECHANISM_ONLY,NOT_DIGITIZED_IN_SUPPLIED_INDEX
TIRF-130,130,130,220,7.35-14,GY,Goodyear,Power Cushion,ZP,B,Bias Ply,Appendix B OCR / direct row,,1,1,HIGH,4,369,2,1,1,DIRECT PRIMARY,OCR/transcribed from Volume II Appendix B; raw field strings retained,1976 Calspan/NHTSA passenger-tire corpus,MECHANISM_ONLY,NOT_DIGITIZED_IN_SUPPLIED_INDEX
TIRF-131,131,131,220,6.00-13,GY,Goodyear,Mini Custom G8,4P,B,Bias Ply,Appendix B OCR / direct row,,1,0,MEDIUM,4,377,2,1,1,DIRECT PRIMARY,OCR/transcribed from Volume II Appendix B; raw field strings retained,1976 Calspan/NHTSA passenger-tire corpus,MECHANISM_ONLY,NOT_DIGITIZED_IN_SUPPLIED_INDEX
TIRF-132,132,13Z,220,5.60-15,GY,Goodyear,Mini Custom G8,4P,B,Bias Ply,Appendix B OCR / direct row,,1,0,HIGH,4,385,2,1,1,DIRECT PRIMARY,OCR/transcribed from Volume II Appendix B; raw field strings retained,1976 Calspan/NHTSA passenger-tire corpus,MECHANISM_ONLY,NOT_DIGITIZED_IN_SUPPLIED_INDEX
TIRF-133,133,133,220,A78-13,GY,Goodyear,"Suburbanite ,",4P,B,Bias Ply,Appendix B OCR / direct row,Snow,1,0,MEDIUM,4,393,2,1,1,DIRECT PRIMARY,OCR/transcribed from Volume II Appendix B; raw field strings retained,1976 Calspan/NHTSA passenger-tire corpus,MECHANISM_ONLY,NOT_DIGITIZED_IN_SUPPLIED_INDEX
TIRF-134,134,134,220,G78-14,GY,Goodyear,Suburbanite,4P,B,Bias Ply,Appendix B OCR / direct row,Snow,1,0,MEDIUM,4,401,1,1,0,DIRECT PRIMARY,OCR/transcribed from Volume II Appendix B; raw field strings retained,1976 Calspan/NHTSA passenger-tire corpus,MECHANISM_ONLY,NOT_DIGITIZED_IN_SUPPLIED_INDEX
TIRF-135,135,135,221,A78-13,DU,Dunlop,"Go1dsea1 ""78"" sport 4P",,B,Bias Ply,Appendix B OCR / direct row,,1,0,MEDIUM,4,409,1,1,0,DIRECT PRIMARY,OCR/transcribed from Volume II Appendix B; raw field strings retained,1976 Calspan/NHTSA passenger-tire corpus,MECHANISM_ONLY,NOT_DIGITIZED_IN_SUPPLIED_INDEX
TIRF-136,136,136,221,B78-13,DU,Dunlop,"Goldseal ""78"" Sport 4P",,B,Bias Ply,Appendix B OCR / direct row,•,1,0,MEDIUM,4,417,1,1,0,DIRECT PRIMARY,OCR/transcribed from Volume II Appendix B; raw field strings retained,1976 Calspan/NHTSA passenger-tire corpus,MECHANISM_ONLY,NOT_DIGITIZED_IN_SUPPLIED_INDEX
TIRF-137,137,137,221,C78-13,DU,Dunlop,"""78"" Sport 4P",,B,Bias Ply,Appendix B OCR / direct row,,1,0,LOW,4,425,2,1,1,DIRECT PRIMARY,OCR/transcribed from Volume II Appendix B; raw field strings retained,1976 Calspan/NHTSA passenger-tire corpus,MECHANISM_ONLY,NOT_DIGITIZED_IN_SUPPLIED_INDEX
TIRF-138,138,138,221,B78-14,DU,Dunlop,"Goldseal ""78"" Sport 4P",,B,Bias Ply,Appendix B OCR / direct row,,1,0,MEDIUM,4,433,1,1,0,DIRECT PRIMARY,OCR/transcribed from Volume II Appendix B; raw field strings retained,1976 Calspan/NHTSA passenger-tire corpus,MECHANISM_ONLY,NOT_DIGITIZED_IN_SUPPLIED_INDEX
TIRF-139,139,139,221,C78-14,DU,Dunlop,"Go1dsea1 ""78"" Sport 4P",,B,Bias Ply,Appendix B OCR / direct row,..,1,0,MEDIUM,4,441,3,2,1,DIRECT PRIMARY,OCR/transcribed from Volume II Appendix B; raw field strings retained,1976 Calspan/NHTSA passenger-tire corpus,MECHANISM_ONLY,NOT_DIGITIZED_IN_SUPPLIED_INDEX
TIRF-140,140,140,221,E78-14,DU,Dunlop,"Goldseal ""78"" Sport 4P",,B,Bias Ply,Appendix B OCR / direct row,,0,0,,,,0,0,0,DIRECT PRIMARY,OCR/transcribed from Volume II Appendix B; raw field strings retained,1976 Calspan/NHTSA passenger-tire corpus,MECHANISM_ONLY,NOT_DIGITIZED_IN_SUPPLIED_INDEX
TIRF-141,141,141,221,F78-14,DU,Dunlop,"Goldseal ""78"" Sport 4P",,B,Bias Ply,Appendix B OCR / direct row,,1,1,HIGH,4,457,2,1,1,DIRECT PRIMARY,OCR/transcribed from Volume II Appendix B; raw field strings retained,1976 Calspan/NHTSA passenger-tire corpus,MECHANISM_ONLY,NOT_DIGITIZED_IN_SUPPLIED_INDEX
TIRF-142,142,14Z,221,G78-14,DU,Dunlop,"Goldseal ""78"" Sport 4P",,B,Bias Ply,Appendix B OCR / direct row,,1,1,HIGH,4,465,1,1,0,DIRECT PRIMARY,OCR/transcribed from Volume II Appendix B; raw field strings retained,1976 Calspan/NHTSA passenger-tire corpus,MECHANISM_ONLY,NOT_DIGITIZED_IN_SUPPLIED_INDEX
TIRF-143,143,143,221,H78-14,DU,Dunlop,"Goldseal ""78"" Sport 4P",,B,Bias Ply,Appendix B OCR / direct row,,1,0,LOW,4,473,2,1,1,DIRECT PRIMARY,OCR/transcribed from Volume II Appendix B; raw field strings retained,1976 Calspan/NHTSA passenger-tire corpus,MECHANISM_ONLY,NOT_DIGITIZED_IN_SUPPLIED_INDEX
TIRF-144,144,144,221,G78-15,DU,Dunlop,"Go1dseal ""78"" Spor~ 4P",,B,Bias Ply,Appendix B OCR / direct row,,1,1,HIGH,4,481,1,1,0,DIRECT PRIMARY,OCR/transcribed from Volume II Appendix B; raw field strings retained,1976 Calspan/NHTSA passenger-tire corpus,MECHANISM_ONLY,NOT_DIGITIZED_IN_SUPPLIED_INDEX
TIRF-145,145,145,221,H78-15,DU,Dunlop,"Goldseal ""78"" Sport 4P",,B,Bias Ply,Appendix B OCR / direct row,,2,1,HIGH,5,18,4,3,1,DIRECT PRIMARY,OCR/transcribed from Volume II Appendix B; raw field strings retained,1976 Calspan/NHTSA passenger-tire corpus,MECHANISM_ONLY,NOT_DIGITIZED_IN_SUPPLIED_INDEX
TIRF-146,146,146,221,J78-15,DU,Dunlop,"Goldseal ""78"" Sport 4P",,B,Bias Ply,Appendix B OCR / direct row,,0,0,,,,0,0,0,DIRECT PRIMARY,OCR/transcribed from Volume II Appendix B; raw field strings retained,1976 Calspan/NHTSA passenger-tire corpus,MECHANISM_ONLY,NOT_DIGITIZED_IN_SUPPLIED_INDEX
TIRF-147,147,147,221,L78-15,DU,Dunlop,"Goldseal ""78"" Sport 4P",,B,Bias Ply,Appendix B OCR / direct row,,0,0,,,,0,0,0,DIRECT PRIMARY,OCR/transcribed from Volume II Appendix B; raw field strings retained,1976 Calspan/NHTSA passenger-tire corpus,MECHANISM_ONLY,NOT_DIGITIZED_IN_SUPPLIED_INDEX
TIRF-148,148,148,221,G78-14,FI,Firestone,404 Rayon 4R,,R,Radial Ply,Appendix B OCR / direct row,,1,0,LOW,5,42,2,0,1,DIRECT PRIMARY,OCR/transcribed from Volume II Appendix B; raw field strings retained,1976 Calspan/NHTSA passenger-tire corpus,MECHANISM_ONLY,NOT_DIGITIZED_IN_SUPPLIED_INDEX
TIRF-149,149,149,221,G78-15,FI,Firestone,404 Rayon 4R,,R,Radial Ply,Appendix B OCR / direct row,,0,0,,,,0,0,0,DIRECT PRIMARY,OCR/transcribed from Volume II Appendix B; raw field strings retained,1976 Calspan/NHTSA passenger-tire corpus,MECHANISM_ONLY,NOT_DIGITIZED_IN_SUPPLIED_INDEX
TIRF-150,150,150,221,H78-15,FI,Firestone,404 Rayon 4R,,R,Radial Ply,Appendix B OCR / direct row,,1,0,MEDIUM,5,50,1,0,1,DIRECT PRIMARY,OCR/transcribed from Volume II Appendix B; raw field strings retained,1976 Calspan/NHTSA passenger-tire corpus,MECHANISM_ONLY,NOT_DIGITIZED_IN_SUPPLIED_INDEX
TIRF-151,151,151,221,6.00-13,FI,Firestone,Mini Sport· ZR,,B,Bias Ply,Appendix B OCR / direct row,,2,2,HIGH,5,58,4,2,2,DIRECT PRIMARY,OCR/transcribed from Volume II Appendix B; raw field strings retained,1976 Calspan/NHTSA passenger-tire corpus,MECHANISM_ONLY,NOT_DIGITIZED_IN_SUPPLIED_INDEX
TIRF-152,152,15Z,221,6.45-14,FI,Firestone,Mini Sport ZR,,B,Bias Ply,Appendix B OCR / direct row,,0,0,,,,0,0,0,DIRECT PRIMARY,OCR/transcribed from Volume II Appendix B; raw field strings retained,1976 Calspan/NHTSA passenger-tire corpus,MECHANISM_ONLY,NOT_DIGITIZED_IN_SUPPLIED_INDEX
TIRF-153,153,153,221,5.60-15,FI,Firestone,Mini Sport ZR,,B,Bias Ply,Appendix B OCR / direct row,,1,0,LOW,5,74,2,1,1,DIRECT PRIMARY,OCR/transcribed from Volume II Appendix B; raw field strings retained,1976 Calspan/NHTSA passenger-tire corpus,MECHANISM_ONLY,NOT_DIGITIZED_IN_SUPPLIED_INDEX
TIRF-154,154,154,221,G78-14,FI,Firestone,New Town & Country 4P,,B,Bias Ply,Appendix B OCR / direct row,,1,0,LOW,5,82,2,0,1,DIRECT PRIMARY,OCR/transcribed from Volume II Appendix B; raw field strings retained,1976 Calspan/NHTSA passenger-tire corpus,MECHANISM_ONLY,NOT_DIGITIZED_IN_SUPPLIED_INDEX
TIRF-155,155,155,221,G78-15,FI,Firestone,Town & Country 4P,,B,Bias Ply,Appendix B OCR / direct row,,1,1,HIGH,5,90,2,0,1,DIRECT PRIMARY,OCR/transcribed from Volume II Appendix B; raw field strings retained,1976 Calspan/NHTSA passenger-tire corpus,MECHANISM_ONLY,NOT_DIGITIZED_IN_SUPPLIED_INDEX
TIRF-156,156,156,221,G78-14,BFG,BF Goodrich,Classic HT 4R,,R,Radial Ply,Appendix B OCR / direct row,,1,0,LOW,5,98,2,1,1,DIRECT PRIMARY,OCR/transcribed from Volume II Appendix B; raw field strings retained,1976 Calspan/NHTSA passenger-tire corpus,MECHANISM_ONLY,NOT_DIGITIZED_IN_SUPPLIED_INDEX
TIRF-157,157,157,221,H78-15,BFG,BF Goodrich,Classic HT Rayon 4R,,R,Radial Ply,Appendix B OCR / direct row,,0,0,,,,0,0,0,DIRECT PRIMARY,OCR/transcribed from Volume II Appendix B; raw field strings retained,1976 Calspan/NHTSA passenger-tire corpus,MECHANISM_ONLY,NOT_DIGITIZED_IN_SUPPLIED_INDEX
TIRF-158,158,158,222,G78-15,GT,General Tire,Winter Cleat SLP,4P,B,Bias Ply,Appendix B OCR / direct row,Snow,1,0,MEDIUM,5,106,2,0,1,DIRECT PRIMARY,OCR/transcribed from Volume II Appendix B; raw field strings retained,1976 Calspan/NHTSA passenger-tire corpus,MECHANISM_ONLY,NOT_DIGITIZED_IN_SUPPLIED_INDEX
TIRF-180,180,180,222,6.00-13,CO,Cooper,Sport Master,4N,B,Bias Ply,Appendix B OCR / direct row,,0,0,,,,0,0,0,DIRECT PRIMARY,OCR/transcribed from Volume II Appendix B; raw field strings retained,1976 Calspan/NHTSA passenger-tire corpus,MECHANISM_ONLY,NOT_DIGITIZED_IN_SUPPLIED_INDEX
TIRF-181,181,181,222,5.60-15,CO,Cooper,Sport Master,4N,B,Bias Ply,Appendix B OCR / direct row,,1,0,LOW,5,114,6,3,3,DIRECT PRIMARY,OCR/transcribed from Volume II Appendix B; raw field strings retained,1976 Calspan/NHTSA passenger-tire corpus,MECHANISM_ONLY,NOT_DIGITIZED_IN_SUPPLIED_INDEX
TIRF-182,182,182,222,7.35-14,CO,Cooper,Pace Master,4N,B,Bias Ply,Appendix B OCR / direct row,,1,0,HIGH,5,138,0,0,0,DIRECT PRIMARY,OCR/transcribed from Volume II Appendix B; raw field strings retained,1976 Calspan/NHTSA passenger-tire corpus,MECHANISM_ONLY,NOT_DIGITIZED_IN_SUPPLIED_INDEX
TIRF-183,183,183,222,7.75-14,CO,Cooper,Pace Master,4N,B,Bias Ply,Appendix B OCR / direct row,,1,0,MEDIUM,5,146,2,0,1,DIRECT PRIMARY,OCR/transcribed from Volume II Appendix B; raw field strings retained,1976 Calspan/NHTSA passenger-tire corpus,MECHANISM_ONLY,NOT_DIGITIZED_IN_SUPPLIED_INDEX
TIRF-184,184,184,222,8.25-14,CO,Cooper,Pace Master,4N,B,Bias Ply,Appendix B OCR / direct row,,1,1,HIGH,5,154,1,0,1,DIRECT PRIMARY,OCR/transcribed from Volume II Appendix B; raw field strings retained,1976 Calspan/NHTSA passenger-tire corpus,MECHANISM_ONLY,NOT_DIGITIZED_IN_SUPPLIED_INDEX
TIRF-185,185,185,222,8.55-14,CO,Cooper,Pace Master,4N,B,Bias Ply,Appendix B OCR / direct row,.,1,0,MEDIUM,5,162,2,1,1,DIRECT PRIMARY,OCR/transcribed from Volume II Appendix B; raw field strings retained,1976 Calspan/NHTSA passenger-tire corpus,MECHANISM_ONLY,NOT_DIGITIZED_IN_SUPPLIED_INDEX
TIRF-190,190,190,222,155SR13,GY,Goodyear,G800 + S,ZP+2S/2P,R,Radial Ply,Appendix B OCR / direct row,,1,1,HIGH,5,170,3,1,2,DIRECT PRIMARY,OCR/transcribed from Volume II Appendix B; raw field strings retained,1976 Calspan/NHTSA passenger-tire corpus,MECHANISM_ONLY,NOT_DIGITIZED_IN_SUPPLIED_INDEX
TIRF-191,191,191,222,165 SR13,GY,Goodyear,G800 + 5,2P+2S/2P,R,Radial Ply,Appendix B OCR / direct row,,0,0,,,,0,0,0,DIRECT PRIMARY,OCR/transcribed from Volume II Appendix B; raw field strings retained,1976 Calspan/NHTSA passenger-tire corpus,MECHANISM_ONLY,NOT_DIGITIZED_IN_SUPPLIED_INDEX
TIRF-192,192,192,222,175SR13,GY,Goodyear,G800 + 5 .2P+2S/2P,,R,Radial Ply,Appendix B OCR / direct row,,1,0,MEDIUM,5,184,2,1,1,DIRECT PRIMARY,OCR/transcribed from Volume II Appendix B; raw field strings retained,1976 Calspan/NHTSA passenger-tire corpus,MECHANISM_ONLY,NOT_DIGITIZED_IN_SUPPLIED_INDEX
TIRF-193,193,193,222,165SR14,GY,Goodyear,G800 + 5,IP+2S/2P,R,Radial Ply,Appendix B OCR / direct row,,1,0,MEDIUM,5,192,2,1,1,DIRECT PRIMARY,OCR/transcribed from Volume II Appendix B; raw field strings retained,1976 Calspan/NHTSA passenger-tire corpus,MECHANISM_ONLY,NOT_DIGITIZED_IN_SUPPLIED_INDEX
TIRF-194,194,194,222,175SR14,GY,Goodyear,G800 + 5,2N+ZS/ZN,R,Radial Ply,Appendix B OCR / direct row,,1,1,HIGH,5,198,2,1,1,DIRECT PRIMARY,OCR/transcribed from Volume II Appendix B; raw field strings retained,1976 Calspan/NHTSA passenger-tire corpus,MECHANISM_ONLY,NOT_DIGITIZED_IN_SUPPLIED_INDEX
TIRF-195,195,195,222,185SR14,GY,Goodyear,G800 + 5,ZP+2S/ZP,R,Radial Ply,Appendix B OCR / direct row,,3,2,HIGH,5,206,7,4,3,DIRECT PRIMARY,OCR/transcribed from Volume II Appendix B; raw field strings retained,1976 Calspan/NHTSA passenger-tire corpus,MECHANISM_ONLY,NOT_DIGITIZED_IN_SUPPLIED_INDEX
TIRF-196,196,196,222,155SR15,GY,Goodyear,G800 + 5,2P+2S/2P,R,Radial Ply,Appendix B OCR / direct row,,1,0,LOW,5,238,4,2,2,DIRECT PRIMARY,OCR/transcribed from Volume II Appendix B; raw field strings retained,1976 Calspan/NHTSA passenger-tire corpus,MECHANISM_ONLY,NOT_DIGITIZED_IN_SUPPLIED_INDEX
TIRF-197,197,191,222,165 SR15,GY,Goodyear,G800 + S,ZP+ZS/2P,R,Radial Ply,Appendix B OCR / direct row,,0,0,,,,0,0,0,DIRECT PRIMARY,OCR/transcribed from Volume II Appendix B; raw field strings retained,1976 Calspan/NHTSA passenger-tire corpus,MECHANISM_ONLY,NOT_DIGITIZED_IN_SUPPLIED_INDEX
TIRF-198,198,198,222,CR 70-13,GY,Goodyear,Custom Steelgard Rad.Wide Tread,ZP+2S/ZP,R,Radial Ply,Appendix B OCR / direct row,,0,0,,,,0,0,0,DIRECT PRIMARY,OCR/transcribed from Volume II Appendix B; raw field strings retained,1976 Calspan/NHTSA passenger-tire corpus,MECHANISM_ONLY,NOT_DIGITIZED_IN_SUPPLIED_INDEX
TIRF-199,199,199,222,AR 78-13,GY,Goodyear,Custom Steelgard Radial,ZP+ZS/ZP,R,Radial Ply,Appendix B OCR / direct row,,0,0,,,,0,0,0,DIRECT PRIMARY,OCR/transcribed from Volume II Appendix B; raw field strings retained,1976 Calspan/NHTSA passenger-tire corpus,MECHANISM_ONLY,NOT_DIGITIZED_IN_SUPPLIED_INDEX
TIRF-200,200,ZOO,222,BR 78-13,GY,Goodyear,Custom Steelgard Radial,ZP+ZS/2P,R,Radial Ply,Appendix B OCR / direct row,,0,0,,,,0,0,0,DIRECT PRIMARY,OCR/transcribed from Volume II Appendix B; raw field strings retained,1976 Calspan/NHTSA passenger-tire corpus,MECHANISM_ONLY,NOT_DIGITIZED_IN_SUPPLIED_INDEX
TIRF-201,201,ZOI,222,DR 78-14,GY,Goodyear,Custom Steelgard Radial,ZP+2S/ZP,R,Radial Ply,Appendix B OCR / direct row,,1,1,HIGH,5,254,1,1,0,DIRECT PRIMARY,OCR/transcribed from Volume II Appendix B; raw field strings retained,1976 Calspan/NHTSA passenger-tire corpus,MECHANISM_ONLY,NOT_DIGITIZED_IN_SUPPLIED_INDEX
TIRF-202,202,202,222,FR 78-14,GY,Goodyear,Custom Steelgard Radial,2P+2S/2P,R,Radial Ply,Appendix B OCR / direct row,,1,0,MEDIUM,5,262,1,1,0,DIRECT PRIMARY,OCR/transcribed from Volume II Appendix B; raw field strings retained,1976 Calspan/NHTSA passenger-tire corpus,MECHANISM_ONLY,NOT_DIGITIZED_IN_SUPPLIED_INDEX
TIRF-203,203,203,222,AR 70-13,GY,Goodyear,Powersteel Radial WT,2P+4R+lS/zp,R,Radial Ply,Appendix B OCR / direct row,,1,0,MEDIUM,5,270,2,1,1,DIRECT PRIMARY,OCR/transcribed from Volume II Appendix B; raw field strings retained,1976 Calspan/NHTSA passenger-tire corpus,MECHANISM_ONLY,NOT_DIGITIZED_IN_SUPPLIED_INDEX
TIRF-204,204,Z04,222,BR 70-13,GY,Goodyear,Powersteel Radial WT,ZP+4R+lS/ZP,R,Radial Ply,Appendix B OCR / direct row,,1,1,HIGH,5,278,2,1,1,DIRECT PRIMARY,OCR/transcribed from Volume II Appendix B; raw field strings retained,1976 Calspan/NHTSA passenger-tire corpus,MECHANISM_ONLY,NOT_DIGITIZED_IN_SUPPLIED_INDEX
TIRF-205,205,205,222,DR 70-14,GY,Goodyear,Powersteel Radial WT,ZP+4R+lS/2P,R,Radial Ply,Appendix B OCR / direct row,,1,1,HIGH,5,286,1,1,0,DIRECT PRIMARY,OCR/transcribed from Volume II Appendix B; raw field strings retained,1976 Calspan/NHTSA passenger-tire corpus,MECHANISM_ONLY,NOT_DIGITIZED_IN_SUPPLIED_INDEX
TIRF-206,206,Z06,223,ER70-l4,GY,Goodyear,Radial WT ZP+4R+lS/ZP,i,R,Radial Ply,Appendix B OCR / direct row,,1,0,MEDIUM,5,294,4,3,1,DIRECT PRIMARY,OCR/transcribed from Volume II Appendix B; raw field strings retained,1976 Calspan/NHTSA passenger-tire corpus,MECHANISM_ONLY,NOT_DIGITIZED_IN_SUPPLIED_INDEX
TIRF-207,207,Z07,223,FR70-l4,GY,Goodyear,Radial WT ZP+4R+lS/ZP,,R,Radial Ply,Appendix B OCR / direct row,,0,0,,,,0,0,0,DIRECT PRIMARY,OCR/transcribed from Volume II Appendix B; raw field strings retained,1976 Calspan/NHTSA passenger-tire corpus,MECHANISM_ONLY,NOT_DIGITIZED_IN_SUPPLIED_INDEX
TIRF-208,208,Z08,223,GR70-l4,GY,Goodyear,Radial WT ZP+4R+lS/ZP,,R,Radial Ply,Appendix B OCR / direct row,,1,0,LOW,5,318,4,2,2,DIRECT PRIMARY,OCR/transcribed from Volume II Appendix B; raw field strings retained,1976 Calspan/NHTSA passenger-tire corpus,MECHANISM_ONLY,NOT_DIGITIZED_IN_SUPPLIED_INDEX
TIRF-209,209,209,223,HR70-l4,GY,Goodyear,Radial WT 2P+4R+lS/ZP,,R,Radial Ply,Appendix B OCR / direct row,,0,0,,,,0,0,0,DIRECT PRIMARY,OCR/transcribed from Volume II Appendix B; raw field strings retained,1976 Calspan/NHTSA passenger-tire corpus,MECHANISM_ONLY,NOT_DIGITIZED_IN_SUPPLIED_INDEX
TIRF-210,210,ZlO,223,GR70-l5,GY,Goodyear,Wide Tread Radial ZP+ZS/ZP,,R,Radial Ply,Appendix B OCR / direct row,,1,0,LOW,5,334,2,1,1,DIRECT PRIMARY,OCR/transcribed from Volume II Appendix B; raw field strings retained,1976 Calspan/NHTSA passenger-tire corpus,MECHANISM_ONLY,NOT_DIGITIZED_IN_SUPPLIED_INDEX
TIRF-211,211,211,223,HR78-l5,GY,Goodyear,Eagle ZP+ZAramid+,'·R,R,Radial Ply,Appendix B OCR / direct row,,1,0,MEDIUM,5,342,1,0,0,DIRECT PRIMARY,OCR/transcribed from Volume II Appendix B; raw field strings retained,1976 Calspan/NHTSA passenger-tire corpus,MECHANISM_ONLY,NOT_DIGITIZED_IN_SUPPLIED_INDEX
TIRF-212,212,ZIZ,223,JR78-15,GY,Goodyear,Eagle ZP+2Aramid+,,R,Radial Ply,Appendix B OCR / direct row,,5,1,HIGH,5,350,14,6,6,DIRECT PRIMARY,OCR/transcribed from Volume II Appendix B; raw field strings retained,1976 Calspan/NHTSA passenger-tire corpus,MECHANISM_ONLY,NOT_DIGITIZED_IN_SUPPLIED_INDEX
TIRF-213,213,Z13,223,LR78-15,GY,Goodyear,Eagle ZP+ZAramid+,,R,Radial Ply,Appendix B OCR / direct row,,0,0,,,,0,0,0,DIRECT PRIMARY,OCR/transcribed from Volume II Appendix B; raw field strings retained,1976 Calspan/NHTSA passenger-tire corpus,MECHANISM_ONLY,NOT_DIGITIZED_IN_SUPPLIED_INDEX
TIRF-214,214,Z14,223,HR78-14,GY,Goodyear,Steel' Belted Radial 2P+ZS/ZP,,R,Radial Ply,Appendix B OCR / direct row,,0,0,,,,0,0,0,DIRECT PRIMARY,OCR/transcribed from Volume II Appendix B; raw field strings retained,1976 Calspan/NHTSA passenger-tire corpus,MECHANISM_ONLY,NOT_DIGITIZED_IN_SUPPLIED_INDEX
TIRF-215,215,215,223,JR78-15,GY,Goodyear,Steel Belted Radial ZP+2S/2P,,R,Radial Ply,Appendix B OCR / direct row,,0,0,,,,0,0,0,DIRECT PRIMARY,OCR/transcribed from Volume II Appendix B; raw field strings retained,1976 Calspan/NHTSA passenger-tire corpus,MECHANISM_ONLY,NOT_DIGITIZED_IN_SUPPLIED_INDEX
TIRF-217,217,Z17,223,JR78-15,BFG,BF Goodrich,78 Radial Steel 2P+2S/ZP,,R,Radial Ply,Appendix B OCR / direct row,,0,0,,,,0,0,0,DIRECT PRIMARY,OCR/transcribed from Volume II Appendix B; raw field strings retained,1976 Calspan/NHTSA passenger-tire corpus,MECHANISM_ONLY,NOT_DIGITIZED_IN_SUPPLIED_INDEX
TIRF-218,218,Z18,223,LR78-l5,BFG,BF Goodrich,78 Radial Steel· ZP+ZS/ZP,,R,Radial Ply,Appendix B OCR / direct row,,0,0,,,,0,0,0,DIRECT PRIMARY,OCR/transcribed from Volume II Appendix B; raw field strings retained,1976 Calspan/NHTSA passenger-tire corpus,MECHANISM_ONLY,NOT_DIGITIZED_IN_SUPPLIED_INDEX
TIRF-219,219,219,223,HR78-15,BFG,BF Goodrich,Radial Steel R/S 7R+lS/3R,,R,Radial Ply,Appendix B OCR / direct row,,0,0,,,,0,0,0,DIRECT PRIMARY,OCR/transcribed from Volume II Appendix B; raw field strings retained,1976 Calspan/NHTSA passenger-tire corpus,MECHANISM_ONLY,NOT_DIGITIZED_IN_SUPPLIED_INDEX
TIRF-220,220,ZZO,223,JR78-15,BFG,BF Goodrich,Radial Steel R/S 7R+lS/3R,,R,Radial Ply,Appendix B OCR / direct row,,0,0,,,,0,0,0,DIRECT PRIMARY,OCR/transcribed from Volume II Appendix B; raw field strings retained,1976 Calspan/NHTSA passenger-tire corpus,MECHANISM_ONLY,NOT_DIGITIZED_IN_SUPPLIED_INDEX
TIRF-221,221,Z21,223,LR78~15,BFG,BF Goodrich,Radial Steel ZP+ZS/ZP,,R,Radial Ply,Appendix B OCR / direct row,,0,0,,,,0,0,0,DIRECT PRIMARY,OCR/transcribed from Volume II Appendix B; raw field strings retained,1976 Calspan/NHTSA passenger-tire corpus,MECHANISM_ONLY,NOT_DIGITIZED_IN_SUPPLIED_INDEX
TIRF-222,222,ZZ2,223,l65SR14,BFG,BF Goodrich,100 6R/ZR,,R,Radial Ply,Appendix B OCR / direct row,,1,0,LOW,5,420,1,1,0,DIRECT PRIMARY,OCR/transcribed from Volume II Appendix B; raw field strings retained,1976 Calspan/NHTSA passenger-tire corpus,MECHANISM_ONLY,NOT_DIGITIZED_IN_SUPPLIED_INDEX
TIRF-223,223,ZZ3,223,l65SR15,BFG,BF Goodrich,100 6R/ZR,,R,Radial Ply,Appendix B OCR / direct row,,0,0,,,,0,0,0,DIRECT PRIMARY,OCR/transcribed from Volume II Appendix B; raw field strings retained,1976 Calspan/NHTSA passenger-tire corpus,MECHANISM_ONLY,NOT_DIGITIZED_IN_SUPPLIED_INDEX
TIRF-224,224,ZZ4,223,GR70-15,BFG,BF Goodrich,Lifesaver ZR+2S/2R,,R,Radial Ply,Appendix B OCR / direct row,,0,0,,,,0,0,0,DIRECT PRIMARY,OCR/transcribed from Volume II Appendix B; raw field strings retained,1976 Calspan/NHTSA passenger-tire corpus,MECHANISM_ONLY,NOT_DIGITIZED_IN_SUPPLIED_INDEX
TIRF-225,225,ZZ5,223,ER70-l4,BFG,BF Goodrich,Radial XL-lOO 6R/ZR,,R,Radial Ply,Appendix B OCR / direct row,,1,0,LOW,5,428,2,1,1,DIRECT PRIMARY,OCR/transcribed from Volume II Appendix B; raw field strings retained,1976 Calspan/NHTSA passenger-tire corpus,MECHANISM_ONLY,NOT_DIGITIZED_IN_SUPPLIED_INDEX
TIRF-226,226,ZZ6,223,FR70-l4,BFG,BF Goodrich,Radial'XL-lOO 6R/ZR,,R,Radial Ply,Appendix B OCR / direct row,,1,0,LOW,5,436,3,2,0,DIRECT PRIMARY,OCR/transcribed from Volume II Appendix B; raw field strings retained,1976 Calspan/NHTSA passenger-tire corpus,MECHANISM_ONLY,NOT_DIGITIZED_IN_SUPPLIED_INDEX
TIRF-227,227,2Z7,223,GR70-l4,BFG,BF Goodrich,Radial XL-IOO 6R/ZR,,R,Radial Ply,Appendix B OCR / direct row,,1,0,MEDIUM,5,452,2,1,1,DIRECT PRIMARY,OCR/transcribed from Volume II Appendix B; raw field strings retained,1976 Calspan/NHTSA passenger-tire corpus,MECHANISM_ONLY,NOT_DIGITIZED_IN_SUPPLIED_INDEX
TIRF-228,228,-228,224,HR70-14,BFG,BF Goodrich,Lifesaver Radial XL-IOO,7R/3R,R,Radial Ply,Appendix B OCR / direct row,.,1,0,MEDIUM,5,460,2,1,1,DIRECT PRIMARY,OCR/transcribed from Volume II Appendix B; raw field strings retained,1976 Calspan/NHTSA passenger-tire corpus,MECHANISM_ONLY,NOT_DIGITIZED_IN_SUPPLIED_INDEX
TIRF-229,229,229,224,GR70-15,BFG,BF Goodrich,Lifesaver Radial XL-IOO,6R/2R,R,Radial Ply,Appendix B OCR / direct row,,1,0,LOW,5,468,1,1,0,DIRECT PRIMARY,OCR/transcribed from Volume II Appendix B; raw field strings retained,1976 Calspan/NHTSA passenger-tire corpus,MECHANISM_ONLY,NOT_DIGITIZED_IN_SUPPLIED_INDEX
TIRF-230,230,230,224,HR70-15,BFG,BF Goodrich,Lifesaver Radial XL-I 00,6R/2R,R,Radial Ply,Appendix B OCR / direct row,,1,0,MEDIUM,5,476,2,1,1,DIRECT PRIMARY,OCR/transcribed from Volume II Appendix B; raw field strings retained,1976 Calspan/NHTSA passenger-tire corpus,MECHANISM_ONLY,NOT_DIGITIZED_IN_SUPPLIED_INDEX
TIRF-231,231,231,224,JR7O-15,BFG,BF Goodrich,Lifesaver Radial XL-IOO,6R/2R,R,Radial Ply,Appendix B OCR / direct row,,0,0,,,,0,0,0,DIRECT PRIMARY,OCR/transcribed from Volume II Appendix B; raw field strings retained,1976 Calspan/NHTSA passenger-tire corpus,MECHANISM_ONLY,NOT_DIGITIZED_IN_SUPPLIED_INDEX
TIRF-232,232,232,224,LR70-15,BFG,BF Goodrich,Lif~saver Radial XL-I00,6R/2R,R,Radial Ply,Appendix B OCR / direct row,,1,1,HIGH,6,19,2,1,1,DIRECT PRIMARY,OCR/transcribed from Volume II Appendix B; raw field strings retained,1976 Calspan/NHTSA passenger-tire corpus,MECHANISM_ONLY,NOT_DIGITIZED_IN_SUPPLIED_INDEX
TIRF-233,233,233,224,HR70-14-,BFG,BF Goodrich,Trailmaker Radial,7R/3R,R,Radial Ply,Appendix B OCR / direct row,Snow,1,0,LOW,6,27,4,2,2,DIRECT PRIMARY,OCR/transcribed from Volume II Appendix B; raw field strings retained,1976 Calspan/NHTSA passenger-tire corpus,MECHANISM_ONLY,NOT_DIGITIZED_IN_SUPPLIED_INDEX
TIRF-234,234,234,224,GR70-15,BFG,BF Goodrich,Trailmaker Radial,6R/2R,R,Radial Ply,Appendix B OCR / direct row,Snow',1,0,MEDIUM,6,43,2,1,1,DIRECT PRIMARY,OCR/transcribed from Volume II Appendix B; raw field strings retained,1976 Calspan/NHTSA passenger-tire corpus,MECHANISM_ONLY,NOT_DIGITIZED_IN_SUPPLIED_INDEX
TIRF-235,235,235,224,185-14X,MI,Michelin,XWW Radial 2R+2S/2R,,R,Radial Ply,Appendix B OCR / direct row,,0,0,,,,0,0,0,DIRECT PRIMARY,OCR/transcribed from Volume II Appendix B; raw field strings retained,1976 Calspan/NHTSA passenger-tire corpus,MECHANISM_ONLY,NOT_DIGITIZED_IN_SUPPLIED_INDEX
TIRF-236,236,236,224,195-14,MI,Michelin,XWW,2R+2S/2R,R,Radial Ply,Appendix B OCR / direct row,,1,0,MEDIUM,6,51,1,1,0,DIRECT PRIMARY,OCR/transcribed from Volume II Appendix B; raw field strings retained,1976 Calspan/NHTSA passenger-tire corpus,MECHANISM_ONLY,NOT_DIGITIZED_IN_SUPPLIED_INDEX
TIRF-237,237,237,224,205-14X,MI,Michelin,XWW 2R+2S/2R,,R,Radial Ply,Appendix B OCR / direct row,,1,0,LOW,6,59,2,1,1,DIRECT PRIMARY,OCR/transcribed from Volume II Appendix B; raw field strings retained,1976 Calspan/NHTSA passenger-tire corpus,MECHANISM_ONLY,NOT_DIGITIZED_IN_SUPPLIED_INDEX
TIRF-238,238,238,224,215-14,MI,Michelin,XWW,2R+2S/2R,R,Radial Ply,Appendix B OCR / direct row,,1,0,MEDIUM,6,67,2,1,1,DIRECT PRIMARY,OCR/transcribed from Volume II Appendix B; raw field strings retained,1976 Calspan/NHTSA passenger-tire corpus,MECHANISM_ONLY,NOT_DIGITIZED_IN_SUPPLIED_INDEX
TIRF-239,239,239,224,205-15,MI,Michelin,XWW 2R+2S/2R,,R,Radial Ply,Appendix B OCR / direct row,,1,0,MEDIUM,6,75,2,1,1,DIRECT PRIMARY,OCR/transcribed from Volume II Appendix B; raw field strings retained,1976 Calspan/NHTSA passenger-tire corpus,MECHANISM_ONLY,NOT_DIGITIZED_IN_SUPPLIED_INDEX
TIRF-240,240,240,224,215-15,MI,Michelin,XWW 2R+2S/2R,,R,Radial Ply,Appendix B OCR / direct row,,1,1,HIGH,6,83,4,2,2,DIRECT PRIMARY,OCR/transcribed from Volume II Appendix B; raw field strings retained,1976 Calspan/NHTSA passenger-tire corpus,MECHANISM_ONLY,NOT_DIGITIZED_IN_SUPPLIED_INDEX
TIRF-241,241,241,224,225-15,MI,Michelin,XWW 2R+2S/2R,,R,Radial Ply,Appendix B OCR / direct row,,0,0,,,,0,0,0,DIRECT PRIMARY,OCR/transcribed from Volume II Appendix B; raw field strings retained,1976 Calspan/NHTSA passenger-tire corpus,MECHANISM_ONLY,NOT_DIGITIZED_IN_SUPPLIED_INDEX
TIRF-242,242,242,224,215-14,MI,Michelin,XWW -2R+2S/2R,,R,Radial Ply,Appendix B OCR / direct row,Snow,1,1,HIGH,6,99,0,0,0,DIRECT PRIMARY,OCR/transcribed from Volume II Appendix B; raw field strings retained,1976 Calspan/NHTSA passenger-tire corpus,MECHANISM_ONLY,NOT_DIGITIZED_IN_SUPPLIED_INDEX
TIRF-243,243,243,224,205-15,MI,Michelin,XWW 2R+2S/2R,,R,Radial Ply,Appendix B OCR / direct row,Snow,1,0,HIGH,6,107,2,1,1,DIRECT PRIMARY,OCR/transcribed from Volume II Appendix B; raw field strings retained,1976 Calspan/NHTSA passenger-tire corpus,MECHANISM_ONLY,NOT_DIGITIZED_IN_SUPPLIED_INDEX
TIRF-244,244,244,224,AR78-13,CO,Cooper,Lifeliner Steel Radial 2P+2S/2P,,R,Radial Ply,Appendix B OCR / direct row,,1,1,HIGH,6,115,2,1,1,DIRECT PRIMARY,OCR/transcribed from Volume II Appendix B; raw field strings retained,1976 Calspan/NHTSA passenger-tire corpus,MECHANISM_ONLY,NOT_DIGITIZED_IN_SUPPLIED_INDEX
TIRF-245,245,245,224,BR78-13,CO,Cooper,Lifeliner Steel Radial 2P+2S/2P,,R,Radial Ply,Appendix B OCR / direct row,,1,1,HIGH,6,123,1,1,0,DIRECT PRIMARY,OCR/transcribed from Volume II Appendix B; raw field strings retained,1976 Calspan/NHTSA passenger-tire corpus,MECHANISM_ONLY,NOT_DIGITIZED_IN_SUPPLIED_INDEX
TIRF-246,246,246,224,ER78-14,CO,Cooper,Lifeliner Steel Radial,2P+2S/2P,R,Radial Ply,Appendix B OCR / direct row,,1,0,MEDIUM,6,131,3,1,1,DIRECT PRIMARY,OCR/transcribed from Volume II Appendix B; raw field strings retained,1976 Calspan/NHTSA passenger-tire corpus,MECHANISM_ONLY,NOT_DIGITIZED_IN_SUPPLIED_INDEX
TIRF-248,248,248,224,GR78-14,CO,Cooper,Lifeliner Steel Radial,2P+2S/2P,R,Radial Ply,Appendix B OCR / direct row,,0,0,,,,0,0,0,DIRECT PRIMARY,OCR/transcribed from Volume II Appendix B; raw field strings retained,1976 Calspan/NHTSA passenger-tire corpus,MECHANISM_ONLY,NOT_DIGITIZED_IN_SUPPLIED_INDEX
TIRF-249,249,249,224,HR78-14,CO,Cooper,Lifeliner Steel Radial 2P+2S/2P,_,R,Radial Ply,Appendix B OCR / direct row,,1,1,HIGH,6,147,1,1,0,DIRECT PRIMARY,OCR/transcribed from Volume II Appendix B; raw field strings retained,1976 Calspan/NHTSA passenger-tire corpus,MECHANISM_ONLY,NOT_DIGITIZED_IN_SUPPLIED_INDEX
TIRF-250,250,250,224,GR78-15,CO,Cooper,Lifeliner Steel Radial,2P+ZS/ZP,R,Radial Ply,Appendix B OCR / direct row,,1,1,HIGH,6,155,2,1,1,DIRECT PRIMARY,OCR/transcribed from Volume II Appendix B; raw field strings retained,1976 Calspan/NHTSA passenger-tire corpus,MECHANISM_ONLY,NOT_DIGITIZED_IN_SUPPLIED_INDEX
TIRF-251,251,·Z51,225,I HR78-15,CO,Cooper,Lifeliner Steel Radial,ZP+ZS/ZP,R,Radial Ply,Appendix B OCR / direct row,,2,2,HIGH,6,163,6,2,3,DIRECT PRIMARY,OCR/transcribed from Volume II Appendix B; raw field strings retained,1976 Calspan/NHTSA passenger-tire corpus,MECHANISM_ONLY,NOT_DIGITIZED_IN_SUPPLIED_INDEX
TIRF-252,252,Z5Z,225,I JR78-15,CO,Cooper,Lifeliner Steel Radial,ZP+ZS/ZP,R,Radial Ply,Appendix B OCR / direct row,,0,0,,,,0,0,0,DIRECT PRIMARY,OCR/transcribed from Volume II Appendix B; raw field strings retained,1976 Calspan/NHTSA passenger-tire corpus,MECHANISM_ONLY,NOT_DIGITIZED_IN_SUPPLIED_INDEX
TIRF-253,253,Z53,225,LR78-15,CO,Cooper,Lifeliner Steel Radial,ZP+ZS/ZP,R,Radial Ply,Appendix B OCR / direct row,,1,0,HIGH,6,187,2,1,1,DIRECT PRIMARY,OCR/transcribed from Volume II Appendix B; raw field strings retained,1976 Calspan/NHTSA passenger-tire corpus,MECHANISM_ONLY,NOT_DIGITIZED_IN_SUPPLIED_INDEX
TIRF-254,254,Z54,225,LR78-15,CO,Cooper,Lifeliner Steel Radial,ZP+ZS/ZP,R,Radial Ply,Appendix B OCR / direct row,,0,0,,,,0,0,0,DIRECT PRIMARY,OCR/transcribed from Volume II Appendix B; raw field strings retained,1976 Calspan/NHTSA passenger-tire corpus,MECHANISM_ONLY,NOT_DIGITIZED_IN_SUPPLIED_INDEX
TIRF-255,255,Z55,225,I LR78-15,CO,Cooper,Lifeliner Steel Radial,ZP+ZS/ZP,R,Radial Ply,Appendix B OCR / direct row,iI,1,1,HIGH,6,195,2,1,1,DIRECT PRIMARY,OCR/transcribed from Volume II Appendix B; raw field strings retained,1976 Calspan/NHTSA passenger-tire corpus,MECHANISM_ONLY,NOT_DIGITIZED_IN_SUPPLIED_INDEX
TIRF-256,256,Z56,225,. BR70-13,DA,Dayton,Dayton Thorobred Steel Radial XS,6R+lS/ZR,R,Radial Ply,Appendix B OCR / direct row,,1,0,MEDIUM,6,203,2,1,1,DIRECT PRIMARY,OCR/transcribed from Volume II Appendix B; raw field strings retained,1976 Calspan/NHTSA passenger-tire corpus,MECHANISM_ONLY,NOT_DIGITIZED_IN_SUPPLIED_INDEX
TIRF-258,258,Z58,225,ER70-14,DA,Dayton,Dayton Steel Radial XS,6R+lS/ZR,R,Radial Ply,Appendix B OCR / direct row,.,1,1,HIGH,6,211,2,1,0,DIRECT PRIMARY,OCR/transcribed from Volume II Appendix B; raw field strings retained,1976 Calspan/NHTSA passenger-tire corpus,MECHANISM_ONLY,NOT_DIGITIZED_IN_SUPPLIED_INDEX
TIRF-259,259,Z59,225,FR70-14,DA,Dayton,Steel Radial XS,6R+lS/ZR,R,Radial Ply,Appendix B OCR / direct row,,1,1,HIGH,6,219,2,1,1,DIRECT PRIMARY,OCR/transcribed from Volume II Appendix B; raw field strings retained,1976 Calspan/NHTSA passenger-tire corpus,MECHANISM_ONLY,NOT_DIGITIZED_IN_SUPPLIED_INDEX
TIRF-260,260,Z60,225,GR70-14,DA,Dayton,Steel Radial XS,6R+lS/ZR,R,Radial Ply,Appendix B OCR / direct row,,1,0,MEDIUM,6,227,1,0,1,DIRECT PRIMARY,OCR/transcribed from Volume II Appendix B; raw field strings retained,1976 Calspan/NHTSA passenger-tire corpus,MECHANISM_ONLY,NOT_DIGITIZED_IN_SUPPLIED_INDEX
TIRF-261,261,Z61,225,HR70-14,DA,Dayton,Steel Radial XS .,·6R+lS/ZR,R,Radial Ply,Appendix B OCR / direct row,,1,0,MEDIUM,6,235,2,1,1,DIRECT PRIMARY,OCR/transcribed from Volume II Appendix B; raw field strings retained,1976 Calspan/NHTSA passenger-tire corpus,MECHANISM_ONLY,NOT_DIGITIZED_IN_SUPPLIED_INDEX
TIRF-262,262,Z6Z,225,GR70-15,DA,Dayton,Steel Radial XS,6R+lS/ZR,R,Radial Ply,Appendix B OCR / direct row,,1,0,MEDIUM,6,243,1,1,0,DIRECT PRIMARY,OCR/transcribed from Volume II Appendix B; raw field strings retained,1976 Calspan/NHTSA passenger-tire corpus,MECHANISM_ONLY,NOT_DIGITIZED_IN_SUPPLIED_INDEX
TIRF-263,263,Z63,225,HR70-15,DA,Dayton,Thorobred Steel Radial XS,6R+lS/ZR,R,Radial Ply,Appendix B OCR / direct row,,1,0,MEDIUM,6,251,0,0,0,DIRECT PRIMARY,OCR/transcribed from Volume II Appendix B; raw field strings retained,1976 Calspan/NHTSA passenger-tire corpus,MECHANISM_ONLY,NOT_DIGITIZED_IN_SUPPLIED_INDEX
TIRF-264,264,Z64,225,JR70-15,DA,Dayton,Steel Radial XS,6R+lS/ZR,R,Radial Ply,Appendix B OCR / direct row,,1,1,HIGH,6,259,2,1,1,DIRECT PRIMARY,OCR/transcribed from Volume II Appendix B; raw field strings retained,1976 Calspan/NHTSA passenger-tire corpus,MECHANISM_ONLY,NOT_DIGITIZED_IN_SUPPLIED_INDEX
TIRF-265,265,Z65,225,LR70-15,DA,Dayton,SteeI Radial XS,6R+IS/ZR,R,Radial Ply,Appendix B OCR / direct row,,1,0,MEDIUM,6,267,2,1,1,DIRECT PRIMARY,OCR/transcribed from Volume II Appendix B; raw field strings retained,1976 Calspan/NHTSA passenger-tire corpus,MECHANISM_ONLY,NOT_DIGITIZED_IN_SUPPLIED_INDEX
TIRF-266,266,Z66,225,165R13,DA,Dayton,Foreign & Compact Radial,5R/IR .,R,Radial Ply,Appendix B OCR / direct row,,1,0,MEDIUM,6,275,4,1,2,DIRECT PRIMARY,OCR/transcribed from Volume II Appendix B; raw field strings retained,1976 Calspan/NHTSA passenger-tire corpus,MECHANISM_ONLY,NOT_DIGITIZED_IN_SUPPLIED_INDEX
TIRF-267,267,Z67,225,165 R15,DA,Dayton,Foreign & Compact Radial,5R/IR,R,Radial Ply,Appendix B OCR / direct row,,0,0,,,,0,0,0,DIRECT PRIMARY,OCR/transcribed from Volume II Appendix B; raw field strings retained,1976 Calspan/NHTSA passenger-tire corpus,MECHANISM_ONLY,NOT_DIGITIZED_IN_SUPPLIED_INDEX
TIRF-279,279,Z79,225,LR78-15,FI,Firestone,Radial Deluxe Champion,2R+4R/ZR,R,Radial Ply,Appendix B OCR / direct row,,1,0,MEDIUM,6,291,2,1,1,DIRECT PRIMARY,OCR/transcribed from Volume II Appendix B; raw field strings retained,1976 Calspan/NHTSA passenger-tire corpus,MECHANISM_ONLY,NOT_DIGITIZED_IN_SUPPLIED_INDEX
TIRF-280,280,Z80.,225,BR78-13,UN,Uniroyal,Zeta 40 M Steel Radial,ZR+ZS/ZR,R,Radial Ply,Appendix B OCR / direct row,,1,0,MEDIUM,6,299,3,2,1,DIRECT PRIMARY,OCR/transcribed from Volume II Appendix B; raw field strings retained,1976 Calspan/NHTSA passenger-tire corpus,MECHANISM_ONLY,NOT_DIGITIZED_IN_SUPPLIED_INDEX
TIRF-284,284,284,225,HR78-14,UN,Uniroyal,Steel Belted Radial,2P+ZS+ZN /ZP,R,Radial Ply,Appendix B OCR / direct row,,1,0,LOW,6,315,1,1,0,DIRECT PRIMARY,OCR/transcribed from Volume II Appendix B; raw field strings retained,1976 Calspan/NHTSA passenger-tire corpus,MECHANISM_ONLY,NOT_DIGITIZED_IN_SUPPLIED_INDEX
TIRF-285,285,Z85,225,HR78-15,UN,Uniroyal,Steel Belted Radial PRG,ZP+ZS+ZN /ZP,R,Radial Ply,Appendix B OCR / direct row,,1,0,MEDIUM,6,323,1,1,0,DIRECT PRIMARY,OCR/transcribed from Volume II Appendix B; raw field strings retained,1976 Calspan/NHTSA passenger-tire corpus,MECHANISM_ONLY,NOT_DIGITIZED_IN_SUPPLIED_INDEX
TIRF-287,287,Z87,225,LR78-15,UN,Uniroyal,Steel Belted Radial PRG,ZP+ ZS+ZN /ZP,R,Radial Ply,Appendix B OCR / direct row,,0,0,,,,0,0,0,DIRECT PRIMARY,OCR/transcribed from Volume II Appendix B; raw field strings retained,1976 Calspan/NHTSA passenger-tire corpus,MECHANISM_ONLY,NOT_DIGITIZED_IN_SUPPLIED_INDEX
TIRF-288,288,Z88,225,HR78-14,UN,Uniroyal,Snowplow,ZR+ZS+IN /2R,R,Radial Ply,Appendix B OCR / direct row,SJ;1OW,1,0,LOW,6,331,2,1,1,DIRECT PRIMARY,OCR/transcribed from Volume II Appendix B; raw field strings retained,1976 Calspan/NHTSA passenger-tire corpus,MECHANISM_ONLY,NOT_DIGITIZED_IN_SUPPLIED_INDEX
TIRF-289,289,289,225,HR78-15,FI,Firestone,Steel Radial 500,2P+2S/ZP,R,Radial Ply,Appendix B OCR / direct row,,1,0,MEDIUM,6,339,2,1,1,DIRECT PRIMARY,OCR/transcribed from Volume II Appendix B; raw field strings retained,1976 Calspan/NHTSA passenger-tire corpus,MECHANISM_ONLY,NOT_DIGITIZED_IN_SUPPLIED_INDEX
TIRF-290,290,290,226,BR78-13,FI,Firestone,Radial Deluxe Champion 5R/IR,,R,Radial Ply,Appendix B OCR / direct row,.,1,0,MEDIUM,6,347,2,1,1,DIRECT PRIMARY,OCR/transcribed from Volume II Appendix B; raw field strings retained,1976 Calspan/NHTSA passenger-tire corpus,MECHANISM_ONLY,NOT_DIGITIZED_IN_SUPPLIED_INDEX
TIRF-291,291,291,226,FR78-14,FI,Firestone,Radial Deluxe ·Champion 6R/2R,,R,Radial Ply,Appendix B OCR / direct row,,1,0,HIGH,6,355,2,1,1,DIRECT PRIMARY,OCR/transcribed from Volume II Appendix B; raw field strings retained,1976 Calspan/NHTSA passenger-tire corpus,MECHANISM_ONLY,NOT_DIGITIZED_IN_SUPPLIED_INDEX
TIRF-292,292,29Z,226,OR78-14,FI,Firestone,Radial Deluxe Champion 6R/ZR,,R,Radial Ply,Appendix B OCR / direct row,,1,0,LOW,6,363,2,1,1,DIRECT PRIMARY,OCR/transcribed from Volume II Appendix B; raw field strings retained,1976 Calspan/NHTSA passenger-tire corpus,MECHANISM_ONLY,NOT_DIGITIZED_IN_SUPPLIED_INDEX
TIRF-293,293,293,226,HR78-14,FI,Firestone,Radial Deluxe Champion 6R/2R,,R,Radial Ply,Appendix B OCR / direct row,,2,0,LOW,6,371,4,2,2,DIRECT PRIMARY,OCR/transcribed from Volume II Appendix B; raw field strings retained,1976 Calspan/NHTSA passenger-tire corpus,MECHANISM_ONLY,NOT_DIGITIZED_IN_SUPPLIED_INDEX
TIRF-294,294,294,226,GR78-15,FI,Firestone,Radial Deluxe Champion 6R/2R,,R,Radial Ply,Appendix B OCR / direct row,..,1,1,HIGH,6,385,1,0,1,DIRECT PRIMARY,OCR/transcribed from Volume II Appendix B; raw field strings retained,1976 Calspan/NHTSA passenger-tire corpus,MECHANISM_ONLY,NOT_DIGITIZED_IN_SUPPLIED_INDEX
TIRF-295,295,295,226,HR78-15,FI,Firestone,Radial Deluxe Champion 6R/2R,,R,Radial Ply,Appendix B OCR / direct row,,1,1,HIGH,6,393,1,0,1,DIRECT PRIMARY,OCR/transcribed from Volume II Appendix B; raw field strings retained,1976 Calspan/NHTSA passenger-tire corpus,MECHANISM_ONLY,NOT_DIGITIZED_IN_SUPPLIED_INDEX
TIRF-296,296,296,226,JR78-15,FI,Firestone,Radial Deluxe Champion 6R/2R,,R,Radial Ply,Appendix B OCR / direct row,.,1,0,LOW,6,401,1,0,1,DIRECT PRIMARY,OCR/transcribed from Volume II Appendix B; raw field strings retained,1976 Calspan/NHTSA passenger-tire corpus,MECHANISM_ONLY,NOT_DIGITIZED_IN_SUPPLIED_INDEX
TIRF-298A,298A,298A,226,LR78-15,FI,Firestone,Radial Deluxe Champion 6R/2R,,R,Radial Ply,Appendix B OCR / direct row,,1,0,MEDIUM,6,409,2,0,1,DIRECT PRIMARY,OCR/transcribed from Volume II Appendix B; raw field strings retained,1976 Calspan/NHTSA passenger-tire corpus,MECHANISM_ONLY,NOT_DIGITIZED_IN_SUPPLIED_INDEX
TIRF-298B,298B,298B,226,LR78-15,FI,Firestone,Radial Deluxe Champion 6R/2R,,R,Radial Ply,Appendix B OCR / direct row,,1,0,MEDIUM,6,417,1,0,0,DIRECT PRIMARY,OCR/transcribed from Volume II Appendix B; raw field strings retained,1976 Calspan/NHTSA passenger-tire corpus,MECHANISM_ONLY,NOT_DIGITIZED_IN_SUPPLIED_INDEX
TIRF-300,300,300,226,HR78-14,FI,Firestone,Town & Country Radial 6R/2R,,R,Radial Ply,Appendix B OCR / direct row,,1,0,MEDIUM,6,425,2,1,0,DIRECT PRIMARY,OCR/transcribed from Volume II Appendix B; raw field strings retained,1976 Calspan/NHTSA passenger-tire corpus,MECHANISM_ONLY,NOT_DIGITIZED_IN_SUPPLIED_INDEX
TIRF-301,301,301,226,HR78-15,FI,Firestone,Town & Country Radial 6R/2R,,R,Radial Ply,Appendix B OCR / direct row,,1,0,HIGH,6,433,2,0,1,DIRECT PRIMARY,OCR/transcribed from Volume II Appendix B; raw field strings retained,1976 Calspan/NHTSA passenger-tire corpus,MECHANISM_ONLY,NOT_DIGITIZED_IN_SUPPLIED_INDEX
TIRF-302,302,302,226,HR78-15,FI,Firestone,Super 500 Radial 2P+2Aramid/2P,,R,Radial Ply,Appendix B OCR / direct row,,1,1,HIGH,6,441,2,1,1,DIRECT PRIMARY,OCR/transcribed from Volume II Appendix B; raw field strings retained,1976 Calspan/NHTSA passenger-tire corpus,MECHANISM_ONLY,NOT_DIGITIZED_IN_SUPPLIED_INDEX
TIRF-303,303,303,226,GR70-15,FI,Firestone,Steel Belted Radial 2P+2S/2P,,R,Radial Ply,Appendix B OCR / direct row,,1,0,MEDIUM,6,449,2,1,1,DIRECT PRIMARY,OCR/transcribed from Volume II Appendix B; raw field strings retained,1976 Calspan/NHTSA passenger-tire corpus,MECHANISM_ONLY,NOT_DIGITIZED_IN_SUPPLIED_INDEX
TIRF-304,304,304,226,HR70-15,FI,Firestone,Steel Belted Radial 2P+2S/2P,,R,Radial Ply,Appendix B OCR / direct row,,1,0,LOW,6,457,1,1,0,DIRECT PRIMARY,OCR/transcribed from Volume II Appendix B; raw field strings retained,1976 Calspan/NHTSA passenger-tire corpus,MECHANISM_ONLY,NOT_DIGITIZED_IN_SUPPLIED_INDEX
TIRF-305,305,305,226,155 SR13,DU,Dunlop,SP4 2R+2S/2R,,R,Radial Ply,Appendix B OCR / direct row,,1,0,MEDIUM,6,465,2,1,1,DIRECT PRIMARY,OCR/transcribed from Volume II Appendix B; raw field strings retained,1976 Calspan/NHTSA passenger-tire corpus,MECHANISM_ONLY,NOT_DIGITIZED_IN_SUPPLIED_INDEX
TIRF-306,306,306,226,165 SRl3,DU,Dunlop,SP4 2R+2S/2R,,R,Radial Ply,Appendix B OCR / direct row,,1,0,MEDIUM,6,473,1,0,0,DIRECT PRIMARY,OCR/transcribed from Volume II Appendix B; raw field strings retained,1976 Calspan/NHTSA passenger-tire corpus,MECHANISM_ONLY,NOT_DIGITIZED_IN_SUPPLIED_INDEX
TIRF-307,307,307,226,175 SRl3,DU,Dunlop,SP4 ZR+ZS/ZR,,R,Radial Ply,Appendix B OCR / direct row,,1,0,MEDIUM,6,481,0,0,0,DIRECT PRIMARY,OCR/transcribed from Volume II Appendix B; raw field strings retained,1976 Calspan/NHTSA passenger-tire corpus,MECHANISM_ONLY,NOT_DIGITIZED_IN_SUPPLIED_INDEX
TIRF-308,308,308,226,165 SRl4,DU,Dunlop,SP4 2R+ZS/ZR,,R,Radial Ply,Appendix B OCR / direct row,,1,0,MEDIUM,7,11,2,1,1,DIRECT PRIMARY,OCR/transcribed from Volume II Appendix B; raw field strings retained,1976 Calspan/NHTSA passenger-tire corpus,MECHANISM_ONLY,NOT_DIGITIZED_IN_SUPPLIED_INDEX
TIRF-309,309,309,226,165 SRl5,DU,Dunlop,SP4 ~R+2S/2R,,R,Radial Ply,Appendix B OCR / direct row,,1,1,HIGH,7,19,1,1,0,DIRECT PRIMARY,OCR/transcribed from Volume II Appendix B; raw field strings retained,1976 Calspan/NHTSA passenger-tire corpus,MECHANISM_ONLY,NOT_DIGITIZED_IN_SUPPLIED_INDEX
TIRF-310,310,310,226,HR78-15,DU,Dunlop,Elite Steel Radial ~R+ZS+IN/ZR,,R,Radial Ply,Appendix B OCR / direct row,,1,0,HIGH,7,27,2,1,0,DIRECT PRIMARY,OCR/transcribed from Volume II Appendix B; raw field strings retained,1976 Calspan/NHTSA passenger-tire corpus,MECHANISM_ONLY,NOT_DIGITIZED_IN_SUPPLIED_INDEX
TIRF-311,311,311,226,JR78-15,DU,Dunlop,Elite Steel Radial I2R+ZS+IN,/ZR,R,Radial Ply,Appendix B OCR / direct row,,1,0,MEDIUM,7,35,2,0,1,DIRECT PRIMARY,OCR/transcribed from Volume II Appendix B; raw field strings retained,1976 Calspan/NHTSA passenger-tire corpus,MECHANISM_ONLY,NOT_DIGITIZED_IN_SUPPLIED_INDEX
TIRF-312,312,312,226,GR70-15,GT,General Tire,Dual Steel Radial .2P+2S/2P,,R,Radial Ply,Appendix B OCR / direct row,,1,0,HIGH,7,43,2,0,1,DIRECT PRIMARY,OCR/transcribed from Volume II Appendix B; raw field strings retained,1976 Calspan/NHTSA passenger-tire corpus,MECHANISM_ONLY,NOT_DIGITIZED_IN_SUPPLIED_INDEX
TIRF-313,313,313,226,HR78-15,GT,General Tire,Dual Steel Radial ~R+2S/2R,,R,Radial Ply,Appendix B OCR / direct row,,1,0,HIGH,7,51,1,1,0,DIRECT PRIMARY,OCR/transcribed from Volume II Appendix B; raw field strings retained,1976 Calspan/NHTSA passenger-tire corpus,MECHANISM_ONLY,NOT_DIGITIZED_IN_SUPPLIED_INDEX
TIRF-316,316,316,227,I I HR78-15,LE,Lee,Radial Steel Belted 2P+4R+lS/2P,,R,Radial Ply,Appendix B OCR / direct row,,1,0,HIGH,7,59,0,0,0,DIRECT PRIMARY,OCR/transcribed from Volume II Appendix B; raw field strings retained,1976 Calspan/NHTSA passenger-tire corpus,MECHANISM_ONLY,NOT_DIGITIZED_IN_SUPPLIED_INDEX
TIRF-317,317,317,227,165 SRI3,PI,Pirelli,CF 67 Cinturato .6R/2R,,R,Radial Ply,Appendix B OCR / direct row,,1,0,HIGH,7,67,2,1,1,DIRECT PRIMARY,OCR/transcribed from Volume II Appendix B; raw field strings retained,1976 Calspan/NHTSA passenger-tire corpus,MECHANISM_ONLY,NOT_DIGITIZED_IN_SUPPLIED_INDEX
TIRF-318,318,318,227,175 SRI3,PI,Pirelli,CF 67 7R/2R,,R,Radial Ply,Appendix B OCR / direct row,,1,0,MEDIUM,7,75,1,1,0,DIRECT PRIMARY,OCR/transcribed from Volume II Appendix B; raw field strings retained,1976 Calspan/NHTSA passenger-tire corpus,MECHANISM_ONLY,NOT_DIGITIZED_IN_SUPPLIED_INDEX
TIRF-319,319,319,227,165 SRI5,PI,Pirelli,"Cinturato 367 /', 7R/2R",,R,Radial Ply,Appendix B OCR / direct row,,1,0,MEDIUM,7,83,2,1,1,DIRECT PRIMARY,OCR/transcribed from Volume II Appendix B; raw field strings retained,1976 Calspan/NHTSA passenger-tire corpus,MECHANISM_ONLY,NOT_DIGITIZED_IN_SUPPLIED_INDEX
TIRF-320,320,320,227,GR70-15,PI,Pirelli,CN 73 2R+2S+IN,/2R,R,Radial Ply,Appendix B OCR / direct row,,1,0,MEDIUM,7,91,2,1,1,DIRECT PRIMARY,OCR/transcribed from Volume II Appendix B; raw field strings retained,1976 Calspan/NHTSA passenger-tire corpus,MECHANISM_ONLY,NOT_DIGITIZED_IN_SUPPLIED_INDEX
TIRF-321,321,321,227,7.00-14LT,FI,Firestone,Transport 110 N,,B,Bias Ply,Appendix B OCR / direct row,TL,1,0,MEDIUM,7,99,1,1,0,DIRECT PRIMARY,OCR/transcribed from Volume II Appendix B; raw field strings retained,1976 Calspan/NHTSA passenger-tire corpus,MECHANISM_ONLY,NOT_DIGITIZED_IN_SUPPLIED_INDEX
TIRF-322,322,322,227,6.70-15LT,FI,Firestone,Transport 110 N,,B,Bias Ply,Appendix B OCR / direct row,TL,1,0,HIGH,7,108,1,1,0,DIRECT PRIMARY,OCR/transcribed from Volume II Appendix B; raw field strings retained,1976 Calspan/NHTSA passenger-tire corpus,MECHANISM_ONLY,NOT_DIGITIZED_IN_SUPPLIED_INDEX
TIRF-323,323,323,227,6.70-15LT,FI,Firestone,Transport 110 N,I,B,Bias Ply,Appendix B OCR / direct row,TT .,1,1,HIGH,7,116,1,1,0,DIRECT PRIMARY,OCR/transcribed from Volume II Appendix B; raw field strings retained,1976 Calspan/NHTSA passenger-tire corpus,MECHANISM_ONLY,NOT_DIGITIZED_IN_SUPPLIED_INDEX
TIRF-324,324,324,227,7.00-15LT,FI,Firestone,Transport 110 N,,B,Bias Ply,Appendix B OCR / direct row,TL,1,0,HIGH,7,124,1,1,0,DIRECT PRIMARY,OCR/transcribed from Volume II Appendix B; raw field strings retained,1976 Calspan/NHTSA passenger-tire corpus,MECHANISM_ONLY,NOT_DIGITIZED_IN_SUPPLIED_INDEX
TIRF-325,325,325,227,7.00-15LT,FI,Firestone,Transport 110 N,,B,Bias Ply,Appendix B OCR / direct row,,1,0,MEDIUM,7,133,1,1,0,DIRECT PRIMARY,OCR/transcribed from Volume II Appendix B; raw field strings retained,1976 Calspan/NHTSA passenger-tire corpus,MECHANISM_ONLY,NOT_DIGITIZED_IN_SUPPLIED_INDEX
TIRF-326,326,326,227,7.00-15LT,FI,Firestone,Transport 110 N,,B,Bias Ply,Appendix B OCR / direct row,,1,0,MEDIUM,7,141,2,1,1,DIRECT PRIMARY,OCR/transcribed from Volume II Appendix B; raw field strings retained,1976 Calspan/NHTSA passenger-tire corpus,MECHANISM_ONLY,NOT_DIGITIZED_IN_SUPPLIED_INDEX
TIRF-327,327,327,227,7.00-15LT,FI,Firestone,Transport 110 N,,B,Bias Ply,Appendix B OCR / direct row,,1,0,HIGH,7,148,1,1,0,DIRECT PRIMARY,OCR/transcribed from Volume II Appendix B; raw field strings retained,1976 Calspan/NHTSA passenger-tire corpus,MECHANISM_ONLY,NOT_DIGITIZED_IN_SUPPLIED_INDEX
TIRF-329,329,329,227,6.50-16LT,FI,Firestone,Transport 110 N,,B,Bias Ply,Appendix B OCR / direct row,,1,0,LOW,7,156,2,1,1,DIRECT PRIMARY,OCR/transcribed from Volume II Appendix B; raw field strings retained,1976 Calspan/NHTSA passenger-tire corpus,MECHANISM_ONLY,NOT_DIGITIZED_IN_SUPPLIED_INDEX
TIRF-330,330,330,227,7.00-16LT,FI,Firestone,Transport 110 N,,B,Bias Ply,Appendix B OCR / direct row,,1,1,HIGH,7,163,1,1,0,DIRECT PRIMARY,OCR/transcribed from Volume II Appendix B; raw field strings retained,1976 Calspan/NHTSA passenger-tire corpus,MECHANISM_ONLY,NOT_DIGITIZED_IN_SUPPLIED_INDEX
TIRF-331,331,331,227,7.50-16LT,FI,Firestone,Transport 110 N,,B,Bias Ply,Appendix B OCR / direct row,,1,0,LOW,7,170,2,1,1,DIRECT PRIMARY,OCR/transcribed from Volume II Appendix B; raw field strings retained,1976 Calspan/NHTSA passenger-tire corpus,MECHANISM_ONLY,NOT_DIGITIZED_IN_SUPPLIED_INDEX
TIRF-332,332,332,227,7.50-16LT,FI,Firestone,Transport 110 N,,B,Bias Ply,Appendix B OCR / direct row,,1,0,HIGH,7,177,2,1,1,DIRECT PRIMARY,OCR/transcribed from Volume II Appendix B; raw field strings retained,1976 Calspan/NHTSA passenger-tire corpus,MECHANISM_ONLY,NOT_DIGITIZED_IN_SUPPLIED_INDEX
TIRF-333,333,333,227,8.00-16.5,FI,Firestone,"Transport ""500"" Wide Oval N",,B,Bias Ply,Appendix B OCR / direct row,,1,0,MEDIUM,7,184,2,1,1,DIRECT PRIMARY,OCR/transcribed from Volume II Appendix B; raw field strings retained,1976 Calspan/NHTSA passenger-tire corpus,MECHANISM_ONLY,NOT_DIGITIZED_IN_SUPPLIED_INDEX
TIRF-334,334,334,227,8.00-16.5,FI,Firestone,"Transport ""500"" Wide Oval N",,B,Bias Ply,Appendix B OCR / direct row,,1,1,HIGH,7,190,2,1,1,DIRECT PRIMARY,OCR/transcribed from Volume II Appendix B; raw field strings retained,1976 Calspan/NHTSA passenger-tire corpus,MECHANISM_ONLY,NOT_DIGITIZED_IN_SUPPLIED_INDEX
TIRF-335,335,335,227,8.75-16.5,FI,Firestone,"Transport ""500"" Wide Oval N",,B,Bias Ply,Appendix B OCR / direct row,,1,0,MEDIUM,7,197,2,1,1,DIRECT PRIMARY,OCR/transcribed from Volume II Appendix B; raw field strings retained,1976 Calspan/NHTSA passenger-tire corpus,MECHANISM_ONLY,NOT_DIGITIZED_IN_SUPPLIED_INDEX
TIRF-336,336,336,227,8.75-16.5,FI,Firestone,"Tr~sport ""500"" Wide Oval N",,B,Bias Ply,Appendix B OCR / direct row,,1,0,MEDIUM,7,204,4,2,2,DIRECT PRIMARY,OCR/transcribed from Volume II Appendix B; raw field strings retained,1976 Calspan/NHTSA passenger-tire corpus,MECHANISM_ONLY,NOT_DIGITIZED_IN_SUPPLIED_INDEX
TIRF-337,337,337,228,9.50-16.5,FI,Firestone,"Transport ""500"" Wide Oval N",,B,Bias Ply,Appendix B OCR / direct row,TL,0,0,,,,0,0,0,DIRECT PRIMARY,OCR/transcribed from Volume II Appendix B; raw field strings retained,1976 Calspan/NHTSA passenger-tire corpus,MECHANISM_ONLY,NOT_DIGITIZED_IN_SUPPLIED_INDEX
TIRF-340,340,340,228,H78-15LT,GY,Goodyear,Glas Guard Belted N+F/N,,BB,Bias Belted,Appendix B OCR / direct row,TL,1,0,MEDIUM,7,218,2,1,1,DIRECT PRIMARY,OCR/transcribed from Volume II Appendix B; raw field strings retained,1976 Calspan/NHTSA passenger-tire corpus,MECHANISM_ONLY,NOT_DIGITIZED_IN_SUPPLIED_INDEX
TIRF-341,341,341,228,6.70R15LT,GY,Goodyear,Custom Flexsteel LT P+S/N,,R,Radial Ply,Appendix B OCR / direct row,TL,1,0,MEDIUM,7,226,2,1,1,DIRECT PRIMARY,OCR/transcribed from Volume II Appendix B; raw field strings retained,1976 Calspan/NHTSA passenger-tire corpus,MECHANISM_ONLY,NOT_DIGITIZED_IN_SUPPLIED_INDEX
TIRF-342,342,34Z,228,7.50R16LT,GY,Goodyear,Custom Flexsteel LT P+S/N,,R,Radial Ply,Appendix B OCR / direct row,TT,1,0,MEDIUM,7,233,1,1,0,DIRECT PRIMARY,OCR/transcribed from Volume II Appendix B; raw field strings retained,1976 Calspan/NHTSA passenger-tire corpus,MECHANISM_ONLY,NOT_DIGITIZED_IN_SUPPLIED_INDEX
TIRF-343,343,343,228,7.00-15LT,GY,Goodyear,Super Hi Miler 4N,,B,Bias Ply,Appendix B OCR / direct row,TL,1,1,HIGH,7,240,4,2,2,DIRECT PRIMARY,OCR/transcribed from Volume II Appendix B; raw field strings retained,1976 Calspan/NHTSA passenger-tire corpus,MECHANISM_ONLY,NOT_DIGITIZED_IN_SUPPLIED_INDEX
TIRF-344,344,344,228,7.00-15LT,GY,Goodyear,Super Hi Miler N,,B,Bias Ply,Appendix B OCR / direct row,TT,1,0,LOW,7,255,1,1,0,DIRECT PRIMARY,OCR/transcribed from Volume II Appendix B; raw field strings retained,1976 Calspan/NHTSA passenger-tire corpus,MECHANISM_ONLY,NOT_DIGITIZED_IN_SUPPLIED_INDEX
TIRF-345,345,345,228,7.50-16LT,GY,Goodyear,Super Hi Miler N,,B,Bias Ply,Appendix B OCR / direct row,TT,1,0,MEDIUM,7,262,1,0,1,DIRECT PRIMARY,OCR/transcribed from Volume II Appendix B; raw field strings retained,1976 Calspan/NHTSA passenger-tire corpus,MECHANISM_ONLY,NOT_DIGITIZED_IN_SUPPLIED_INDEX
TIRF-346,346,346,228,7.00-15LT,GY,Goodyear,Cushion Miler RV P,,B,Bias Ply,Appendix B OCR / direct row,TT,0,0,,,,0,0,0,DIRECT PRIMARY,OCR/transcribed from Volume II Appendix B; raw field strings retained,1976 Calspan/NHTSA passenger-tire corpus,MECHANISM_ONLY,NOT_DIGITIZED_IN_SUPPLIED_INDEX
TIRF-347,347,347,228,7.00-15LT,MI,Michelin,XC sIS,,R,Radial Ply,Appendix B OCR / direct row,,1,0,HIGH,7,269,1,0,1,DIRECT PRIMARY,OCR/transcribed from Volume II Appendix B; raw field strings retained,1976 Calspan/NHTSA passenger-tire corpus,MECHANISM_ONLY,NOT_DIGITIZED_IN_SUPPLIED_INDEX
TIRF-348,348,348,228,7.50-16LT,MI,Michelin,XC sIS,,R,Radial Ply,Appendix B OCR / direct row,TT,1,0,MEDIUM,7,277,2,1,1,DIRECT PRIMARY,OCR/transcribed from Volume II Appendix B; raw field strings retained,1976 Calspan/NHTSA passenger-tire corpus,MECHANISM_ONLY,NOT_DIGITIZED_IN_SUPPLIED_INDEX
TIRF-349,349,349,228,8.00-16.5,MI,Michelin,XCA sIs,,R,Radial Ply,Appendix B OCR / direct row,TL,1,0,MEDIUM,7,284,1,1,0,DIRECT PRIMARY,OCR/transcribed from Volume II Appendix B; raw field strings retained,1976 Calspan/NHTSA passenger-tire corpus,MECHANISM_ONLY,NOT_DIGITIZED_IN_SUPPLIED_INDEX
TIRF-353,353,353,228,GR78-15,DU,Dunlop,Experimental ZP+ZS/ZP,,R,Radial Ply,Appendix B OCR / direct row,,1,0,LOW,7,291,2,1,1,DIRECT PRIMARY,OCR/transcribed from Volume II Appendix B; raw field strings retained,1976 Calspan/NHTSA passenger-tire corpus,MECHANISM_ONLY,NOT_DIGITIZED_IN_SUPPLIED_INDEX
TIRF-354,354,354,228,GR78-15,DU,Dunlop,Experimental ZP+zs/ZP,,R,Radial Ply,Appendix B OCR / direct row,,1,0,MEDIUM,7,299,2,1,1,DIRECT PRIMARY,OCR/transcribed from Volume II Appendix B; raw field strings retained,1976 Calspan/NHTSA passenger-tire corpus,MECHANISM_ONLY,NOT_DIGITIZED_IN_SUPPLIED_INDEX
TIRF-355,355,355,228,GR78-15,DU,Dunlop,Experimental ZP+2s/ZP,,R,Radial Ply,Appendix B OCR / direct row,,0,0,,,,0,0,0,DIRECT PRIMARY,OCR/transcribed from Volume II Appendix B; raw field strings retained,1976 Calspan/NHTSA passenger-tire corpus,MECHANISM_ONLY,NOT_DIGITIZED_IN_SUPPLIED_INDEX
TIRF-356,356,356,228,GR78-1S,DU,Dunlop,Experimental 2P+2S/2P,,R,Radial Ply,Appendix B OCR / direct row,,1,0,MEDIUM,7,307,2,1,1,DIRECT PRIMARY,OCR/transcribed from Volume II Appendix B; raw field strings retained,1976 Calspan/NHTSA passenger-tire corpus,MECHANISM_ONLY,NOT_DIGITIZED_IN_SUPPLIED_INDEX
TIRF-357,357,357,228,GR78-15,DU,Dunlop,Experimental 2P+2S/2P,,R,Radial Ply,Appendix B OCR / direct row,,1,0,HIGH,7,315,2,1,1,DIRECT PRIMARY,OCR/transcribed from Volume II Appendix B; raw field strings retained,1976 Calspan/NHTSA passenger-tire corpus,MECHANISM_ONLY,NOT_DIGITIZED_IN_SUPPLIED_INDEX
TIRF-358,358,·358,228,GR78-15,DU,Dunlop,Experimental 2P+2S/2P,,R,Radial Ply,Appendix B OCR / direct row,,2,0,MEDIUM,7,323,3,2,1,DIRECT PRIMARY,OCR/transcribed from Volume II Appendix B; raw field strings retained,1976 Calspan/NHTSA passenger-tire corpus,MECHANISM_ONLY,NOT_DIGITIZED_IN_SUPPLIED_INDEX
TIRF-360,360,360,228,A78-13,DA,Dayton,Deluxe 78 4N,,B,Bias Ply,Appendix B OCR / direct row,,1,0,HIGH,7,339,2,1,1,DIRECT PRIMARY,OCR/transcribed from Volume II Appendix B; raw field strings retained,1976 Calspan/NHTSA passenger-tire corpus,MECHANISM_ONLY,NOT_DIGITIZED_IN_SUPPLIED_INDEX
TIRF-361,361,361,228,C78-13,DA,Dayton,Deluxe 78 4N,,B,Bias Ply,Appendix B OCR / direct row,,1,1,HIGH,7,347,2,1,1,DIRECT PRIMARY,OCR/transcribed from Volume II Appendix B; raw field strings retained,1976 Calspan/NHTSA passenger-tire corpus,MECHANISM_ONLY,NOT_DIGITIZED_IN_SUPPLIED_INDEX
TIRF-362,362,362,228,C78-14,DA,Dayton,Deluxe 78 4N,..,B,Bias Ply,Appendix B OCR / direct row,,9,0,HIGH,7,355,13,6,4,DIRECT PRIMARY,OCR/transcribed from Volume II Appendix B; raw field strings retained,1976 Calspan/NHTSA passenger-tire corpus,MECHANISM_ONLY,NOT_DIGITIZED_IN_SUPPLIED_INDEX
TIRF-363,363,363,228,", E78-14",DA,Dayton,Deluxe 78 4N,,B,Bias Ply,Appendix B OCR / direct row,,2,0,MEDIUM,7,426,3,2,1,DIRECT PRIMARY,OCR/transcribed from Volume II Appendix B; raw field strings retained,1976 Calspan/NHTSA passenger-tire corpus,MECHANISM_ONLY,NOT_DIGITIZED_IN_SUPPLIED_INDEX
TIRF-364,364,364,229,F78-14,DA,Dayton,78 4N,,B,Bias Ply,Appendix B OCR / direct row,,0,0,,,,0,0,0,DIRECT PRIMARY,OCR/transcribed from Volume II Appendix B; raw field strings retained,1976 Calspan/NHTSA passenger-tire corpus,MECHANISM_ONLY,NOT_DIGITIZED_IN_SUPPLIED_INDEX
TIRF-365,365,365,229,G78-14,DA,Dayton,78 4N,,B,Bias Ply,Appendix B OCR / direct row,,1,0,MEDIUM,7,442,1,1,0,DIRECT PRIMARY,OCR/transcribed from Volume II Appendix B; raw field strings retained,1976 Calspan/NHTSA passenger-tire corpus,MECHANISM_ONLY,NOT_DIGITIZED_IN_SUPPLIED_INDEX
TIRF-366,366,366,229,G78-15,DA,Dayton,78 4N,,B,Bias Ply,Appendix B OCR / direct row,,0,0,,,,0,0,0,DIRECT PRIMARY,OCR/transcribed from Volume II Appendix B; raw field strings retained,1976 Calspan/NHTSA passenger-tire corpus,MECHANISM_ONLY,NOT_DIGITIZED_IN_SUPPLIED_INDEX
TIRF-367,367,367,229,H78-15,DA,Dayton,78 4N,,B,Bias Ply,Appendix B OCR / direct row,,0,0,,,,0,0,0,DIRECT PRIMARY,OCR/transcribed from Volume II Appendix B; raw field strings retained,1976 Calspan/NHTSA passenger-tire corpus,MECHANISM_ONLY,NOT_DIGITIZED_IN_SUPPLIED_INDEX
TIRF-368,368,368,229,A78-13,DA,Dayton,78 4P,;B,B,Bias Ply,Appendix B OCR / direct row,-.,0,0,,,,0,0,0,DIRECT PRIMARY,OCR/transcribed from Volume II Appendix B; raw field strings retained,1976 Calspan/NHTSA passenger-tire corpus,MECHANISM_ONLY,NOT_DIGITIZED_IN_SUPPLIED_INDEX
TIRF-369,369,369,229,C78-13,DA,Dayton,78 4P,'·B,B,Bias Ply,Appendix B OCR / direct row,,0,0,,,,0,0,0,DIRECT PRIMARY,OCR/transcribed from Volume II Appendix B; raw field strings retained,1976 Calspan/NHTSA passenger-tire corpus,MECHANISM_ONLY,NOT_DIGITIZED_IN_SUPPLIED_INDEX
TIRF-370,370,370,229,C78-14,DA,Dayton,78 4P,,B,Bias Ply,Appendix B OCR / direct row,,1,0,LOW,7,450,2,2,0,DIRECT PRIMARY,OCR/transcribed from Volume II Appendix B; raw field strings retained,1976 Calspan/NHTSA passenger-tire corpus,MECHANISM_ONLY,NOT_DIGITIZED_IN_SUPPLIED_INDEX
TIRF-371,371,371,229,E78-14,DA,Dayton,78 4P,,B,Bias Ply,Appendix B OCR / direct row,,0,0,,,,0,0,0,DIRECT PRIMARY,OCR/transcribed from Volume II Appendix B; raw field strings retained,1976 Calspan/NHTSA passenger-tire corpus,MECHANISM_ONLY,NOT_DIGITIZED_IN_SUPPLIED_INDEX
TIRF-372,372,312,229,F78-14,DA,Dayton,78 4P,,B,Bias Ply,Appendix B OCR / direct row,,0,0,,,,0,0,0,DIRECT PRIMARY,OCR/transcribed from Volume II Appendix B; raw field strings retained,1976 Calspan/NHTSA passenger-tire corpus,MECHANISM_ONLY,NOT_DIGITIZED_IN_SUPPLIED_INDEX
TIRF-373,373,373,229,G78-14,DA,Dayton,78 4P,,B,Bias Ply,Appendix B OCR / direct row,,0,0,,,,0,0,0,DIRECT PRIMARY,OCR/transcribed from Volume II Appendix B; raw field strings retained,1976 Calspan/NHTSA passenger-tire corpus,MECHANISM_ONLY,NOT_DIGITIZED_IN_SUPPLIED_INDEX
TIRF-374,374,374,229,G78-15,DA,Dayton,78 4P,,B,Bias Ply,Appendix B OCR / direct row,,0,0,,,,0,0,0,DIRECT PRIMARY,OCR/transcribed from Volume II Appendix B; raw field strings retained,1976 Calspan/NHTSA passenger-tire corpus,MECHANISM_ONLY,NOT_DIGITIZED_IN_SUPPLIED_INDEX
TIRF-375,375,375,229,H78-15,DA,Dayton,78 4P,,B,Bias Ply,Appendix B OCR / direct row,,0,0,,,,0,0,0,DIRECT PRIMARY,OCR/transcribed from Volume II Appendix B; raw field strings retained,1976 Calspan/NHTSA passenger-tire corpus,MECHANISM_ONLY,NOT_DIGITIZED_IN_SUPPLIED_INDEX
TIRF-376,376,376,229,G78-15,DA,Dayton,78 ~N,,B,Bias Ply,Appendix B OCR / direct row,,1,0,LOW,7,465,1,0,0,DIRECT PRIMARY,OCR/transcribed from Volume II Appendix B; raw field strings retained,1976 Calspan/NHTSA passenger-tire corpus,MECHANISM_ONLY,NOT_DIGITIZED_IN_SUPPLIED_INDEX
TIRF-377,377,377,229,DR70-14,DA,Dayton,Radial XS 6R+lS/2R,,R,Radial Ply,Appendix B OCR / direct row,,1,0,MEDIUM,8,11,2,1,1,DIRECT PRIMARY,OCR/transcribed from Volume II Appendix B; raw field strings retained,1976 Calspan/NHTSA passenger-tire corpus,MECHANISM_ONLY,NOT_DIGITIZED_IN_SUPPLIED_INDEX
TIRF-378,378,378,229,A70-13,LE,Lee,4P,,B,Bias Ply,Appendix B OCR / direct row,,1,0,MEDIUM,8,19,2,1,1,DIRECT PRIMARY,OCR/transcribed from Volume II Appendix B; raw field strings retained,1976 Calspan/NHTSA passenger-tire corpus,MECHANISM_ONLY,NOT_DIGITIZED_IN_SUPPLIED_INDEX
TIRF-379,379,379,229,F70-14,LE,Lee,4P,,B,Bias Ply,Appendix B OCR / direct row,,1,0,MEDIUM,8,29,1,1,0,DIRECT PRIMARY,OCR/transcribed from Volume II Appendix B; raw field strings retained,1976 Calspan/NHTSA passenger-tire corpus,MECHANISM_ONLY,NOT_DIGITIZED_IN_SUPPLIED_INDEX
TIRF-380,380,380,229,G70-14,LE,Lee,4P,,B,Bias Ply,Appendix B OCR / direct row,,1,0,MEDIUM,8,37,1,1,0,DIRECT PRIMARY,OCR/transcribed from Volume II Appendix B; raw field strings retained,1976 Calspan/NHTSA passenger-tire corpus,MECHANISM_ONLY,NOT_DIGITIZED_IN_SUPPLIED_INDEX
TIRF-381,381,381,229,A70-13,GT,General Tire,4N,,B,Bias Ply,Appendix B OCR / direct row,,1,0,MEDIUM,8,45,2,1,1,DIRECT PRIMARY,OCR/transcribed from Volume II Appendix B; raw field strings retained,1976 Calspan/NHTSA passenger-tire corpus,MECHANISM_ONLY,NOT_DIGITIZED_IN_SUPPLIED_INDEX
TIRF-382,382,382,229,F70-14,GT,General Tire,70 4N,,B,Bias Ply,Appendix B OCR / direct row,,1,0,MEDIUM,8,53,2,1,1,DIRECT PRIMARY,OCR/transcribed from Volume II Appendix B; raw field strings retained,1976 Calspan/NHTSA passenger-tire corpus,MECHANISM_ONLY,NOT_DIGITIZED_IN_SUPPLIED_INDEX
TIRF-383,383,383,229,G70-14,GT,General Tire,4N,,B,Bias Ply,Appendix B OCR / direct row,,1,0,LOW,8,61,1,1,0,DIRECT PRIMARY,OCR/transcribed from Volume II Appendix B; raw field strings retained,1976 Calspan/NHTSA passenger-tire corpus,MECHANISM_ONLY,NOT_DIGITIZED_IN_SUPPLIED_INDEX
TIRF-385,385,385,229,6.00-13,FI,Firestone,Sport 2R,,R,Radial Ply,Appendix B OCR / direct row,,1,0,HIGH,8,69,2,1,1,DIRECT PRIMARY,OCR/transcribed from Volume II Appendix B; raw field strings retained,1976 Calspan/NHTSA passenger-tire corpus,MECHANISM_ONLY,NOT_DIGITIZED_IN_SUPPLIED_INDEX
TIRF-386,386,386,229,G78-14,FI,Firestone,Champion Sup-R-;Belt 2P+2F/2P,,BB,Bias Belted,Appendix B OCR / direct row,,0,0,,,,0,0,0,DIRECT PRIMARY,OCR/transcribed from Volume II Appendix B; raw field strings retained,1976 Calspan/NHTSA passenger-tire corpus,MECHANISM_ONLY,NOT_DIGITIZED_IN_SUPPLIED_INDEX
TIRF-387,387,387,230,G78-14,FI,Firestone,Deluxe Champion Sup-R-Belt,ZP+ZF/ZP,BB,Bias Belted,Appendix B OCR / direct row,,1,0,MEDIUM,8,77,2,1,1,DIRECT PRIMARY,OCR/transcribed from Volume II Appendix B; raw field strings retained,1976 Calspan/NHTSA passenger-tire corpus,MECHANISM_ONLY,NOT_DIGITIZED_IN_SUPPLIED_INDEX
TIRF-388,388,388,230,G78-14,FI,Firestone,Deluxe Champion Sup-R-Belt,ZP+ZF/ZP,BB,Bias Belted,Appendix B OCR / direct row,,4,0,HIGH,8,84,6,4,2,DIRECT PRIMARY,OCR/transcribed from Volume II Appendix B; raw field strings retained,1976 Calspan/NHTSA passenger-tire corpus,MECHANISM_ONLY,NOT_DIGITIZED_IN_SUPPLIED_INDEX
TIRF-392,392,392,230,GR78-14,FI,Firestone,Radial Deluxe Champion,6R/2R,R,Radial Ply,Appendix B OCR / direct row,,1,0,LOW,8,110,2,1,1,DIRECT PRIMARY,OCR/transcribed from Volume II Appendix B; raw field strings retained,1976 Calspan/NHTSA passenger-tire corpus,MECHANISM_ONLY,NOT_DIGITIZED_IN_SUPPLIED_INDEX
TIRF-393,393,393,230,GR78-14,FI,Firestone,Radial Deluxe Champion,6R/2R,R,Radial Ply,Appendix B OCR / direct row,,3,1,HIGH,8,116,6,3,3,DIRECT PRIMARY,OCR/transcribed from Volume II Appendix B; raw field strings retained,1976 Calspan/NHTSA passenger-tire corpus,MECHANISM_ONLY,NOT_DIGITIZED_IN_SUPPLIED_INDEX
TIRF-394,394,394,230,GR78-14,FI,Firestone,Radial Deluxe Champion,6R/2R,R,Radial Ply,Appendix B OCR / direct row,,2,1,HIGH,8,137,4,3,0,DIRECT PRIMARY,OCR/transcribed from Volume II Appendix B; raw field strings retained,1976 Calspan/NHTSA passenger-tire corpus,MECHANISM_ONLY,NOT_DIGITIZED_IN_SUPPLIED_INDEX
TIRF-398,398,398,230,GR70-14,GY,Goodyear,Powersteel Radial WT.,2Pf-4R+IS/2P,R,Radial Ply,Appendix B OCR / direct row,,1,0,MEDIUM,8,156,2,1,1,DIRECT PRIMARY,OCR/transcribed from Volume II Appendix B; raw field strings retained,1976 Calspan/NHTSA passenger-tire corpus,MECHANISM_ONLY,NOT_DIGITIZED_IN_SUPPLIED_INDEX
TIRF-400,400,400,230,GR70-14,GY,Goodyear,Powersteel Belt Radial WT,2P+4R+IS/ZP,R,Radial Ply,Appendix B OCR / direct row,,6,1,HIGH,8,164,6,5,1,DIRECT PRIMARY,OCR/transcribed from Volume II Appendix B; raw field strings retained,1976 Calspan/NHTSA passenger-tire corpus,MECHANISM_ONLY,NOT_DIGITIZED_IN_SUPPLIED_INDEX
TIRF-401,401,401,230,GR78-15,GY,Goodyear,Suburbanite Steel Belted Radial,ZP+ZS/ZP,R,Radial Ply,Appendix B OCR / direct row,Snow,5,4,HIGH,8,198,7,2,2,DIRECT PRIMARY,OCR/transcribed from Volume II Appendix B; raw field strings retained,1976 Calspan/NHTSA passenger-tire corpus,MECHANISM_ONLY,NOT_DIGITIZED_IN_SUPPLIED_INDEX
TIRF-402,402,402,230,GR78-15,GY,Goodyear,Suburbanite Steel Belted Radial,2P+ZS/ZP,R,Radial Ply,Appendix B OCR / direct row,Snow,1,1,HIGH,8,229,1,1,0,DIRECT PRIMARY,OCR/transcribed from Volume II Appendix B; raw field strings retained,1976 Calspan/NHTSA passenger-tire corpus,MECHANISM_ONLY,NOT_DIGITIZED_IN_SUPPLIED_INDEX
TIRF-403,403,403,230,GR78-15,GY,Goodyear,Suburbanite Steel Belted Radial,2P+2S/ZP,R,Radial Ply,Appendix B OCR / direct row,Snow,1,1,HIGH,8,236,2,1,1,DIRECT PRIMARY,OCR/transcribed from Volume II Appendix B; raw field strings retained,1976 Calspan/NHTSA passenger-tire corpus,MECHANISM_ONLY,NOT_DIGITIZED_IN_SUPPLIED_INDEX
TIRF-404,404,404,230,H78-15,GY,Goodyear,Custom Power Cushion,2P+2F/2P,BB,Bias Belted,Appendix B OCR / direct row,,1,1,HIGH,8,243,2,1,1,DIRECT PRIMARY,OCR/transcribed from Volume II Appendix B; raw field strings retained,1976 Calspan/NHTSA passenger-tire corpus,MECHANISM_ONLY,NOT_DIGITIZED_IN_SUPPLIED_INDEX
TIRF-405,405,405,230,H78-15,GY,Goodyear,Custom Power Cushion Polyglas,2P+2F/2P,BB,Bias Belted,Appendix B OCR / direct row,,1,1,HIGH,8,251,4,2,2,DIRECT PRIMARY,OCR/transcribed from Volume II Appendix B; raw field strings retained,1976 Calspan/NHTSA passenger-tire corpus,MECHANISM_ONLY,NOT_DIGITIZED_IN_SUPPLIED_INDEX
TIRF-406,406,406,230,H78-15,GY,Goodyear,Custom Power Cushion Polyglas,2P+ZF/ZP,BB,Bias Belted,Appendix B OCR / direct row,,1,0,MEDIUM,8,268,2,1,1,DIRECT PRIMARY,OCR/transcribed from Volume II Appendix B; raw field strings retained,1976 Calspan/NHTSA passenger-tire corpus,MECHANISM_ONLY,NOT_DIGITIZED_IN_SUPPLIED_INDEX
TIRF-407,407,407,230,H78-15,GY,Goodyear,Custom Power Cushion Polyglas,ZP+ZF/ZP,BB,Bias Belted,Appendix B OCR / direct row,,0,0,,,,0,0,0,DIRECT PRIMARY,OCR/transcribed from Volume II Appendix B; raw field strings retained,1976 Calspan/NHTSA passenger-tire corpus,MECHANISM_ONLY,NOT_DIGITIZED_IN_SUPPLIED_INDEX
TIRF-408,408,408,230,H78-15,GY,Goodyear,Custom Polysteel Belted·,4P+2S/4P,BB,Bias Belted,Appendix B OCR / direct row,,1,1,HIGH,8,276,2,1,1,DIRECT PRIMARY,OCR/transcribed from Volume II Appendix B; raw field strings retained,1976 Calspan/NHTSA passenger-tire corpus,MECHANISM_ONLY,NOT_DIGITIZED_IN_SUPPLIED_INDEX
TIRF-409,409,409,230,H78-15,GY,Goodyear,Custom Polysteel Belted,4P+ZS/4P,BB,Bias Belted,Appendix B OCR / direct row,,1,1,HIGH,8,284,1,1,0,DIRECT PRIMARY,OCR/transcribed from Volume II Appendix B; raw field strings retained,1976 Calspan/NHTSA passenger-tire corpus,MECHANISM_ONLY,NOT_DIGITIZED_IN_SUPPLIED_INDEX
TIRF-410,410,410,230,H78-15,GY,Goodyear,Custom Polysteel Belted,4P+2S/4P,BB,Bias Belted,Appendix B OCR / direct row,I,1,1,HIGH,8,292,1,1,0,DIRECT PRIMARY,OCR/transcribed from Volume II Appendix B; raw field strings retained,1976 Calspan/NHTSA passenger-tire corpus,MECHANISM_ONLY,NOT_DIGITIZED_IN_SUPPLIED_INDEX
TIRF-411,411,411,230,H78-15,GY,Goodyear,Custom Polysteel Belted,4P+ZS/4P,BB,Bias Belted,Appendix B OCR / direct row,,1,1,HIGH,8,300,2,1,1,DIRECT PRIMARY,OCR/transcribed from Volume II Appendix B; raw field strings retained,1976 Calspan/NHTSA passenger-tire corpus,MECHANISM_ONLY,NOT_DIGITIZED_IN_SUPPLIED_INDEX
TIRF-414,414,414,230,G78-14,DU,Dunlop,"Gold Seal ""78"" Sport",4P,B,Bias Ply,Appendix B OCR / direct row,,3,2,HIGH,8,308,6,3,3,DIRECT PRIMARY,OCR/transcribed from Volume II Appendix B; raw field strings retained,1976 Calspan/NHTSA passenger-tire corpus,MECHANISM_ONLY,NOT_DIGITIZED_IN_SUPPLIED_INDEX
TIRF-415,415,415,230,G78-l4,DU,Dunlop,"Gold Seal ""78"" Sport",4P,B,Bias Ply,Appendix B OCR / direct row,,1,1,HIGH,8,327,2,1,1,DIRECT PRIMARY,OCR/transcribed from Volume II Appendix B; raw field strings retained,1976 Calspan/NHTSA passenger-tire corpus,MECHANISM_ONLY,NOT_DIGITIZED_IN_SUPPLIED_INDEX
TIRF-417,417,417,230,G78-14,UN,Uniroyal,Fastrak Belted,2P+ZF/ZP,BB,Bias Belted,Appendix B OCR / direct row,,3,0,MEDIUM,8,334,6,3,3,DIRECT PRIMARY,OCR/transcribed from Volume II Appendix B; raw field strings retained,1976 Calspan/NHTSA passenger-tire corpus,MECHANISM_ONLY,NOT_DIGITIZED_IN_SUPPLIED_INDEX
TIRF-418,418,418,231,G78-15,UN,Uniroyal,Fastrak Belted,2P+2F/2P,BB,Bias Belted,Appendix B OCR / direct row,,1,1,HIGH,8,354,1,1,0,DIRECT PRIMARY,OCR/transcribed from Volume II Appendix B; raw field strings retained,1976 Calspan/NHTSA passenger-tire corpus,MECHANISM_ONLY,NOT_DIGITIZED_IN_SUPPLIED_INDEX
TIRF-419,419,419,231,A60-13,GT,General Tire,Grabber 60,4N,B,Bias Ply,Appendix B OCR / direct row,,1,0,MEDIUM,8,362,4,2,2,DIRECT PRIMARY,OCR/transcribed from Volume II Appendix B; raw field strings retained,1976 Calspan/NHTSA passenger-tire corpus,MECHANISM_ONLY,NOT_DIGITIZED_IN_SUPPLIED_INDEX
TIRF-420,420,420,231,F60-14,GT,General Tire,Grabber 60,4N,B,Bias Ply,Appendix B OCR / direct row,,0,0,,,,0,0,0,DIRECT PRIMARY,OCR/transcribed from Volume II Appendix B; raw field strings retained,1976 Calspan/NHTSA passenger-tire corpus,MECHANISM_ONLY,NOT_DIGITIZED_IN_SUPPLIED_INDEX
TIRF-421,421,421,231,G60-15,GT,General Tire,Grab ber 60,4N,B,Bias Ply,Appendix B OCR / direct row,,1,1,HIGH,8,378,2,1,1,DIRECT PRIMARY,OCR/transcribed from Volume II Appendix B; raw field strings retained,1976 Calspan/NHTSA passenger-tire corpus,MECHANISM_ONLY,NOT_DIGITIZED_IN_SUPPLIED_INDEX
TIRF-422,422,422,231,D70-14,LE,Lee,Manhandler,4P,B,Bias Ply,Appendix B OCR / direct row,,1,1,HIGH,8,386,2,1,1,DIRECT PRIMARY,OCR/transcribed from Volume II Appendix B; raw field strings retained,1976 Calspan/NHTSA passenger-tire corpus,MECHANISM_ONLY,NOT_DIGITIZED_IN_SUPPLIED_INDEX
TIRF-423,423,423,231,E70-14,LE,Lee,Manhandler,4P,B,Bias Ply,Appendix B OCR / direct row,,1,1,HIGH,8,394,2,1,1,DIRECT PRIMARY,OCR/transcribed from Volume II Appendix B; raw field strings retained,1976 Calspan/NHTSA passenger-tire corpus,MECHANISM_ONLY,NOT_DIGITIZED_IN_SUPPLIED_INDEX
TIRF-424,424,424,231,G70-15,LE,Lee,Manhandler,4P,B,Bias Ply,Appendix B OCR / direct row,,1,1,HIGH,8,402,1,1,0,DIRECT PRIMARY,OCR/transcribed from Volume II Appendix B; raw field strings retained,1976 Calspan/NHTSA passenger-tire corpus,MECHANISM_ONLY,NOT_DIGITIZED_IN_SUPPLIED_INDEX
TIRF-425,425,425,231,. H70-l5,LE,Lee,Manhandler,4P,B,Bias Ply,Appendix B OCR / direct row,,1,1,HIGH,8,410,2,0,1,DIRECT PRIMARY,OCR/transcribed from Volume II Appendix B; raw field strings retained,1976 Calspan/NHTSA passenger-tire corpus,MECHANISM_ONLY,NOT_DIGITIZED_IN_SUPPLIED_INDEX
TIRF-427,427,427,231,F60-15,DU,Dunlop,GT Qualifier,2P+2F/2P,BB,Bias Belted,Appendix B OCR / direct row,,1,0,MEDIUM,8,418,1,0,0,DIRECT PRIMARY,OCR/transcribed from Volume II Appendix B; raw field strings retained,1976 Calspan/NHTSA passenger-tire corpus,MECHANISM_ONLY,NOT_DIGITIZED_IN_SUPPLIED_INDEX
TIRF-429,429,429,231,155 SR12,MI,Michelin,ZX,1R+2S/lR,R,Radial Ply,Appendix B OCR / direct row,,1,1,HIGH,8,426,2,1,1,DIRECT PRIMARY,OCR/transcribed from Volume II Appendix B; raw field strings retained,1976 Calspan/NHTSA passenger-tire corpus,MECHANISM_ONLY,NOT_DIGITIZED_IN_SUPPLIED_INDEX
TIRF-430,430,430,231,145SR13,MI,Michelin,ZX,lR+2S/lR,R,Radial Ply,Appendix B OCR / direct row,,1,0,HIGH,8,434,1,1,0,DIRECT PRIMARY,OCR/transcribed from Volume II Appendix B; raw field strings retained,1976 Calspan/NHTSA passenger-tire corpus,MECHANISM_ONLY,NOT_DIGITIZED_IN_SUPPLIED_INDEX
TIRF-431,431,431,231,155SR14,MI,Michelin,ZX,1R+2S/1R,R,Radial Ply,Appendix B OCR / direct row,,1,0,HIGH,9,9,2,1,1,DIRECT PRIMARY,OCR/transcribed from Volume II Appendix B; raw field strings retained,1976 Calspan/NHTSA passenger-tire corpus,MECHANISM_ONLY,NOT_DIGITIZED_IN_SUPPLIED_INDEX
TIRF-432,432,432,231,BR60-13,BFG,BF Goodrich,Radial T/A,6R/2R,R,Radial Ply,Appendix B OCR / direct row,,1,1,HIGH,9,16,2,1,1,DIRECT PRIMARY,OCR/transcribed from Volume II Appendix B; raw field strings retained,1976 Calspan/NHTSA passenger-tire corpus,MECHANISM_ONLY,NOT_DIGITIZED_IN_SUPPLIED_INDEX
TIRF-435,435,435,231,BR78-15,BFG,BF Goodrich,Lifesaver Radial XL-100',6R/2R,R,Radial Ply,Appendix B OCR / direct row,,1,0,LOW,9,24,1,1,0,DIRECT PRIMARY,OCR/transcribed from Volume II Appendix B; raw field strings retained,1976 Calspan/NHTSA passenger-tire corpus,MECHANISM_ONLY,NOT_DIGITIZED_IN_SUPPLIED_INDEX
TIRF-438,438,438,231,7.10-15LT,FI,Firestone,Longhauler,N,B,Bias Ply,Appendix B OCR / direct row,TL,1,1,HIGH,9,32,2,1,1,DIRECT PRIMARY,OCR/transcribed from Volume II Appendix B; raw field strings retained,1976 Calspan/NHTSA passenger-tire corpus,MECHANISM_ONLY,NOT_DIGITIZED_IN_SUPPLIED_INDEX
TIRF-439,439,439,231,6.00-16LT,FI,Firestone,Transport 11 0,N,B,Bias Ply,Appendix B OCR / direct row,TT,1,0,MEDIUM,9,40,2,1,1,DIRECT PRIMARY,OCR/transcribed from Volume II Appendix B; raw field strings retained,1976 Calspan/NHTSA passenger-tire corpus,MECHANISM_ONLY,NOT_DIGITIZED_IN_SUPPLIED_INDEX
TIRF-440,440,440,231,7.00-14LT,FI,Firestone,Transport 110,N,B,Bias Ply,Appendix B OCR / direct row,TL I,1,1,HIGH,9,47,2,1,1,DIRECT PRIMARY,OCR/transcribed from Volume II Appendix B; raw field strings retained,1976 Calspan/NHTSA passenger-tire corpus,MECHANISM_ONLY,NOT_DIGITIZED_IN_SUPPLIED_INDEX
TIRF-442,442,442,231,l2-16.5LT,FI,Firestone,Transport Duplex,N,B,Bias Ply,Appendix B OCR / direct row,TL,1,1,HIGH,9,54,2,1,1,DIRECT PRIMARY,OCR/transcribed from Volume II Appendix B; raw field strings retained,1976 Calspan/NHTSA passenger-tire corpus,MECHANISM_ONLY,NOT_DIGITIZED_IN_SUPPLIED_INDEX
TIRF-446,446,446,231,6.00-12,GY,Goodyear,Mini Custom GS Polyester,2P,B,Bias Ply,Appendix B OCR / direct row,,1,1,HIGH,9,61,2,1,1,DIRECT PRIMARY,OCR/transcribed from Volume II Appendix B; raw field strings retained,1976 Calspan/NHTSA passenger-tire corpus,MECHANISM_ONLY,NOT_DIGITIZED_IN_SUPPLIED_INDEX
TIRF-447,447,447,231,6.00-15,GY,Goodyear,Mini Custom GS Polyester,4P,B,Bias Ply,Appendix B OCR / direct row,,1,1,HIGH,9,68,2,1,1,DIRECT PRIMARY,OCR/transcribed from Volume II Appendix B; raw field strings retained,1976 Calspan/NHTSA passenger-tire corpus,MECHANISM_ONLY,NOT_DIGITIZED_IN_SUPPLIED_INDEX
TIRF-448,448,448,231,F60-15,GY,Goodyear,Polyglas GT,2P+2F/2P..,BB,Bias Belted,Appendix B OCR / direct row,,1,0,MEDIUM,9,76,2,1,1,DIRECT PRIMARY,OCR/transcribed from Volume II Appendix B; raw field strings retained,1976 Calspan/NHTSA passenger-tire corpus,MECHANISM_ONLY,NOT_DIGITIZED_IN_SUPPLIED_INDEX
TIRF-449,449,449,231,H70-14,GY,Goodyear,Custom Wide Tread Polyglas,2P+2F/2P,BB,Bias Belted,Appendix B OCR / direct row,,1,1,HIGH,9,84,1,1,0,DIRECT PRIMARY,OCR/transcribed from Volume II Appendix B; raw field strings retained,1976 Calspan/NHTSA passenger-tire corpus,MECHANISM_ONLY,NOT_DIGITIZED_IN_SUPPLIED_INDEX
TIRF-450,450,450,231,B78-14,GY,Goodyear,Custom Power Cushion Polyg1as,2P+2F/2P,BB,Bias Belted,Appendix B OCR / direct row,,1,1,HIGH,9,92,2,0,1,DIRECT PRIMARY,OCR/transcribed from Volume II Appendix B; raw field strings retained,1976 Calspan/NHTSA passenger-tire corpus,MECHANISM_ONLY,NOT_DIGITIZED_IN_SUPPLIED_INDEX
TIRF-451,451,451,233,J78-14,GY,Goodyear,Custom Power Cushion Polygla. ZP+ZF/ZP,BB,BB,Bias Belted,Appendix B OCR / direct row,,1,1,HIGH,9,100,3,0,2,DIRECT PRIMARY,OCR/transcribed from Volume II Appendix B; raw field strings retained,1976 Calspan/NHTSA passenger-tire corpus,MECHANISM_ONLY,NOT_DIGITIZED_IN_SUPPLIED_INDEX
TIRF-453,453,453,233,G78-15LT,GY,Goodyear,Gla.guard N+F/N,BB,BB,Bias Belted,Appendix B OCR / direct row,.,0,0,,,,0,0,0,DIRECT PRIMARY,OCR/transcribed from Volume II Appendix B; raw field strings retained,1976 Calspan/NHTSA passenger-tire corpus,MECHANISM_ONLY,NOT_DIGITIZED_IN_SUPPLIED_INDEX
TIRF-458,458,458,233,- G78-14,FI,Firestone,Deluxe Champion SupeR-Belt ZP+ZF/ZP,BB,BB,Bias Belted,Appendix B OCR / direct row,,1,0,MEDIUM,9,116,2,1,1,DIRECT PRIMARY,OCR/transcribed from Volume II Appendix B; raw field strings retained,1976 Calspan/NHTSA passenger-tire corpus,MECHANISM_ONLY,NOT_DIGITIZED_IN_SUPPLIED_INDEX
TIRF-459,459,459,233,078-14,FI,Firestone,I Deluxe Champion SupeR-Belt ZP+ZF/ZP,BB,BB,Bias Belted,Appendix B OCR / direct row,,7,2,HIGH,9,123,13,5,7,DIRECT PRIMARY,OCR/transcribed from Volume II Appendix B; raw field strings retained,1976 Calspan/NHTSA passenger-tire corpus,MECHANISM_ONLY,NOT_DIGITIZED_IN_SUPPLIED_INDEX
TIRF-460,460,460,233,G78-14,FI,Firestone,Deluxe Champion SupeR-Belt ZP+ZF/ZP,.BB,BB,Bias Belted,Appendix B OCR / direct row,,5,0,HIGH,9,172,7,2,3,DIRECT PRIMARY,OCR/transcribed from Volume II Appendix B; raw field strings retained,1976 Calspan/NHTSA passenger-tire corpus,MECHANISM_ONLY,NOT_DIGITIZED_IN_SUPPLIED_INDEX
TIRF-479,479,479,233,OR78-14,GY,Goodyear,Suburbanite Steel Belted Radial ZP+ZS/ZP,R,R,Radial Ply,Appendix B OCR / direct row,,1,0,LOW,9,204,2,0,1,DIRECT PRIMARY,OCR/transcribed from Volume II Appendix B; raw field strings retained,1976 Calspan/NHTSA passenger-tire corpus,MECHANISM_ONLY,NOT_DIGITIZED_IN_SUPPLIED_INDEX
TIRF-480,480,480,233,GR78-14,GY,Goodyear,Suburbanite Steel Belted Radial ZP+ZS/ZP,R,R,Radial Ply,Appendix B OCR / direct row,,1,0,MEDIUM,9,210,1,1,0,DIRECT PRIMARY,OCR/transcribed from Volume II Appendix B; raw field strings retained,1976 Calspan/NHTSA passenger-tire corpus,MECHANISM_ONLY,NOT_DIGITIZED_IN_SUPPLIED_INDEX
TIRF-481,481,481,233,OR7I-14,GY,Goodyear,!Suburbanite Steel Belted Radial ZP+ZS/ZP,R,R,Radial Ply,Appendix B OCR / direct row,,2,0,MEDIUM,9,218,3,2,1,DIRECT PRIMARY,OCR/transcribed from Volume II Appendix B; raw field strings retained,1976 Calspan/NHTSA passenger-tire corpus,MECHANISM_ONLY,NOT_DIGITIZED_IN_SUPPLIED_INDEX
TIRF-482,482,•;482,233,OR78-14,GY,Goodyear,,,R,Radial Ply,Table 3-14 cross-index (Appendix B OCR blank),.,0,0,,,,0,0,0,DIRECT PRIMARY,OCR/transcribed from Volume II Appendix B; raw field strings retained,1976 Calspan/NHTSA passenger-tire corpus,MECHANISM_ONLY,NOT_DIGITIZED_IN_SUPPLIED_INDEX
TIRF-483,483,483,233,OR78-14,GY,Goodyear,~uburbanite Steel Belted Radial ZP+ZS/ZP,R,R,Radial Ply,Appendix B OCR / direct row,,2,0,MEDIUM,9,234,4,2,2,DIRECT PRIMARY,OCR/transcribed from Volume II Appendix B; raw field strings retained,1976 Calspan/NHTSA passenger-tire corpus,MECHANISM_ONLY,NOT_DIGITIZED_IN_SUPPLIED_INDEX
TIRF-484,484,484,233,GR70-15,UN,Uniroyal,PR6 ZP+ZS/ZP,", R",R,Radial Ply,Appendix B OCR / direct row,,1,0,LOW,9,250,1,1,0,DIRECT PRIMARY,OCR/transcribed from Volume II Appendix B; raw field strings retained,1976 Calspan/NHTSA passenger-tire corpus,MECHANISM_ONLY,NOT_DIGITIZED_IN_SUPPLIED_INDEX
TIRF-485,485,485,233,FR78-15,GY,Goodyear,~teel Belted Radial ZP+ZS/ZP,R,R,Radial Ply,Appendix B OCR / direct row,,0,0,,,,0,0,0,DIRECT PRIMARY,OCR/transcribed from Volume II Appendix B; raw field strings retained,1976 Calspan/NHTSA passenger-tire corpus,MECHANISM_ONLY,NOT_DIGITIZED_IN_SUPPLIED_INDEX
TIRF-486,486,486,233,OR70-15,CO,Cooper,Steel Belted Radial ZP+ZS/ZP,R,R,Radial Ply,Appendix B OCR / direct row,,0,0,,,,0,0,0,DIRECT PRIMARY,OCR/transcribed from Volume II Appendix B; raw field strings retained,1976 Calspan/NHTSA passenger-tire corpus,MECHANISM_ONLY,NOT_DIGITIZED_IN_SUPPLIED_INDEX
TIRF-487,487,487,233,LR78-15,CO,Cooper,Isteel Belted Radial . ZP+ZS+I.N/ZP,R,R,Radial Ply,Appendix B OCR / direct row,,1,0,LOW,9,258,2,1,1,DIRECT PRIMARY,OCR/transcribed from Volume II Appendix B; raw field strings retained,1976 Calspan/NHTSA passenger-tire corpus,MECHANISM_ONLY,NOT_DIGITIZED_IN_SUPPLIED_INDEX
TIRF-488,488,488,233,JR78-15,GY,Goodyear,Isteel Belted Radlal ZP+ZS/ZP,R,R,Radial Ply,Appendix B OCR / direct row,,2,0,MEDIUM,9,266,5,3,2,DIRECT PRIMARY,OCR/transcribed from Volume II Appendix B; raw field strings retained,1976 Calspan/NHTSA passenger-tire corpus,MECHANISM_ONLY,NOT_DIGITIZED_IN_SUPPLIED_INDEX
TIRF-489,489,489,233,FR78-14,GY,Goodyear,Steel Belted Radial ZP+ZS+IN,/ZP R,R,Radial Ply,Appendix B OCR / direct row,I,1,0,LOW,9,290,2,1,1,DIRECT PRIMARY,OCR/transcribed from Volume II Appendix B; raw field strings retained,1976 Calspan/NHTSA passenger-tire corpus,MECHANISM_ONLY,NOT_DIGITIZED_IN_SUPPLIED_INDEX
TIRF-490,490,490,233,HR78-15,UN,Uniroyal,Isteel Belted Radial ZP+ZS+ZN,/ZP R,R,Radial Ply,Appendix B OCR / direct row,.,1,0,LOW,9,298,1,1,0,DIRECT PRIMARY,OCR/transcribed from Volume II Appendix B; raw field strings retained,1976 Calspan/NHTSA passenger-tire corpus,MECHANISM_ONLY,NOT_DIGITIZED_IN_SUPPLIED_INDEX
TIRF-491,491,491,233,HR70-15,UN,Uniroyal,Steel Belted Radial ZP+ZS+ZN/2P,R,R,Radial Ply,Appendix B OCR / direct row,,1,0,MEDIUM,9,306,2,1,1,DIRECT PRIMARY,OCR/transcribed from Volume II Appendix B; raw field strings retained,1976 Calspan/NHTSA passenger-tire corpus,MECHANISM_ONLY,NOT_DIGITIZED_IN_SUPPLIED_INDEX
TIRF-492,492,492,233,GR78-15,UN,Uniroyal,Isteel Belted Radial ZP+ZS+ZN,/2P R,R,Radial Ply,Appendix B OCR / direct row,,1,1,HIGH,9,314,2,1,1,DIRECT PRIMARY,OCR/transcribed from Volume II Appendix B; raw field strings retained,1976 Calspan/NHTSA passenger-tire corpus,MECHANISM_ONLY,NOT_DIGITIZED_IN_SUPPLIED_INDEX
TIRF-493,493,493,235,G78-14,GY,Goodyear,Custom Power Cushion Polyglas 2P+2F/ZP,,BB,Bias Belted,Appendix B OCR / direct row,Correlation tests .,0,0,,,,0,0,0,DIRECT PRIMARY,OCR/transcribed from Volume II Appendix B; raw field strings retained,1976 Calspan/NHTSA passenger-tire corpus,MECHANISM_ONLY,NOT_DIGITIZED_IN_SUPPLIED_INDEX
TIRF-494,494,494,235,GR78-14,GY,Goodyear,Custom Steelgard Radial 2P+2S+IN,12P,R,Radial Ply,Appendix B OCR / direct row,Correlation test.,0,0,,,,0,0,0,DIRECT PRIMARY,OCR/transcribed from Volume II Appendix B; raw field strings retained,1976 Calspan/NHTSA passenger-tire corpus,MECHANISM_ONLY,NOT_DIGITIZED_IN_SUPPLIED_INDEX
TIRF-495,495,495,235,G78-14,GY,Goodyear,Powe r Streak 78 4P,,R,Radial Ply,Appendix B OCR / direct row,Correlation .. test.,0,0,,,,0,0,0,DIRECT PRIMARY,OCR/transcribed from Volume II Appendix B; raw field strings retained,1976 Calspan/NHTSA passenger-tire corpus,MECHANISM_ONLY,NOT_DIGITIZED_IN_SUPPLIED_INDEX
TIRF-496,496,496,235,G78-14,GY,Goodyear,Power Streak 78 4P,,B,Bias Ply,Appendix B OCR / direct row,Correlation tests,0,0,,,,0,0,0,DIRECT PRIMARY,OCR/transcribed from Volume II Appendix B; raw field strings retained,1976 Calspan/NHTSA passenger-tire corpus,MECHANISM_ONLY,NOT_DIGITIZED_IN_SUPPLIED_INDEX
TIRF-619,619,l>19,235,7.50-16 LT,GY,Goodyear,Custom Hi Miler N,,B,Bias Ply,Appendix B OCR / direct row,TT,1,1,HIGH,9,322,2,1,1,DIRECT PRIMARY,OCR/transcribed from Volume II Appendix B; raw field strings retained,1976 Calspan/NHTSA passenger-tire corpus,MECHANISM_ONLY,NOT_DIGITIZED_IN_SUPPLIED_INDEX
TIRF-620,620,620,235,7.50-16 LT,GY,Goodyear,Custom Hi Miler N,,B,Bias Ply,Appendix B OCR / direct row,TT .,1,0,MEDIUM,9,328,2,1,1,DIRECT PRIMARY,OCR/transcribed from Volume II Appendix B; raw field strings retained,1976 Calspan/NHTSA passenger-tire corpus,MECHANISM_ONLY,NOT_DIGITIZED_IN_SUPPLIED_INDEX
TIRF-621,621,621,235,7.50R16LT,GY,Goodyear,Custom Flexsteel LT pIS,,R,Radial Ply,Appendix B OCR / direct row,TT .,1,0,HIGH,9,334,6,2,2,DIRECT PRIMARY,OCR/transcribed from Volume II Appendix B; raw field strings retained,1976 Calspan/NHTSA passenger-tire corpus,MECHANISM_ONLY,NOT_DIGITIZED_IN_SUPPLIED_INDEX
TIRF-622,622,62Z,235,7.00-15 LT,GY,Goodyear,Custom Hi Miler N,,B,Bias Ply,Appendix B OCR / direct row,TT,0,0,,,,0,0,0,DIRECT PRIMARY,OCR/transcribed from Volume II Appendix B; raw field strings retained,1976 Calspan/NHTSA passenger-tire corpus,MECHANISM_ONLY,NOT_DIGITIZED_IN_SUPPLIED_INDEX
