weakness,subjectPeriodStart,subjectPeriodEnd,historicalClass,supplier,documentType,activeTargetCount
"W01_PRESSURE_TEMP_SETUP","1950","1959","Sports racing / prototypes — 1950-1963","Avon","supplier technical document","5"
"W01_PRESSURE_TEMP_SETUP","1950","1959","Sports racing / prototypes — 1950-1963","Firestone","supplier technical document","4"
"W01_PRESSURE_TEMP_SETUP","1950","1959","Sports racing / prototypes — 1950-1963","Pirelli","setup book / test sheet","4"
"W01_PRESSURE_TEMP_SETUP","1950","1959","Sports racing / prototypes — 1950-1963","Bridgestone/other","setup book / test sheet","4"
"W03_FM_STIFFNESS_TRANSIENT","1977","1981","Group 4 Special GT — 1970-1981","Bridgestone/other","supplier technical paper","4"
"W04_WET_INTERMEDIATE","1950","1959","Sports racing / prototypes — 1950-1963","Avon","period race report / technical feature","4"
"W01_PRESSURE_TEMP_SETUP","1950","1959","Sports racing / prototypes — 1950-1963","Firestone","peer-reviewed paper","3"
"W01_PRESSURE_TEMP_SETUP","1950","1959","Sports racing / prototypes — 1950-1963","Dunlop","technical paper","3"
"W01_PRESSURE_TEMP_SETUP","1950","1959","Sports racing / prototypes — 1950-1963","Michelin","setup book / test sheet","3"
"W01_PRESSURE_TEMP_SETUP","1960","1963","Sports racing / prototypes — 1950-1963","Pirelli","setup book / test sheet","3"
"W01_PRESSURE_TEMP_SETUP","1966","1969","GT40-era endurance","Goodyear","setup book / test sheet","3"
"W01_PRESSURE_TEMP_SETUP","1950","1959","Sports racing / prototypes — 1950-1963","Goodyear","period technical/race article","3"
"W01_PRESSURE_TEMP_SETUP","1992","1996","Historic Racing Reference","Firestone","supplier technical document","3"
"W01_PRESSURE_TEMP_SETUP","1950","1959","Sports racing / prototypes — 1950-1963","Michelin","supplier technical document","3"
"W01_PRESSURE_TEMP_SETUP","1950","1959","Sports racing / prototypes — 1950-1963","Bridgestone/other","supplier technical document","3"
"W01_PRESSURE_TEMP_SETUP","2002","1969","Group 2 / ETCC — 1963-1969","Goodyear","supplier technical document","3"
"W01_PRESSURE_TEMP_SETUP","1960","1965","US GT / sports racing — pre-IMSA GT","Avon","setup book / test sheet","3"
"W01_PRESSURE_TEMP_SETUP","1987","1974","Can-Am — original","Bridgestone/other","supplier technical document","3"
"W01_PRESSURE_TEMP_SETUP","1993","1996","Le Mans Prototype transition","Goodyear","setup book / test sheet","3"
"W01_PRESSURE_TEMP_SETUP","1960","1963","Sports racing / prototypes — 1950-1963","Bridgestone/other","setup book / test sheet","3"
"W01_PRESSURE_TEMP_SETUP","1950","1959","Sports racing / prototypes — 1950-1963","Goodyear","supplier technical document","3"
"W01_PRESSURE_TEMP_SETUP","2002","2010","General Racing Tire","Dunlop","setup book / test sheet","3"
"W01_PRESSURE_TEMP_SETUP","1987","1991","Historic Racing Reference","Avon","setup book / test sheet","3"
"W01_PRESSURE_TEMP_SETUP","1966","1971","General Tire Mechanics","Dunlop","setup book / test sheet","3"
"W01_PRESSURE_TEMP_SETUP","1972","1976","Group 4 Special GT — 1970-1981","Avon","supplier technical document","3"
"W01_PRESSURE_TEMP_SETUP","1950","1959","Sports racing / prototypes — 1950-1963","Dunlop","supplier technical document","3"
"W02_WEAR_LIFE_GRIP","1950","1959","Sports racing / prototypes — 1950-1963","Pirelli","supplier racing document","3"
"W02_WEAR_LIFE_GRIP","1950","1959","Sports racing / prototypes — 1950-1963","Michelin","supplier racing document","3"
"W02_WEAR_LIFE_GRIP","1960","1963","Sports racing / prototypes — 1950-1963","Bridgestone/other","government technical report","3"
"W02_WEAR_LIFE_GRIP","1960","1963","Sports racing / prototypes — 1950-1963","Avon","government technical report","3"
"W03_FM_STIFFNESS_TRANSIENT","1972","1976","Group 4 Special GT — 1970-1981","Bridgestone/other","technical paper","3"
"W03_FM_STIFFNESS_TRANSIENT","1966","1971","Sports racing / prototypes — 1964-1971","Firestone","supplier technical paper","3"
"W03_FM_STIFFNESS_TRANSIENT","1982","1986","Group C","Goodyear","thesis/dissertation","3"
"W03_FM_STIFFNESS_TRANSIENT","1977","1981","Group 4 Special GT — 1970-1981","Pirelli","government technical report","3"
"W03_FM_STIFFNESS_TRANSIENT","1972","1976","Group 4 Special GT — 1970-1981","Michelin","technical paper","3"
"W03_FM_STIFFNESS_TRANSIENT","1972","1976","Group 4 Special GT — 1970-1981","Firestone","technical paper","3"
"W03_FM_STIFFNESS_TRANSIENT","1966","1971","Sports racing / prototypes — 1964-1971","Bridgestone/other","technical paper","3"
"W04_WET_INTERMEDIATE","1960","1963","Sports racing / prototypes — 1950-1963","Firestone","technical paper","3"
"W04_WET_INTERMEDIATE","1960","1963","Sports racing / prototypes — 1950-1963","Goodyear","technical paper","3"
"W05_CONSTRUCTION_MATERIALS","1972","1976","Group 4 Special GT — 1970-1981","Bridgestone/other","patent","3"
"W05_CONSTRUCTION_MATERIALS","1966","1971","Sports racing / prototypes — 1964-1971","Firestone","government monograph","3"
"W05_CONSTRUCTION_MATERIALS","1972","1976","Group 4 Special GT — 1970-1981","Michelin","patent","3"
"W05_CONSTRUCTION_MATERIALS","1977","1981","Group 4 Special GT — 1970-1981","Bridgestone/other","government monograph","3"
"W07_FITMENT_GEOMETRY_REGS","1972","1976","Group 4 Special GT — 1970-1981","Bridgestone/other","supplier racing catalog","3"
"W10_RR_HYSTERESIS_THERMAL","1977","1981","Group 4 Special GT — 1970-1981","Goodyear","government technical report","3"
"W10_RR_HYSTERESIS_THERMAL","1977","1981","Group 4 Special GT — 1970-1981","Dunlop","government technical report","3"
"W01_PRESSURE_TEMP_SETUP","1972","1976","Formula 1 — 3-litre/cross-ply-to-radial transition","Dunlop","period race report / technical feature","2"
"W01_PRESSURE_TEMP_SETUP","1992","1996","General Racing Tire","Michelin","period race report / technical feature","2"
"W01_PRESSURE_TEMP_SETUP","1966","1971","Sports racing / prototypes — 1964-1971","Dunlop","supplier technical document","2"
"W01_PRESSURE_TEMP_SETUP","1977","1981","Formula 1 — 3-litre/cross-ply-to-radial transition","Firestone","setup book / test sheet","2"
"W01_PRESSURE_TEMP_SETUP","1960","1963","Sports racing / prototypes — 1950-1963","Dunlop","technical paper","2"
"W01_PRESSURE_TEMP_SETUP","1966","1971","Sports racing / prototypes — 1964-1971","Michelin","peer-reviewed paper","2"
"W01_PRESSURE_TEMP_SETUP","1982","1986","Group C","Dunlop","supplier technical document","2"
"W01_PRESSURE_TEMP_SETUP","2002","2010","World Rally Championship — 2002-2010","Michelin","supplier technical document","2"
"W01_PRESSURE_TEMP_SETUP","1987","1991","Formula 1 — turbo/radial slick era","Goodyear","period race report / technical feature","2"
"W01_PRESSURE_TEMP_SETUP","1972","1975","Group 2 / ETCC — 1970-1975","Bridgestone/other","period technical/race article","2"
"W01_PRESSURE_TEMP_SETUP","1950","1959","General Tire Mechanics","Pirelli","period race report / technical feature","2"
"W01_PRESSURE_TEMP_SETUP","1972","1976","USAC Championship Car / Indianapolis","Dunlop","setup book / test sheet","2"
"W01_PRESSURE_TEMP_SETUP","1950","1959","Sports racing / prototypes — 1950-1963","Bridgestone/other","period race report / technical feature","2"
"W01_PRESSURE_TEMP_SETUP","1992","1996","International Formula 3000","Pirelli","setup book / test sheet","2"
"W01_PRESSURE_TEMP_SETUP","1977","1981","Group 2 / ETCC — 1976-1981","Firestone","technical paper","2"
"W01_PRESSURE_TEMP_SETUP","1960","1965","General Tire Mechanics","Dunlop","setup book / test sheet","2"
"W01_PRESSURE_TEMP_SETUP","1960","1963","Sports racing / prototypes — 1950-1963","Goodyear","setup book / test sheet","2"
"W01_PRESSURE_TEMP_SETUP","1997","2001","International Formula 3000","Bridgestone/other","supplier technical document","2"
"W01_PRESSURE_TEMP_SETUP","1977","1981","Trans-Am — 1973-1981","Bridgestone/other","setup book / test sheet","2"
"W01_PRESSURE_TEMP_SETUP","1958","1959","Formula Junior","Avon","setup book / test sheet","2"
"W01_PRESSURE_TEMP_SETUP","1992","1996","World Rally Championship — 1987-2001","Michelin","technical paper","2"
"W01_PRESSURE_TEMP_SETUP","1960","1963","Sports racing / prototypes — 1950-1963","Bridgestone/other","technical paper","2"
"W01_PRESSURE_TEMP_SETUP","1960","1963","Formula Junior","Goodyear","supplier technical document","2"
"W01_PRESSURE_TEMP_SETUP","1997","2001","World Rally Championship — 1987-2001","Bridgestone/other","peer-reviewed paper","2"
"W01_PRESSURE_TEMP_SETUP","1982","1986","Formula 1 — turbo/radial slick era","Pirelli","supplier technical document","2"
"W01_PRESSURE_TEMP_SETUP","1966","1971","Sports racing / prototypes — 1964-1971","Firestone","peer-reviewed paper","2"
"W01_PRESSURE_TEMP_SETUP","1966","1970","Formula 3 — 1964-1970","Michelin","period race report / technical feature","2"
"W01_PRESSURE_TEMP_SETUP","1987","1991","Formula 1 — turbo/radial slick era","Dunlop","period race report / technical feature","2"
"W01_PRESSURE_TEMP_SETUP","1992","1996","NASCAR stock car — 1992-2010","Goodyear","setup book / test sheet","2"
"W01_PRESSURE_TEMP_SETUP","1982","1986","Can-Am — revival","Dunlop","setup book / test sheet","2"
"W01_PRESSURE_TEMP_SETUP","1950","1959","Sports racing / prototypes — 1950-1963","Pirelli","technical paper","2"
"W01_PRESSURE_TEMP_SETUP","1950","1959","Sports racing / prototypes — 1950-1963","Bridgestone/other","technical paper","2"
"W01_PRESSURE_TEMP_SETUP","1979","1981","CART / Indy-car","Firestone","supplier technical document","2"
"W01_PRESSURE_TEMP_SETUP","1960","1963","Sports racing / prototypes — 1950-1963","Dunlop","peer-reviewed paper","2"
"W01_PRESSURE_TEMP_SETUP","1987","1991","Historic Racing Reference","Pirelli","supplier technical document","2"
"W01_PRESSURE_TEMP_SETUP","1977","1981","Japanese GT / touring — pre-JGTC","Pirelli","supplier technical document","2"
"W01_PRESSURE_TEMP_SETUP","1982","1986","CART / Indy-car","Avon","period race report / technical feature","2"
"W01_PRESSURE_TEMP_SETUP","2002","2004","International Formula 3000","Goodyear","period race report / technical feature","2"
"W01_PRESSURE_TEMP_SETUP","1987","1991","CART / Indy-car","Dunlop","setup book / test sheet","2"
"W01_PRESSURE_TEMP_SETUP","1972","1976","Group 4 Special GT — 1970-1981","Bridgestone/other","technical paper","2"
"W01_PRESSURE_TEMP_SETUP","1958","1959","Formula Junior","Pirelli","setup book / test sheet","2"
"W01_PRESSURE_TEMP_SETUP","1960","1963","Sports racing / prototypes — 1950-1963","Avon","technical paper","2"
"W01_PRESSURE_TEMP_SETUP","1982","1986","Formula 1 — turbo/radial slick era","Firestone","supplier technical document","2"
"W01_PRESSURE_TEMP_SETUP","1966","1971","Sports racing / prototypes — 1964-1971","Goodyear","peer-reviewed paper","2"
"W01_PRESSURE_TEMP_SETUP","2002","2010","General Racing Tire","Bridgestone/other","supplier technical document","2"
"W01_PRESSURE_TEMP_SETUP","1972","1976","Historic Racing Reference","Firestone","supplier technical document","2"
"W01_PRESSURE_TEMP_SETUP","1950","1959","Sports racing / prototypes — 1950-1963","Dunlop","peer-reviewed paper","2"
"W01_PRESSURE_TEMP_SETUP","1993","1996","Le Mans Prototype transition","Avon","supplier technical document","2"
"W01_PRESSURE_TEMP_SETUP","1982","1986","Group C","Pirelli","setup book / test sheet","2"
"W01_PRESSURE_TEMP_SETUP","1992","1996","NASCAR stock car — 1992-2010","Bridgestone/other","setup book / test sheet","2"
"W01_PRESSURE_TEMP_SETUP","1982","1986","Can-Am — revival","Bridgestone/other","setup book / test sheet","2"
"W01_PRESSURE_TEMP_SETUP","2002","2010","Historic Racing Reference","Firestone","setup book / test sheet","2"
"W01_PRESSURE_TEMP_SETUP","1987","1991","Group C","Dunlop","technical paper","2"
"W01_PRESSURE_TEMP_SETUP","1972","1976","USAC Championship Car / Indianapolis","Avon","setup book / test sheet","2"
"W01_PRESSURE_TEMP_SETUP","1950","1959","Sports racing / prototypes — 1950-1963","Michelin","technical paper","2"
"W01_PRESSURE_TEMP_SETUP","1994","1996","IMSA GT/GTS — 1994-2001","Michelin","peer-reviewed paper","2"
"W01_PRESSURE_TEMP_SETUP","1979","1981","CART / Indy-car","Goodyear","supplier technical document","2"
"W01_PRESSURE_TEMP_SETUP","1960","1965","Historic Racing Reference","Dunlop","period race report / technical feature","2"
"W01_PRESSURE_TEMP_SETUP","1977","1981","Trans-Am — 1973-1981","Pirelli","setup book / test sheet","2"
"W01_PRESSURE_TEMP_SETUP","1960","1963","Sports racing / prototypes — 1950-1963","Michelin","technical paper","2"
"W01_PRESSURE_TEMP_SETUP","1972","1976","Sports racing / prototypes — 1972-1981","Bridgestone/other","supplier technical document","2"
"W01_PRESSURE_TEMP_SETUP","1950","1959","US GT / sports racing — pre-IMSA GT","Pirelli","peer-reviewed paper","2"
"W01_PRESSURE_TEMP_SETUP","1950","1959","Sports racing / prototypes — 1950-1963","Avon","peer-reviewed paper","2"
"W01_PRESSURE_TEMP_SETUP","1977","1981","Can-Am — revival","Firestone","period race report / technical feature","2"
"W01_PRESSURE_TEMP_SETUP","1960","1965","US GT / sports racing — pre-IMSA GT","Dunlop","period technical/race article","2"
"W01_PRESSURE_TEMP_SETUP","1997","2001","Historic Racing Reference","Avon","period race report / technical feature","2"
"W01_PRESSURE_TEMP_SETUP","1960","1963","Sports racing / prototypes — 1950-1963","Goodyear","supplier technical document","2"
"W01_PRESSURE_TEMP_SETUP","1982","1986","Can-Am — revival","Pirelli","setup book / test sheet","2"
"W01_PRESSURE_TEMP_SETUP","1950","1959","Sports racing / prototypes — 1950-1963","Firestone","technical paper","2"
"W01_PRESSURE_TEMP_SETUP","1979","1981","CART / Indy-car","Bridgestone/other","supplier technical document","2"
"W01_PRESSURE_TEMP_SETUP","1960","1963","Sports racing / prototypes — 1950-1963","Pirelli","peer-reviewed paper","2"
"W01_PRESSURE_TEMP_SETUP","1966","1971","General Tire Mechanics","Bridgestone/other","supplier technical document","2"
"W01_PRESSURE_TEMP_SETUP","1950","1959","Club single-seater — pre-Formula Ford","Avon","supplier technical document","2"
"W01_PRESSURE_TEMP_SETUP","1993","1996","Group A / production touring — 1993-2001","Michelin","period race report / technical feature","2"
"W01_PRESSURE_TEMP_SETUP","1977","1981","Japanese GT / touring — pre-JGTC","Goodyear","setup book / test sheet","2"
"W01_PRESSURE_TEMP_SETUP","1997","2001","IMSA GT/GTS — 1994-2001","Pirelli","setup book / test sheet","2"
"W01_PRESSURE_TEMP_SETUP","1977","1981","Trans-Am — 1973-1981","Michelin","setup book / test sheet","2"
"W01_PRESSURE_TEMP_SETUP","1997","2001","Group A / production touring — 1993-2001","Bridgestone/other","setup book / test sheet","2"
"W01_PRESSURE_TEMP_SETUP","1982","1986","Japanese GT / touring — pre-JGTC","Pirelli","technical paper","2"
"W01_PRESSURE_TEMP_SETUP","1966","1971","Sports racing / prototypes — 1964-1971","Firestone","setup book / test sheet","2"
"W01_PRESSURE_TEMP_SETUP","1960","1963","Sports racing / prototypes — 1950-1963","Firestone","technical paper","2"
"W01_PRESSURE_TEMP_SETUP","1972","1976","Sports racing / prototypes — 1972-1981","Avon","supplier technical document","2"
"W01_PRESSURE_TEMP_SETUP","1992","1996","Historic Racing Reference","Goodyear","supplier technical document","2"
"W01_PRESSURE_TEMP_SETUP","1960","1963","Formula Junior","Pirelli","supplier technical document","2"
"W01_PRESSURE_TEMP_SETUP","1966","1971","Sports racing / prototypes — 1964-1971","Avon","peer-reviewed paper","2"
"W01_PRESSURE_TEMP_SETUP","1982","1986","Group C","Goodyear","setup book / test sheet","2"
"W01_PRESSURE_TEMP_SETUP","1972","1975","Group 2 / ETCC — 1970-1975","Goodyear","setup book / test sheet","2"
"W01_PRESSURE_TEMP_SETUP","1960","1963","Sports racing / prototypes — 1950-1963","Dunlop","setup book / test sheet","2"
"W01_PRESSURE_TEMP_SETUP","1966","1969","Group 4 Sports Cars — 1966-1969","Michelin","supplier technical document","2"
"W01_PRESSURE_TEMP_SETUP","2004","2010","LMP1 / LMP2","Goodyear","peer-reviewed paper","2"
"W01_PRESSURE_TEMP_SETUP","1972","1976","IMSA GT — 1971-1981","Avon","period race report / technical feature","2"
"W01_PRESSURE_TEMP_SETUP","1950","1959","Club single-seater — pre-Formula Ford","Pirelli","supplier technical document","2"
"W01_PRESSURE_TEMP_SETUP","1993","1996","Group A / production touring — 1993-2001","Firestone","period race report / technical feature","2"
"W01_PRESSURE_TEMP_SETUP","2002","1969","Group 2 / ETCC — 1963-1969","Dunlop","supplier technical document","2"
"W01_PRESSURE_TEMP_SETUP","1992","1996","Historic Racing Reference","Bridgestone/other","supplier technical document","2"
"W01_PRESSURE_TEMP_SETUP","1960","1963","Formula Junior","Firestone","supplier technical document","2"
"W01_PRESSURE_TEMP_SETUP","1966","1971","Sports racing / prototypes — 1964-1971","Pirelli","peer-reviewed paper","2"
"W01_PRESSURE_TEMP_SETUP","1987","1991","Trans-Am — 1982-2001","Dunlop","period race report / technical feature","2"
"W01_PRESSURE_TEMP_SETUP","1950","1959","Sports racing / prototypes — 1950-1963","Michelin","period race report / technical feature","2"
"W01_PRESSURE_TEMP_SETUP","1992","1996","NASCAR stock car — 1992-2010","Michelin","setup book / test sheet","2"
"W01_PRESSURE_TEMP_SETUP","1977","1981","Historic Racing Reference","Goodyear","technical paper","2"
"W01_PRESSURE_TEMP_SETUP","1997","2001","NASCAR stock car — 1992-2010","Avon","supplier technical document","2"
"W01_PRESSURE_TEMP_SETUP","1966","1969","Group 4 Sports Cars — 1966-1969","Goodyear","supplier technical document","2"
"W01_PRESSURE_TEMP_SETUP","1979","1981","CART / Indy-car","Pirelli","supplier technical document","2"
"W01_PRESSURE_TEMP_SETUP","1960","1963","Sports racing / prototypes — 1950-1963","Firestone","peer-reviewed paper","2"
"W01_PRESSURE_TEMP_SETUP","1950","1959","Club single-seater — pre-Formula Ford","Firestone","setup book / test sheet","2"
"W01_PRESSURE_TEMP_SETUP","1997","2001","IMSA GT/GTS — 1994-2001","Goodyear","setup book / test sheet","2"
"W01_PRESSURE_TEMP_SETUP","1966","1969","GT40-era endurance","Avon","setup book / test sheet","2"
"W01_PRESSURE_TEMP_SETUP","1992","1996","General Racing Tire","Firestone","technical paper","2"
"W01_PRESSURE_TEMP_SETUP","1977","1981","Trans-Am — 1973-1981","Dunlop","setup book / test sheet","2"
"W01_PRESSURE_TEMP_SETUP","1960","1963","Sports racing / prototypes — 1950-1963","Dunlop","supplier technical document","2"
"W01_PRESSURE_TEMP_SETUP","1997","2001","General Racing Tire","Avon","peer-reviewed paper","2"
"W01_PRESSURE_TEMP_SETUP","1982","1986","Trans-Am — 1982-2001","Michelin","supplier technical document","2"
"W01_PRESSURE_TEMP_SETUP","1966","1971","Sports racing / prototypes — 1964-1971","Firestone","period race report / technical feature","2"
"W01_PRESSURE_TEMP_SETUP","1972","1976","Historic Racing Reference","Pirelli","setup book / test sheet","2"
"W01_PRESSURE_TEMP_SETUP","1950","1959","Sports racing / prototypes — 1950-1963","Avon","technical paper","2"
"W01_PRESSURE_TEMP_SETUP","1977","1981","Group 2 / ETCC — 1976-1981","Goodyear","supplier technical document","2"
"W01_PRESSURE_TEMP_SETUP","1960","1965","General Tire Mechanics","Bridgestone/other","peer-reviewed paper","2"
"W01_PRESSURE_TEMP_SETUP","1960","1963","Sports racing / prototypes — 1950-1963","Goodyear","peer-reviewed paper","2"
"W01_PRESSURE_TEMP_SETUP","1982","1986","Group A touring — 1982-1992","Pirelli","period race report / technical feature","2"
"W01_PRESSURE_TEMP_SETUP","2002","2010","NASCAR stock car — 1992-2010","Dunlop","period race report / technical feature","2"
"W01_PRESSURE_TEMP_SETUP","1950","1959","Club single-seater — pre-Formula Ford","Goodyear","setup book / test sheet","2"
"W01_PRESSURE_TEMP_SETUP","1966","1969","GT40-era endurance","Michelin","setup book / test sheet","2"
"W01_PRESSURE_TEMP_SETUP","1987","1991","Group A touring — 1982-1992","Bridgestone/other","setup book / test sheet","2"
"W01_PRESSURE_TEMP_SETUP","1960","1963","Sports racing / prototypes — 1950-1963","Avon","supplier technical document","2"
"W01_PRESSURE_TEMP_SETUP","1972","1976","Sports racing / prototypes — 1972-1981","Goodyear","supplier technical document","2"
"W01_PRESSURE_TEMP_SETUP","1960","1963","Formula Junior","Dunlop","supplier technical document","2"
"W01_PRESSURE_TEMP_SETUP","1997","2001","World Rally Championship — 1987-2001","Avon","period race report / technical feature","2"
"W01_PRESSURE_TEMP_SETUP","1960","1965","US GT / sports racing — pre-IMSA GT","Goodyear","setup book / test sheet","2"
"W01_PRESSURE_TEMP_SETUP","1982","1986","Group C","Avon","setup book / test sheet","2"
"W01_PRESSURE_TEMP_SETUP","2002","2010","World Rally Championship — 2002-2010","Goodyear","setup book / test sheet","2"
"W01_PRESSURE_TEMP_SETUP","1987","1991","Formula 1 — turbo/radial slick era","Bridgestone/other","technical paper","2"
"W01_PRESSURE_TEMP_SETUP","1972","1975","Group 2 / ETCC — 1970-1975","Pirelli","setup book / test sheet","2"
"W01_PRESSURE_TEMP_SETUP","1992","1996","International Formula 3000","Firestone","peer-reviewed paper","2"
"W01_PRESSURE_TEMP_SETUP","1977","1981","Group 2 / ETCC — 1976-1981","Dunlop","supplier technical document","2"
"W01_PRESSURE_TEMP_SETUP","1958","1959","Formula Junior","Michelin","peer-reviewed paper","2"
"W01_PRESSURE_TEMP_SETUP","1992","1996","World Rally Championship — 1987-2001","Goodyear","supplier technical document","2"
"W01_PRESSURE_TEMP_SETUP","1977","1981","Group 4 Special GT — 1970-1981","Goodyear","period race report / technical feature","2"
"W01_PRESSURE_TEMP_SETUP","1960","1963","Formula Junior","Bridgestone/other","setup book / test sheet","2"
"W01_PRESSURE_TEMP_SETUP","1997","2001","World Rally Championship — 1987-2001","Pirelli","period race report / technical feature","2"
"W01_PRESSURE_TEMP_SETUP","1966","1971","Sports racing / prototypes — 1964-1971","Dunlop","period race report / technical feature","2"
"W01_PRESSURE_TEMP_SETUP","2002","2010","General Racing Tire","Avon","setup book / test sheet","2"
"W01_PRESSURE_TEMP_SETUP","1972","1976","Historic Racing Reference","Goodyear","setup book / test sheet","2"
"W01_PRESSURE_TEMP_SETUP","1982","1986","Group C","Michelin","setup book / test sheet","2"
"W01_PRESSURE_TEMP_SETUP","1960","1963","Sports racing / prototypes — 1950-1963","Firestone","setup book / test sheet","2"
"W01_PRESSURE_TEMP_SETUP","1987","1991","Group C","Bridgestone/other","supplier technical document","2"
"W01_PRESSURE_TEMP_SETUP","1997","2001","NASCAR stock car — 1992-2010","Goodyear","supplier technical document","2"
"W01_PRESSURE_TEMP_SETUP","1966","1969","Group 4 Sports Cars — 1966-1969","Avon","supplier technical document","2"
"W01_PRESSURE_TEMP_SETUP","1987","1974","Can-Am — original","Goodyear","supplier technical document","2"
"W01_PRESSURE_TEMP_SETUP","1950","1959","Sports racing / prototypes — 1950-1963","Pirelli","supplier technical document","2"
"W01_PRESSURE_TEMP_SETUP","1994","1996","IMSA GT/GTS — 1994-2001","Firestone","period race report / technical feature","2"
"W01_PRESSURE_TEMP_SETUP","1979","1981","CART / Indy-car","Dunlop","setup book / test sheet","2"
"W01_PRESSURE_TEMP_SETUP","1960","1963","Sports racing / prototypes — 1950-1963","Avon","period race report / technical feature","2"
"W01_PRESSURE_TEMP_SETUP","1997","2001","IMSA GT/GTS — 1994-2001","Avon","setup book / test sheet","2"
"W01_PRESSURE_TEMP_SETUP","1982","1986","CART / Indy-car","Michelin","technical paper","2"
"W01_PRESSURE_TEMP_SETUP","1950","1959","Sports racing / prototypes — 1950-1963","Dunlop","setup book / test sheet","2"
"W01_PRESSURE_TEMP_SETUP","2002","1981","IMSA GT — 1971-1981","Dunlop","supplier technical document","2"
"W01_PRESSURE_TEMP_SETUP","1992","1996","World Rally Championship — 1987-2001","Dunlop","supplier technical document","2"
"W01_PRESSURE_TEMP_SETUP","1960","1963","Sports racing / prototypes — 1950-1963","Michelin","supplier technical document","2"
"W01_PRESSURE_TEMP_SETUP","1966","1971","Sports racing / prototypes — 1964-1971","Avon","period race report / technical feature","2"
"W01_PRESSURE_TEMP_SETUP","2002","2010","General Racing Tire","Pirelli","setup book / test sheet","2"
"W01_PRESSURE_TEMP_SETUP","1972","1976","Historic Racing Reference","Dunlop","setup book / test sheet","2"
"W01_PRESSURE_TEMP_SETUP","1960","1965","US GT / sports racing — pre-IMSA GT","Bridgestone/other","setup book / test sheet","2"
"W01_PRESSURE_TEMP_SETUP","1997","2001","Historic Racing Reference","Pirelli","technical paper","2"
"W01_PRESSURE_TEMP_SETUP","1966","1970","US GT / sports racing — pre-IMSA GT","Firestone","supplier technical document","2"
"W01_PRESSURE_TEMP_SETUP","2002","2010","Historic Racing Reference","Dunlop","peer-reviewed paper","2"
"W01_PRESSURE_TEMP_SETUP","1987","1991","Group C","Avon","supplier technical document","2"
"W01_PRESSURE_TEMP_SETUP","1972","1976","Japanese GT / touring — pre-JGTC","Pirelli","period race report / technical feature","2"
"W01_PRESSURE_TEMP_SETUP","1994","1996","IMSA GT/GTS — 1994-2001","Goodyear","period race report / technical feature","2"
"W01_PRESSURE_TEMP_SETUP","1960","1963","Sports racing / prototypes — 1950-1963","Pirelli","period race report / technical feature","2"
"W01_PRESSURE_TEMP_SETUP","1982","1986","Japanese GT / touring — pre-JGTC","Michelin","supplier technical document","2"
"W01_PRESSURE_TEMP_SETUP","1987","1991","Japanese GT / touring — pre-JGTC","Bridgestone/other","period race report / technical feature","2"
"W01_PRESSURE_TEMP_SETUP","1950","1959","US GT / sports racing — pre-IMSA GT","Firestone","period race report / technical feature","2"
"W01_PRESSURE_TEMP_SETUP","1992","1996","Historic Racing Reference","Dunlop","setup book / test sheet","2"
"W01_PRESSURE_TEMP_SETUP","1977","1981","Can-Am — revival","Dunlop","technical paper","2"
"W01_PRESSURE_TEMP_SETUP","1977","1981","Group 2 / ETCC — 1976-1981","Michelin","supplier technical document","2"
"W01_PRESSURE_TEMP_SETUP","1997","2001","NASCAR stock car — 1992-2010","Bridgestone/other","supplier technical document","2"
"W01_PRESSURE_TEMP_SETUP","1960","1963","Sports racing / prototypes — 1950-1963","Firestone","period race report / technical feature","2"
"W01_PRESSURE_TEMP_SETUP","1966","1971","General Tire Mechanics","Pirelli","setup book / test sheet","2"
"W01_PRESSURE_TEMP_SETUP","1950","1959","Club single-seater — pre-Formula Ford","Michelin","setup book / test sheet","2"
"W01_PRESSURE_TEMP_SETUP","1993","1996","Group A / production touring — 1993-2001","Goodyear","technical paper","2"
"W01_PRESSURE_TEMP_SETUP","1977","1981","Japanese GT / touring — pre-JGTC","Bridgestone/other","setup book / test sheet","2"
"W01_PRESSURE_TEMP_SETUP","1960","1965","Club single-seater — pre-Formula Ford","Bridgestone/other","supplier technical document","2"
"W01_PRESSURE_TEMP_SETUP","1997","2001","Group A / production touring — 1993-2001","Pirelli","peer-reviewed paper","2"
"W01_PRESSURE_TEMP_SETUP","1982","1986","Japanese GT / touring — pre-JGTC","Firestone","supplier technical document","2"
"W01_PRESSURE_TEMP_SETUP","1967","1971","Formula Ford — 1967-1976","Goodyear","period race report / technical feature","2"
"W01_PRESSURE_TEMP_SETUP","2002","1969","Group 2 / ETCC — 1963-1969","Bridgestone/other","setup book / test sheet","2"
"W01_PRESSURE_TEMP_SETUP","1972","1976","Sports racing / prototypes — 1972-1981","Firestone","setup book / test sheet","2"
"W01_PRESSURE_TEMP_SETUP","1966","1971","Sports racing / prototypes — 1964-1971","Michelin","period race report / technical feature","2"
"W01_PRESSURE_TEMP_SETUP","2002","2010","General Racing Tire","Goodyear","setup book / test sheet","2"
"W01_PRESSURE_TEMP_SETUP","1977","1981","Historic Racing Reference","Dunlop","supplier technical document","2"
"W01_PRESSURE_TEMP_SETUP","1960","1963","Sports racing / prototypes — 1950-1963","Avon","peer-reviewed paper","2"
"W01_PRESSURE_TEMP_SETUP","1997","1999","Le Mans Prototype transition","Michelin","supplier technical document","2"
"W01_PRESSURE_TEMP_SETUP","1982","1986","Historic Racing Reference","Michelin","period race report / technical feature","2"
"W01_PRESSURE_TEMP_SETUP","2004","2010","LMP1 / LMP2","Bridgestone/other","period race report / technical feature","2"
"W01_PRESSURE_TEMP_SETUP","1972","1976","Group 4 Special GT — 1970-1981","Dunlop","supplier technical document","2"
"W01_PRESSURE_TEMP_SETUP","1997","2001","General Racing Tire","Pirelli","period race report / technical feature","2"
"W01_PRESSURE_TEMP_SETUP","1982","1986","Formula 1 — turbo/radial slick era","Pirelli","setup book / test sheet","2"
"W01_PRESSURE_TEMP_SETUP","1987","1991","Trans-Am — 1982-2001","Avon","technical paper","2"
"W01_PRESSURE_TEMP_SETUP","1972","1976","Historic Racing Reference","Michelin","setup book / test sheet","2"
"W01_PRESSURE_TEMP_SETUP","1950","1959","General Tire Mechanics","Firestone","supplier technical document","2"
"W01_PRESSURE_TEMP_SETUP","1977","1981","Historic Racing Reference","Bridgestone/other","supplier technical document","2"
"W01_PRESSURE_TEMP_SETUP","1997","1999","Le Mans Prototype transition","Firestone","supplier technical document","2"
"W01_PRESSURE_TEMP_SETUP","1987","1991","Group C","Goodyear","supplier technical document","2"
"W01_PRESSURE_TEMP_SETUP","1987","1974","Can-Am — original","Firestone","setup book / test sheet","2"
"W01_PRESSURE_TEMP_SETUP","1979","1981","CART / Indy-car","Firestone","setup book / test sheet","2"
"W01_PRESSURE_TEMP_SETUP","1966","1971","General Tire Mechanics","Goodyear","setup book / test sheet","2"
"W01_PRESSURE_TEMP_SETUP","1972","1976","Formula 1 — 3-litre/cross-ply-to-radial transition","Pirelli","supplier technical document","2"
"W01_PRESSURE_TEMP_SETUP","1992","1996","General Racing Tire","Dunlop","supplier technical document","2"
"W01_PRESSURE_TEMP_SETUP","1960","1965","Club single-seater — pre-Formula Ford","Michelin","supplier technical document","2"
"W01_PRESSURE_TEMP_SETUP","1977","1981","Formula 1 — 3-litre/cross-ply-to-radial transition","Bridgestone/other","period race report / technical feature","2"
"W01_PRESSURE_TEMP_SETUP","1997","2001","General Racing Tire","Michelin","period race report / technical feature","2"
"W01_PRESSURE_TEMP_SETUP","1982","1986","Trans-Am — 1982-2001","Goodyear","setup book / test sheet","2"
"W01_PRESSURE_TEMP_SETUP","1992","1996","International Formula 3000","Goodyear","period race report / technical feature","2"
"W01_PRESSURE_TEMP_SETUP","1960","1965","General Tire Mechanics","Pirelli","period race report / technical feature","2"
"W01_PRESSURE_TEMP_SETUP","1997","2001","International Formula 3000","Pirelli","setup book / test sheet","2"
"W01_PRESSURE_TEMP_SETUP","1982","1986","Group A touring — 1982-1992","Firestone","technical paper","2"
"W01_PRESSURE_TEMP_SETUP","2002","2004","International Formula 3000","Bridgestone/other","supplier technical document","2"
"W01_PRESSURE_TEMP_SETUP","1982","1986","Japanese GT / touring — pre-JGTC","Avon","supplier technical document","2"
"W01_PRESSURE_TEMP_SETUP","1960","1963","Formula Junior","Avon","setup book / test sheet","2"
"W01_PRESSURE_TEMP_SETUP","1997","2001","World Rally Championship — 1987-2001","Michelin","technical paper","2"
"W01_PRESSURE_TEMP_SETUP","1982","1986","Formula 1 — turbo/radial slick era","Goodyear","setup book / test sheet","2"
"W01_PRESSURE_TEMP_SETUP","1966","1970","Formula 3 — 1964-1970","Goodyear","supplier technical document","2"
"W01_PRESSURE_TEMP_SETUP","2002","2010","World Rally Championship — 2002-2010","Bridgestone/other","peer-reviewed paper","2"
"W01_PRESSURE_TEMP_SETUP","1987","1991","Formula 1 — turbo/radial slick era","Pirelli","supplier technical document","2"
"W01_PRESSURE_TEMP_SETUP","1950","1959","General Tire Mechanics","Dunlop","supplier technical document","2"
"W01_PRESSURE_TEMP_SETUP","1977","1981","Group 2 / ETCC — 1976-1981","Avon","setup book / test sheet","2"
"W01_PRESSURE_TEMP_SETUP","1987","1974","Can-Am — original","Dunlop","setup book / test sheet","2"
"W01_PRESSURE_TEMP_SETUP","1950","1959","Sports racing / prototypes — 1950-1963","Michelin","period technical/race article","2"
"W01_PRESSURE_TEMP_SETUP","1982","1986","CART / Indy-car","Firestone","supplier technical document","2"
"W01_PRESSURE_TEMP_SETUP","1966","1969","GT40-era endurance","Dunlop","peer-reviewed paper","2"
"W02_WEAR_LIFE_GRIP","1997","2001","Formula 1 — 1990s radial slick/grooved transition","Dunlop","technical paper","2"
"W02_WEAR_LIFE_GRIP","1982","1986","IMSA GTP","Avon","period race report / technical feature","2"
"W02_WEAR_LIFE_GRIP","1966","1971","General Racing Tire","Michelin","technical paper","2"
"W02_WEAR_LIFE_GRIP","2002","2010","Formula 1 — grooved-to-slick-return era","Firestone","supplier racing document","2"
"W02_WEAR_LIFE_GRIP","1960","1965","Formula 1 — early World Championship","Goodyear","technical paper","2"
"W02_WEAR_LIFE_GRIP","2000","2001","DTM — silhouette era","Bridgestone/other","period race report / technical feature","2"
"W02_WEAR_LIFE_GRIP","1982","1986","General Tire Mechanics","Pirelli","technical paper","2"
"W02_WEAR_LIFE_GRIP","1950","1959","Sports racing / prototypes — 1950-1963","Goodyear","period race report / technical feature","2"
"W02_WEAR_LIFE_GRIP","1982","1986","Group C","Bridgestone/other","technical paper","2"
"W02_WEAR_LIFE_GRIP","1967","1971","Formula 2 — 1967-1971","Pirelli","supplier racing document","2"
"W02_WEAR_LIFE_GRIP","2002","2010","DTM — silhouette era","Firestone","peer-reviewed paper","2"
"W02_WEAR_LIFE_GRIP","1987","1991","General Tire Mechanics","Dunlop","supplier racing document","2"
"W02_WEAR_LIFE_GRIP","1960","1963","Sports racing / prototypes — 1950-1963","Pirelli","peer-reviewed paper","2"
"W02_WEAR_LIFE_GRIP","1972","1976","Formula 2 — 1972-1984","Bridgestone/other","government technical report","2"
"W02_WEAR_LIFE_GRIP","1982","1986","Formula 3 — 1974-1986","Avon","supplier racing document","2"
"W02_WEAR_LIFE_GRIP","1966","1971","International rally — pre-WRC","Michelin","peer-reviewed paper","2"
"W02_WEAR_LIFE_GRIP","1950","1959","Touring / saloon racing — pre-1963","Firestone","peer-reviewed paper","2"
"W02_WEAR_LIFE_GRIP","1987","1990","Formula 3 — 1987-1990","Goodyear","government technical report","2"
"W02_WEAR_LIFE_GRIP","1972","1976","Rallycross — 1967-1981","Bridgestone/other","race report/result/stint evidence","2"
"W02_WEAR_LIFE_GRIP","1950","1959","Formula 1 — early World Championship","Pirelli","government technical report","2"
"W02_WEAR_LIFE_GRIP","1966","1971","Sports racing / prototypes — 1964-1971","Bridgestone/other","government technical report","2"
"W02_WEAR_LIFE_GRIP","1992","1996","Formula 3 — 1991-2010","Michelin","technical paper","2"
"W02_WEAR_LIFE_GRIP","1960","1965","Formula 1 — early World Championship","Dunlop","technical paper","2"
"W02_WEAR_LIFE_GRIP","1950","1959","Sports racing / prototypes — 1950-1963","Dunlop","period race report / technical feature","2"
"W02_WEAR_LIFE_GRIP","1982","1986","Group C","Pirelli","peer-reviewed paper","2"
"W02_WEAR_LIFE_GRIP","1960","1963","Sports racing / prototypes — 1950-1963","Michelin","peer-reviewed paper","2"
"W02_WEAR_LIFE_GRIP","2002","2003","CART / Indy-car","Firestone","government technical report","2"
"W02_WEAR_LIFE_GRIP","1987","1991","Group C","Dunlop","race report/result/stint evidence","2"
"W02_WEAR_LIFE_GRIP","1950","1955","AAA Championship Car / Indianapolis","Avon","technical paper","2"
"W02_WEAR_LIFE_GRIP","1994","1996","BPR Global GT","Michelin","period race report / technical feature","2"
"W02_WEAR_LIFE_GRIP","1977","1981","Formula 2 — 1972-1984","Goodyear","technical paper","2"
"W02_WEAR_LIFE_GRIP","1960","1965","USAC Championship Car / Indianapolis","Dunlop","supplier racing document","2"
"W02_WEAR_LIFE_GRIP","1997","2001","FIA GT — 1997-2009","Bridgestone/other","peer-reviewed paper","2"
"W02_WEAR_LIFE_GRIP","1982","1986","Formula 3 — 1974-1986","Pirelli","supplier racing document","2"
"W02_WEAR_LIFE_GRIP","1966","1971","Sports racing / prototypes — 1964-1971","Avon","government technical report","2"
"W02_WEAR_LIFE_GRIP","1950","1959","Sports racing / prototypes — 1950-1963","Bridgestone/other","period race report / technical feature","2"
"W02_WEAR_LIFE_GRIP","1977","1981","Historic Racing Reference","Firestone","supplier racing document","2"
"W02_WEAR_LIFE_GRIP","1960","1963","Sports racing / prototypes — 1950-1963","Dunlop","peer-reviewed paper","2"
"W02_WEAR_LIFE_GRIP","1997","2001","CART / Indy-car","Avon","supplier racing document","2"
"W02_WEAR_LIFE_GRIP","1982","1986","Group C","Michelin","peer-reviewed paper","2"
"W02_WEAR_LIFE_GRIP","1982","1986","Historic Racing Reference","Avon","government technical report","2"
"W02_WEAR_LIFE_GRIP","1966","1970","US GT / sports racing — pre-IMSA GT","Michelin","race report/result/stint evidence","2"
"W02_WEAR_LIFE_GRIP","2002","2003","CART / Indy-car","Goodyear","government technical report","2"
"W02_WEAR_LIFE_GRIP","1987","1991","Historic Racing Reference","Dunlop","technical paper","2"
"W02_WEAR_LIFE_GRIP","1950","1959","Touring / saloon racing — pre-1963","Dunlop","peer-reviewed paper","2"
"W02_WEAR_LIFE_GRIP","1997","1974","Can-Am — original","Bridgestone/other","government technical report","2"
"W02_WEAR_LIFE_GRIP","1982","1986","IMSA GT — 1982-1993","Pirelli","race report/result/stint evidence","2"
"W02_WEAR_LIFE_GRIP","1966","1971","Sports racing / prototypes — 1964-1971","Firestone","government technical report","2"
"W02_WEAR_LIFE_GRIP","1966","1971","Sports racing / prototypes — 1964-1971","Pirelli","government technical report","2"
"W02_WEAR_LIFE_GRIP","2002","1974","Can-Am — original","Firestone","technical paper","2"
"W02_WEAR_LIFE_GRIP","1987","1991","IMSA GT — 1982-1993","Dunlop","period race report / technical feature","2"
"W02_WEAR_LIFE_GRIP","1972","1976","Historic Racing Reference","Avon","technical paper","2"
"W02_WEAR_LIFE_GRIP","1982","1986","Group C","Firestone","peer-reviewed paper","2"
"W02_WEAR_LIFE_GRIP","1960","1963","Sports racing / prototypes — 1950-1963","Dunlop","government technical report","2"
"W02_WEAR_LIFE_GRIP","1987","1991","Group C","Pirelli","race report/result/stint evidence","2"
"W02_WEAR_LIFE_GRIP","1966","1969","Group 2 / ETCC — 1963-1969","Michelin","technical paper","2"
"W02_WEAR_LIFE_GRIP","2005","2010","SUPER GT — 2005-2010","Goodyear","period race report / technical feature","2"
"W02_WEAR_LIFE_GRIP","1972","1975","Group 2 / ETCC — 1970-1975","Bridgestone/other","supplier racing document","2"
"W02_WEAR_LIFE_GRIP","1950","1959","Japanese GT / touring — pre-JGTC","Pirelli","peer-reviewed paper","2"
"W02_WEAR_LIFE_GRIP","1992","1996","Historic Racing Reference","Firestone","supplier racing document","2"
"W02_WEAR_LIFE_GRIP","1950","1959","Touring / saloon racing — pre-1963","Avon","peer-reviewed paper","2"
"W02_WEAR_LIFE_GRIP","1977","1981","Group 2 / ETCC — 1976-1981","Goodyear","government technical report","2"
"W02_WEAR_LIFE_GRIP","1997","1974","Can-Am — original","Avon","government technical report","2"
"W02_WEAR_LIFE_GRIP","1966","1971","Sports racing / prototypes — 1964-1971","Firestone","period race report / technical feature","2"
"W02_WEAR_LIFE_GRIP","1987","1991","Group C","Dunlop","supplier racing document","2"
"W02_WEAR_LIFE_GRIP","1982","1986","Group C","Dunlop","peer-reviewed paper","2"
"W02_WEAR_LIFE_GRIP","1992","1993","Group C","Michelin","government technical report","2"
"W02_WEAR_LIFE_GRIP","1977","1981","Sports racing / prototypes — 1972-1981","Goodyear","race report/result/stint evidence","2"
"W02_WEAR_LIFE_GRIP","1997","2001","Trans-Am — 1982-2001","Avon","technical paper","2"
"W02_WEAR_LIFE_GRIP","1982","1986","Formula Ford — 1982-1992","Pirelli","period race report / technical feature","2"
"W02_WEAR_LIFE_GRIP","1966","1969","Group 2 / ETCC — 1963-1969","Firestone","technical paper","2"
"W02_WEAR_LIFE_GRIP","1960","1962","Touring / saloon racing — pre-1963","Dunlop","technical paper","2"
"W02_WEAR_LIFE_GRIP","1997","2001","Historic Racing Reference","Avon","period race report / technical feature","2"
"W02_WEAR_LIFE_GRIP","1982","1986","Group C","Michelin","technical paper","2"
"W02_WEAR_LIFE_GRIP","1966","1971","Sports racing / prototypes — 1964-1971","Goodyear","period race report / technical feature","2"
"W02_WEAR_LIFE_GRIP","1966","1971","NASCAR stock car — 1950-1971","Michelin","supplier racing document","2"
"W02_WEAR_LIFE_GRIP","2002","2010","Historic Racing Reference","Goodyear","peer-reviewed paper","2"
"W02_WEAR_LIFE_GRIP","1987","1991","Group C","Bridgestone/other","supplier racing document","2"
"W02_WEAR_LIFE_GRIP","1950","1959","Sports racing / prototypes — 1950-1963","Firestone","supplier racing document","2"
"W02_WEAR_LIFE_GRIP","1972","1976","NASCAR stock car — 1972-1991","Avon","government technical report","2"
"W02_WEAR_LIFE_GRIP","1987","1991","Group C","Firestone","race report/result/stint evidence","2"
"W02_WEAR_LIFE_GRIP","1982","1986","IMSA GTP","Pirelli","supplier racing document","2"
"W02_WEAR_LIFE_GRIP","1966","1971","General Racing Tire","Firestone","peer-reviewed paper","2"
"W02_WEAR_LIFE_GRIP","2002","1972","Trans-Am — 1966-1972","Dunlop","supplier racing document","2"
"W02_WEAR_LIFE_GRIP","1987","1991","IMSA GTP","Dunlop","government technical report","2"
"W02_WEAR_LIFE_GRIP","1972","1976","General Racing Tire","Avon","race report/result/stint evidence","2"
"W02_WEAR_LIFE_GRIP","1950","1959","Touring / saloon racing — pre-1963","Michelin","government technical report","2"
"W02_WEAR_LIFE_GRIP","1993","1996","Le Mans Prototype transition","Firestone","technical paper","2"
"W02_WEAR_LIFE_GRIP","1966","1971","Sports racing / prototypes — 1964-1971","Dunlop","period race report / technical feature","2"
"W02_WEAR_LIFE_GRIP","1982","1986","Group C","Avon","peer-reviewed paper","2"
"W02_WEAR_LIFE_GRIP","2002","2010","DTM — silhouette era","Goodyear","government technical report","2"
"W02_WEAR_LIFE_GRIP","1987","1991","General Tire Mechanics","Bridgestone/other","race report/result/stint evidence","2"
"W02_WEAR_LIFE_GRIP","1960","1963","Sports racing / prototypes — 1950-1963","Michelin","government technical report","2"
"W02_WEAR_LIFE_GRIP","1987","1991","Group C","Goodyear","race report/result/stint evidence","2"
"W02_WEAR_LIFE_GRIP","1950","1959","Touring / saloon racing — pre-1963","Pirelli","technical paper","2"
"W02_WEAR_LIFE_GRIP","1992","1996","General Tire Mechanics","Firestone","period race report / technical feature","2"
"W02_WEAR_LIFE_GRIP","1977","1981","NASCAR stock car — 1972-1991","Dunlop","technical paper","2"
"W02_WEAR_LIFE_GRIP","1963","1965","Group 2 / ETCC — 1963-1969","Bridgestone/other","supplier racing document","2"
"W02_WEAR_LIFE_GRIP","1982","1986","IMSA GTP","Michelin","supplier racing document","2"
"W02_WEAR_LIFE_GRIP","1972","1976","Rallycross — 1967-1981","Avon","technical paper","2"
"W02_WEAR_LIFE_GRIP","1977","1981","Rallycross — 1967-1981","Goodyear","supplier racing document","2"
"W02_WEAR_LIFE_GRIP","1960","1965","Formula 1 — early World Championship","Bridgestone/other","peer-reviewed paper","2"
"W02_WEAR_LIFE_GRIP","2000","2001","DTM — silhouette era","Pirelli","supplier racing document","2"
"W02_WEAR_LIFE_GRIP","1950","1959","Sports racing / prototypes — 1950-1963","Bridgestone/other","supplier racing document","2"
"W02_WEAR_LIFE_GRIP","1982","1986","Group C","Michelin","government technical report","2"
"W02_WEAR_LIFE_GRIP","1967","1971","Formula 2 — 1967-1971","Firestone","race report/result/stint evidence","2"
"W02_WEAR_LIFE_GRIP","2002","2010","DTM — silhouette era","Dunlop","government technical report","2"
"W02_WEAR_LIFE_GRIP","1960","1963","Sports racing / prototypes — 1950-1963","Firestone","government technical report","2"
"W02_WEAR_LIFE_GRIP","1997","2001","FIA GT — 1997-2009","Avon","government technical report","2"
"W02_WEAR_LIFE_GRIP","1982","1986","Formula 3 — 1974-1986","Michelin","race report/result/stint evidence","2"
"W02_WEAR_LIFE_GRIP","1966","1971","International rally — pre-WRC","Goodyear","government technical report","2"
"W02_WEAR_LIFE_GRIP","2002","2009","FIA GT — 1997-2009","Goodyear","technical paper","2"
"W02_WEAR_LIFE_GRIP","1987","1990","Formula 3 — 1987-1990","Bridgestone/other","period race report / technical feature","2"
"W02_WEAR_LIFE_GRIP","1972","1976","Rallycross — 1967-1981","Pirelli","technical paper","2"
"W02_WEAR_LIFE_GRIP","1966","1971","Sports racing / prototypes — 1964-1971","Pirelli","period race report / technical feature","2"
"W02_WEAR_LIFE_GRIP","1950","1959","Sports racing / prototypes — 1950-1963","Avon","supplier racing document","2"
"W02_WEAR_LIFE_GRIP","1960","1963","Sports racing / prototypes — 1950-1963","Goodyear","government technical report","2"
"W02_WEAR_LIFE_GRIP","1966","1970","US GT / sports racing — pre-IMSA GT","Firestone","technical paper","2"
"W02_WEAR_LIFE_GRIP","2002","2003","CART / Indy-car","Dunlop","period race report / technical feature","2"
"W02_WEAR_LIFE_GRIP","1987","1991","Group C","Avon","technical paper","2"
"W02_WEAR_LIFE_GRIP","1972","1976","IMSA GT — 1971-1981","Avon","supplier racing document","2"
"W02_WEAR_LIFE_GRIP","1950","1955","AAA Championship Car / Indianapolis","Michelin","peer-reviewed paper","2"
"W02_WEAR_LIFE_GRIP","1994","1996","BPR Global GT","Goodyear","supplier racing document","2"
"W02_WEAR_LIFE_GRIP","1977","1981","IMSA GT — 1971-1981","Dunlop","government technical report","2"
"W02_WEAR_LIFE_GRIP","1966","1971","Sports racing / prototypes — 1964-1971","Michelin","period race report / technical feature","2"
"W02_WEAR_LIFE_GRIP","1987","1991","IMSA GT — 1982-1993","Bridgestone/other","supplier racing document","2"
"W02_WEAR_LIFE_GRIP","1972","1976","Historic Racing Reference","Pirelli","peer-reviewed paper","2"
"W02_WEAR_LIFE_GRIP","1994","1996","GT2 / GTS — 1994-2004 sanction-specific","Firestone","government technical report","2"
"W02_WEAR_LIFE_GRIP","1977","1981","Historic Racing Reference","Dunlop","race report/result/stint evidence","2"
"W02_WEAR_LIFE_GRIP","1982","1986","Group C","Goodyear","government technical report","2"
"W02_WEAR_LIFE_GRIP","1997","1999","JGTC — 1994-1999 (GT1/GT2 terminology)","Pirelli","technical paper","2"
"W02_WEAR_LIFE_GRIP","1966","1970","US GT / sports racing — pre-IMSA GT","Goodyear","technical paper","2"
"W02_WEAR_LIFE_GRIP","1950","1959","Japanese GT / touring — pre-JGTC","Michelin","government technical report","2"
"W02_WEAR_LIFE_GRIP","1960","1965","Japanese GT / touring — pre-JGTC","Bridgestone/other","technical paper","2"
"W02_WEAR_LIFE_GRIP","1997","1974","Can-Am — original","Pirelli","period race report / technical feature","2"
"W02_WEAR_LIFE_GRIP","1982","1986","IMSA GT — 1982-1993","Firestone","technical paper","2"
"W02_WEAR_LIFE_GRIP","1966","1971","Sports racing / prototypes — 1964-1971","Goodyear","supplier racing document","2"
"W02_WEAR_LIFE_GRIP","2002","1974","Can-Am — original","Dunlop","peer-reviewed paper","2"
"W02_WEAR_LIFE_GRIP","1987","1991","IMSA GT — 1982-1993","Avon","supplier racing document","2"
"W02_WEAR_LIFE_GRIP","1982","1986","Formula Ford — 1982-1992","Michelin","supplier racing document","2"
"W02_WEAR_LIFE_GRIP","1966","1969","Group 2 / ETCC — 1963-1969","Goodyear","peer-reviewed paper","2"
"W02_WEAR_LIFE_GRIP","2005","2010","SUPER GT — 2005-2010","Bridgestone/other","supplier racing document","2"
"W02_WEAR_LIFE_GRIP","1987","1991","Formula Ford — 1982-1992","Bridgestone/other","government technical report","2"
"W02_WEAR_LIFE_GRIP","1972","1975","Group 2 / ETCC — 1970-1975","Pirelli","race report/result/stint evidence","2"
"W02_WEAR_LIFE_GRIP","1950","1959","Japanese GT / touring — pre-JGTC","Firestone","government technical report","2"
"W02_WEAR_LIFE_GRIP","1993","1996","Formula Ford — 1993-2010","Goodyear","technical paper","2"
"W02_WEAR_LIFE_GRIP","1966","1971","Sports racing / prototypes — 1964-1971","Dunlop","supplier racing document","2"
"W02_WEAR_LIFE_GRIP","2002","2010","Historic Racing Reference","Dunlop","government technical report","2"
"W02_WEAR_LIFE_GRIP","1987","1991","Group C","Avon","race report/result/stint evidence","2"
"W02_WEAR_LIFE_GRIP","1972","1976","Sports racing / prototypes — 1972-1981","Michelin","government technical report","2"
"W02_WEAR_LIFE_GRIP","1950","1959","Sports racing / prototypes — 1950-1963","Goodyear","race report/result/stint evidence","2"
"W02_WEAR_LIFE_GRIP","1950","1959","Historic Racing Reference","Michelin","technical paper","2"
"W02_WEAR_LIFE_GRIP","1992","1993","Group C","Goodyear","period race report / technical feature","2"
"W02_WEAR_LIFE_GRIP","1977","1981","Sports racing / prototypes — 1972-1981","Bridgestone/other","technical paper","2"
"W02_WEAR_LIFE_GRIP","1960","1963","Sports racing / prototypes — 1950-1963","Pirelli","period race report / technical feature","2"
"W02_WEAR_LIFE_GRIP","1972","1976","General Racing Tire","Pirelli","technical paper","2"
"W02_WEAR_LIFE_GRIP","1950","1959","Touring / saloon racing — pre-1963","Firestone","period race report / technical feature","2"
"W02_WEAR_LIFE_GRIP","1977","1981","General Racing Tire","Dunlop","supplier racing document","2"
"W02_WEAR_LIFE_GRIP","1960","1962","Touring / saloon racing — pre-1963","Avon","peer-reviewed paper","2"
"W02_WEAR_LIFE_GRIP","1997","2001","Historic Racing Reference","Michelin","supplier racing document","2"
"W02_WEAR_LIFE_GRIP","1966","1971","Sports racing / prototypes — 1964-1971","Bridgestone/other","supplier racing document","2"
"W02_WEAR_LIFE_GRIP","1950","1959","Sports racing / prototypes — 1950-1963","Dunlop","race report/result/stint evidence","2"
"W02_WEAR_LIFE_GRIP","1966","1971","Sports racing / prototypes — 1964-1971","Avon","supplier racing document","2"
"W03_FM_STIFFNESS_TRANSIENT","1987","1991","Formula 1 — turbo/radial slick era","Dunlop","technical paper","2"
"W03_FM_STIFFNESS_TRANSIENT","1972","1976","Sports racing / prototypes — 1972-1981","Avon","thesis/dissertation","2"
"W03_FM_STIFFNESS_TRANSIENT","1950","1959","General Racing Tire","Michelin","technical paper","2"
"W03_FM_STIFFNESS_TRANSIENT","1992","1996","Formula 1 — 1990s radial slick/grooved transition","Firestone","supplier technical paper","2"
"W03_FM_STIFFNESS_TRANSIENT","1977","1981","Sports racing / prototypes — 1972-1981","Dunlop","peer-reviewed paper","2"
"W03_FM_STIFFNESS_TRANSIENT","2002","2010","Formula 1 — grooved-to-slick-return era","Goodyear","technical paper","2"
"W03_FM_STIFFNESS_TRANSIENT","1987","1991","Group A touring — 1982-1992","Bridgestone/other","thesis/dissertation","2"
"W03_FM_STIFFNESS_TRANSIENT","1972","1976","General Tire Mechanics","Pirelli","technical paper","2"
"W03_FM_STIFFNESS_TRANSIENT","1977","1981","Group 4 Special GT — 1970-1981","Avon","thesis/dissertation","2"
"W03_FM_STIFFNESS_TRANSIENT","1956","1959","Formula 2 — 1956-1960","Pirelli","supplier technical paper","2"
"W03_FM_STIFFNESS_TRANSIENT","1993","1996","DTM / ITC — Class 1","Firestone","peer-reviewed paper","2"
"W03_FM_STIFFNESS_TRANSIENT","1977","1981","General Tire Mechanics","Dunlop","supplier technical paper","2"
"W03_FM_STIFFNESS_TRANSIENT","1966","1971","Sports racing / prototypes — 1964-1971","Bridgestone/other","supplier technical paper","2"
"W03_FM_STIFFNESS_TRANSIENT","1977","1981","Group 4 Special GT — 1970-1981","Goodyear","supplier technical paper","2"
"W03_FM_STIFFNESS_TRANSIENT","1964","1965","Formula 2 — 1964-1966","Bridgestone/other","test methodology","2"
"W03_FM_STIFFNESS_TRANSIENT","1972","1976","Sports racing / prototypes — 1972-1981","Michelin","thesis/dissertation","2"
"W03_FM_STIFFNESS_TRANSIENT","1974","1976","Formula 3 — 1974-1986","Avon","supplier technical paper","2"
"W03_FM_STIFFNESS_TRANSIENT","1950","1959","International rally — pre-WRC","Michelin","peer-reviewed paper","2"
"W03_FM_STIFFNESS_TRANSIENT","1977","1981","Sports racing / prototypes — 1972-1981","Bridgestone/other","peer-reviewed paper","2"
"W03_FM_STIFFNESS_TRANSIENT","1977","1981","Formula 3 — 1974-1986","Goodyear","test methodology","2"
"W03_FM_STIFFNESS_TRANSIENT","1960","1965","International rally — pre-WRC","Bridgestone/other","government technical report","2"
"W03_FM_STIFFNESS_TRANSIENT","1997","2001","Formula 1 — 1990s radial slick/grooved transition","Pirelli","test methodology","2"
"W03_FM_STIFFNESS_TRANSIENT","1972","1976","Group 4 Special GT — 1970-1981","Goodyear","government technical report","2"
"W03_FM_STIFFNESS_TRANSIENT","1950","1959","Sports racing / prototypes — 1950-1963","Bridgestone/other","test methodology","2"
"W03_FM_STIFFNESS_TRANSIENT","1982","1986","Formula 3 — 1974-1986","Michelin","technical paper","2"
"W03_FM_STIFFNESS_TRANSIENT","2002","2010","Formula 1 — grooved-to-slick-return era","Dunlop","technical paper","2"
"W03_FM_STIFFNESS_TRANSIENT","1977","1981","Group 4 Special GT — 1970-1981","Pirelli","thesis/dissertation","2"
"W03_FM_STIFFNESS_TRANSIENT","1972","1976","Group 4 Special GT — 1970-1981","Pirelli","peer-reviewed paper","2"
"W03_FM_STIFFNESS_TRANSIENT","1966","1971","Sports racing / prototypes — 1964-1971","Avon","supplier technical paper","2"
"W03_FM_STIFFNESS_TRANSIENT","1992","1996","CART / Indy-car","Firestone","test methodology","2"
"W03_FM_STIFFNESS_TRANSIENT","1977","1981","Group 4 Special GT — 1970-1981","Dunlop","government technical report","2"
"W03_FM_STIFFNESS_TRANSIENT","1997","2001","CART / Indy-car","Avon","technical paper","2"
"W03_FM_STIFFNESS_TRANSIENT","1982","1986","Group C","Michelin","thesis/dissertation","2"
"W03_FM_STIFFNESS_TRANSIENT","1967","1971","Formula 2 — 1967-1971","Goodyear","technical paper","2"
"W03_FM_STIFFNESS_TRANSIENT","1972","1976","Sports racing / prototypes — 1972-1981","Firestone","thesis/dissertation","2"
"W03_FM_STIFFNESS_TRANSIENT","2002","2003","CART / Indy-car","Dunlop","supplier technical paper","2"
"W03_FM_STIFFNESS_TRANSIENT","1987","1991","Group C","Bridgestone/other","peer-reviewed paper","2"
"W03_FM_STIFFNESS_TRANSIENT","1974","1976","Formula 3 — 1974-1986","Pirelli","supplier technical paper","2"
"W03_FM_STIFFNESS_TRANSIENT","1977","1981","Sports racing / prototypes — 1972-1981","Avon","peer-reviewed paper","2"
"W03_FM_STIFFNESS_TRANSIENT","1972","1976","Group 4 Special GT — 1970-1981","Dunlop","government technical report","2"
"W03_FM_STIFFNESS_TRANSIENT","1950","1959","Sports racing / prototypes — 1950-1963","Avon","test methodology","2"
"W03_FM_STIFFNESS_TRANSIENT","1977","1981","Group 4 Special GT — 1970-1981","Michelin","thesis/dissertation","2"
"W03_FM_STIFFNESS_TRANSIENT","2002","2009","FIA GT — 1997-2009","Dunlop","peer-reviewed paper","2"
"W03_FM_STIFFNESS_TRANSIENT","1987","1991","CART / Indy-car","Avon","supplier technical paper","2"
"W03_FM_STIFFNESS_TRANSIENT","1972","1976","Group 4 Special GT — 1970-1981","Michelin","peer-reviewed paper","2"
"W03_FM_STIFFNESS_TRANSIENT","1972","1976","Sports racing / prototypes — 1972-1981","Avon","test methodology","2"
"W03_FM_STIFFNESS_TRANSIENT","1950","1959","US GT / sports racing — pre-IMSA GT","Michelin","government technical report","2"
"W03_FM_STIFFNESS_TRANSIENT","1992","1996","CART / Indy-car","Goodyear","test methodology","2"
"W03_FM_STIFFNESS_TRANSIENT","1977","1981","Sports racing / prototypes — 1972-1981","Dunlop","technical paper","2"
"W03_FM_STIFFNESS_TRANSIENT","1972","1976","Sports racing / prototypes — 1972-1981","Goodyear","thesis/dissertation","2"
"W03_FM_STIFFNESS_TRANSIENT","1977","1981","Sports racing / prototypes — 1972-1981","Michelin","peer-reviewed paper","2"
"W03_FM_STIFFNESS_TRANSIENT","1987","1974","Can-Am — original","Bridgestone/other","test methodology","2"
"W03_FM_STIFFNESS_TRANSIENT","1972","1976","Group 4 Special GT — 1970-1981","Pirelli","government technical report","2"
"W03_FM_STIFFNESS_TRANSIENT","1950","1959","Sports racing / prototypes — 1950-1963","Firestone","test methodology","2"
"W03_FM_STIFFNESS_TRANSIENT","1950","1959","Sports racing / prototypes — 1950-1963","Pirelli","test methodology","2"
"W03_FM_STIFFNESS_TRANSIENT","1992","1974","Can-Am — original","Firestone","technical paper","2"
"W03_FM_STIFFNESS_TRANSIENT","1977","1981","Group 4 Special GT — 1970-1981","Dunlop","thesis/dissertation","2"
"W03_FM_STIFFNESS_TRANSIENT","1960","1965","Historic Racing Reference","Avon","technical paper","2"
"W03_FM_STIFFNESS_TRANSIENT","1977","1981","Group 4 Special GT — 1970-1981","Goodyear","thesis/dissertation","2"
"W03_FM_STIFFNESS_TRANSIENT","1997","1974","Can-Am — original","Pirelli","supplier technical paper","2"
"W03_FM_STIFFNESS_TRANSIENT","1972","1976","Group 4 Special GT — 1970-1981","Firestone","peer-reviewed paper","2"
"W03_FM_STIFFNESS_TRANSIENT","1950","1959","Touring / saloon racing — pre-1963","Michelin","technical paper","2"
"W03_FM_STIFFNESS_TRANSIENT","1994","1996","JGTC — 1994-1999 (GT1/GT2 terminology)","Goodyear","thesis/dissertation","2"
"W03_FM_STIFFNESS_TRANSIENT","1972","1976","Sports racing / prototypes — 1972-1981","Bridgestone/other","thesis/dissertation","2"
"W03_FM_STIFFNESS_TRANSIENT","1963","1965","Group 2 / ETCC — 1963-1969","Bridgestone/other","supplier technical paper","2"
"W03_FM_STIFFNESS_TRANSIENT","1997","1999","JGTC — 1994-1999 (GT1/GT2 terminology)","Pirelli","peer-reviewed paper","2"
"W03_FM_STIFFNESS_TRANSIENT","1982","1986","Historic Racing Reference","Firestone","supplier technical paper","2"
"W03_FM_STIFFNESS_TRANSIENT","1966","1969","Group 2 / ETCC — 1963-1969","Goodyear","test methodology","2"
"W03_FM_STIFFNESS_TRANSIENT","1987","1974","Can-Am — original","Avon","test methodology","2"
"W03_FM_STIFFNESS_TRANSIENT","1972","1976","Group 4 Special GT — 1970-1981","Pirelli","technical paper","2"
"W03_FM_STIFFNESS_TRANSIENT","1950","1959","Sports racing / prototypes — 1950-1963","Firestone","thesis/dissertation","2"
"W03_FM_STIFFNESS_TRANSIENT","1977","1981","Group 4 Special GT — 1970-1981","Dunlop","supplier technical paper","2"
"W03_FM_STIFFNESS_TRANSIENT","1972","1976","Group 4 Special GT — 1970-1981","Dunlop","peer-reviewed paper","2"
"W03_FM_STIFFNESS_TRANSIENT","1982","1986","Group C","Michelin","test methodology","2"
"W03_FM_STIFFNESS_TRANSIENT","1966","1971","Sports racing / prototypes — 1964-1971","Goodyear","government technical report","2"
"W03_FM_STIFFNESS_TRANSIENT","2002","1974","Can-Am — original","Bridgestone/other","test methodology","2"
"W03_FM_STIFFNESS_TRANSIENT","1987","1991","Trans-Am — 1982-2001","Avon","technical paper","2"
"W03_FM_STIFFNESS_TRANSIENT","1972","1976","Formula Ford — 1967-1976","Pirelli","thesis/dissertation","2"
"W03_FM_STIFFNESS_TRANSIENT","1950","1959","Touring / saloon racing — pre-1963","Firestone","technical paper","2"
"W03_FM_STIFFNESS_TRANSIENT","1982","1986","Group C","Bridgestone/other","thesis/dissertation","2"
"W03_FM_STIFFNESS_TRANSIENT","1977","1981","Sports racing / prototypes — 1972-1981","Goodyear","peer-reviewed paper","2"
"W03_FM_STIFFNESS_TRANSIENT","2002","1972","Trans-Am — 1966-1972","Dunlop","technical paper","2"
"W03_FM_STIFFNESS_TRANSIENT","1987","1991","Historic Racing Reference","Avon","thesis/dissertation","2"
"W03_FM_STIFFNESS_TRANSIENT","1950","1959","Sports racing / prototypes — 1950-1963","Goodyear","thesis/dissertation","2"
"W03_FM_STIFFNESS_TRANSIENT","1950","1959","NASCAR stock car — 1950-1971","Michelin","supplier technical paper","2"
"W03_FM_STIFFNESS_TRANSIENT","1992","1996","Historic Racing Reference","Goodyear","peer-reviewed paper","2"
"W03_FM_STIFFNESS_TRANSIENT","1960","1965","NASCAR stock car — 1950-1971","Avon","test methodology","2"
"W03_FM_STIFFNESS_TRANSIENT","1977","1981","Group 4 Special GT — 1970-1981","Firestone","government technical report","2"
"W03_FM_STIFFNESS_TRANSIENT","1982","1986","Group C","Avon","thesis/dissertation","2"
"W03_FM_STIFFNESS_TRANSIENT","1972","1976","Sports racing / prototypes — 1972-1981","Pirelli","supplier technical paper","2"
"W03_FM_STIFFNESS_TRANSIENT","1950","1959","General Racing Tire","Firestone","peer-reviewed paper","2"
"W03_FM_STIFFNESS_TRANSIENT","1992","1996","Trans-Am — 1982-2001","Dunlop","supplier technical paper","2"
"W03_FM_STIFFNESS_TRANSIENT","1977","1981","Sports racing / prototypes — 1972-1981","Dunlop","test methodology","2"
"W03_FM_STIFFNESS_TRANSIENT","1960","1965","General Racing Tire","Avon","government technical report","2"
"W03_FM_STIFFNESS_TRANSIENT","1997","2001","Trans-Am — 1982-2001","Michelin","test methodology","2"
"W03_FM_STIFFNESS_TRANSIENT","1982","1986","IMSA GTP","Firestone","technical paper","2"
"W03_FM_STIFFNESS_TRANSIENT","1950","1959","Sports racing / prototypes — 1950-1963","Dunlop","thesis/dissertation","2"
"W03_FM_STIFFNESS_TRANSIENT","1972","1976","Group 4 Special GT — 1970-1981","Avon","peer-reviewed paper","2"
"W03_FM_STIFFNESS_TRANSIENT","1993","1996","DTM / ITC — Class 1","Goodyear","test methodology","2"
"W03_FM_STIFFNESS_TRANSIENT","1977","1981","General Tire Mechanics","Bridgestone/other","government technical report","2"
"W03_FM_STIFFNESS_TRANSIENT","1966","1971","Sports racing / prototypes — 1964-1971","Avon","government technical report","2"
"W03_FM_STIFFNESS_TRANSIENT","1977","1981","Group 4 Special GT — 1970-1981","Goodyear","government technical report","2"
"W03_FM_STIFFNESS_TRANSIENT","2000","2001","DTM — silhouette era","Pirelli","technical paper","2"
"W03_FM_STIFFNESS_TRANSIENT","1982","1986","General Tire Mechanics","Firestone","thesis/dissertation","2"
"W03_FM_STIFFNESS_TRANSIENT","1966","1971","NASCAR stock car — 1950-1971","Dunlop","technical paper","2"
"W03_FM_STIFFNESS_TRANSIENT","2002","2010","DTM — silhouette era","Bridgestone/other","supplier technical paper","2"
"W03_FM_STIFFNESS_TRANSIENT","1972","1976","Sports racing / prototypes — 1972-1981","Michelin","supplier technical paper","2"
"W03_FM_STIFFNESS_TRANSIENT","1960","1965","International rally — pre-WRC","Avon","technical paper","2"
"W03_FM_STIFFNESS_TRANSIENT","1966","1971","International rally — pre-WRC","Goodyear","supplier technical paper","2"
"W03_FM_STIFFNESS_TRANSIENT","2002","2010","Formula 1 — grooved-to-slick-return era","Bridgestone/other","peer-reviewed paper","2"
"W03_FM_STIFFNESS_TRANSIENT","1987","1991","Group A touring — 1982-1992","Pirelli","supplier technical paper","2"
"W03_FM_STIFFNESS_TRANSIENT","1977","1981","Group 4 Special GT — 1970-1981","Michelin","supplier technical paper","2"
"W03_FM_STIFFNESS_TRANSIENT","1972","1976","Group 4 Special GT — 1970-1981","Michelin","test methodology","2"
"W03_FM_STIFFNESS_TRANSIENT","1956","1959","Formula 2 — 1956-1960","Firestone","government technical report","2"
"W03_FM_STIFFNESS_TRANSIENT","1993","1996","DTM / ITC — Class 1","Dunlop","test methodology","2"
"W03_FM_STIFFNESS_TRANSIENT","1966","1971","Sports racing / prototypes — 1964-1971","Pirelli","government technical report","2"
"W03_FM_STIFFNESS_TRANSIENT","1987","1991","Group C","Avon","test methodology","2"
"W03_FM_STIFFNESS_TRANSIENT","1974","1976","Formula 3 — 1974-1986","Michelin","government technical report","2"
"W03_FM_STIFFNESS_TRANSIENT","1950","1959","International rally — pre-WRC","Goodyear","test methodology","2"
"W03_FM_STIFFNESS_TRANSIENT","1977","1981","Sports racing / prototypes — 1972-1981","Pirelli","test methodology","2"
"W03_FM_STIFFNESS_TRANSIENT","1993","1996","Le Mans Prototype transition","Goodyear","technical paper","2"
"W03_FM_STIFFNESS_TRANSIENT","1977","1981","Formula 3 — 1974-1986","Bridgestone/other","thesis/dissertation","2"
"W03_FM_STIFFNESS_TRANSIENT","1960","1965","International rally — pre-WRC","Pirelli","technical paper","2"
"W03_FM_STIFFNESS_TRANSIENT","1950","1959","Sports racing / prototypes — 1950-1963","Pirelli","thesis/dissertation","2"
"W03_FM_STIFFNESS_TRANSIENT","1997","2001","FIA GT — 1997-2009","Michelin","supplier technical paper","2"
"W03_FM_STIFFNESS_TRANSIENT","1977","1981","Group 4 Special GT — 1970-1981","Firestone","supplier technical paper","2"
"W03_FM_STIFFNESS_TRANSIENT","1966","1971","Sports racing / prototypes — 1964-1971","Michelin","government technical report","2"
"W03_FM_STIFFNESS_TRANSIENT","1950","1959","US GT / sports racing — pre-IMSA GT","Firestone","technical paper","2"
"W03_FM_STIFFNESS_TRANSIENT","1992","1996","CART / Indy-car","Dunlop","thesis/dissertation","2"
"W03_FM_STIFFNESS_TRANSIENT","1977","1981","Group 4 Special GT — 1970-1981","Avon","technical paper","2"
"W03_FM_STIFFNESS_TRANSIENT","1960","1965","US GT / sports racing — pre-IMSA GT","Avon","supplier technical paper","2"
"W03_FM_STIFFNESS_TRANSIENT","1997","2001","CART / Indy-car","Michelin","peer-reviewed paper","2"
"W03_FM_STIFFNESS_TRANSIENT","1982","1986","Group C","Goodyear","supplier technical paper","2"
"W03_FM_STIFFNESS_TRANSIENT","1972","1976","Sports racing / prototypes — 1972-1981","Dunlop","supplier technical paper","2"
"W03_FM_STIFFNESS_TRANSIENT","1966","1970","US GT / sports racing — pre-IMSA GT","Dunlop","test methodology","2"
"W03_FM_STIFFNESS_TRANSIENT","1972","1976","Group 4 Special GT — 1970-1981","Avon","technical paper","2"
"W03_FM_STIFFNESS_TRANSIENT","1950","1959","Sports racing / prototypes — 1950-1963","Michelin","thesis/dissertation","2"
"W03_FM_STIFFNESS_TRANSIENT","1960","1965","Historic Racing Reference","Pirelli","peer-reviewed paper","2"
"W03_FM_STIFFNESS_TRANSIENT","1982","1986","IMSA GT — 1982-1993","Firestone","test methodology","2"
"W03_FM_STIFFNESS_TRANSIENT","1966","1971","Sports racing / prototypes — 1964-1971","Dunlop","government technical report","2"
"W03_FM_STIFFNESS_TRANSIENT","2002","2009","FIA GT — 1997-2009","Avon","test methodology","2"
"W03_FM_STIFFNESS_TRANSIENT","1987","1991","Japanese GT / touring — pre-JGTC","Pirelli","technical paper","2"
"W03_FM_STIFFNESS_TRANSIENT","1950","1959","US GT / sports racing — pre-IMSA GT","Goodyear","technical paper","2"
"W03_FM_STIFFNESS_TRANSIENT","1997","1999","JGTC — 1994-1999 (GT1/GT2 terminology)","Michelin","test methodology","2"
"W03_FM_STIFFNESS_TRANSIENT","2005","2010","SUPER GT — 2005-2010","Bridgestone/other","technical paper","2"
"W03_FM_STIFFNESS_TRANSIENT","1987","1974","Can-Am — original","Pirelli","thesis/dissertation","2"
"W03_FM_STIFFNESS_TRANSIENT","1950","1959","Sports racing / prototypes — 1950-1963","Goodyear","supplier technical paper","2"
"W03_FM_STIFFNESS_TRANSIENT","1992","1974","Can-Am — original","Dunlop","peer-reviewed paper","2"
"W03_FM_STIFFNESS_TRANSIENT","1977","1981","Group 4 Special GT — 1970-1981","Avon","supplier technical paper","2"
"W03_FM_STIFFNESS_TRANSIENT","1972","1976","Formula Ford — 1967-1976","Michelin","supplier technical paper","2"
"W03_FM_STIFFNESS_TRANSIENT","1950","1959","Touring / saloon racing — pre-1963","Goodyear","peer-reviewed paper","2"
"W03_FM_STIFFNESS_TRANSIENT","1994","1996","JGTC — 1994-1999 (GT1/GT2 terminology)","Bridgestone/other","supplier technical paper","2"
"W03_FM_STIFFNESS_TRANSIENT","1977","1981","Formula Ford — 1977-1981","Bridgestone/other","test methodology","2"
"W03_FM_STIFFNESS_TRANSIENT","1963","1965","Group 2 / ETCC — 1963-1969","Pirelli","government technical report","2"
"W03_FM_STIFFNESS_TRANSIENT","1997","1999","JGTC — 1994-1999 (GT1/GT2 terminology)","Firestone","test methodology","2"
"W03_FM_STIFFNESS_TRANSIENT","1950","1959","Sports racing / prototypes — 1950-1963","Dunlop","supplier technical paper","2"
"W03_FM_STIFFNESS_TRANSIENT","1992","1996","Historic Racing Reference","Dunlop","test methodology","2"
"W03_FM_STIFFNESS_TRANSIENT","1977","1981","Group 4 Special GT — 1970-1981","Avon","government technical report","2"
"W03_FM_STIFFNESS_TRANSIENT","1960","1963","Sports racing / prototypes — 1950-1963","Michelin","test methodology","2"
"W03_FM_STIFFNESS_TRANSIENT","1997","2001","Historic Racing Reference","Michelin","technical paper","2"
"W03_FM_STIFFNESS_TRANSIENT","1972","1976","Group 4 Special GT — 1970-1981","Goodyear","peer-reviewed paper","2"
"W03_FM_STIFFNESS_TRANSIENT","1950","1959","Sports racing / prototypes — 1950-1963","Bridgestone/other","supplier technical paper","2"
"W04_WET_INTERMEDIATE","1950","1959","Formula 1 — early World Championship","Dunlop","technical paper","2"
"W04_WET_INTERMEDIATE","1993","1996","Le Mans Prototype transition","Avon","supplier motorsport document","2"
"W04_WET_INTERMEDIATE","1977","1981","General Racing Tire","Michelin","technical paper","2"
"W04_WET_INTERMEDIATE","1960","1965","Formula 1 — early World Championship","Firestone","period technical/race article","2"
"W04_WET_INTERMEDIATE","1950","1959","Sports racing / prototypes — 1950-1963","Michelin","government technical report","2"
"W04_WET_INTERMEDIATE","1960","1963","Sports racing / prototypes — 1950-1963","Pirelli","technical paper","2"
"W04_WET_INTERMEDIATE","1982","1986","World Rally Championship — 1979-1986","Dunlop","technical paper","2"
"W04_WET_INTERMEDIATE","1972","1976","Formula 1 — 3-litre/cross-ply-to-radial transition","Goodyear","technical paper","2"
"W04_WET_INTERMEDIATE","1950","1959","Touring / saloon racing — pre-1963","Bridgestone/other","supplier motorsport document","2"
"W04_WET_INTERMEDIATE","1992","1996","General Tire Mechanics","Pirelli","technical paper","2"
"W04_WET_INTERMEDIATE","1963","1965","Group 2 / ETCC — 1963-1969","Firestone","government technical report","2"
"W04_WET_INTERMEDIATE","1950","1959","Japanese GT / touring — pre-JGTC","Firestone","technical paper","2"
"W04_WET_INTERMEDIATE","1982","1984","Formula 2 — 1972-1984","Bridgestone/other","period race report / technical feature","2"
"W04_WET_INTERMEDIATE","1977","1981","Rallycross — 1967-1981","Michelin","government technical report","2"
"W04_WET_INTERMEDIATE","1972","1976","Japanese GT / touring — pre-JGTC","Michelin","technical paper","2"
"W04_WET_INTERMEDIATE","1997","2001","Formula 3 — 1991-2010","Goodyear","period race report / technical feature","2"
"W04_WET_INTERMEDIATE","1982","1986","World Rally Championship — 1979-1986","Bridgestone/other","technical report","2"
"W04_WET_INTERMEDIATE","1966","1971","Formula 1 — 3-litre/cross-ply-to-radial transition","Pirelli","period race report / technical feature","2"
"W04_WET_INTERMEDIATE","1960","1963","Sports racing / prototypes — 1950-1963","Pirelli","technical report","2"
"W04_WET_INTERMEDIATE","2002","2010","Formula 3 — 1991-2010","Michelin","technical paper","2"
"W04_WET_INTERMEDIATE","1972","1976","Formula 1 — 3-litre/cross-ply-to-radial transition","Dunlop","technical paper","2"
"W04_WET_INTERMEDIATE","1960","1965","USAC Championship Car / Indianapolis","Firestone","period race report / technical feature","2"
"W04_WET_INTERMEDIATE","1966","1971","USAC Championship Car / Indianapolis","Avon","technical paper","2"
"W04_WET_INTERMEDIATE","2002","2009","FIA GT — 1997-2009","Michelin","supplier motorsport document","2"
"W04_WET_INTERMEDIATE","1987","1991","International Formula 3000","Goodyear","technical paper","2"
"W04_WET_INTERMEDIATE","1950","1959","Sports racing / prototypes — 1950-1963","Bridgestone/other","government technical report","2"
"W04_WET_INTERMEDIATE","1950","1959","Sports racing / prototypes — 1950-1963","Dunlop","government technical report","2"
"W04_WET_INTERMEDIATE","1960","1963","Sports racing / prototypes — 1950-1963","Michelin","technical report","2"
"W04_WET_INTERMEDIATE","1987","1991","Historic Racing Reference","Firestone","period technical/race article","2"
"W04_WET_INTERMEDIATE","1972","1976","Group 4 Special GT — 1970-1981","Dunlop","government technical report","2"
"W04_WET_INTERMEDIATE","1997","2001","General Tire Mechanics","Pirelli","technical paper","2"
"W04_WET_INTERMEDIATE","1987","1991","Group C","Michelin","technical paper","2"
"W04_WET_INTERMEDIATE","1950","1959","Japanese GT / touring — pre-JGTC","Bridgestone/other","technical paper","2"
"W04_WET_INTERMEDIATE","1992","1996","Historic Racing Reference","Avon","period race report / technical feature","2"
"W04_WET_INTERMEDIATE","1977","1981","IMSA GT — 1971-1981","Michelin","technical report","2"
"W04_WET_INTERMEDIATE","1960","1965","USAC Championship Car / Indianapolis","Goodyear","period race report / technical feature","2"
"W04_WET_INTERMEDIATE","1997","2001","Historic Racing Reference","Dunlop","technical paper","2"
"W04_WET_INTERMEDIATE","1992","1996","Formula 3 — 1991-2010","Firestone","technical paper","2"
"W04_WET_INTERMEDIATE","1950","1959","Sports racing / prototypes — 1950-1963","Bridgestone/other","period race report / technical feature","2"
"W04_WET_INTERMEDIATE","1994","1996","GT2 / GTS — 1994-2004 sanction-specific","Pirelli","technical report","2"
"W04_WET_INTERMEDIATE","1977","1981","Historic Racing Reference","Firestone","period race report / technical feature","2"
"W04_WET_INTERMEDIATE","1997","2001","GT2 / GTS — 1994-2004 sanction-specific","Dunlop","supplier motorsport document","2"
"W04_WET_INTERMEDIATE","1982","1986","Historic Racing Reference","Avon","technical paper","2"
"W04_WET_INTERMEDIATE","1977","1981","Group 2 / ETCC — 1976-1981","Michelin","technical paper","2"
"W04_WET_INTERMEDIATE","1960","1965","Japanese GT / touring — pre-JGTC","Goodyear","supplier motorsport document","2"
"W04_WET_INTERMEDIATE","1966","1971","Japanese GT / touring — pre-JGTC","Pirelli","government technical report","2"
"W04_WET_INTERMEDIATE","1987","1991","Group A touring — 1982-1992","Goodyear","period race report / technical feature","2"
"W04_WET_INTERMEDIATE","1960","1963","Sports racing / prototypes — 1950-1963","Dunlop","technical paper","2"
"W04_WET_INTERMEDIATE","2002","1969","Group 4 Sports Cars — 1966-1969","Michelin","period race report / technical feature","2"
"W04_WET_INTERMEDIATE","1987","1991","Group C","Goodyear","technical report","2"
"W04_WET_INTERMEDIATE","1972","1976","Sports racing / prototypes — 1972-1981","Bridgestone/other","period race report / technical feature","2"
"W04_WET_INTERMEDIATE","1950","1959","Touring / saloon racing — pre-1963","Avon","technical paper","2"
"W04_WET_INTERMEDIATE","1993","1996","Formula Ford — 1993-2010","Pirelli","supplier motorsport document","2"
"W04_WET_INTERMEDIATE","1977","1981","Group 2 / ETCC — 1976-1981","Firestone","technical paper","2"
"W04_WET_INTERMEDIATE","1950","1959","Sports racing / prototypes — 1950-1963","Michelin","period race report / technical feature","2"
"W04_WET_INTERMEDIATE","1972","1976","IMSA GT — 1971-1981","Dunlop","technical paper","2"
"W04_WET_INTERMEDIATE","1950","1959","Historic Racing Reference","Avon","supplier motorsport document","2"
"W04_WET_INTERMEDIATE","1992","1993","Group C","Michelin","technical paper","2"
"W04_WET_INTERMEDIATE","1960","1963","Sports racing / prototypes — 1950-1963","Bridgestone/other","technical paper","2"
"W04_WET_INTERMEDIATE","1977","1981","NASCAR stock car — 1972-1991","Michelin","period technical/race article","2"
"W04_WET_INTERMEDIATE","1960","1965","Historic Racing Reference","Goodyear","government technical report","2"
"W04_WET_INTERMEDIATE","1982","1986","NASCAR stock car — 1972-1991","Avon","period race report / technical feature","2"
"W04_WET_INTERMEDIATE","1950","1959","Touring / saloon racing — pre-1963","Pirelli","technical paper","2"
"W04_WET_INTERMEDIATE","1993","1996","Le Mans Prototype transition","Pirelli","period technical/race article","2"
"W04_WET_INTERMEDIATE","1977","1981","General Racing Tire","Firestone","government technical report","2"
"W04_WET_INTERMEDIATE","1997","1999","Le Mans Prototype transition","Dunlop","period race report / technical feature","2"
"W04_WET_INTERMEDIATE","1982","1986","General Racing Tire","Avon","technical report","2"
"W04_WET_INTERMEDIATE","1966","1971","Trans-Am — 1966-1972","Michelin","period race report / technical feature","2"
"W04_WET_INTERMEDIATE","1950","1959","Sports racing / prototypes — 1950-1963","Firestone","period race report / technical feature","2"
"W04_WET_INTERMEDIATE","2002","1993","IMSA GTP","Firestone","technical paper","2"
"W04_WET_INTERMEDIATE","1960","1963","Sports racing / prototypes — 1950-1963","Avon","technical paper","2"
"W04_WET_INTERMEDIATE","1963","1965","Group 2 / ETCC — 1963-1969","Goodyear","period race report / technical feature","2"
"W04_WET_INTERMEDIATE","1997","2001","General Tire Mechanics","Bridgestone/other","technical report","2"
"W04_WET_INTERMEDIATE","1966","1969","Group 2 / ETCC — 1963-1969","Pirelli","technical paper","2"
"W04_WET_INTERMEDIATE","2002","2010","General Tire Mechanics","Firestone","supplier motorsport document","2"
"W04_WET_INTERMEDIATE","1987","1991","NASCAR stock car — 1972-1991","Dunlop","technical paper","2"
"W04_WET_INTERMEDIATE","1950","1959","Touring / saloon racing — pre-1963","Michelin","technical paper","2"
"W04_WET_INTERMEDIATE","1950","1959","Sports racing / prototypes — 1950-1963","Goodyear","period race report / technical feature","2"
"W04_WET_INTERMEDIATE","1982","1986","World Rally Championship — 1979-1986","Avon","technical paper","2"
"W04_WET_INTERMEDIATE","1972","1976","Formula 1 — 3-litre/cross-ply-to-radial transition","Bridgestone/other","government technical report","2"
"W04_WET_INTERMEDIATE","1994","1996","BPR Global GT","Michelin","period race report / technical feature","2"
"W04_WET_INTERMEDIATE","1977","1981","Formula 2 — 1972-1984","Firestone","technical report","2"
"W04_WET_INTERMEDIATE","1963","1965","Group 2 / ETCC — 1963-1969","Dunlop","period race report / technical feature","2"
"W04_WET_INTERMEDIATE","1992","1996","Formula 3 — 1991-2010","Michelin","technical report","2"
"W04_WET_INTERMEDIATE","1977","1981","Rallycross — 1967-1981","Goodyear","period race report / technical feature","2"
"W04_WET_INTERMEDIATE","1997","2001","Formula 3 — 1991-2010","Bridgestone/other","supplier motorsport document","2"
"W04_WET_INTERMEDIATE","1982","1986","World Rally Championship — 1979-1986","Pirelli","technical paper","2"
"W04_WET_INTERMEDIATE","1977","1981","IMSA GT — 1971-1981","Firestone","technical paper","2"
"W04_WET_INTERMEDIATE","1960","1965","USAC Championship Car / Indianapolis","Dunlop","supplier motorsport document","2"
"W04_WET_INTERMEDIATE","1997","2001","FIA GT — 1997-2009","Avon","technical paper","2"
"W04_WET_INTERMEDIATE","1950","1959","Touring / saloon racing — pre-1963","Dunlop","technical paper","2"
"W04_WET_INTERMEDIATE","1966","1971","USAC Championship Car / Indianapolis","Michelin","government technical report","2"
"W05_CONSTRUCTION_MATERIALS","1987","1991","Formula 1 — turbo/radial slick era","Dunlop","patent","2"
"W05_CONSTRUCTION_MATERIALS","1972","1976","Sports racing / prototypes — 1972-1981","Avon","patent or technical catalog","2"
"W05_CONSTRUCTION_MATERIALS","1950","1959","General Racing Tire","Michelin","patent","2"
"W05_CONSTRUCTION_MATERIALS","1992","1996","Formula 1 — 1990s radial slick/grooved transition","Firestone","government monograph","2"
"W05_CONSTRUCTION_MATERIALS","2002","2010","Formula 1 — grooved-to-slick-return era","Goodyear","patent","2"
"W05_CONSTRUCTION_MATERIALS","1987","1991","Group A touring — 1982-1992","Bridgestone/other","patent or technical catalog","2"
"W05_CONSTRUCTION_MATERIALS","1972","1976","General Tire Mechanics","Pirelli","patent","2"
"W05_CONSTRUCTION_MATERIALS","1977","1981","Group 4 Special GT — 1970-1981","Avon","patent or technical catalog","2"
"W05_CONSTRUCTION_MATERIALS","1956","1959","Formula 2 — 1956-1960","Pirelli","government monograph","2"
"W05_CONSTRUCTION_MATERIALS","1993","1996","DTM / ITC — Class 1","Firestone","technical paper","2"
"W05_CONSTRUCTION_MATERIALS","1977","1981","General Tire Mechanics","Dunlop","government monograph","2"
"W05_CONSTRUCTION_MATERIALS","1966","1971","Sports racing / prototypes — 1964-1971","Bridgestone/other","government monograph","2"
"W05_CONSTRUCTION_MATERIALS","1964","1965","Formula 2 — 1964-1966","Bridgestone/other","peer-reviewed paper","2"
"W05_CONSTRUCTION_MATERIALS","1974","1976","Formula 3 — 1974-1986","Avon","government monograph","2"
"W05_CONSTRUCTION_MATERIALS","1950","1959","International rally — pre-WRC","Michelin","technical paper","2"
"W05_CONSTRUCTION_MATERIALS","1977","1981","Formula 3 — 1974-1986","Goodyear","peer-reviewed paper","2"
"W05_CONSTRUCTION_MATERIALS","1960","1965","International rally — pre-WRC","Bridgestone/other","materials technical paper","2"
"W05_CONSTRUCTION_MATERIALS","1997","2001","Formula 1 — 1990s radial slick/grooved transition","Pirelli","peer-reviewed paper","2"
"W05_CONSTRUCTION_MATERIALS","1972","1976","Group 4 Special GT — 1970-1981","Goodyear","materials technical paper","2"
"W05_CONSTRUCTION_MATERIALS","1950","1959","Sports racing / prototypes — 1950-1963","Bridgestone/other","peer-reviewed paper","2"
"W05_CONSTRUCTION_MATERIALS","1982","1986","Formula 3 — 1974-1986","Michelin","patent","2"
"W05_CONSTRUCTION_MATERIALS","2002","2010","Formula 1 — grooved-to-slick-return era","Dunlop","patent","2"
"W05_CONSTRUCTION_MATERIALS","1977","1981","Group 4 Special GT — 1970-1981","Pirelli","patent or technical catalog","2"
"W05_CONSTRUCTION_MATERIALS","1966","1971","Sports racing / prototypes — 1964-1971","Avon","government monograph","2"
"W05_CONSTRUCTION_MATERIALS","1992","1996","CART / Indy-car","Firestone","peer-reviewed paper","2"
"W05_CONSTRUCTION_MATERIALS","1997","2001","CART / Indy-car","Avon","patent","2"
"W05_CONSTRUCTION_MATERIALS","1982","1986","Group C","Michelin","patent or technical catalog","2"
"W05_CONSTRUCTION_MATERIALS","1967","1971","Formula 2 — 1967-1971","Goodyear","patent","2"
"W05_CONSTRUCTION_MATERIALS","1972","1976","Sports racing / prototypes — 1972-1981","Firestone","patent or technical catalog","2"
"W05_CONSTRUCTION_MATERIALS","2002","2003","CART / Indy-car","Dunlop","government monograph","2"
"W05_CONSTRUCTION_MATERIALS","1987","1991","Group C","Bridgestone/other","technical paper","2"
"W05_CONSTRUCTION_MATERIALS","1974","1976","Formula 3 — 1974-1986","Pirelli","government monograph","2"
"W05_CONSTRUCTION_MATERIALS","1977","1981","Sports racing / prototypes — 1972-1981","Avon","technical paper","2"
"W05_CONSTRUCTION_MATERIALS","1972","1976","Group 4 Special GT — 1970-1981","Dunlop","materials technical paper","2"
"W05_CONSTRUCTION_MATERIALS","1950","1959","Sports racing / prototypes — 1950-1963","Avon","peer-reviewed paper","2"
"W05_CONSTRUCTION_MATERIALS","1977","1981","Group 4 Special GT — 1970-1981","Michelin","patent or technical catalog","2"
"W05_CONSTRUCTION_MATERIALS","2002","2009","FIA GT — 1997-2009","Dunlop","technical paper","2"
"W05_CONSTRUCTION_MATERIALS","1987","1991","CART / Indy-car","Avon","government monograph","2"
"W05_CONSTRUCTION_MATERIALS","1972","1976","Sports racing / prototypes — 1972-1981","Avon","peer-reviewed paper","2"
"W05_CONSTRUCTION_MATERIALS","1950","1959","US GT / sports racing — pre-IMSA GT","Michelin","materials technical paper","2"
"W05_CONSTRUCTION_MATERIALS","1992","1996","CART / Indy-car","Goodyear","peer-reviewed paper","2"
"W05_CONSTRUCTION_MATERIALS","1977","1981","Sports racing / prototypes — 1972-1981","Dunlop","patent","2"
"W05_CONSTRUCTION_MATERIALS","1982","1986","Group C","Goodyear","patent or technical catalog","2"
"W05_CONSTRUCTION_MATERIALS","1972","1976","Sports racing / prototypes — 1972-1981","Goodyear","patent or technical catalog","2"
"W05_CONSTRUCTION_MATERIALS","1977","1981","Sports racing / prototypes — 1972-1981","Michelin","technical paper","2"
"W05_CONSTRUCTION_MATERIALS","1987","1974","Can-Am — original","Bridgestone/other","peer-reviewed paper","2"
"W05_CONSTRUCTION_MATERIALS","1972","1976","Group 4 Special GT — 1970-1981","Pirelli","materials technical paper","2"
"W05_CONSTRUCTION_MATERIALS","1950","1959","Sports racing / prototypes — 1950-1963","Firestone","peer-reviewed paper","2"
"W05_CONSTRUCTION_MATERIALS","1950","1959","Sports racing / prototypes — 1950-1963","Pirelli","peer-reviewed paper","2"
"W05_CONSTRUCTION_MATERIALS","1992","1974","Can-Am — original","Firestone","patent","2"
"W05_CONSTRUCTION_MATERIALS","1977","1981","Group 4 Special GT — 1970-1981","Dunlop","patent or technical catalog","2"
"W05_CONSTRUCTION_MATERIALS","1960","1965","Historic Racing Reference","Avon","patent","2"
"W05_CONSTRUCTION_MATERIALS","1977","1981","Group 4 Special GT — 1970-1981","Goodyear","patent or technical catalog","2"
"W05_CONSTRUCTION_MATERIALS","1997","1974","Can-Am — original","Pirelli","government monograph","2"
"W05_CONSTRUCTION_MATERIALS","1972","1976","Group 4 Special GT — 1970-1981","Firestone","technical paper","2"
"W05_CONSTRUCTION_MATERIALS","1950","1959","Touring / saloon racing — pre-1963","Michelin","patent","2"
"W05_CONSTRUCTION_MATERIALS","1994","1996","JGTC — 1994-1999 (GT1/GT2 terminology)","Goodyear","patent or technical catalog","2"
"W05_CONSTRUCTION_MATERIALS","1963","1965","Group 2 / ETCC — 1963-1969","Bridgestone/other","government monograph","2"
"W05_CONSTRUCTION_MATERIALS","1997","1999","JGTC — 1994-1999 (GT1/GT2 terminology)","Pirelli","technical paper","2"
"W05_CONSTRUCTION_MATERIALS","1982","1986","Historic Racing Reference","Firestone","government monograph","2"
"W05_CONSTRUCTION_MATERIALS","1966","1969","Group 2 / ETCC — 1963-1969","Goodyear","peer-reviewed paper","2"
"W05_CONSTRUCTION_MATERIALS","1987","1974","Can-Am — original","Avon","peer-reviewed paper","2"
"W05_CONSTRUCTION_MATERIALS","1977","1981","Group 4 Special GT — 1970-1981","Dunlop","government monograph","2"
"W05_CONSTRUCTION_MATERIALS","1982","1986","Group C","Michelin","peer-reviewed paper","2"
"W05_CONSTRUCTION_MATERIALS","1966","1971","Sports racing / prototypes — 1964-1971","Goodyear","materials technical paper","2"
"W05_CONSTRUCTION_MATERIALS","2002","1974","Can-Am — original","Bridgestone/other","peer-reviewed paper","2"
"W05_CONSTRUCTION_MATERIALS","1987","1991","Trans-Am — 1982-2001","Avon","patent","2"
"W05_CONSTRUCTION_MATERIALS","1972","1976","Formula Ford — 1967-1976","Pirelli","patent or technical catalog","2"
"W05_CONSTRUCTION_MATERIALS","1950","1959","Touring / saloon racing — pre-1963","Firestone","patent","2"
"W05_CONSTRUCTION_MATERIALS","2002","1972","Trans-Am — 1966-1972","Dunlop","patent","2"
"W05_CONSTRUCTION_MATERIALS","1987","1991","Historic Racing Reference","Avon","patent or technical catalog","2"
"W05_CONSTRUCTION_MATERIALS","1950","1959","Sports racing / prototypes — 1950-1963","Goodyear","patent or technical catalog","2"
"W05_CONSTRUCTION_MATERIALS","1950","1959","NASCAR stock car — 1950-1971","Michelin","government monograph","2"
"W05_CONSTRUCTION_MATERIALS","1992","1996","Historic Racing Reference","Goodyear","technical paper","2"
"W05_CONSTRUCTION_MATERIALS","1960","1965","NASCAR stock car — 1950-1971","Avon","peer-reviewed paper","2"
"W05_CONSTRUCTION_MATERIALS","1972","1976","Sports racing / prototypes — 1972-1981","Pirelli","government monograph","2"
"W05_CONSTRUCTION_MATERIALS","1950","1959","General Racing Tire","Firestone","technical paper","2"
"W05_CONSTRUCTION_MATERIALS","1992","1996","Trans-Am — 1982-2001","Dunlop","government monograph","2"
"W05_CONSTRUCTION_MATERIALS","1977","1981","Sports racing / prototypes — 1972-1981","Dunlop","peer-reviewed paper","2"
"W05_CONSTRUCTION_MATERIALS","1960","1965","General Racing Tire","Avon","materials technical paper","2"
"W05_CONSTRUCTION_MATERIALS","1997","2001","Trans-Am — 1982-2001","Michelin","peer-reviewed paper","2"
"W05_CONSTRUCTION_MATERIALS","1982","1986","IMSA GTP","Firestone","patent","2"
"W05_CONSTRUCTION_MATERIALS","1972","1976","Group 4 Special GT — 1970-1981","Firestone","patent","2"
"W05_CONSTRUCTION_MATERIALS","1950","1959","Sports racing / prototypes — 1950-1963","Dunlop","patent or technical catalog","2"
"W05_CONSTRUCTION_MATERIALS","1993","1996","DTM / ITC — Class 1","Goodyear","peer-reviewed paper","2"
"W05_CONSTRUCTION_MATERIALS","1977","1981","General Tire Mechanics","Bridgestone/other","materials technical paper","2"
"W05_CONSTRUCTION_MATERIALS","1966","1971","Sports racing / prototypes — 1964-1971","Avon","materials technical paper","2"
"W05_CONSTRUCTION_MATERIALS","2000","2001","DTM — silhouette era","Pirelli","patent","2"
"W05_CONSTRUCTION_MATERIALS","1982","1986","General Tire Mechanics","Firestone","patent or technical catalog","2"
"W05_CONSTRUCTION_MATERIALS","1966","1971","NASCAR stock car — 1950-1971","Dunlop","patent","2"
"W05_CONSTRUCTION_MATERIALS","1972","1976","Sports racing / prototypes — 1972-1981","Michelin","government monograph","2"
"W05_CONSTRUCTION_MATERIALS","1960","1965","International rally — pre-WRC","Avon","patent","2"
"W05_CONSTRUCTION_MATERIALS","1966","1971","International rally — pre-WRC","Goodyear","government monograph","2"
"W05_CONSTRUCTION_MATERIALS","2002","2010","Formula 1 — grooved-to-slick-return era","Bridgestone/other","technical paper","2"
"W05_CONSTRUCTION_MATERIALS","1977","1981","Group 4 Special GT — 1970-1981","Michelin","government monograph","2"
"W05_CONSTRUCTION_MATERIALS","1966","1971","Sports racing / prototypes — 1964-1971","Pirelli","materials technical paper","2"
"W05_CONSTRUCTION_MATERIALS","1950","1959","Sports racing / prototypes — 1950-1963","Pirelli","patent or technical catalog","2"
"W05_CONSTRUCTION_MATERIALS","1977","1981","Group 4 Special GT — 1970-1981","Firestone","government monograph","2"
"W06_SUPPLIER_COMPOUNDS","1966","1971","Formula 1 — 3-litre/cross-ply-to-radial transition","Dunlop","period race report / technical feature","2"
"W06_SUPPLIER_COMPOUNDS","2002","1993","IMSA GTP","Avon","entry list/program","2"
"W06_SUPPLIER_COMPOUNDS","1987","1991","General Racing Tire","Michelin","period race report / technical feature","2"
"W06_SUPPLIER_COMPOUNDS","1972","1976","Formula 1 — 3-litre/cross-ply-to-radial transition","Firestone","event/regulatory bulletin","2"
"W06_SUPPLIER_COMPOUNDS","1982","1986","Formula 1 — turbo/radial slick era","Goodyear","period race report / technical feature","2"
"W06_SUPPLIER_COMPOUNDS","1966","1969","Group 2 / ETCC — 1963-1969","Bridgestone/other","entry list/program","2"
"W06_SUPPLIER_COMPOUNDS","2002","2010","General Tire Mechanics","Pirelli","period race report / technical feature","2"
"W06_SUPPLIER_COMPOUNDS","1987","1991","International Formula 3000","Pirelli","event/regulatory bulletin","2"
"W06_SUPPLIER_COMPOUNDS","1972","1975","Group 2 / ETCC — 1970-1975","Firestone","supplier catalog/manual","2"
"W06_SUPPLIER_COMPOUNDS","1950","1959","General Tire Mechanics","Dunlop","event/regulatory bulletin","2"
"W06_SUPPLIER_COMPOUNDS","1992","1996","International Formula 3000","Bridgestone/other","supplier technical/press document","2"
"W06_SUPPLIER_COMPOUNDS","1950","1959","Sports racing / prototypes — 1950-1963","Michelin","period technical/race article","2"
"W06_SUPPLIER_COMPOUNDS","2002","2010","Formula 3 — 1991-2010","Avon","event/regulatory bulletin","2"
"W06_SUPPLIER_COMPOUNDS","1987","1991","World Rally Championship — 1987-2001","Michelin","supplier catalog/manual","2"
"W06_SUPPLIER_COMPOUNDS","1958","1959","Formula Junior","Goodyear","supplier technical/press document","2"
"W06_SUPPLIER_COMPOUNDS","1992","1996","World Rally Championship — 1987-2001","Bridgestone/other","period technical/race article","2"
"W06_SUPPLIER_COMPOUNDS","1977","1981","Formula 1 — 3-litre/cross-ply-to-radial transition","Pirelli","supplier technical/press document","2"
"W06_SUPPLIER_COMPOUNDS","1960","1963","Formula Junior","Michelin","period race report / technical feature","2"
"W06_SUPPLIER_COMPOUNDS","1982","1986","Formula 1 — turbo/radial slick era","Dunlop","period race report / technical feature","2"
"W06_SUPPLIER_COMPOUNDS","1972","1976","USAC Championship Car / Indianapolis","Firestone","supplier technical/press document","2"
"W06_SUPPLIER_COMPOUNDS","1950","1959","Sports racing / prototypes — 1950-1963","Firestone","period technical/race article","2"
"W06_SUPPLIER_COMPOUNDS","1979","1981","CART / Indy-car","Avon","period race report / technical feature","2"
"W06_SUPPLIER_COMPOUNDS","1960","1963","Sports racing / prototypes — 1950-1963","Michelin","entry list/program","2"
"W06_SUPPLIER_COMPOUNDS","1997","2001","International Formula 3000","Goodyear","period race report / technical feature","2"
"W06_SUPPLIER_COMPOUNDS","1982","1986","CART / Indy-car","Dunlop","event/regulatory bulletin","2"
"W06_SUPPLIER_COMPOUNDS","1966","1969","GT40-era endurance","Bridgestone/other","supplier catalog/manual","2"
"W06_SUPPLIER_COMPOUNDS","2002","2010","Formula 3 — 1991-2010","Pirelli","event/regulatory bulletin","2"
"W06_SUPPLIER_COMPOUNDS","1950","1959","Sports racing / prototypes — 1950-1963","Avon","supplier catalog/manual","2"
"W06_SUPPLIER_COMPOUNDS","1997","2001","Historic Racing Reference","Firestone","event/regulatory bulletin","2"
"W06_SUPPLIER_COMPOUNDS","1982","1986","Group C","Dunlop","supplier catalog/manual","2"
"W06_SUPPLIER_COMPOUNDS","1966","1971","USAC Championship Car / Indianapolis","Avon","event/regulatory bulletin","2"
"W06_SUPPLIER_COMPOUNDS","2002","2010","Historic Racing Reference","Avon","supplier technical/press document","2"
"W06_SUPPLIER_COMPOUNDS","1987","1991","IMSA GT — 1982-1993","Michelin","period technical/race article","2"
"W06_SUPPLIER_COMPOUNDS","1972","1976","USAC Championship Car / Indianapolis","Goodyear","supplier technical/press document","2"
"W06_SUPPLIER_COMPOUNDS","1950","1959","Sports racing / prototypes — 1950-1963","Dunlop","period race report / technical feature","2"
"W06_SUPPLIER_COMPOUNDS","1966","1971","Can-Am — original","Bridgestone/other","supplier technical/press document","2"
"W06_SUPPLIER_COMPOUNDS","2005","2010","GT2 / GTS — 2005-2010 sanction-specific","Pirelli","period technical/race article","2"
"W06_SUPPLIER_COMPOUNDS","1987","1991","Historic Racing Reference","Firestone","supplier technical/press document","2"
"W06_SUPPLIER_COMPOUNDS","1972","1976","Sports racing / prototypes — 1972-1981","Firestone","period race report / technical feature","2"
"W06_SUPPLIER_COMPOUNDS","1950","1959","US GT / sports racing — pre-IMSA GT","Dunlop","entry list/program","2"
"W06_SUPPLIER_COMPOUNDS","1992","1996","Historic Racing Reference","Avon","period race report / technical feature","2"
"W06_SUPPLIER_COMPOUNDS","1977","1981","Can-Am — revival","Pirelli","event/regulatory bulletin","2"
"W06_SUPPLIER_COMPOUNDS","1987","1991","Group A touring — 1982-1992","Michelin","period race report / technical feature","2"
"W06_SUPPLIER_COMPOUNDS","1972","1976","Japanese GT / touring — pre-JGTC","Goodyear","entry list/program","2"
"W06_SUPPLIER_COMPOUNDS","1950","1959","Sports racing / prototypes — 1950-1963","Bridgestone/other","period race report / technical feature","2"
"W06_SUPPLIER_COMPOUNDS","1993","1996","Group A / production touring — 1993-2001","Bridgestone/other","event/regulatory bulletin","2"
"W06_SUPPLIER_COMPOUNDS","1977","1981","Japanese GT / touring — pre-JGTC","Pirelli","supplier catalog/manual","2"
"W06_SUPPLIER_COMPOUNDS","1960","1965","Historic Racing Reference","Firestone","event/regulatory bulletin","2"
"W06_SUPPLIER_COMPOUNDS","1997","2001","Group A / production touring — 1993-2001","Goodyear","supplier technical/press document","2"
"W06_SUPPLIER_COMPOUNDS","1966","1971","Can-Am — original","Avon","supplier technical/press document","2"
"W06_SUPPLIER_COMPOUNDS","1950","1959","Sports racing / prototypes — 1950-1963","Dunlop","event/regulatory bulletin","2"
"W06_SUPPLIER_COMPOUNDS","1960","1963","Sports racing / prototypes — 1950-1963","Michelin","supplier technical/press document","2"
"W06_SUPPLIER_COMPOUNDS","1997","1999","Le Mans Prototype transition","Goodyear","period technical/race article","2"
"W06_SUPPLIER_COMPOUNDS","1982","1986","Can-Am — revival","Bridgestone/other","supplier technical/press document","2"
"W06_SUPPLIER_COMPOUNDS","1966","1971","Trans-Am — 1966-1972","Avon","period race report / technical feature","2"
"W06_SUPPLIER_COMPOUNDS","2002","2010","Formula Ford — 1993-2010","Pirelli","entry list/program","2"
"W06_SUPPLIER_COMPOUNDS","1987","1991","Group A touring — 1982-1992","Firestone","period race report / technical feature","2"
"W06_SUPPLIER_COMPOUNDS","1950","1959","Sports racing / prototypes — 1950-1963","Avon","period race report / technical feature","2"
"W06_SUPPLIER_COMPOUNDS","1982","1986","Trans-Am — 1982-2001","Dunlop","period race report / technical feature","2"
"W06_SUPPLIER_COMPOUNDS","1966","1971","Historic Racing Reference","Avon","entry list/program","2"
"W06_SUPPLIER_COMPOUNDS","2002","1969","Group 4 Sports Cars — 1966-1969","Michelin","period race report / technical feature","2"
"W06_SUPPLIER_COMPOUNDS","1987","1991","NASCAR stock car — 1972-1991","Michelin","event/regulatory bulletin","2"
"W06_SUPPLIER_COMPOUNDS","1972","1976","Historic Racing Reference","Goodyear","supplier catalog/manual","2"
"W06_SUPPLIER_COMPOUNDS","1950","1959","Sports racing / prototypes — 1950-1963","Bridgestone/other","event/regulatory bulletin","2"
"W06_SUPPLIER_COMPOUNDS","2002","1993","IMSA GTP","Pirelli","event/regulatory bulletin","2"
"W06_SUPPLIER_COMPOUNDS","1987","1991","General Racing Tire","Firestone","supplier catalog/manual","2"
"W06_SUPPLIER_COMPOUNDS","1972","1976","IMSA GT — 1971-1981","Dunlop","event/regulatory bulletin","2"
"W06_SUPPLIER_COMPOUNDS","1950","1959","Sports racing / prototypes — 1950-1963","Dunlop","supplier technical/press document","2"
"W06_SUPPLIER_COMPOUNDS","1992","1996","General Racing Tire","Avon","period technical/race article","2"
"W06_SUPPLIER_COMPOUNDS","1977","1981","Trans-Am — 1973-1981","Michelin","supplier technical/press document","2"
"W06_SUPPLIER_COMPOUNDS","1950","1959","Sports racing / prototypes — 1950-1963","Firestone","period race report / technical feature","2"
"W07_FITMENT_GEOMETRY_REGS","1982","1986","Formula 1 — turbo/radial slick era","Dunlop","homologation form","2"
"W07_FITMENT_GEOMETRY_REGS","1966","1971","Sports racing / prototypes — 1964-1971","Avon","regulation","2"
"W07_FITMENT_GEOMETRY_REGS","2002","2010","General Racing Tire","Michelin","homologation form","2"
"W07_FITMENT_GEOMETRY_REGS","1987","1991","Formula 1 — turbo/radial slick era","Firestone","supplier racing catalog","2"
"W07_FITMENT_GEOMETRY_REGS","1997","2001","Formula 1 — 1990s radial slick/grooved transition","Goodyear","homologation form","2"
"W07_FITMENT_GEOMETRY_REGS","1982","1986","Group A touring — 1982-1992","Bridgestone/other","regulation","2"
"W07_FITMENT_GEOMETRY_REGS","1966","1971","General Tire Mechanics","Pirelli","homologation form","2"
"W07_FITMENT_GEOMETRY_REGS","1972","1976","Group 4 Special GT — 1970-1981","Avon","regulation","2"
"W07_FITMENT_GEOMETRY_REGS","1950","1959","Sports racing / prototypes — 1950-1963","Michelin","homologation form","2"
"W07_FITMENT_GEOMETRY_REGS","2002","2004","International Formula 3000","Pirelli","supplier racing catalog","2"
"W07_FITMENT_GEOMETRY_REGS","1987","1991","Group A touring — 1982-1992","Firestone","period regulation","2"
"W07_FITMENT_GEOMETRY_REGS","1972","1976","General Tire Mechanics","Dunlop","supplier racing catalog","2"
"W07_FITMENT_GEOMETRY_REGS","1977","1981","Group 4 Special GT — 1970-1981","Goodyear","period regulation","2"
"W07_FITMENT_GEOMETRY_REGS","1956","1959","Formula 2 — 1956-1960","Bridgestone/other","official bulletin","2"
"W07_FITMENT_GEOMETRY_REGS","1966","1970","Formula 3 — 1964-1970","Avon","supplier racing catalog","2"
"W07_FITMENT_GEOMETRY_REGS","2002","2010","World Rally Championship — 2002-2010","Michelin","period regulation","2"
"W07_FITMENT_GEOMETRY_REGS","1974","1976","Formula 3 — 1974-1986","Goodyear","official bulletin","2"
"W07_FITMENT_GEOMETRY_REGS","1950","1959","International rally — pre-WRC","Bridgestone/other","period program/entry documentation","2"
"W07_FITMENT_GEOMETRY_REGS","1992","1996","Formula 1 — 1990s radial slick/grooved transition","Pirelli","official bulletin","2"
"W07_FITMENT_GEOMETRY_REGS","1977","1981","Formula 3 — 1974-1986","Michelin","homologation form","2"
"W07_FITMENT_GEOMETRY_REGS","1997","2001","Formula 1 — 1990s radial slick/grooved transition","Dunlop","homologation form","2"
"W07_FITMENT_GEOMETRY_REGS","1972","1976","Group 4 Special GT — 1970-1981","Pirelli","regulation","2"
"W07_FITMENT_GEOMETRY_REGS","1950","1959","Sports racing / prototypes — 1950-1963","Firestone","homologation form","2"
"W07_FITMENT_GEOMETRY_REGS","1977","1981","Group 4 Special GT — 1970-1981","Dunlop","period regulation","2"
"W07_FITMENT_GEOMETRY_REGS","1987","1991","CART / Indy-car","Firestone","official bulletin","2"
"W07_FITMENT_GEOMETRY_REGS","1992","1996","CART / Indy-car","Avon","homologation form","2"
"W07_FITMENT_GEOMETRY_REGS","1977","1981","Group 4 Special GT — 1970-1981","Michelin","regulation","2"
"W07_FITMENT_GEOMETRY_REGS","1964","1965","Formula 2 — 1964-1966","Goodyear","homologation form","2"
"W07_FITMENT_GEOMETRY_REGS","1966","1971","Sports racing / prototypes — 1964-1971","Firestone","regulation","2"
"W07_FITMENT_GEOMETRY_REGS","1997","2001","CART / Indy-car","Dunlop","supplier racing catalog","2"
"W07_FITMENT_GEOMETRY_REGS","1982","1986","Group C","Bridgestone/other","period regulation","2"
"W07_FITMENT_GEOMETRY_REGS","1966","1970","Formula 3 — 1964-1970","Pirelli","supplier racing catalog","2"
"W07_FITMENT_GEOMETRY_REGS","1972","1976","Sports racing / prototypes — 1972-1981","Avon","period regulation","2"
"W07_FITMENT_GEOMETRY_REGS","1977","1981","Sports racing / prototypes — 1972-1981","Goodyear","period program/entry documentation","2"
"W07_FITMENT_GEOMETRY_REGS","1950","1959","Sports racing / prototypes — 1950-1963","Bridgestone/other","homologation form","2"
"W07_FITMENT_GEOMETRY_REGS","1972","1976","Group 4 Special GT — 1970-1981","Michelin","regulation","2"
"W07_FITMENT_GEOMETRY_REGS","1950","1959","Sports racing / prototypes — 1950-1963","Goodyear","homologation form","2"
"W07_FITMENT_GEOMETRY_REGS","1960","1965","Historic Racing Reference","Firestone","supplier racing catalog","2"
"W07_FITMENT_GEOMETRY_REGS","1997","2001","FIA GT — 1997-2009","Dunlop","period regulation","2"
"W07_FITMENT_GEOMETRY_REGS","1982","1986","CART / Indy-car","Avon","supplier racing catalog","2"
"W07_FITMENT_GEOMETRY_REGS","1966","1971","Sports racing / prototypes — 1964-1971","Avon","official bulletin","2"
"W07_FITMENT_GEOMETRY_REGS","2002","1981","IMSA GT — 1971-1981","Michelin","period program/entry documentation","2"
"W07_FITMENT_GEOMETRY_REGS","1987","1991","CART / Indy-car","Goodyear","official bulletin","2"
"W07_FITMENT_GEOMETRY_REGS","1972","1976","Sports racing / prototypes — 1972-1981","Dunlop","homologation form","2"
"W07_FITMENT_GEOMETRY_REGS","1966","1971","Sports racing / prototypes — 1964-1971","Goodyear","regulation","2"
"W07_FITMENT_GEOMETRY_REGS","1982","1986","Can-Am — revival","Bridgestone/other","official bulletin","2"
"W07_FITMENT_GEOMETRY_REGS","1966","1970","US GT / sports racing — pre-IMSA GT","Pirelli","period program/entry documentation","2"
"W07_FITMENT_GEOMETRY_REGS","2002","2010","Historic Racing Reference","Firestone","official bulletin","2"
"W07_FITMENT_GEOMETRY_REGS","1987","1974","Can-Am — original","Firestone","homologation form","2"
"W07_FITMENT_GEOMETRY_REGS","1972","1976","Group 4 Special GT — 1970-1981","Dunlop","regulation","2"
"W07_FITMENT_GEOMETRY_REGS","1950","1959","Sports racing / prototypes — 1950-1963","Avon","homologation form","2"
"W07_FITMENT_GEOMETRY_REGS","1972","1976","Group 4 Special GT — 1970-1981","Goodyear","regulation","2"
"W07_FITMENT_GEOMETRY_REGS","1992","1974","Can-Am — original","Pirelli","supplier racing catalog","2"
"W07_FITMENT_GEOMETRY_REGS","1977","1981","Group 4 Special GT — 1970-1981","Pirelli","period regulation","2"
"W07_FITMENT_GEOMETRY_REGS","2002","1969","Group 2 / ETCC — 1963-1969","Michelin","homologation form","2"
"W07_FITMENT_GEOMETRY_REGS","1987","1991","Japanese GT / touring — pre-JGTC","Goodyear","regulation","2"
"W07_FITMENT_GEOMETRY_REGS","1950","1959","Touring / saloon racing — pre-1963","Bridgestone/other","supplier racing catalog","2"
"W07_FITMENT_GEOMETRY_REGS","1994","1996","JGTC — 1994-1999 (GT1/GT2 terminology)","Pirelli","period regulation","2"
"W07_FITMENT_GEOMETRY_REGS","1977","1981","Sports racing / prototypes — 1972-1981","Firestone","supplier racing catalog","2"
"W07_FITMENT_GEOMETRY_REGS","1963","1965","Group 2 / ETCC — 1963-1969","Goodyear","official bulletin","2"
"W07_FITMENT_GEOMETRY_REGS","1982","1986","Can-Am — revival","Avon","official bulletin","2"
"W07_FITMENT_GEOMETRY_REGS","1972","1976","Group 4 Special GT — 1970-1981","Dunlop","supplier racing catalog","2"
"W07_FITMENT_GEOMETRY_REGS","1977","1981","Group 4 Special GT — 1970-1981","Michelin","official bulletin","2"
"W07_FITMENT_GEOMETRY_REGS","1960","1963","Sports racing / prototypes — 1950-1963","Goodyear","period program/entry documentation","2"
"W07_FITMENT_GEOMETRY_REGS","1997","1974","Can-Am — original","Bridgestone/other","official bulletin","2"
"W07_FITMENT_GEOMETRY_REGS","1982","1986","Trans-Am — 1982-2001","Avon","homologation form","2"
"W07_FITMENT_GEOMETRY_REGS","1967","1971","Formula Ford — 1967-1976","Pirelli","regulation","2"
"W07_FITMENT_GEOMETRY_REGS","2002","1969","Group 2 / ETCC — 1963-1969","Firestone","homologation form","2"
"W07_FITMENT_GEOMETRY_REGS","1997","2001","Trans-Am — 1982-2001","Dunlop","homologation form","2"
"W07_FITMENT_GEOMETRY_REGS","1982","1986","Historic Racing Reference","Avon","regulation","2"
"W07_FITMENT_GEOMETRY_REGS","1966","1969","Group 4 Sports Cars — 1966-1969","Michelin","homologation form","2"
"W07_FITMENT_GEOMETRY_REGS","2002","2010","NASCAR stock car — 1992-2010","Michelin","supplier racing catalog","2"
"W07_FITMENT_GEOMETRY_REGS","1987","1991","Historic Racing Reference","Goodyear","period regulation","2"
"W07_FITMENT_GEOMETRY_REGS","1950","1959","Sports racing / prototypes — 1950-1963","Pirelli","period regulation","2"
"W07_FITMENT_GEOMETRY_REGS","1966","1971","Sports racing / prototypes — 1964-1971","Pirelli","supplier racing catalog","2"
"W07_FITMENT_GEOMETRY_REGS","2002","2010","General Racing Tire","Firestone","period regulation","2"
"W07_FITMENT_GEOMETRY_REGS","1987","1991","Trans-Am — 1982-2001","Dunlop","supplier racing catalog","2"
"W07_FITMENT_GEOMETRY_REGS","1972","1976","Sports racing / prototypes — 1972-1981","Dunlop","official bulletin","2"
"W07_FITMENT_GEOMETRY_REGS","1950","1959","General Racing Tire","Avon","period program/entry documentation","2"
"W07_FITMENT_GEOMETRY_REGS","1992","1996","Trans-Am — 1982-2001","Michelin","official bulletin","2"
"W07_FITMENT_GEOMETRY_REGS","1977","1981","Group 4 Special GT — 1970-1981","Dunlop","official bulletin","2"
"W07_FITMENT_GEOMETRY_REGS","1977","1981","Group 4 Special GT — 1970-1981","Firestone","official bulletin","2"
"W08_GT1_1990S_MAP","1992","1996","Formula 1 — 1990s radial slick/grooved transition","Dunlop","official event retrospective/report","2"
"W08_GT1_1990S_MAP","1977","1981","Sports racing / prototypes — 1972-1981","Avon","regulation","2"
"W08_GT1_1990S_MAP","1960","1965","General Racing Tire","Michelin","official event retrospective/report","2"
"W08_GT1_1990S_MAP","1997","2001","Trans-Am — 1982-2001","Goodyear","regulation","2"
"W08_GT1_1990S_MAP","1966","1969","Group 2 / ETCC — 1963-1969","Pirelli","regulation","2"
"W08_GT1_1990S_MAP","1987","1991","Historic Racing Reference","Dunlop","regulation","2"
"W08_GT1_1990S_MAP","1997","2001","Formula 1 — 1990s radial slick/grooved transition","Firestone","regulation","2"
"W08_GT1_1990S_MAP","1950","1959","Formula 1 — early World Championship","Goodyear","official event retrospective/report","2"
"W08_GT1_1990S_MAP","1993","1996","DTM / ITC — Class 1","Bridgestone/other","regulation","2"
"W08_GT1_1990S_MAP","1977","1981","General Tire Mechanics","Pirelli","official event retrospective/report","2"
"W08_GT1_1990S_MAP","1966","1971","Sports racing / prototypes — 1964-1971","Michelin","official event retrospective/report","2"
"W08_GT1_1990S_MAP","1972","1976","Historic Racing Reference","Pirelli","regulation","2"
"W08_GT1_1990S_MAP","1992","1996","CART / Indy-car","Dunlop","regulation","2"
"W08_GT1_1990S_MAP","1977","1981","Group 4 Special GT — 1970-1981","Bridgestone/other","official event retrospective/report","2"
"W08_GT1_1990S_MAP","1964","1965","Formula 2 — 1964-1966","Pirelli","regulation","2"
"W08_GT1_1990S_MAP","2000","2001","DTM — silhouette era","Firestone","period race report / technical feature","2"
"W08_GT1_1990S_MAP","1982","1986","General Tire Mechanics","Dunlop","regulation","2"
"W08_GT1_1990S_MAP","1950","1959","Sports racing / prototypes — 1950-1963","Pirelli","period race report / technical feature","2"
"W08_GT1_1990S_MAP","1982","1986","Group C","Goodyear","regulation","2"
"W08_GT1_1990S_MAP","1967","1971","Formula 2 — 1967-1971","Bridgestone/other","entry/result photo/documentation","2"
"W08_GT1_1990S_MAP","1977","1981","Sports racing / prototypes — 1972-1981","Michelin","regulation","2"
"W08_GT1_1990S_MAP","1997","2001","Trans-Am — 1982-2001","Bridgestone/other","regulation","2"
"W08_GT1_1990S_MAP","1966","1969","Group 2 / ETCC — 1963-1969","Michelin","regulation","2"
"W08_GT1_1990S_MAP","1987","1991","Historic Racing Reference","Bridgestone/other","regulation","2"
"W08_GT1_1990S_MAP","1950","1955","AAA Championship Car / Indianapolis","Firestone","regulation","2"
"W08_GT1_1990S_MAP","1977","1981","Formula 3 — 1974-1986","Avon","regulation","2"
"W08_GT1_1990S_MAP","1960","1965","International rally — pre-WRC","Michelin","period race report / technical feature","2"
"W08_GT1_1990S_MAP","1982","1986","Formula 3 — 1974-1986","Goodyear","entry/result photo/documentation","2"
"W08_GT1_1990S_MAP","1966","1971","International rally — pre-WRC","Bridgestone/other","technical/historical document","2"
"W08_GT1_1990S_MAP","2002","2010","Formula 1 — grooved-to-slick-return era","Pirelli","entry/result photo/documentation","2"
"W08_GT1_1990S_MAP","1977","1981","Group 4 Special GT — 1970-1981","Goodyear","technical/historical document","2"
"W08_GT1_1990S_MAP","1987","1990","Formula 3 — 1987-1990","Michelin","official event retrospective/report","2"
"W08_GT1_1990S_MAP","1972","1976","Rallycross — 1967-1981","Goodyear","regulation","2"
"W08_GT1_1990S_MAP","1950","1959","Formula 1 — early World Championship","Dunlop","official event retrospective/report","2"
"W08_GT1_1990S_MAP","1993","1996","DTM / ITC — Class 1","Avon","regulation","2"
"W08_GT1_1990S_MAP","1960","1965","NASCAR stock car — 1950-1971","Goodyear","regulation","2"
"W08_GT1_1990S_MAP","1982","1986","Group C","Pirelli","regulation","2"
"W08_GT1_1990S_MAP","1966","1971","Sports racing / prototypes — 1964-1971","Firestone","official event retrospective/report","2"
"W08_GT1_1990S_MAP","2002","1974","Can-Am — original","Dunlop","regulation","2"
"W08_GT1_1990S_MAP","1950","1959","Sports racing / prototypes — 1950-1963","Michelin","period race report / technical feature","2"
"W08_GT1_1990S_MAP","1997","2001","CART / Indy-car","Firestone","entry/result photo/documentation","2"
"W08_GT1_1990S_MAP","2002","2003","CART / Indy-car","Avon","official event retrospective/report","2"
"W08_GT1_1990S_MAP","1987","1991","Group C","Michelin","regulation","2"
"W08_GT1_1990S_MAP","1972","1976","Formula 2 — 1972-1984","Goodyear","official event retrospective/report","2"
"W08_GT1_1990S_MAP","1950","1959","Touring / saloon racing — pre-1963","Bridgestone/other","regulation","2"
"W08_GT1_1990S_MAP","1987","1991","Historic Racing Reference","Pirelli","regulation","2"
"W08_GT1_1990S_MAP","1950","1955","AAA Championship Car / Indianapolis","Dunlop","regulation","2"
"W08_GT1_1990S_MAP","1993","1996","Le Mans Prototype transition","Bridgestone/other","period race report / technical feature","2"
"W08_GT1_1990S_MAP","1977","1981","Formula 3 — 1974-1986","Pirelli","regulation","2"
"W08_GT1_1990S_MAP","1977","1981","Group 4 Special GT — 1970-1981","Dunlop","technical/historical document","2"
"W08_GT1_1990S_MAP","1966","1971","Sports racing / prototypes — 1964-1971","Bridgestone/other","official event retrospective/report","2"
"W08_GT1_1990S_MAP","1993","1996","DTM / ITC — Class 1","Michelin","regulation","2"
"W08_GT1_1990S_MAP","1960","1965","NASCAR stock car — 1950-1971","Bridgestone/other","regulation","2"
"W08_GT1_1990S_MAP","1982","1986","Group C","Michelin","regulation","2"
"W08_GT1_1990S_MAP","1966","1971","Sports racing / prototypes — 1964-1971","Goodyear","official event retrospective/report","2"
"W08_GT1_1990S_MAP","2002","1974","Can-Am — original","Bridgestone/other","regulation","2"
"W08_GT1_1990S_MAP","1972","1976","Historic Racing Reference","Firestone","regulation","2"
"W08_GT1_1990S_MAP","1950","1959","Sports racing / prototypes — 1950-1963","Dunlop","period race report / technical feature","2"
"W08_GT1_1990S_MAP","1992","1996","CART / Indy-car","Avon","regulation","2"
"W08_GT1_1990S_MAP","1977","1981","Sports racing / prototypes — 1972-1981","Avon","entry/result photo/documentation","2"
"W08_GT1_1990S_MAP","1960","1965","US GT / sports racing — pre-IMSA GT","Michelin","technical/historical document","2"
"W08_GT1_1990S_MAP","1997","2001","CART / Indy-car","Goodyear","entry/result photo/documentation","2"
"W08_GT1_1990S_MAP","1950","1959","Touring / saloon racing — pre-1963","Avon","regulation","2"
"W08_GT1_1990S_MAP","1977","1981","Sports racing / prototypes — 1972-1981","Goodyear","regulation","2"
"W08_GT1_1990S_MAP","1997","2001","Trans-Am — 1982-2001","Pirelli","regulation","2"
"W08_GT1_1990S_MAP","1966","1969","Group 2 / ETCC — 1963-1969","Dunlop","regulation","2"
"W08_GT1_1990S_MAP","1992","1974","Can-Am — original","Bridgestone/other","entry/result photo/documentation","2"
"W08_GT1_1990S_MAP","1977","1981","Group 4 Special GT — 1970-1981","Pirelli","technical/historical document","2"
"W08_GT1_1990S_MAP","1960","1965","Historic Racing Reference","Firestone","entry/result photo/documentation","2"
"W08_GT1_1990S_MAP","1997","1974","Can-Am — original","Firestone","official event retrospective/report","2"
"W08_GT1_1990S_MAP","1982","1986","IMSA GT — 1982-1993","Dunlop","regulation","2"
"W08_GT1_1990S_MAP","1966","1971","Sports racing / prototypes — 1964-1971","Avon","official event retrospective/report","2"
"W08_GT1_1990S_MAP","2002","2009","FIA GT — 1997-2009","Michelin","regulation","2"
"W08_GT1_1990S_MAP","1972","1976","Rallycross — 1967-1981","Bridgestone/other","regulation","2"
"W08_GT1_1990S_MAP","1950","1959","Sports racing / prototypes — 1950-1963","Bridgestone/other","entry/result photo/documentation","2"
"W09_HEAT_CYCLE_AGING_DAMAGE","1992","1996","Formula 1 — 1990s radial slick/grooved transition","Dunlop","technical paper","2"
"W09_HEAT_CYCLE_AGING_DAMAGE","1977","1981","Sports racing / prototypes — 1972-1981","Avon","supplier technical document","2"
"W09_HEAT_CYCLE_AGING_DAMAGE","1960","1965","General Racing Tire","Michelin","technical paper","2"
"W09_HEAT_CYCLE_AGING_DAMAGE","1997","2001","Formula 1 — 1990s radial slick/grooved transition","Firestone","patent","2"
"W09_HEAT_CYCLE_AGING_DAMAGE","1950","1959","Formula 1 — early World Championship","Goodyear","technical paper","2"
"W09_HEAT_CYCLE_AGING_DAMAGE","1993","1996","DTM / ITC — Class 1","Bridgestone/other","supplier technical document","2"
"W09_HEAT_CYCLE_AGING_DAMAGE","1977","1981","General Tire Mechanics","Pirelli","technical paper","2"
"W09_HEAT_CYCLE_AGING_DAMAGE","1966","1971","Sports racing / prototypes — 1964-1971","Michelin","technical paper","2"
"W09_HEAT_CYCLE_AGING_DAMAGE","1964","1965","Formula 2 — 1964-1966","Pirelli","patent","2"
"W09_HEAT_CYCLE_AGING_DAMAGE","2000","2001","DTM — silhouette era","Firestone","peer-reviewed paper","2"
"W09_HEAT_CYCLE_AGING_DAMAGE","1982","1986","General Tire Mechanics","Dunlop","patent","2"
"W09_HEAT_CYCLE_AGING_DAMAGE","1950","1959","Sports racing / prototypes — 1950-1963","Pirelli","peer-reviewed paper","2"
"W09_HEAT_CYCLE_AGING_DAMAGE","1967","1971","Formula 2 — 1967-1971","Bridgestone/other","period race report / technical feature","2"
"W09_HEAT_CYCLE_AGING_DAMAGE","1977","1981","Formula 3 — 1974-1986","Avon","patent","2"
"W09_HEAT_CYCLE_AGING_DAMAGE","1960","1965","International rally — pre-WRC","Michelin","peer-reviewed paper","2"
"W09_HEAT_CYCLE_AGING_DAMAGE","1982","1986","Formula 3 — 1974-1986","Goodyear","period race report / technical feature","2"
"W09_HEAT_CYCLE_AGING_DAMAGE","1966","1971","International rally — pre-WRC","Bridgestone/other","technical/race engineering paper","2"
"W09_HEAT_CYCLE_AGING_DAMAGE","2002","2010","Formula 1 — grooved-to-slick-return era","Pirelli","period race report / technical feature","2"
"W09_HEAT_CYCLE_AGING_DAMAGE","1977","1981","Group 4 Special GT — 1970-1981","Goodyear","technical/race engineering paper","2"
"W09_HEAT_CYCLE_AGING_DAMAGE","1950","1959","Formula 1 — early World Championship","Dunlop","technical paper","2"
"W09_HEAT_CYCLE_AGING_DAMAGE","1966","1971","Sports racing / prototypes — 1964-1971","Firestone","technical paper","2"
"W09_HEAT_CYCLE_AGING_DAMAGE","1950","1959","Sports racing / prototypes — 1950-1963","Michelin","peer-reviewed paper","2"
"W09_HEAT_CYCLE_AGING_DAMAGE","1997","2001","CART / Indy-car","Firestone","period race report / technical feature","2"
"W09_HEAT_CYCLE_AGING_DAMAGE","1977","1981","Group 4 Special GT — 1970-1981","Dunlop","technical/race engineering paper","2"
"W09_HEAT_CYCLE_AGING_DAMAGE","1966","1971","Sports racing / prototypes — 1964-1971","Bridgestone/other","technical paper","2"
"W09_HEAT_CYCLE_AGING_DAMAGE","1966","1971","Sports racing / prototypes — 1964-1971","Goodyear","technical paper","2"
"W10_RR_HYSTERESIS_THERMAL","1982","1986","Formula 1 — turbo/radial slick era","Dunlop","technical paper","2"
"W10_RR_HYSTERESIS_THERMAL","1966","1971","Sports racing / prototypes — 1964-1971","Avon","government technical report","2"
"W10_RR_HYSTERESIS_THERMAL","2002","2010","General Racing Tire","Michelin","technical paper","2"
"W10_RR_HYSTERESIS_THERMAL","1997","2001","Formula 1 — 1990s radial slick/grooved transition","Goodyear","technical paper","2"
"W10_RR_HYSTERESIS_THERMAL","1982","1986","Group A touring — 1982-1992","Bridgestone/other","government technical report","2"
"W10_RR_HYSTERESIS_THERMAL","1966","1971","General Tire Mechanics","Pirelli","technical paper","2"
"W10_RR_HYSTERESIS_THERMAL","1972","1976","Group 4 Special GT — 1970-1981","Avon","government technical report","2"
"W10_RR_HYSTERESIS_THERMAL","1950","1959","Sports racing / prototypes — 1950-1963","Michelin","technical paper","2"
"W10_RR_HYSTERESIS_THERMAL","1972","1976","Group 4 Special GT — 1970-1981","Pirelli","government technical report","2"
"W10_RR_HYSTERESIS_THERMAL","1950","1959","Sports racing / prototypes — 1950-1963","Firestone","technical paper","2"
"W10_RR_HYSTERESIS_THERMAL","1966","1971","Sports racing / prototypes — 1964-1971","Bridgestone/other","government technical report","2"
"W10_RR_HYSTERESIS_THERMAL","1950","1959","Sports racing / prototypes — 1950-1963","Bridgestone/other","technical paper","2"
"W01_PRESSURE_TEMP_SETUP","1977","1981","Trans-Am — 1973-1981","Goodyear","period technical/race article","1"
"W01_PRESSURE_TEMP_SETUP","1960","1965","Club single-seater — pre-Formula Ford","Bridgestone/other","period race report / technical feature","1"
"W01_PRESSURE_TEMP_SETUP","1997","2001","Group A / production touring — 1993-2001","Pirelli","supplier technical document","1"
"W01_PRESSURE_TEMP_SETUP","1982","1986","Japanese GT / touring — pre-JGTC","Firestone","period race report / technical feature","1"
"W01_PRESSURE_TEMP_SETUP","2002","1981","IMSA GT — 1971-1981","Avon","period race report / technical feature","1"
"W01_PRESSURE_TEMP_SETUP","1987","1991","CART / Indy-car","Michelin","period technical/race article","1"
"W01_PRESSURE_TEMP_SETUP","1972","1976","Group 4 Special GT — 1970-1981","Goodyear","period race report / technical feature","1"
"W01_PRESSURE_TEMP_SETUP","1958","1959","Formula Junior","Bridgestone/other","supplier technical document","1"
"W01_PRESSURE_TEMP_SETUP","1992","1996","World Rally Championship — 1987-2001","Pirelli","period race report / technical feature","1"
"W01_PRESSURE_TEMP_SETUP","1997","2001","General Racing Tire","Avon","setup book / test sheet","1"
"W01_PRESSURE_TEMP_SETUP","1982","1986","Trans-Am — 1982-2001","Michelin","technical paper","1"
"W01_PRESSURE_TEMP_SETUP","1967","1971","Formula Ford — 1967-1976","Firestone","setup book / test sheet","1"
"W01_PRESSURE_TEMP_SETUP","2002","1969","Group 2 / ETCC — 1963-1969","Dunlop","technical paper","1"
"W01_PRESSURE_TEMP_SETUP","1987","1991","Japanese GT / touring — pre-JGTC","Avon","setup book / test sheet","1"
"W01_PRESSURE_TEMP_SETUP","1972","1976","Sports racing / prototypes — 1972-1981","Michelin","technical paper","1"
"W01_PRESSURE_TEMP_SETUP","1950","1959","US GT / sports racing — pre-IMSA GT","Goodyear","setup book / test sheet","1"
"W01_PRESSURE_TEMP_SETUP","1992","1996","Historic Racing Reference","Bridgestone/other","technical paper","1"
"W01_PRESSURE_TEMP_SETUP","1977","1981","Group 4 Special GT — 1970-1981","Pirelli","setup book / test sheet","1"
"W01_PRESSURE_TEMP_SETUP","1960","1963","Formula Junior","Firestone","technical paper","1"
"W01_PRESSURE_TEMP_SETUP","1997","2001","World Rally Championship — 1987-2001","Dunlop","setup book / test sheet","1"
"W01_PRESSURE_TEMP_SETUP","1982","1986","Formula 1 — turbo/radial slick era","Avon","supplier technical document","1"
"W01_PRESSURE_TEMP_SETUP","2002","2010","General Racing Tire","Goodyear","supplier technical document","1"
"W01_PRESSURE_TEMP_SETUP","1987","1991","Trans-Am — 1982-2001","Bridgestone/other","peer-reviewed paper","1"
"W01_PRESSURE_TEMP_SETUP","1972","1976","Historic Racing Reference","Pirelli","supplier technical document","1"
"W01_PRESSURE_TEMP_SETUP","1993","1996","Le Mans Prototype transition","Dunlop","supplier technical document","1"
"W01_PRESSURE_TEMP_SETUP","1977","1981","Can-Am — revival","Avon","peer-reviewed paper","1"
"W01_PRESSURE_TEMP_SETUP","1960","1965","US GT / sports racing — pre-IMSA GT","Pirelli","supplier technical document","1"
"W01_PRESSURE_TEMP_SETUP","1997","2001","Historic Racing Reference","Firestone","peer-reviewed paper","1"
"W01_PRESSURE_TEMP_SETUP","1966","1970","Formula 3 — 1964-1970","Avon","peer-reviewed paper","1"
"W01_PRESSURE_TEMP_SETUP","1992","1996","NASCAR stock car — 1992-2010","Firestone","supplier technical document","1"
"W01_PRESSURE_TEMP_SETUP","1977","1981","Historic Racing Reference","Dunlop","period race report / technical feature","1"
"W01_PRESSURE_TEMP_SETUP","1960","1963","Sports racing / prototypes — 1950-1963","Avon","setup book / test sheet","1"
"W01_PRESSURE_TEMP_SETUP","1997","1999","Le Mans Prototype transition","Michelin","period race report / technical feature","1"
"W01_PRESSURE_TEMP_SETUP","1982","1986","Can-Am — revival","Goodyear","period technical/race article","1"
"W01_PRESSURE_TEMP_SETUP","1966","1970","US GT / sports racing — pre-IMSA GT","Bridgestone/other","period race report / technical feature","1"
"W01_PRESSURE_TEMP_SETUP","2002","2010","Historic Racing Reference","Pirelli","supplier technical document","1"
"W01_PRESSURE_TEMP_SETUP","1987","1991","Group C","Firestone","period race report / technical feature","1"
"W01_PRESSURE_TEMP_SETUP","1997","2001","NASCAR stock car — 1992-2010","Avon","technical paper","1"
"W01_PRESSURE_TEMP_SETUP","1982","1986","Historic Racing Reference","Michelin","setup book / test sheet","1"
"W01_PRESSURE_TEMP_SETUP","1966","1969","Group 4 Sports Cars — 1966-1969","Goodyear","technical paper","1"
"W01_PRESSURE_TEMP_SETUP","2004","2010","LMP1 / LMP2","Bridgestone/other","setup book / test sheet","1"
"W01_PRESSURE_TEMP_SETUP","1987","1974","Can-Am — original","Pirelli","technical paper","1"
"W01_PRESSURE_TEMP_SETUP","1972","1976","Japanese GT / touring — pre-JGTC","Firestone","setup book / test sheet","1"
"W01_PRESSURE_TEMP_SETUP","1994","1996","IMSA GT/GTS — 1994-2001","Avon","setup book / test sheet","1"
"W01_PRESSURE_TEMP_SETUP","1979","1981","CART / Indy-car","Michelin","technical paper","1"
"W01_PRESSURE_TEMP_SETUP","1982","1986","Group A touring — 1982-1992","Pirelli","peer-reviewed paper","1"
"W01_PRESSURE_TEMP_SETUP","1966","1971","General Tire Mechanics","Firestone","supplier technical document","1"
"W01_PRESSURE_TEMP_SETUP","2002","2010","NASCAR stock car — 1992-2010","Goodyear","peer-reviewed paper","1"
"W01_PRESSURE_TEMP_SETUP","1987","1991","Historic Racing Reference","Bridgestone/other","supplier technical document","1"
"W01_PRESSURE_TEMP_SETUP","1972","1976","IMSA GT — 1971-1981","Pirelli","peer-reviewed paper","1"
"W01_PRESSURE_TEMP_SETUP","1950","1959","Club single-seater — pre-Formula Ford","Firestone","supplier technical document","1"
"W01_PRESSURE_TEMP_SETUP","1993","1996","Group A / production touring — 1993-2001","Dunlop","peer-reviewed paper","1"
"W01_PRESSURE_TEMP_SETUP","1977","1981","Japanese GT / touring — pre-JGTC","Avon","supplier technical document","1"
"W01_PRESSURE_TEMP_SETUP","1960","1965","Historic Racing Reference","Michelin","peer-reviewed paper","1"
"W01_PRESSURE_TEMP_SETUP","1997","2001","IMSA GT/GTS — 1994-2001","Goodyear","supplier technical document","1"
"W01_PRESSURE_TEMP_SETUP","1982","1986","CART / Indy-car","Bridgestone/other","peer-reviewed paper","1"
"W01_PRESSURE_TEMP_SETUP","1966","1969","GT40-era endurance","Pirelli","supplier technical document","1"
"W01_PRESSURE_TEMP_SETUP","2002","2004","International Formula 3000","Firestone","period race report / technical feature","1"
"W01_PRESSURE_TEMP_SETUP","1987","1991","Group A touring — 1982-1992","Dunlop","period technical/race article","1"
"W01_PRESSURE_TEMP_SETUP","1972","1976","Formula 1 — 3-litre/cross-ply-to-radial transition","Avon","period race report / technical feature","1"
"W01_PRESSURE_TEMP_SETUP","1992","1996","General Racing Tire","Goodyear","period race report / technical feature","1"
"W01_PRESSURE_TEMP_SETUP","1960","1965","Club single-seater — pre-Formula Ford","Pirelli","period race report / technical feature","1"
"W01_PRESSURE_TEMP_SETUP","1997","2001","Group A / production touring — 1993-2001","Michelin","supplier technical document","1"
"W01_PRESSURE_TEMP_SETUP","1982","1986","Japanese GT / touring — pre-JGTC","Goodyear","period race report / technical feature","1"
"W01_PRESSURE_TEMP_SETUP","1966","1971","Sports racing / prototypes — 1964-1971","Bridgestone/other","period technical/race article","1"
"W01_PRESSURE_TEMP_SETUP","2002","1981","IMSA GT — 1971-1981","Pirelli","period race report / technical feature","1"
"W01_PRESSURE_TEMP_SETUP","1987","1991","CART / Indy-car","Firestone","supplier technical document","1"
"W01_PRESSURE_TEMP_SETUP","1972","1976","Group 4 Special GT — 1970-1981","Dunlop","period race report / technical feature","1"
"W01_PRESSURE_TEMP_SETUP","1977","1981","Formula 1 — 3-litre/cross-ply-to-radial transition","Goodyear","setup book / test sheet","1"
"W01_PRESSURE_TEMP_SETUP","1997","2001","General Racing Tire","Pirelli","setup book / test sheet","1"
"W01_PRESSURE_TEMP_SETUP","1982","1986","Trans-Am — 1982-2001","Firestone","technical paper","1"
"W01_PRESSURE_TEMP_SETUP","1967","1971","Formula Ford — 1967-1976","Dunlop","setup book / test sheet","1"
"W01_PRESSURE_TEMP_SETUP","2002","1969","Group 2 / ETCC — 1963-1969","Avon","technical paper","1"
"W01_PRESSURE_TEMP_SETUP","1987","1991","Japanese GT / touring — pre-JGTC","Michelin","setup book / test sheet","1"
"W01_PRESSURE_TEMP_SETUP","1972","1976","Sports racing / prototypes — 1972-1981","Goodyear","technical paper","1"
"W01_PRESSURE_TEMP_SETUP","1950","1959","US GT / sports racing — pre-IMSA GT","Bridgestone/other","setup book / test sheet","1"
"W01_PRESSURE_TEMP_SETUP","1992","1996","Historic Racing Reference","Avon","technical paper","1"
"W01_PRESSURE_TEMP_SETUP","1977","1981","Group 4 Special GT — 1970-1981","Michelin","setup book / test sheet","1"
"W01_PRESSURE_TEMP_SETUP","2002","2010","General Racing Tire","Dunlop","supplier technical document","1"
"W01_PRESSURE_TEMP_SETUP","1987","1991","Trans-Am — 1982-2001","Avon","peer-reviewed paper","1"
"W01_PRESSURE_TEMP_SETUP","1972","1976","Historic Racing Reference","Michelin","supplier technical document","1"
"W01_PRESSURE_TEMP_SETUP","1950","1959","Sports racing / prototypes — 1950-1963","Goodyear","peer-reviewed paper","1"
"W01_PRESSURE_TEMP_SETUP","1993","1996","Le Mans Prototype transition","Bridgestone/other","supplier technical document","1"
"W01_PRESSURE_TEMP_SETUP","1977","1981","Can-Am — revival","Pirelli","peer-reviewed paper","1"
"W01_PRESSURE_TEMP_SETUP","1960","1965","US GT / sports racing — pre-IMSA GT","Firestone","supplier technical document","1"
"W01_PRESSURE_TEMP_SETUP","1997","2001","Historic Racing Reference","Dunlop","peer-reviewed paper","1"
"W01_PRESSURE_TEMP_SETUP","1982","1986","Group C","Avon","supplier technical document","1"
"W01_PRESSURE_TEMP_SETUP","2002","2010","World Rally Championship — 2002-2010","Goodyear","supplier technical document","1"
"W01_PRESSURE_TEMP_SETUP","1972","1975","Group 2 / ETCC — 1970-1975","Avon","period technical/race article","1"
"W01_PRESSURE_TEMP_SETUP","1950","1959","General Tire Mechanics","Michelin","period race report / technical feature","1"
"W01_PRESSURE_TEMP_SETUP","1977","1981","Historic Racing Reference","Bridgestone/other","period race report / technical feature","1"
"W01_PRESSURE_TEMP_SETUP","1997","1999","Le Mans Prototype transition","Firestone","period race report / technical feature","1"
"W01_PRESSURE_TEMP_SETUP","1966","1970","US GT / sports racing — pre-IMSA GT","Avon","period race report / technical feature","1"
"W01_PRESSURE_TEMP_SETUP","2002","2010","Historic Racing Reference","Michelin","period technical/race article","1"
"W01_PRESSURE_TEMP_SETUP","1987","1991","Group C","Goodyear","period race report / technical feature","1"
"W01_PRESSURE_TEMP_SETUP","1972","1976","USAC Championship Car / Indianapolis","Bridgestone/other","setup book / test sheet","1"
"W01_PRESSURE_TEMP_SETUP","1992","1996","International Formula 3000","Firestone","setup book / test sheet","1"
"W01_PRESSURE_TEMP_SETUP","1977","1981","Group 2 / ETCC — 1976-1981","Dunlop","technical paper","1"
"W01_PRESSURE_TEMP_SETUP","1960","1965","General Tire Mechanics","Avon","setup book / test sheet","1"
"W01_PRESSURE_TEMP_SETUP","1997","2001","NASCAR stock car — 1992-2010","Michelin","technical paper","1"
"W01_PRESSURE_TEMP_SETUP","1982","1986","Historic Racing Reference","Firestone","setup book / test sheet","1"
"W01_PRESSURE_TEMP_SETUP","1966","1969","Group 4 Sports Cars — 1966-1969","Dunlop","technical paper","1"
"W01_PRESSURE_TEMP_SETUP","2004","2010","LMP1 / LMP2","Avon","setup book / test sheet","1"
"W01_PRESSURE_TEMP_SETUP","1987","1974","Can-Am — original","Michelin","technical paper","1"
"W01_PRESSURE_TEMP_SETUP","1972","1976","Japanese GT / touring — pre-JGTC","Goodyear","setup book / test sheet","1"
"W01_PRESSURE_TEMP_SETUP","1994","1996","IMSA GT/GTS — 1994-2001","Pirelli","setup book / test sheet","1"
"W01_PRESSURE_TEMP_SETUP","1997","2001","International Formula 3000","Avon","supplier technical document","1"
"W01_PRESSURE_TEMP_SETUP","1982","1986","Group A touring — 1982-1992","Michelin","peer-reviewed paper","1"
"W01_PRESSURE_TEMP_SETUP","1966","1971","General Tire Mechanics","Goodyear","supplier technical document","1"
"W01_PRESSURE_TEMP_SETUP","2002","2010","NASCAR stock car — 1992-2010","Bridgestone/other","peer-reviewed paper","1"
"W01_PRESSURE_TEMP_SETUP","1972","1976","IMSA GT — 1971-1981","Firestone","peer-reviewed paper","1"
"W01_PRESSURE_TEMP_SETUP","1950","1959","Club single-seater — pre-Formula Ford","Dunlop","supplier technical document","1"
"W01_PRESSURE_TEMP_SETUP","1993","1996","Group A / production touring — 1993-2001","Avon","peer-reviewed paper","1"
"W01_PRESSURE_TEMP_SETUP","1960","1965","Historic Racing Reference","Firestone","peer-reviewed paper","1"
"W01_PRESSURE_TEMP_SETUP","1997","2001","IMSA GT/GTS — 1994-2001","Dunlop","supplier technical document","1"
"W01_PRESSURE_TEMP_SETUP","1966","1969","GT40-era endurance","Michelin","period technical/race article","1"
"W01_PRESSURE_TEMP_SETUP","1987","1991","Group A touring — 1982-1992","Bridgestone/other","period technical/race article","1"
"W01_PRESSURE_TEMP_SETUP","1972","1976","Formula 1 — 3-litre/cross-ply-to-radial transition","Pirelli","period race report / technical feature","1"
"W01_PRESSURE_TEMP_SETUP","1992","1996","General Racing Tire","Dunlop","period race report / technical feature","1"
"W01_PRESSURE_TEMP_SETUP","1977","1981","Trans-Am — 1973-1981","Avon","period technical/race article","1"
"W01_PRESSURE_TEMP_SETUP","1960","1965","Club single-seater — pre-Formula Ford","Michelin","period race report / technical feature","1"
"W01_PRESSURE_TEMP_SETUP","1997","2001","Group A / production touring — 1993-2001","Goodyear","supplier technical document","1"
"W01_PRESSURE_TEMP_SETUP","1982","1986","Japanese GT / touring — pre-JGTC","Bridgestone/other","period race report / technical feature","1"
"W01_PRESSURE_TEMP_SETUP","1966","1971","Sports racing / prototypes — 1964-1971","Pirelli","period technical/race article","1"
"W01_PRESSURE_TEMP_SETUP","2002","1981","IMSA GT — 1971-1981","Firestone","period race report / technical feature","1"
"W01_PRESSURE_TEMP_SETUP","1992","1996","World Rally Championship — 1987-2001","Firestone","technical paper","1"
"W01_PRESSURE_TEMP_SETUP","1977","1981","Formula 1 — 3-litre/cross-ply-to-radial transition","Dunlop","setup book / test sheet","1"
"W01_PRESSURE_TEMP_SETUP","1997","2001","General Racing Tire","Michelin","setup book / test sheet","1"
"W01_PRESSURE_TEMP_SETUP","1982","1986","Trans-Am — 1982-2001","Goodyear","technical paper","1"
"W01_PRESSURE_TEMP_SETUP","1967","1971","Formula Ford — 1967-1976","Bridgestone/other","setup book / test sheet","1"
"W01_PRESSURE_TEMP_SETUP","2002","1969","Group 2 / ETCC — 1963-1969","Pirelli","technical paper","1"
"W01_PRESSURE_TEMP_SETUP","1987","1991","Japanese GT / touring — pre-JGTC","Firestone","setup book / test sheet","1"
"W01_PRESSURE_TEMP_SETUP","1972","1976","Sports racing / prototypes — 1972-1981","Dunlop","technical paper","1"
"W01_PRESSURE_TEMP_SETUP","1950","1959","US GT / sports racing — pre-IMSA GT","Avon","setup book / test sheet","1"
"W01_PRESSURE_TEMP_SETUP","1992","1996","Historic Racing Reference","Michelin","supplier technical document","1"
"W01_PRESSURE_TEMP_SETUP","1977","1981","Group 4 Special GT — 1970-1981","Goodyear","peer-reviewed paper","1"
"W01_PRESSURE_TEMP_SETUP","1960","1963","Formula Junior","Bridgestone/other","supplier technical document","1"
"W01_PRESSURE_TEMP_SETUP","1997","2001","World Rally Championship — 1987-2001","Pirelli","peer-reviewed paper","1"
"W01_PRESSURE_TEMP_SETUP","1987","1991","Trans-Am — 1982-2001","Pirelli","peer-reviewed paper","1"
"W01_PRESSURE_TEMP_SETUP","1977","1981","Can-Am — revival","Michelin","peer-reviewed paper","1"
"W01_PRESSURE_TEMP_SETUP","1960","1965","US GT / sports racing — pre-IMSA GT","Goodyear","supplier technical document","1"
"W01_PRESSURE_TEMP_SETUP","1997","2001","Historic Racing Reference","Bridgestone/other","period race report / technical feature","1"
"W01_PRESSURE_TEMP_SETUP","1966","1970","Formula 3 — 1964-1970","Firestone","period race report / technical feature","1"
"W01_PRESSURE_TEMP_SETUP","2002","2010","World Rally Championship — 2002-2010","Dunlop","period technical/race article","1"
"W01_PRESSURE_TEMP_SETUP","1987","1991","Formula 1 — turbo/radial slick era","Avon","period race report / technical feature","1"
"W01_PRESSURE_TEMP_SETUP","1972","1975","Group 2 / ETCC — 1970-1975","Michelin","period technical/race article","1"
"W01_PRESSURE_TEMP_SETUP","1950","1959","General Tire Mechanics","Goodyear","period race report / technical feature","1"
"W01_PRESSURE_TEMP_SETUP","1977","1981","Historic Racing Reference","Pirelli","period race report / technical feature","1"
"W01_PRESSURE_TEMP_SETUP","1960","1963","Sports racing / prototypes — 1950-1963","Michelin","period technical/race article","1"
"W01_PRESSURE_TEMP_SETUP","1997","1999","Le Mans Prototype transition","Goodyear","period race report / technical feature","1"
"W01_PRESSURE_TEMP_SETUP","1966","1970","US GT / sports racing — pre-IMSA GT","Pirelli","period race report / technical feature","1"
"W01_PRESSURE_TEMP_SETUP","1992","1996","International Formula 3000","Goodyear","setup book / test sheet","1"
"W01_PRESSURE_TEMP_SETUP","1977","1981","Group 2 / ETCC — 1976-1981","Bridgestone/other","technical paper","1"
"W01_PRESSURE_TEMP_SETUP","1960","1965","General Tire Mechanics","Pirelli","setup book / test sheet","1"
"W01_PRESSURE_TEMP_SETUP","1997","2001","NASCAR stock car — 1992-2010","Firestone","technical paper","1"
"W01_PRESSURE_TEMP_SETUP","1982","1986","Historic Racing Reference","Dunlop","setup book / test sheet","1"
"W01_PRESSURE_TEMP_SETUP","1966","1969","Group 4 Sports Cars — 1966-1969","Avon","technical paper","1"
"W01_PRESSURE_TEMP_SETUP","2004","2010","LMP1 / LMP2","Michelin","setup book / test sheet","1"
"W01_PRESSURE_TEMP_SETUP","1987","1974","Can-Am — original","Goodyear","technical paper","1"
"W01_PRESSURE_TEMP_SETUP","1972","1976","Japanese GT / touring — pre-JGTC","Bridgestone/other","setup book / test sheet","1"
"W01_PRESSURE_TEMP_SETUP","1960","1963","Sports racing / prototypes — 1950-1963","Bridgestone/other","peer-reviewed paper","1"
"W01_PRESSURE_TEMP_SETUP","1997","2001","International Formula 3000","Pirelli","supplier technical document","1"
"W01_PRESSURE_TEMP_SETUP","1982","1986","Group A touring — 1982-1992","Firestone","peer-reviewed paper","1"
"W01_PRESSURE_TEMP_SETUP","1966","1971","General Tire Mechanics","Dunlop","supplier technical document","1"
"W01_PRESSURE_TEMP_SETUP","2002","2010","NASCAR stock car — 1992-2010","Avon","peer-reviewed paper","1"
"W01_PRESSURE_TEMP_SETUP","1987","1991","Historic Racing Reference","Michelin","supplier technical document","1"
"W01_PRESSURE_TEMP_SETUP","1972","1976","IMSA GT — 1971-1981","Goodyear","peer-reviewed paper","1"
"W01_PRESSURE_TEMP_SETUP","1950","1959","Club single-seater — pre-Formula Ford","Bridgestone/other","supplier technical document","1"
"W01_PRESSURE_TEMP_SETUP","1993","1996","Group A / production touring — 1993-2001","Pirelli","peer-reviewed paper","1"
"W01_PRESSURE_TEMP_SETUP","1977","1981","Japanese GT / touring — pre-JGTC","Firestone","supplier technical document","1"
"W01_PRESSURE_TEMP_SETUP","1997","2001","IMSA GT/GTS — 1994-2001","Avon","period technical/race article","1"
"W01_PRESSURE_TEMP_SETUP","1982","1986","CART / Indy-car","Michelin","period race report / technical feature","1"
"W01_PRESSURE_TEMP_SETUP","2002","2004","International Formula 3000","Dunlop","period race report / technical feature","1"
"W01_PRESSURE_TEMP_SETUP","1987","1991","Group A touring — 1982-1992","Avon","supplier technical document","1"
"W01_PRESSURE_TEMP_SETUP","1972","1976","Formula 1 — 3-litre/cross-ply-to-radial transition","Michelin","period race report / technical feature","1"
"W01_PRESSURE_TEMP_SETUP","1992","1996","General Racing Tire","Bridgestone/other","period race report / technical feature","1"
"W01_PRESSURE_TEMP_SETUP","1960","1965","Club single-seater — pre-Formula Ford","Firestone","period race report / technical feature","1"
"W01_PRESSURE_TEMP_SETUP","1997","2001","Group A / production touring — 1993-2001","Dunlop","supplier technical document","1"
"W01_PRESSURE_TEMP_SETUP","1982","1986","Japanese GT / touring — pre-JGTC","Avon","period race report / technical feature","1"
"W01_PRESSURE_TEMP_SETUP","1966","1971","Sports racing / prototypes — 1964-1971","Michelin","setup book / test sheet","1"
"W01_PRESSURE_TEMP_SETUP","2002","1981","IMSA GT — 1971-1981","Goodyear","technical paper","1"
"W01_PRESSURE_TEMP_SETUP","1987","1991","CART / Indy-car","Bridgestone/other","setup book / test sheet","1"
"W01_PRESSURE_TEMP_SETUP","1972","1976","Group 4 Special GT — 1970-1981","Pirelli","technical paper","1"
"W01_PRESSURE_TEMP_SETUP","1958","1959","Formula Junior","Firestone","setup book / test sheet","1"
"W01_PRESSURE_TEMP_SETUP","1992","1996","World Rally Championship — 1987-2001","Dunlop","technical paper","1"
"W01_PRESSURE_TEMP_SETUP","1977","1981","Formula 1 — 3-litre/cross-ply-to-radial transition","Avon","setup book / test sheet","1"
"W01_PRESSURE_TEMP_SETUP","1997","2001","General Racing Tire","Firestone","setup book / test sheet","1"
"W01_PRESSURE_TEMP_SETUP","1982","1986","Trans-Am — 1982-2001","Dunlop","technical paper","1"
"W01_PRESSURE_TEMP_SETUP","1967","1971","Formula Ford — 1967-1976","Avon","setup book / test sheet","1"
"W01_PRESSURE_TEMP_SETUP","2002","1969","Group 2 / ETCC — 1963-1969","Michelin","technical paper","1"
"W01_PRESSURE_TEMP_SETUP","1987","1991","Japanese GT / touring — pre-JGTC","Goodyear","setup book / test sheet","1"
"W01_PRESSURE_TEMP_SETUP","1977","1981","Group 4 Special GT — 1970-1981","Dunlop","peer-reviewed paper","1"
"W01_PRESSURE_TEMP_SETUP","1960","1963","Formula Junior","Avon","supplier technical document","1"
"W01_PRESSURE_TEMP_SETUP","1997","2001","World Rally Championship — 1987-2001","Michelin","peer-reviewed paper","1"
"W01_PRESSURE_TEMP_SETUP","1982","1986","Formula 1 — turbo/radial slick era","Goodyear","supplier technical document","1"
"W01_PRESSURE_TEMP_SETUP","1966","1971","Sports racing / prototypes — 1964-1971","Bridgestone/other","peer-reviewed paper","1"
"W01_PRESSURE_TEMP_SETUP","2002","2010","General Racing Tire","Pirelli","supplier technical document","1"
"W01_PRESSURE_TEMP_SETUP","1987","1991","Trans-Am — 1982-2001","Firestone","peer-reviewed paper","1"
"W01_PRESSURE_TEMP_SETUP","1972","1976","Historic Racing Reference","Dunlop","supplier technical document","1"
"W01_PRESSURE_TEMP_SETUP","1993","1996","Le Mans Prototype transition","Pirelli","supplier technical document","1"
"W01_PRESSURE_TEMP_SETUP","1982","1986","Group C","Michelin","period technical/race article","1"
"W01_PRESSURE_TEMP_SETUP","1966","1970","Formula 3 — 1964-1970","Goodyear","period race report / technical feature","1"
"W01_PRESSURE_TEMP_SETUP","2002","2010","World Rally Championship — 2002-2010","Bridgestone/other","period technical/race article","1"
"W01_PRESSURE_TEMP_SETUP","1987","1991","Formula 1 — turbo/radial slick era","Pirelli","period race report / technical feature","1"
"W01_PRESSURE_TEMP_SETUP","1972","1975","Group 2 / ETCC — 1970-1975","Firestone","setup book / test sheet","1"
"W01_PRESSURE_TEMP_SETUP","1950","1959","General Tire Mechanics","Dunlop","period race report / technical feature","1"
"W01_PRESSURE_TEMP_SETUP","1992","1996","NASCAR stock car — 1992-2010","Avon","setup book / test sheet","1"
"W01_PRESSURE_TEMP_SETUP","1977","1981","Historic Racing Reference","Michelin","period race report / technical feature","1"
"W01_PRESSURE_TEMP_SETUP","1997","1999","Le Mans Prototype transition","Bridgestone/other","period race report / technical feature","1"
"W01_PRESSURE_TEMP_SETUP","1966","1970","US GT / sports racing — pre-IMSA GT","Firestone","technical paper","1"
"W01_PRESSURE_TEMP_SETUP","2002","2010","Historic Racing Reference","Dunlop","setup book / test sheet","1"
"W01_PRESSURE_TEMP_SETUP","1987","1991","Group C","Bridgestone/other","technical paper","1"
"W01_PRESSURE_TEMP_SETUP","1972","1976","USAC Championship Car / Indianapolis","Pirelli","setup book / test sheet","1"
"W01_PRESSURE_TEMP_SETUP","1992","1996","International Formula 3000","Dunlop","setup book / test sheet","1"
"W01_PRESSURE_TEMP_SETUP","1977","1981","Group 2 / ETCC — 1976-1981","Avon","technical paper","1"
"W01_PRESSURE_TEMP_SETUP","1960","1965","General Tire Mechanics","Michelin","setup book / test sheet","1"
"W01_PRESSURE_TEMP_SETUP","1997","2001","NASCAR stock car — 1992-2010","Goodyear","technical paper","1"
"W01_PRESSURE_TEMP_SETUP","1982","1986","Historic Racing Reference","Bridgestone/other","setup book / test sheet","1"
"W01_PRESSURE_TEMP_SETUP","1966","1969","Group 4 Sports Cars — 1966-1969","Pirelli","technical paper","1"
"W01_PRESSURE_TEMP_SETUP","2004","2010","LMP1 / LMP2","Firestone","setup book / test sheet","1"
"W01_PRESSURE_TEMP_SETUP","1987","1974","Can-Am — original","Dunlop","supplier technical document","1"
"W01_PRESSURE_TEMP_SETUP","1972","1976","Japanese GT / touring — pre-JGTC","Avon","peer-reviewed paper","1"
"W01_PRESSURE_TEMP_SETUP","1994","1996","IMSA GT/GTS — 1994-2001","Goodyear","peer-reviewed paper","1"
"W01_PRESSURE_TEMP_SETUP","1997","2001","International Formula 3000","Firestone","supplier technical document","1"
"W01_PRESSURE_TEMP_SETUP","1982","1986","Group A touring — 1982-1992","Goodyear","peer-reviewed paper","1"
"W01_PRESSURE_TEMP_SETUP","2002","2010","NASCAR stock car — 1992-2010","Pirelli","peer-reviewed paper","1"
"W01_PRESSURE_TEMP_SETUP","1987","1991","Historic Racing Reference","Firestone","supplier technical document","1"
"W01_PRESSURE_TEMP_SETUP","1972","1976","IMSA GT — 1971-1981","Dunlop","peer-reviewed paper","1"
"W01_PRESSURE_TEMP_SETUP","1960","1965","Historic Racing Reference","Bridgestone/other","period race report / technical feature","1"
"W01_PRESSURE_TEMP_SETUP","1982","1986","CART / Indy-car","Firestone","period race report / technical feature","1"
"W01_PRESSURE_TEMP_SETUP","1966","1969","GT40-era endurance","Dunlop","setup book / test sheet","1"
"W01_PRESSURE_TEMP_SETUP","2002","2004","International Formula 3000","Avon","period race report / technical feature","1"
"W01_PRESSURE_TEMP_SETUP","1987","1991","Group A touring — 1982-1992","Michelin","period technical/race article","1"
"W01_PRESSURE_TEMP_SETUP","1972","1976","Formula 1 — 3-litre/cross-ply-to-radial transition","Goodyear","period race report / technical feature","1"
"W01_PRESSURE_TEMP_SETUP","1992","1996","General Racing Tire","Pirelli","period race report / technical feature","1"
"W01_PRESSURE_TEMP_SETUP","1960","1965","Club single-seater — pre-Formula Ford","Goodyear","period race report / technical feature","1"
"W01_PRESSURE_TEMP_SETUP","2002","1981","IMSA GT — 1971-1981","Dunlop","technical paper","1"
"W01_PRESSURE_TEMP_SETUP","1987","1991","CART / Indy-car","Avon","setup book / test sheet","1"
"W01_PRESSURE_TEMP_SETUP","1972","1976","Group 4 Special GT — 1970-1981","Michelin","technical paper","1"
"W01_PRESSURE_TEMP_SETUP","1958","1959","Formula Junior","Goodyear","setup book / test sheet","1"
"W01_PRESSURE_TEMP_SETUP","1992","1996","World Rally Championship — 1987-2001","Bridgestone/other","technical paper","1"
"W01_PRESSURE_TEMP_SETUP","1977","1981","Formula 1 — 3-litre/cross-ply-to-radial transition","Pirelli","setup book / test sheet","1"
"W01_PRESSURE_TEMP_SETUP","1997","2001","General Racing Tire","Dunlop","setup book / test sheet","1"
"W01_PRESSURE_TEMP_SETUP","1982","1986","Trans-Am — 1982-2001","Avon","technical paper","1"
"W01_PRESSURE_TEMP_SETUP","1967","1971","Formula Ford — 1967-1976","Michelin","setup book / test sheet","1"
"W01_PRESSURE_TEMP_SETUP","1987","1991","Japanese GT / touring — pre-JGTC","Bridgestone/other","peer-reviewed paper","1"
"W01_PRESSURE_TEMP_SETUP","1950","1959","US GT / sports racing — pre-IMSA GT","Michelin","peer-reviewed paper","1"
"W01_PRESSURE_TEMP_SETUP","1977","1981","Group 4 Special GT — 1970-1981","Bridgestone/other","peer-reviewed paper","1"
"W01_PRESSURE_TEMP_SETUP","1997","2001","World Rally Championship — 1987-2001","Firestone","peer-reviewed paper","1"
"W01_PRESSURE_TEMP_SETUP","1982","1986","Formula 1 — turbo/radial slick era","Dunlop","supplier technical document","1"
"W01_PRESSURE_TEMP_SETUP","2002","2010","General Racing Tire","Michelin","supplier technical document","1"
"W01_PRESSURE_TEMP_SETUP","1987","1991","Trans-Am — 1982-2001","Goodyear","peer-reviewed paper","1"
"W01_PRESSURE_TEMP_SETUP","1972","1976","Historic Racing Reference","Bridgestone/other","supplier technical document","1"
"W01_PRESSURE_TEMP_SETUP","1950","1959","Sports racing / prototypes — 1950-1963","Pirelli","period race report / technical feature","1"
"W01_PRESSURE_TEMP_SETUP","1993","1996","Le Mans Prototype transition","Firestone","period technical/race article","1"
"W01_PRESSURE_TEMP_SETUP","1977","1981","Can-Am — revival","Dunlop","period race report / technical feature","1"
"W01_PRESSURE_TEMP_SETUP","1997","2001","Historic Racing Reference","Michelin","period race report / technical feature","1"
"W01_PRESSURE_TEMP_SETUP","1966","1970","Formula 3 — 1964-1970","Dunlop","period race report / technical feature","1"
"W01_PRESSURE_TEMP_SETUP","2002","2010","World Rally Championship — 2002-2010","Avon","supplier technical document","1"
"W01_PRESSURE_TEMP_SETUP","1987","1991","Formula 1 — turbo/radial slick era","Michelin","period race report / technical feature","1"
"W01_PRESSURE_TEMP_SETUP","1950","1959","General Tire Mechanics","Bridgestone/other","period race report / technical feature","1"
"W01_PRESSURE_TEMP_SETUP","1992","1996","NASCAR stock car — 1992-2010","Pirelli","period technical/race article","1"
"W01_PRESSURE_TEMP_SETUP","1977","1981","Historic Racing Reference","Firestone","period race report / technical feature","1"
"W01_PRESSURE_TEMP_SETUP","1997","1999","Le Mans Prototype transition","Avon","technical paper","1"
"W01_PRESSURE_TEMP_SETUP","1982","1986","Can-Am — revival","Michelin","setup book / test sheet","1"
"W01_PRESSURE_TEMP_SETUP","1966","1970","US GT / sports racing — pre-IMSA GT","Goodyear","technical paper","1"
"W01_PRESSURE_TEMP_SETUP","2002","2010","Historic Racing Reference","Bridgestone/other","setup book / test sheet","1"
"W01_PRESSURE_TEMP_SETUP","1987","1991","Group C","Pirelli","technical paper","1"
"W01_PRESSURE_TEMP_SETUP","1972","1976","USAC Championship Car / Indianapolis","Firestone","setup book / test sheet","1"
"W01_PRESSURE_TEMP_SETUP","1992","1996","International Formula 3000","Avon","setup book / test sheet","1"
"W01_PRESSURE_TEMP_SETUP","1977","1981","Group 2 / ETCC — 1976-1981","Michelin","technical paper","1"
"W01_PRESSURE_TEMP_SETUP","1960","1965","General Tire Mechanics","Firestone","setup book / test sheet","1"
"W01_PRESSURE_TEMP_SETUP","1997","2001","NASCAR stock car — 1992-2010","Dunlop","technical paper","1"
"W01_PRESSURE_TEMP_SETUP","1982","1986","Historic Racing Reference","Avon","setup book / test sheet","1"
"W01_PRESSURE_TEMP_SETUP","1972","1976","Japanese GT / touring — pre-JGTC","Pirelli","peer-reviewed paper","1"
"W01_PRESSURE_TEMP_SETUP","1994","1996","IMSA GT/GTS — 1994-2001","Dunlop","peer-reviewed paper","1"
"W01_PRESSURE_TEMP_SETUP","1979","1981","CART / Indy-car","Avon","supplier technical document","1"
"W01_PRESSURE_TEMP_SETUP","1960","1963","Sports racing / prototypes — 1950-1963","Michelin","peer-reviewed paper","1"
"W01_PRESSURE_TEMP_SETUP","1997","2001","International Formula 3000","Goodyear","supplier technical document","1"
"W01_PRESSURE_TEMP_SETUP","1982","1986","Group A touring — 1982-1992","Bridgestone/other","peer-reviewed paper","1"
"W01_PRESSURE_TEMP_SETUP","1966","1971","General Tire Mechanics","Pirelli","supplier technical document","1"
"W01_PRESSURE_TEMP_SETUP","2002","2010","NASCAR stock car — 1992-2010","Firestone","peer-reviewed paper","1"
"W01_PRESSURE_TEMP_SETUP","1987","1991","Historic Racing Reference","Dunlop","supplier technical document","1"
"W01_PRESSURE_TEMP_SETUP","1977","1981","Japanese GT / touring — pre-JGTC","Dunlop","supplier technical document","1"
"W01_PRESSURE_TEMP_SETUP","1960","1965","Historic Racing Reference","Avon","period race report / technical feature","1"
"W01_PRESSURE_TEMP_SETUP","1997","2001","IMSA GT/GTS — 1994-2001","Michelin","period technical/race article","1"
"W01_PRESSURE_TEMP_SETUP","1982","1986","CART / Indy-car","Goodyear","period race report / technical feature","1"
"W01_PRESSURE_TEMP_SETUP","1966","1969","GT40-era endurance","Bridgestone/other","period technical/race article","1"
"W01_PRESSURE_TEMP_SETUP","2002","2004","International Formula 3000","Pirelli","period race report / technical feature","1"
"W01_PRESSURE_TEMP_SETUP","1987","1991","Group A touring — 1982-1992","Firestone","supplier technical document","1"
"W01_PRESSURE_TEMP_SETUP","1950","1959","Sports racing / prototypes — 1950-1963","Avon","period technical/race article","1"
"W01_PRESSURE_TEMP_SETUP","1977","1981","Trans-Am — 1973-1981","Goodyear","setup book / test sheet","1"
"W01_PRESSURE_TEMP_SETUP","1960","1965","Club single-seater — pre-Formula Ford","Bridgestone/other","technical paper","1"
"W01_PRESSURE_TEMP_SETUP","1997","2001","Group A / production touring — 1993-2001","Pirelli","setup book / test sheet","1"
"W01_PRESSURE_TEMP_SETUP","1982","1986","Japanese GT / touring — pre-JGTC","Firestone","technical paper","1"
"W01_PRESSURE_TEMP_SETUP","1966","1971","Sports racing / prototypes — 1964-1971","Dunlop","setup book / test sheet","1"
"W01_PRESSURE_TEMP_SETUP","2002","1981","IMSA GT — 1971-1981","Bridgestone/other","technical paper","1"
"W01_PRESSURE_TEMP_SETUP","1987","1991","CART / Indy-car","Pirelli","setup book / test sheet","1"
"W01_PRESSURE_TEMP_SETUP","1972","1976","Group 4 Special GT — 1970-1981","Firestone","technical paper","1"
"W01_PRESSURE_TEMP_SETUP","1958","1959","Formula Junior","Dunlop","setup book / test sheet","1"
"W01_PRESSURE_TEMP_SETUP","1992","1996","World Rally Championship — 1987-2001","Avon","technical paper","1"
"W01_PRESSURE_TEMP_SETUP","1977","1981","Formula 1 — 3-litre/cross-ply-to-radial transition","Michelin","setup book / test sheet","1"
"W01_PRESSURE_TEMP_SETUP","1960","1963","Sports racing / prototypes — 1950-1963","Goodyear","technical paper","1"
"W01_PRESSURE_TEMP_SETUP","1997","2001","General Racing Tire","Bridgestone/other","setup book / test sheet","1"
"W01_PRESSURE_TEMP_SETUP","1982","1986","Trans-Am — 1982-2001","Pirelli","supplier technical document","1"
"W01_PRESSURE_TEMP_SETUP","1967","1971","Formula Ford — 1967-1976","Firestone","peer-reviewed paper","1"
"W01_PRESSURE_TEMP_SETUP","1987","1991","Japanese GT / touring — pre-JGTC","Avon","peer-reviewed paper","1"
"W01_PRESSURE_TEMP_SETUP","1972","1976","Sports racing / prototypes — 1972-1981","Michelin","supplier technical document","1"
"W01_PRESSURE_TEMP_SETUP","1950","1959","US GT / sports racing — pre-IMSA GT","Goodyear","peer-reviewed paper","1"
"W01_PRESSURE_TEMP_SETUP","1977","1981","Group 4 Special GT — 1970-1981","Pirelli","peer-reviewed paper","1"
"W01_PRESSURE_TEMP_SETUP","1997","2001","World Rally Championship — 1987-2001","Goodyear","peer-reviewed paper","1"
"W01_PRESSURE_TEMP_SETUP","1982","1986","Formula 1 — turbo/radial slick era","Bridgestone/other","supplier technical document","1"
"W01_PRESSURE_TEMP_SETUP","2002","2010","General Racing Tire","Firestone","supplier technical document","1"
"W01_PRESSURE_TEMP_SETUP","1972","1976","Historic Racing Reference","Avon","period technical/race article","1"
"W01_PRESSURE_TEMP_SETUP","1977","1981","Can-Am — revival","Bridgestone/other","period race report / technical feature","1"
"W01_PRESSURE_TEMP_SETUP","1960","1965","US GT / sports racing — pre-IMSA GT","Pirelli","setup book / test sheet","1"
"W01_PRESSURE_TEMP_SETUP","1997","2001","Historic Racing Reference","Firestone","period race report / technical feature","1"
"W01_PRESSURE_TEMP_SETUP","1966","1970","Formula 3 — 1964-1970","Avon","period race report / technical feature","1"
"W01_PRESSURE_TEMP_SETUP","1997","1999","Le Mans Prototype transition","Pirelli","technical paper","1"
"W01_PRESSURE_TEMP_SETUP","1982","1986","Can-Am — revival","Firestone","setup book / test sheet","1"
"W01_PRESSURE_TEMP_SETUP","1966","1970","US GT / sports racing — pre-IMSA GT","Dunlop","technical paper","1"
"W01_PRESSURE_TEMP_SETUP","2002","2010","Historic Racing Reference","Avon","setup book / test sheet","1"
"W01_PRESSURE_TEMP_SETUP","1987","1991","Group C","Michelin","technical paper","1"
"W01_PRESSURE_TEMP_SETUP","1972","1976","USAC Championship Car / Indianapolis","Goodyear","setup book / test sheet","1"
"W01_PRESSURE_TEMP_SETUP","1982","1986","Historic Racing Reference","Michelin","peer-reviewed paper","1"
"W01_PRESSURE_TEMP_SETUP","2004","2010","LMP1 / LMP2","Bridgestone/other","peer-reviewed paper","1"
"W01_PRESSURE_TEMP_SETUP","1987","1974","Can-Am — original","Avon","supplier technical document","1"
"W01_PRESSURE_TEMP_SETUP","1972","1976","Japanese GT / touring — pre-JGTC","Michelin","peer-reviewed paper","1"
"W01_PRESSURE_TEMP_SETUP","1994","1996","IMSA GT/GTS — 1994-2001","Bridgestone/other","peer-reviewed paper","1"
"W01_PRESSURE_TEMP_SETUP","1997","2001","International Formula 3000","Dunlop","supplier technical document","1"
"W01_PRESSURE_TEMP_SETUP","1982","1986","Group A touring — 1982-1992","Avon","peer-reviewed paper","1"
"W01_PRESSURE_TEMP_SETUP","1966","1971","General Tire Mechanics","Michelin","supplier technical document","1"
"W01_PRESSURE_TEMP_SETUP","2002","2010","NASCAR stock car — 1992-2010","Goodyear","period race report / technical feature","1"
"W01_PRESSURE_TEMP_SETUP","1987","1991","Historic Racing Reference","Bridgestone/other","period technical/race article","1"
"W01_PRESSURE_TEMP_SETUP","1972","1976","IMSA GT — 1971-1981","Pirelli","period race report / technical feature","1"
"W01_PRESSURE_TEMP_SETUP","1993","1996","Group A / production touring — 1993-2001","Dunlop","period race report / technical feature","1"
"W01_PRESSURE_TEMP_SETUP","1977","1981","Japanese GT / touring — pre-JGTC","Avon","period technical/race article","1"
"W01_PRESSURE_TEMP_SETUP","1960","1965","Historic Racing Reference","Michelin","period race report / technical feature","1"
"W01_PRESSURE_TEMP_SETUP","1982","1986","CART / Indy-car","Dunlop","period race report / technical feature","1"
"W01_PRESSURE_TEMP_SETUP","2002","2004","International Formula 3000","Michelin","period race report / technical feature","1"
"W01_PRESSURE_TEMP_SETUP","1987","1991","Group A touring — 1982-1992","Goodyear","period technical/race article","1"
"W01_PRESSURE_TEMP_SETUP","1972","1976","Formula 1 — 3-litre/cross-ply-to-radial transition","Bridgestone/other","period race report / technical feature","1"
"W01_PRESSURE_TEMP_SETUP","1960","1965","Club single-seater — pre-Formula Ford","Avon","technical paper","1"
"W01_PRESSURE_TEMP_SETUP","1997","2001","Group A / production touring — 1993-2001","Michelin","setup book / test sheet","1"
"W01_PRESSURE_TEMP_SETUP","1982","1986","Japanese GT / touring — pre-JGTC","Goodyear","technical paper","1"
"W01_PRESSURE_TEMP_SETUP","1966","1971","Sports racing / prototypes — 1964-1971","Bridgestone/other","setup book / test sheet","1"
"W01_PRESSURE_TEMP_SETUP","2002","1981","IMSA GT — 1971-1981","Pirelli","technical paper","1"
"W01_PRESSURE_TEMP_SETUP","1987","1991","CART / Indy-car","Firestone","setup book / test sheet","1"
"W01_PRESSURE_TEMP_SETUP","1972","1976","Group 4 Special GT — 1970-1981","Dunlop","technical paper","1"
"W01_PRESSURE_TEMP_SETUP","1967","1971","Formula Ford — 1967-1976","Goodyear","peer-reviewed paper","1"
"W01_PRESSURE_TEMP_SETUP","2002","1969","Group 2 / ETCC — 1963-1969","Bridgestone/other","supplier technical document","1"
"W01_PRESSURE_TEMP_SETUP","1987","1991","Japanese GT / touring — pre-JGTC","Pirelli","peer-reviewed paper","1"
"W01_PRESSURE_TEMP_SETUP","1972","1976","Sports racing / prototypes — 1972-1981","Firestone","supplier technical document","1"
"W01_PRESSURE_TEMP_SETUP","1950","1959","US GT / sports racing — pre-IMSA GT","Dunlop","peer-reviewed paper","1"
"W01_PRESSURE_TEMP_SETUP","1992","1996","Historic Racing Reference","Avon","supplier technical document","1"
"W01_PRESSURE_TEMP_SETUP","1977","1981","Group 4 Special GT — 1970-1981","Michelin","peer-reviewed paper","1"
"W01_PRESSURE_TEMP_SETUP","1987","1991","Trans-Am — 1982-2001","Avon","period race report / technical feature","1"
"W01_PRESSURE_TEMP_SETUP","1950","1959","Sports racing / prototypes — 1950-1963","Firestone","period race report / technical feature","1"
"W01_PRESSURE_TEMP_SETUP","1993","1996","Le Mans Prototype transition","Dunlop","period technical/race article","1"
"W01_PRESSURE_TEMP_SETUP","1977","1981","Can-Am — revival","Avon","period race report / technical feature","1"
"W01_PRESSURE_TEMP_SETUP","1960","1965","US GT / sports racing — pre-IMSA GT","Michelin","supplier technical document","1"
"W01_PRESSURE_TEMP_SETUP","1997","2001","Historic Racing Reference","Goodyear","period race report / technical feature","1"
"W01_PRESSURE_TEMP_SETUP","1982","1986","Group C","Bridgestone/other","period technical/race article","1"
"W01_PRESSURE_TEMP_SETUP","1966","1970","Formula 3 — 1964-1970","Pirelli","period race report / technical feature","1"
"W01_PRESSURE_TEMP_SETUP","2002","2010","World Rally Championship — 2002-2010","Firestone","supplier technical document","1"
"W01_PRESSURE_TEMP_SETUP","1972","1975","Group 2 / ETCC — 1970-1975","Avon","setup book / test sheet","1"
"W01_PRESSURE_TEMP_SETUP","1950","1959","General Tire Mechanics","Michelin","technical paper","1"
"W01_PRESSURE_TEMP_SETUP","1977","1981","Historic Racing Reference","Bridgestone/other","technical paper","1"
"W01_PRESSURE_TEMP_SETUP","1997","1999","Le Mans Prototype transition","Firestone","technical paper","1"
"W01_PRESSURE_TEMP_SETUP","1966","1970","US GT / sports racing — pre-IMSA GT","Bridgestone/other","technical paper","1"
"W01_PRESSURE_TEMP_SETUP","2002","2010","Historic Racing Reference","Pirelli","setup book / test sheet","1"
"W01_PRESSURE_TEMP_SETUP","1987","1991","Group C","Firestone","technical paper","1"
"W01_PRESSURE_TEMP_SETUP","1992","1996","International Formula 3000","Michelin","setup book / test sheet","1"
"W01_PRESSURE_TEMP_SETUP","1997","2001","NASCAR stock car — 1992-2010","Pirelli","supplier technical document","1"
"W01_PRESSURE_TEMP_SETUP","1982","1986","Historic Racing Reference","Firestone","peer-reviewed paper","1"
"W01_PRESSURE_TEMP_SETUP","1966","1969","Group 4 Sports Cars — 1966-1969","Dunlop","supplier technical document","1"
"W01_PRESSURE_TEMP_SETUP","2004","2010","LMP1 / LMP2","Avon","peer-reviewed paper","1"
"W01_PRESSURE_TEMP_SETUP","1987","1974","Can-Am — original","Michelin","supplier technical document","1"
"W01_PRESSURE_TEMP_SETUP","1972","1976","Japanese GT / touring — pre-JGTC","Goodyear","peer-reviewed paper","1"
"W01_PRESSURE_TEMP_SETUP","1994","1996","IMSA GT/GTS — 1994-2001","Pirelli","peer-reviewed paper","1"
"W01_PRESSURE_TEMP_SETUP","1966","1971","General Tire Mechanics","Firestone","setup book / test sheet","1"
"W01_PRESSURE_TEMP_SETUP","1972","1976","IMSA GT — 1971-1981","Michelin","period race report / technical feature","1"
"W01_PRESSURE_TEMP_SETUP","1993","1996","Group A / production touring — 1993-2001","Bridgestone/other","period race report / technical feature","1"
"W01_PRESSURE_TEMP_SETUP","1960","1965","Historic Racing Reference","Firestone","period race report / technical feature","1"
"W01_PRESSURE_TEMP_SETUP","1997","2001","IMSA GT/GTS — 1994-2001","Dunlop","setup book / test sheet","1"
"W01_PRESSURE_TEMP_SETUP","1972","1976","Formula 1 — 3-litre/cross-ply-to-radial transition","Pirelli","technical paper","1"
"W01_PRESSURE_TEMP_SETUP","1992","1996","General Racing Tire","Goodyear","technical paper","1"
"W01_PRESSURE_TEMP_SETUP","1960","1965","Club single-seater — pre-Formula Ford","Pirelli","technical paper","1"
"W01_PRESSURE_TEMP_SETUP","1997","2001","Group A / production touring — 1993-2001","Firestone","setup book / test sheet","1"
"W01_PRESSURE_TEMP_SETUP","1982","1986","Japanese GT / touring — pre-JGTC","Dunlop","technical paper","1"
"W01_PRESSURE_TEMP_SETUP","1966","1971","Sports racing / prototypes — 1964-1971","Avon","setup book / test sheet","1"
"W01_PRESSURE_TEMP_SETUP","2002","1981","IMSA GT — 1971-1981","Michelin","technical paper","1"
"W01_PRESSURE_TEMP_SETUP","1987","1991","CART / Indy-car","Goodyear","setup book / test sheet","1"
"W01_PRESSURE_TEMP_SETUP","1992","1996","World Rally Championship — 1987-2001","Firestone","supplier technical document","1"
"W01_PRESSURE_TEMP_SETUP","1977","1981","Formula 1 — 3-litre/cross-ply-to-radial transition","Dunlop","peer-reviewed paper","1"
"W01_PRESSURE_TEMP_SETUP","1997","2001","General Racing Tire","Michelin","peer-reviewed paper","1"
"W01_PRESSURE_TEMP_SETUP","1982","1986","Trans-Am — 1982-2001","Goodyear","supplier technical document","1"
"W01_PRESSURE_TEMP_SETUP","1967","1971","Formula Ford — 1967-1976","Bridgestone/other","peer-reviewed paper","1"
"W01_PRESSURE_TEMP_SETUP","2002","1969","Group 2 / ETCC — 1963-1969","Avon","supplier technical document","1"
"W01_PRESSURE_TEMP_SETUP","1987","1991","Japanese GT / touring — pre-JGTC","Michelin","peer-reviewed paper","1"
"W01_PRESSURE_TEMP_SETUP","1950","1959","US GT / sports racing — pre-IMSA GT","Bridgestone/other","peer-reviewed paper","1"
"W01_PRESSURE_TEMP_SETUP","1992","1996","Historic Racing Reference","Pirelli","supplier technical document","1"
"W01_PRESSURE_TEMP_SETUP","1977","1981","Group 4 Special GT — 1970-1981","Firestone","peer-reviewed paper","1"
"W01_PRESSURE_TEMP_SETUP","1982","1986","Formula 1 — turbo/radial slick era","Michelin","period technical/race article","1"
"W01_PRESSURE_TEMP_SETUP","1966","1971","Sports racing / prototypes — 1964-1971","Goodyear","period race report / technical feature","1"
"W01_PRESSURE_TEMP_SETUP","1987","1991","Trans-Am — 1982-2001","Pirelli","period race report / technical feature","1"
"W01_PRESSURE_TEMP_SETUP","1950","1959","Sports racing / prototypes — 1950-1963","Dunlop","period race report / technical feature","1"
"W01_PRESSURE_TEMP_SETUP","1977","1981","Can-Am — revival","Michelin","period race report / technical feature","1"
"W01_PRESSURE_TEMP_SETUP","1997","2001","Historic Racing Reference","Dunlop","period race report / technical feature","1"
"W01_PRESSURE_TEMP_SETUP","1950","1959","General Tire Mechanics","Firestone","technical paper","1"
"W01_PRESSURE_TEMP_SETUP","1992","1996","NASCAR stock car — 1992-2010","Dunlop","setup book / test sheet","1"
"W01_PRESSURE_TEMP_SETUP","1977","1981","Historic Racing Reference","Avon","technical paper","1"
"W01_PRESSURE_TEMP_SETUP","1960","1963","Sports racing / prototypes — 1950-1963","Michelin","setup book / test sheet","1"
"W01_PRESSURE_TEMP_SETUP","1997","1999","Le Mans Prototype transition","Goodyear","technical paper","1"
"W01_PRESSURE_TEMP_SETUP","1966","1970","US GT / sports racing — pre-IMSA GT","Pirelli","technical paper","1"
"W01_PRESSURE_TEMP_SETUP","1960","1965","General Tire Mechanics","Avon","peer-reviewed paper","1"
"W01_PRESSURE_TEMP_SETUP","1997","2001","NASCAR stock car — 1992-2010","Michelin","supplier technical document","1"
"W01_PRESSURE_TEMP_SETUP","1982","1986","Historic Racing Reference","Goodyear","peer-reviewed paper","1"
"W01_PRESSURE_TEMP_SETUP","1966","1969","Group 4 Sports Cars — 1966-1969","Bridgestone/other","supplier technical document","1"
"W01_PRESSURE_TEMP_SETUP","2004","2010","LMP1 / LMP2","Pirelli","peer-reviewed paper","1"
"W01_PRESSURE_TEMP_SETUP","1987","1974","Can-Am — original","Firestone","supplier technical document","1"
"W01_PRESSURE_TEMP_SETUP","1972","1976","Japanese GT / touring — pre-JGTC","Dunlop","peer-reviewed paper","1"
"W01_PRESSURE_TEMP_SETUP","1960","1963","Sports racing / prototypes — 1950-1963","Bridgestone/other","period race report / technical feature","1"
"W01_PRESSURE_TEMP_SETUP","1997","2001","International Formula 3000","Pirelli","period technical/race article","1"
"W01_PRESSURE_TEMP_SETUP","1982","1986","Group A touring — 1982-1992","Firestone","period race report / technical feature","1"
"W01_PRESSURE_TEMP_SETUP","2002","2010","NASCAR stock car — 1992-2010","Avon","period race report / technical feature","1"
"W01_PRESSURE_TEMP_SETUP","1972","1976","IMSA GT — 1971-1981","Firestone","period race report / technical feature","1"
"W01_PRESSURE_TEMP_SETUP","1950","1959","Club single-seater — pre-Formula Ford","Dunlop","period technical/race article","1"
"W01_PRESSURE_TEMP_SETUP","1993","1996","Group A / production touring — 1993-2001","Avon","period race report / technical feature","1"
"W01_PRESSURE_TEMP_SETUP","1977","1981","Japanese GT / touring — pre-JGTC","Michelin","supplier technical document","1"
"W01_PRESSURE_TEMP_SETUP","1960","1965","Historic Racing Reference","Goodyear","period race report / technical feature","1"
"W01_PRESSURE_TEMP_SETUP","1997","2001","IMSA GT/GTS — 1994-2001","Bridgestone/other","supplier technical document","1"
"W01_PRESSURE_TEMP_SETUP","1982","1986","CART / Indy-car","Pirelli","period race report / technical feature","1"
"W01_PRESSURE_TEMP_SETUP","1966","1969","GT40-era endurance","Firestone","setup book / test sheet","1"
"W01_PRESSURE_TEMP_SETUP","2002","2004","International Formula 3000","Dunlop","technical paper","1"
"W01_PRESSURE_TEMP_SETUP","1987","1991","Group A touring — 1982-1992","Avon","setup book / test sheet","1"
"W01_PRESSURE_TEMP_SETUP","1972","1976","Formula 1 — 3-litre/cross-ply-to-radial transition","Michelin","technical paper","1"
"W01_PRESSURE_TEMP_SETUP","1950","1959","Sports racing / prototypes — 1950-1963","Goodyear","setup book / test sheet","1"
"W01_PRESSURE_TEMP_SETUP","1992","1996","General Racing Tire","Bridgestone/other","technical paper","1"
"W01_PRESSURE_TEMP_SETUP","1960","1965","Club single-seater — pre-Formula Ford","Firestone","technical paper","1"
"W01_PRESSURE_TEMP_SETUP","1997","2001","Group A / production touring — 1993-2001","Dunlop","setup book / test sheet","1"
"W01_PRESSURE_TEMP_SETUP","1982","1986","Japanese GT / touring — pre-JGTC","Bridgestone/other","technical paper","1"
"W01_PRESSURE_TEMP_SETUP","1966","1971","Sports racing / prototypes — 1964-1971","Pirelli","setup book / test sheet","1"
"W01_PRESSURE_TEMP_SETUP","2002","1981","IMSA GT — 1971-1981","Firestone","technical paper","1"
"W01_PRESSURE_TEMP_SETUP","1977","1981","Formula 1 — 3-litre/cross-ply-to-radial transition","Bridgestone/other","peer-reviewed paper","1"
"W01_PRESSURE_TEMP_SETUP","1960","1963","Sports racing / prototypes — 1950-1963","Pirelli","supplier technical document","1"
"W01_PRESSURE_TEMP_SETUP","1997","2001","General Racing Tire","Firestone","peer-reviewed paper","1"
"W01_PRESSURE_TEMP_SETUP","1982","1986","Trans-Am — 1982-2001","Dunlop","supplier technical document","1"
"W01_PRESSURE_TEMP_SETUP","1967","1971","Formula Ford — 1967-1976","Avon","peer-reviewed paper","1"
"W01_PRESSURE_TEMP_SETUP","2002","1969","Group 2 / ETCC — 1963-1969","Michelin","supplier technical document","1"
"W01_PRESSURE_TEMP_SETUP","1987","1991","Japanese GT / touring — pre-JGTC","Goodyear","peer-reviewed paper","1"
"W01_PRESSURE_TEMP_SETUP","1987","1991","Trans-Am — 1982-2001","Michelin","period race report / technical feature","1"
"W01_PRESSURE_TEMP_SETUP","1993","1996","Le Mans Prototype transition","Pirelli","setup book / test sheet","1"
"W01_PRESSURE_TEMP_SETUP","1966","1970","Formula 3 — 1964-1970","Goodyear","technical paper","1"
"W01_PRESSURE_TEMP_SETUP","2002","2010","World Rally Championship — 2002-2010","Bridgestone/other","setup book / test sheet","1"
"W01_PRESSURE_TEMP_SETUP","1987","1991","Formula 1 — turbo/radial slick era","Pirelli","technical paper","1"
"W01_PRESSURE_TEMP_SETUP","1972","1975","Group 2 / ETCC — 1970-1975","Michelin","setup book / test sheet","1"
"W01_PRESSURE_TEMP_SETUP","1950","1959","General Tire Mechanics","Goodyear","technical paper","1"
"W01_PRESSURE_TEMP_SETUP","1977","1981","Historic Racing Reference","Pirelli","technical paper","1"
"W01_PRESSURE_TEMP_SETUP","1997","1999","Le Mans Prototype transition","Dunlop","technical paper","1"
"W01_PRESSURE_TEMP_SETUP","1982","1986","Can-Am — revival","Avon","setup book / test sheet","1"
"W01_PRESSURE_TEMP_SETUP","1966","1970","US GT / sports racing — pre-IMSA GT","Michelin","technical paper","1"
"W01_PRESSURE_TEMP_SETUP","2002","2010","Historic Racing Reference","Goodyear","setup book / test sheet","1"
"W01_PRESSURE_TEMP_SETUP","1972","1976","USAC Championship Car / Indianapolis","Pirelli","peer-reviewed paper","1"
"W01_PRESSURE_TEMP_SETUP","1992","1996","International Formula 3000","Dunlop","peer-reviewed paper","1"
"W01_PRESSURE_TEMP_SETUP","1977","1981","Group 2 / ETCC — 1976-1981","Avon","supplier technical document","1"
"W01_PRESSURE_TEMP_SETUP","1960","1965","General Tire Mechanics","Michelin","peer-reviewed paper","1"
"W01_PRESSURE_TEMP_SETUP","1982","1986","Historic Racing Reference","Bridgestone/other","peer-reviewed paper","1"
"W01_PRESSURE_TEMP_SETUP","2004","2010","LMP1 / LMP2","Michelin","peer-reviewed paper","1"
"W01_PRESSURE_TEMP_SETUP","1972","1976","Japanese GT / touring — pre-JGTC","Bridgestone/other","peer-reviewed paper","1"
"W01_PRESSURE_TEMP_SETUP","1997","2001","International Formula 3000","Michelin","supplier technical document","1"
"W01_PRESSURE_TEMP_SETUP","1982","1986","Group A touring — 1982-1992","Goodyear","period race report / technical feature","1"
"W01_PRESSURE_TEMP_SETUP","2002","2010","NASCAR stock car — 1992-2010","Pirelli","period race report / technical feature","1"
"W01_PRESSURE_TEMP_SETUP","1987","1991","Historic Racing Reference","Firestone","setup book / test sheet","1"
"W01_PRESSURE_TEMP_SETUP","1972","1976","IMSA GT — 1971-1981","Dunlop","period race report / technical feature","1"
"W01_PRESSURE_TEMP_SETUP","1977","1981","Japanese GT / touring — pre-JGTC","Goodyear","supplier technical document","1"
"W01_PRESSURE_TEMP_SETUP","2002","2004","International Formula 3000","Bridgestone/other","technical paper","1"
"W01_PRESSURE_TEMP_SETUP","1987","1991","Group A touring — 1982-1992","Pirelli","setup book / test sheet","1"
"W01_PRESSURE_TEMP_SETUP","1972","1976","Formula 1 — 3-litre/cross-ply-to-radial transition","Firestone","technical paper","1"
"W01_PRESSURE_TEMP_SETUP","1992","1996","General Racing Tire","Avon","technical paper","1"
"W01_PRESSURE_TEMP_SETUP","1960","1965","Club single-seater — pre-Formula Ford","Goodyear","technical paper","1"
"W01_PRESSURE_TEMP_SETUP","1987","1991","CART / Indy-car","Avon","peer-reviewed paper","1"
"W01_PRESSURE_TEMP_SETUP","1972","1976","Group 4 Special GT — 1970-1981","Michelin","supplier technical document","1"
"W01_PRESSURE_TEMP_SETUP","1958","1959","Formula Junior","Firestone","peer-reviewed paper","1"
"W01_PRESSURE_TEMP_SETUP","1977","1981","Formula 1 — 3-litre/cross-ply-to-radial transition","Avon","peer-reviewed paper","1"
"W01_PRESSURE_TEMP_SETUP","1997","2001","General Racing Tire","Goodyear","peer-reviewed paper","1"
"W01_PRESSURE_TEMP_SETUP","1982","1986","Trans-Am — 1982-2001","Bridgestone/other","supplier technical document","1"
"W01_PRESSURE_TEMP_SETUP","1967","1971","Formula Ford — 1967-1976","Pirelli","peer-reviewed paper","1"
"W01_PRESSURE_TEMP_SETUP","2002","1969","Group 2 / ETCC — 1963-1969","Firestone","supplier technical document","1"
"W01_PRESSURE_TEMP_SETUP","1987","1991","Japanese GT / touring — pre-JGTC","Dunlop","peer-reviewed paper","1"
"W01_PRESSURE_TEMP_SETUP","1950","1959","US GT / sports racing — pre-IMSA GT","Michelin","period race report / technical feature","1"
"W01_PRESSURE_TEMP_SETUP","1977","1981","Group 4 Special GT — 1970-1981","Bridgestone/other","period race report / technical feature","1"
"W01_PRESSURE_TEMP_SETUP","1997","2001","World Rally Championship — 1987-2001","Firestone","period race report / technical feature","1"
"W01_PRESSURE_TEMP_SETUP","1982","1986","Formula 1 — turbo/radial slick era","Dunlop","period technical/race article","1"
"W01_PRESSURE_TEMP_SETUP","1987","1991","Trans-Am — 1982-2001","Firestone","period race report / technical feature","1"
"W01_PRESSURE_TEMP_SETUP","1950","1959","Sports racing / prototypes — 1950-1963","Avon","period race report / technical feature","1"
"W01_PRESSURE_TEMP_SETUP","1993","1996","Le Mans Prototype transition","Michelin","supplier technical document","1"
"W01_PRESSURE_TEMP_SETUP","1977","1981","Can-Am — revival","Goodyear","period race report / technical feature","1"
"W01_PRESSURE_TEMP_SETUP","1982","1986","Group C","Firestone","setup book / test sheet","1"
"W01_PRESSURE_TEMP_SETUP","1966","1970","Formula 3 — 1964-1970","Dunlop","technical paper","1"
"W01_PRESSURE_TEMP_SETUP","2002","2010","World Rally Championship — 2002-2010","Avon","setup book / test sheet","1"
"W01_PRESSURE_TEMP_SETUP","1987","1991","Formula 1 — turbo/radial slick era","Michelin","technical paper","1"
"W01_PRESSURE_TEMP_SETUP","1950","1959","General Tire Mechanics","Bridgestone/other","technical paper","1"
"W01_PRESSURE_TEMP_SETUP","1992","1996","NASCAR stock car — 1992-2010","Pirelli","setup book / test sheet","1"
"W01_PRESSURE_TEMP_SETUP","1977","1981","Historic Racing Reference","Firestone","technical paper","1"
"W01_PRESSURE_TEMP_SETUP","1997","1999","Le Mans Prototype transition","Bridgestone/other","technical paper","1"
"W01_PRESSURE_TEMP_SETUP","1972","1976","USAC Championship Car / Indianapolis","Michelin","peer-reviewed paper","1"
"W01_PRESSURE_TEMP_SETUP","1992","1996","International Formula 3000","Bridgestone/other","peer-reviewed paper","1"
"W01_PRESSURE_TEMP_SETUP","1977","1981","Group 2 / ETCC — 1976-1981","Pirelli","supplier technical document","1"
"W01_PRESSURE_TEMP_SETUP","1960","1965","General Tire Mechanics","Firestone","peer-reviewed paper","1"
"W01_PRESSURE_TEMP_SETUP","1997","2001","NASCAR stock car — 1992-2010","Dunlop","supplier technical document","1"
"W01_PRESSURE_TEMP_SETUP","1982","1986","Historic Racing Reference","Avon","peer-reviewed paper","1"
"W01_PRESSURE_TEMP_SETUP","1997","2001","International Formula 3000","Firestone","period technical/race article","1"
"W01_PRESSURE_TEMP_SETUP","1982","1986","Group A touring — 1982-1992","Dunlop","period race report / technical feature","1"
"W01_PRESSURE_TEMP_SETUP","1966","1971","General Tire Mechanics","Avon","supplier technical document","1"
"W01_PRESSURE_TEMP_SETUP","2002","2010","NASCAR stock car — 1992-2010","Michelin","period race report / technical feature","1"
"W01_PRESSURE_TEMP_SETUP","1987","1991","Historic Racing Reference","Goodyear","period technical/race article","1"
"W01_PRESSURE_TEMP_SETUP","1972","1976","IMSA GT — 1971-1981","Bridgestone/other","period race report / technical feature","1"
"W01_PRESSURE_TEMP_SETUP","1977","1981","Japanese GT / touring — pre-JGTC","Dunlop","setup book / test sheet","1"
"W01_PRESSURE_TEMP_SETUP","1960","1965","Historic Racing Reference","Avon","technical paper","1"
"W01_PRESSURE_TEMP_SETUP","1997","2001","IMSA GT/GTS — 1994-2001","Michelin","setup book / test sheet","1"
"W01_PRESSURE_TEMP_SETUP","1982","1986","CART / Indy-car","Goodyear","technical paper","1"
"W01_PRESSURE_TEMP_SETUP","1966","1969","GT40-era endurance","Bridgestone/other","setup book / test sheet","1"
"W01_PRESSURE_TEMP_SETUP","2002","2004","International Formula 3000","Pirelli","technical paper","1"
"W01_PRESSURE_TEMP_SETUP","1987","1991","Group A touring — 1982-1992","Michelin","setup book / test sheet","1"
"W01_PRESSURE_TEMP_SETUP","1972","1976","Formula 1 — 3-litre/cross-ply-to-radial transition","Goodyear","technical paper","1"
"W01_PRESSURE_TEMP_SETUP","1992","1996","General Racing Tire","Pirelli","technical paper","1"
"W01_PRESSURE_TEMP_SETUP","1977","1981","Trans-Am — 1973-1981","Firestone","setup book / test sheet","1"
"W01_PRESSURE_TEMP_SETUP","1960","1965","Club single-seater — pre-Formula Ford","Dunlop","technical paper","1"
"W01_PRESSURE_TEMP_SETUP","1997","2001","Group A / production touring — 1993-2001","Avon","setup book / test sheet","1"
"W01_PRESSURE_TEMP_SETUP","2002","1981","IMSA GT — 1971-1981","Bridgestone/other","supplier technical document","1"
"W01_PRESSURE_TEMP_SETUP","1987","1991","CART / Indy-car","Pirelli","peer-reviewed paper","1"
"W01_PRESSURE_TEMP_SETUP","1972","1976","Group 4 Special GT — 1970-1981","Firestone","supplier technical document","1"
"W01_PRESSURE_TEMP_SETUP","1958","1959","Formula Junior","Dunlop","peer-reviewed paper","1"
"W01_PRESSURE_TEMP_SETUP","1992","1996","World Rally Championship — 1987-2001","Avon","supplier technical document","1"
"W01_PRESSURE_TEMP_SETUP","1977","1981","Formula 1 — 3-litre/cross-ply-to-radial transition","Michelin","peer-reviewed paper","1"
"W01_PRESSURE_TEMP_SETUP","1997","2001","General Racing Tire","Bridgestone/other","peer-reviewed paper","1"
"W01_PRESSURE_TEMP_SETUP","1982","1986","Trans-Am — 1982-2001","Avon","supplier technical document","1"
"W01_PRESSURE_TEMP_SETUP","1967","1971","Formula Ford — 1967-1976","Michelin","peer-reviewed paper","1"
"W01_PRESSURE_TEMP_SETUP","1972","1976","Sports racing / prototypes — 1972-1981","Pirelli","period technical/race article","1"
"W01_PRESSURE_TEMP_SETUP","1977","1981","Group 4 Special GT — 1970-1981","Avon","period race report / technical feature","1"
"W01_PRESSURE_TEMP_SETUP","1960","1963","Formula Junior","Michelin","setup book / test sheet","1"
"W01_PRESSURE_TEMP_SETUP","1997","2001","World Rally Championship — 1987-2001","Goodyear","period race report / technical feature","1"
"W01_PRESSURE_TEMP_SETUP","1982","1986","Formula 1 — turbo/radial slick era","Bridgestone/other","setup book / test sheet","1"
"W01_PRESSURE_TEMP_SETUP","1966","1971","Sports racing / prototypes — 1964-1971","Pirelli","period race report / technical feature","1"
"W01_PRESSURE_TEMP_SETUP","2002","2010","General Racing Tire","Firestone","setup book / test sheet","1"
"W01_PRESSURE_TEMP_SETUP","1972","1976","Historic Racing Reference","Avon","supplier technical document","1"
"W01_PRESSURE_TEMP_SETUP","1997","2001","Historic Racing Reference","Michelin","technical paper","1"
"W01_PRESSURE_TEMP_SETUP","1966","1970","Formula 3 — 1964-1970","Bridgestone/other","technical paper","1"
"W01_PRESSURE_TEMP_SETUP","2002","2010","World Rally Championship — 2002-2010","Pirelli","setup book / test sheet","1"
"W01_PRESSURE_TEMP_SETUP","1987","1991","Formula 1 — turbo/radial slick era","Firestone","technical paper","1"
"W01_PRESSURE_TEMP_SETUP","1972","1975","Group 2 / ETCC — 1970-1975","Dunlop","setup book / test sheet","1"
"W01_PRESSURE_TEMP_SETUP","1950","1959","General Tire Mechanics","Avon","technical paper","1"
"W01_PRESSURE_TEMP_SETUP","1997","1999","Le Mans Prototype transition","Pirelli","supplier technical document","1"
"W01_PRESSURE_TEMP_SETUP","1982","1986","Can-Am — revival","Firestone","peer-reviewed paper","1"
"W01_PRESSURE_TEMP_SETUP","1966","1970","US GT / sports racing — pre-IMSA GT","Dunlop","supplier technical document","1"
"W01_PRESSURE_TEMP_SETUP","2002","2010","Historic Racing Reference","Avon","peer-reviewed paper","1"
"W01_PRESSURE_TEMP_SETUP","1987","1991","Group C","Michelin","supplier technical document","1"
"W01_PRESSURE_TEMP_SETUP","1972","1976","USAC Championship Car / Indianapolis","Firestone","peer-reviewed paper","1"
"W01_PRESSURE_TEMP_SETUP","1992","1996","International Formula 3000","Avon","peer-reviewed paper","1"
"W01_PRESSURE_TEMP_SETUP","1960","1965","General Tire Mechanics","Goodyear","peer-reviewed paper","1"
"W01_PRESSURE_TEMP_SETUP","1982","1986","Historic Racing Reference","Pirelli","peer-reviewed paper","1"
"W01_PRESSURE_TEMP_SETUP","1966","1969","Group 4 Sports Cars — 1966-1969","Firestone","supplier technical document","1"
"W01_PRESSURE_TEMP_SETUP","2004","2010","LMP1 / LMP2","Dunlop","period race report / technical feature","1"
"W01_PRESSURE_TEMP_SETUP","1987","1974","Can-Am — original","Avon","period technical/race article","1"
"W01_PRESSURE_TEMP_SETUP","1972","1976","Japanese GT / touring — pre-JGTC","Michelin","period race report / technical feature","1"
"W01_PRESSURE_TEMP_SETUP","1994","1996","IMSA GT/GTS — 1994-2001","Bridgestone/other","period race report / technical feature","1"
"W01_PRESSURE_TEMP_SETUP","1997","2001","International Formula 3000","Dunlop","period technical/race article","1"
"W01_PRESSURE_TEMP_SETUP","1982","1986","Group A touring — 1982-1992","Avon","period race report / technical feature","1"
"W01_PRESSURE_TEMP_SETUP","2002","2010","NASCAR stock car — 1992-2010","Firestone","period race report / technical feature","1"
"W01_PRESSURE_TEMP_SETUP","1987","1991","Historic Racing Reference","Dunlop","period technical/race article","1"
"W01_PRESSURE_TEMP_SETUP","1960","1965","Historic Racing Reference","Pirelli","technical paper","1"
"W01_PRESSURE_TEMP_SETUP","1997","2001","IMSA GT/GTS — 1994-2001","Firestone","setup book / test sheet","1"
"W01_PRESSURE_TEMP_SETUP","1982","1986","CART / Indy-car","Dunlop","technical paper","1"
"W01_PRESSURE_TEMP_SETUP","2002","2004","International Formula 3000","Michelin","technical paper","1"
"W01_PRESSURE_TEMP_SETUP","1987","1991","Group A touring — 1982-1992","Goodyear","setup book / test sheet","1"
"W01_PRESSURE_TEMP_SETUP","1972","1976","Formula 1 — 3-litre/cross-ply-to-radial transition","Bridgestone/other","technical paper","1"
"W01_PRESSURE_TEMP_SETUP","1966","1971","Sports racing / prototypes — 1964-1971","Dunlop","peer-reviewed paper","1"
"W01_PRESSURE_TEMP_SETUP","2002","1981","IMSA GT — 1971-1981","Avon","supplier technical document","1"
"W01_PRESSURE_TEMP_SETUP","1987","1991","CART / Indy-car","Michelin","peer-reviewed paper","1"
"W01_PRESSURE_TEMP_SETUP","1972","1976","Group 4 Special GT — 1970-1981","Goodyear","supplier technical document","1"
"W01_PRESSURE_TEMP_SETUP","1958","1959","Formula Junior","Bridgestone/other","peer-reviewed paper","1"
"W01_PRESSURE_TEMP_SETUP","1992","1996","World Rally Championship — 1987-2001","Pirelli","supplier technical document","1"
"W01_PRESSURE_TEMP_SETUP","1977","1981","Formula 1 — 3-litre/cross-ply-to-radial transition","Firestone","peer-reviewed paper","1"
"W01_PRESSURE_TEMP_SETUP","1987","1991","Japanese GT / touring — pre-JGTC","Pirelli","period race report / technical feature","1"
"W01_PRESSURE_TEMP_SETUP","1950","1959","US GT / sports racing — pre-IMSA GT","Goodyear","period race report / technical feature","1"
"W01_PRESSURE_TEMP_SETUP","1977","1981","Group 4 Special GT — 1970-1981","Pirelli","period race report / technical feature","1"
"W01_PRESSURE_TEMP_SETUP","1997","2001","World Rally Championship — 1987-2001","Dunlop","period race report / technical feature","1"
"W01_PRESSURE_TEMP_SETUP","1982","1986","Formula 1 — turbo/radial slick era","Avon","period technical/race article","1"
"W01_PRESSURE_TEMP_SETUP","1987","1991","Trans-Am — 1982-2001","Bridgestone/other","period race report / technical feature","1"
"W01_PRESSURE_TEMP_SETUP","1993","1996","Le Mans Prototype transition","Dunlop","setup book / test sheet","1"
"W01_PRESSURE_TEMP_SETUP","1977","1981","Can-Am — revival","Avon","technical paper","1"
"W01_PRESSURE_TEMP_SETUP","1960","1965","US GT / sports racing — pre-IMSA GT","Michelin","setup book / test sheet","1"
"W01_PRESSURE_TEMP_SETUP","1997","2001","Historic Racing Reference","Goodyear","technical paper","1"
"W01_PRESSURE_TEMP_SETUP","1982","1986","Group C","Bridgestone/other","setup book / test sheet","1"
"W01_PRESSURE_TEMP_SETUP","1966","1970","Formula 3 — 1964-1970","Pirelli","technical paper","1"
"W01_PRESSURE_TEMP_SETUP","2002","2010","World Rally Championship — 2002-2010","Michelin","setup book / test sheet","1"
"W01_PRESSURE_TEMP_SETUP","1987","1991","Formula 1 — turbo/radial slick era","Goodyear","technical paper","1"
"W01_PRESSURE_TEMP_SETUP","1972","1975","Group 2 / ETCC — 1970-1975","Bridgestone/other","setup book / test sheet","1"
"W01_PRESSURE_TEMP_SETUP","1950","1959","General Tire Mechanics","Pirelli","technical paper","1"
"W01_PRESSURE_TEMP_SETUP","1992","1996","NASCAR stock car — 1992-2010","Firestone","setup book / test sheet","1"
"W01_PRESSURE_TEMP_SETUP","1982","1986","Can-Am — revival","Goodyear","peer-reviewed paper","1"
"W01_PRESSURE_TEMP_SETUP","1966","1970","US GT / sports racing — pre-IMSA GT","Bridgestone/other","supplier technical document","1"
"W01_PRESSURE_TEMP_SETUP","2002","2010","Historic Racing Reference","Pirelli","peer-reviewed paper","1"
"W01_PRESSURE_TEMP_SETUP","1987","1991","Group C","Firestone","supplier technical document","1"
"W01_PRESSURE_TEMP_SETUP","1972","1976","USAC Championship Car / Indianapolis","Dunlop","peer-reviewed paper","1"
"W01_PRESSURE_TEMP_SETUP","1992","1996","International Formula 3000","Michelin","peer-reviewed paper","1"
"W01_PRESSURE_TEMP_SETUP","1966","1969","Group 4 Sports Cars — 1966-1969","Goodyear","period technical/race article","1"
"W01_PRESSURE_TEMP_SETUP","1987","1974","Can-Am — original","Pirelli","period technical/race article","1"
"W01_PRESSURE_TEMP_SETUP","1972","1976","Japanese GT / touring — pre-JGTC","Firestone","period race report / technical feature","1"
"W01_PRESSURE_TEMP_SETUP","1994","1996","IMSA GT/GTS — 1994-2001","Avon","period race report / technical feature","1"
"W01_PRESSURE_TEMP_SETUP","1979","1981","CART / Indy-car","Michelin","setup book / test sheet","1"
"W01_PRESSURE_TEMP_SETUP","1960","1963","Sports racing / prototypes — 1950-1963","Goodyear","period race report / technical feature","1"
"W01_PRESSURE_TEMP_SETUP","1997","2001","International Formula 3000","Bridgestone/other","setup book / test sheet","1"
"W01_PRESSURE_TEMP_SETUP","1966","1971","General Tire Mechanics","Firestone","period technical/race article","1"
"W01_PRESSURE_TEMP_SETUP","1972","1976","IMSA GT — 1971-1981","Michelin","technical paper","1"
"W01_PRESSURE_TEMP_SETUP","1993","1996","Group A / production touring — 1993-2001","Dunlop","technical paper","1"
"W01_PRESSURE_TEMP_SETUP","1977","1981","Japanese GT / touring — pre-JGTC","Avon","setup book / test sheet","1"
"W01_PRESSURE_TEMP_SETUP","1960","1965","Historic Racing Reference","Michelin","technical paper","1"
"W01_PRESSURE_TEMP_SETUP","1982","1986","CART / Indy-car","Bridgestone/other","technical paper","1"
"W01_PRESSURE_TEMP_SETUP","1966","1969","GT40-era endurance","Pirelli","setup book / test sheet","1"
"W01_PRESSURE_TEMP_SETUP","2002","2004","International Formula 3000","Firestone","technical paper","1"
"W01_PRESSURE_TEMP_SETUP","1987","1991","Group A touring — 1982-1992","Dunlop","setup book / test sheet","1"
"W01_PRESSURE_TEMP_SETUP","1972","1976","Formula 1 — 3-litre/cross-ply-to-radial transition","Avon","technical paper","1"
"W01_PRESSURE_TEMP_SETUP","1992","1996","General Racing Tire","Goodyear","supplier technical document","1"
"W01_PRESSURE_TEMP_SETUP","1977","1981","Trans-Am — 1973-1981","Bridgestone/other","peer-reviewed paper","1"
"W01_PRESSURE_TEMP_SETUP","1960","1965","Club single-seater — pre-Formula Ford","Pirelli","supplier technical document","1"
"W01_PRESSURE_TEMP_SETUP","1997","2001","Group A / production touring — 1993-2001","Firestone","peer-reviewed paper","1"
"W01_PRESSURE_TEMP_SETUP","1982","1986","Japanese GT / touring — pre-JGTC","Dunlop","supplier technical document","1"
"W01_PRESSURE_TEMP_SETUP","2002","1981","IMSA GT — 1971-1981","Michelin","supplier technical document","1"
"W01_PRESSURE_TEMP_SETUP","1987","1991","CART / Indy-car","Firestone","peer-reviewed paper","1"
"W01_PRESSURE_TEMP_SETUP","1958","1959","Formula Junior","Avon","peer-reviewed paper","1"
"W01_PRESSURE_TEMP_SETUP","1992","1996","World Rally Championship — 1987-2001","Michelin","supplier technical document","1"
"W01_PRESSURE_TEMP_SETUP","1977","1981","Formula 1 — 3-litre/cross-ply-to-radial transition","Goodyear","peer-reviewed paper","1"
"W01_PRESSURE_TEMP_SETUP","1960","1963","Sports racing / prototypes — 1950-1963","Bridgestone/other","supplier technical document","1"
"W01_PRESSURE_TEMP_SETUP","1982","1986","Trans-Am — 1982-2001","Firestone","period technical/race article","1"
"W01_PRESSURE_TEMP_SETUP","1967","1971","Formula Ford — 1967-1976","Dunlop","period race report / technical feature","1"
"W01_PRESSURE_TEMP_SETUP","2002","1969","Group 2 / ETCC — 1963-1969","Avon","period technical/race article","1"
"W01_PRESSURE_TEMP_SETUP","1987","1991","Japanese GT / touring — pre-JGTC","Michelin","period race report / technical feature","1"
"W01_PRESSURE_TEMP_SETUP","1950","1959","US GT / sports racing — pre-IMSA GT","Bridgestone/other","period race report / technical feature","1"
"W01_PRESSURE_TEMP_SETUP","1992","1996","Historic Racing Reference","Pirelli","period technical/race article","1"
"W01_PRESSURE_TEMP_SETUP","1977","1981","Group 4 Special GT — 1970-1981","Firestone","period race report / technical feature","1"
"W01_PRESSURE_TEMP_SETUP","1950","1959","Sports racing / prototypes — 1950-1963","Goodyear","technical paper","1"
"W01_PRESSURE_TEMP_SETUP","1993","1996","Le Mans Prototype transition","Bridgestone/other","setup book / test sheet","1"
"W01_PRESSURE_TEMP_SETUP","1977","1981","Can-Am — revival","Pirelli","technical paper","1"
"W01_PRESSURE_TEMP_SETUP","1960","1965","US GT / sports racing — pre-IMSA GT","Firestone","setup book / test sheet","1"
"W01_PRESSURE_TEMP_SETUP","1997","2001","Historic Racing Reference","Dunlop","technical paper","1"
"W01_PRESSURE_TEMP_SETUP","1966","1970","Formula 3 — 1964-1970","Michelin","technical paper","1"
"W01_PRESSURE_TEMP_SETUP","1992","1996","NASCAR stock car — 1992-2010","Dunlop","peer-reviewed paper","1"
"W01_PRESSURE_TEMP_SETUP","1982","1986","Can-Am — revival","Dunlop","peer-reviewed paper","1"
"W01_PRESSURE_TEMP_SETUP","1966","1970","US GT / sports racing — pre-IMSA GT","Avon","supplier technical document","1"
"W01_PRESSURE_TEMP_SETUP","2002","2010","Historic Racing Reference","Michelin","peer-reviewed paper","1"
"W01_PRESSURE_TEMP_SETUP","1972","1976","USAC Championship Car / Indianapolis","Bridgestone/other","peer-reviewed paper","1"
"W01_PRESSURE_TEMP_SETUP","1960","1965","General Tire Mechanics","Avon","period race report / technical feature","1"
"W01_PRESSURE_TEMP_SETUP","1997","2001","NASCAR stock car — 1992-2010","Michelin","setup book / test sheet","1"
"W01_PRESSURE_TEMP_SETUP","1982","1986","Historic Racing Reference","Goodyear","period race report / technical feature","1"
"W01_PRESSURE_TEMP_SETUP","1966","1969","Group 4 Sports Cars — 1966-1969","Bridgestone/other","period technical/race article","1"
"W01_PRESSURE_TEMP_SETUP","2004","2010","LMP1 / LMP2","Pirelli","period race report / technical feature","1"
"W01_PRESSURE_TEMP_SETUP","1972","1976","Japanese GT / touring — pre-JGTC","Goodyear","period race report / technical feature","1"
"W01_PRESSURE_TEMP_SETUP","1994","1996","IMSA GT/GTS — 1994-2001","Pirelli","period race report / technical feature","1"
"W01_PRESSURE_TEMP_SETUP","1960","1963","Sports racing / prototypes — 1950-1963","Dunlop","period race report / technical feature","1"
"W01_PRESSURE_TEMP_SETUP","1997","2001","International Formula 3000","Avon","period technical/race article","1"
"W01_PRESSURE_TEMP_SETUP","1982","1986","Group A touring — 1982-1992","Michelin","period race report / technical feature","1"
"W01_PRESSURE_TEMP_SETUP","2002","2010","NASCAR stock car — 1992-2010","Bridgestone/other","technical paper","1"
"W01_PRESSURE_TEMP_SETUP","1987","1991","Historic Racing Reference","Pirelli","setup book / test sheet","1"
"W01_PRESSURE_TEMP_SETUP","1972","1976","IMSA GT — 1971-1981","Firestone","technical paper","1"
"W01_PRESSURE_TEMP_SETUP","1950","1959","Club single-seater — pre-Formula Ford","Dunlop","setup book / test sheet","1"
"W01_PRESSURE_TEMP_SETUP","1993","1996","Group A / production touring — 1993-2001","Avon","technical paper","1"
"W01_PRESSURE_TEMP_SETUP","1977","1981","Japanese GT / touring — pre-JGTC","Michelin","setup book / test sheet","1"
"W01_PRESSURE_TEMP_SETUP","1960","1965","Historic Racing Reference","Goodyear","technical paper","1"
"W01_PRESSURE_TEMP_SETUP","1997","2001","IMSA GT/GTS — 1994-2001","Bridgestone/other","setup book / test sheet","1"
"W01_PRESSURE_TEMP_SETUP","1982","1986","CART / Indy-car","Pirelli","technical paper","1"
"W01_PRESSURE_TEMP_SETUP","2002","2004","International Formula 3000","Goodyear","technical paper","1"
"W01_PRESSURE_TEMP_SETUP","1977","1981","Trans-Am — 1973-1981","Avon","peer-reviewed paper","1"
"W01_PRESSURE_TEMP_SETUP","1997","2001","Group A / production touring — 1993-2001","Goodyear","peer-reviewed paper","1"
"W01_PRESSURE_TEMP_SETUP","1982","1986","Japanese GT / touring — pre-JGTC","Bridgestone/other","supplier technical document","1"
"W01_PRESSURE_TEMP_SETUP","2002","1981","IMSA GT — 1971-1981","Firestone","supplier technical document","1"
"W01_PRESSURE_TEMP_SETUP","1987","1991","CART / Indy-car","Dunlop","peer-reviewed paper","1"
"W01_PRESSURE_TEMP_SETUP","1960","1963","Sports racing / prototypes — 1950-1963","Avon","period technical/race article","1"
"W01_PRESSURE_TEMP_SETUP","1967","1971","Formula Ford — 1967-1976","Bridgestone/other","period race report / technical feature","1"
"W01_PRESSURE_TEMP_SETUP","2002","1969","Group 2 / ETCC — 1963-1969","Pirelli","period technical/race article","1"
"W01_PRESSURE_TEMP_SETUP","1987","1991","Japanese GT / touring — pre-JGTC","Firestone","period race report / technical feature","1"
"W01_PRESSURE_TEMP_SETUP","1972","1976","Sports racing / prototypes — 1972-1981","Dunlop","period technical/race article","1"
"W01_PRESSURE_TEMP_SETUP","1950","1959","US GT / sports racing — pre-IMSA GT","Avon","period race report / technical feature","1"
"W01_PRESSURE_TEMP_SETUP","1992","1996","Historic Racing Reference","Michelin","period technical/race article","1"
"W01_PRESSURE_TEMP_SETUP","1982","1986","Formula 1 — turbo/radial slick era","Firestone","setup book / test sheet","1"
"W01_PRESSURE_TEMP_SETUP","1966","1971","Sports racing / prototypes — 1964-1971","Dunlop","technical paper","1"
"W01_PRESSURE_TEMP_SETUP","1987","1991","Trans-Am — 1982-2001","Michelin","technical paper","1"
"W01_PRESSURE_TEMP_SETUP","1993","1996","Le Mans Prototype transition","Avon","setup book / test sheet","1"
"W01_PRESSURE_TEMP_SETUP","1977","1981","Can-Am — revival","Michelin","technical paper","1"
"W01_PRESSURE_TEMP_SETUP","1997","2001","Historic Racing Reference","Bridgestone/other","technical paper","1"
"W01_PRESSURE_TEMP_SETUP","1966","1970","Formula 3 — 1964-1970","Firestone","technical paper","1"
"W01_PRESSURE_TEMP_SETUP","2002","2010","World Rally Championship — 2002-2010","Dunlop","setup book / test sheet","1"
"W01_PRESSURE_TEMP_SETUP","1987","1991","Formula 1 — turbo/radial slick era","Avon","supplier technical document","1"
"W01_PRESSURE_TEMP_SETUP","1972","1975","Group 2 / ETCC — 1970-1975","Michelin","peer-reviewed paper","1"
"W01_PRESSURE_TEMP_SETUP","1950","1959","General Tire Mechanics","Goodyear","supplier technical document","1"
"W01_PRESSURE_TEMP_SETUP","1992","1996","NASCAR stock car — 1992-2010","Bridgestone/other","peer-reviewed paper","1"
"W01_PRESSURE_TEMP_SETUP","1977","1981","Historic Racing Reference","Pirelli","supplier technical document","1"
"W01_PRESSURE_TEMP_SETUP","1997","1999","Le Mans Prototype transition","Dunlop","supplier technical document","1"
"W01_PRESSURE_TEMP_SETUP","1982","1986","Can-Am — revival","Avon","peer-reviewed paper","1"
"W01_PRESSURE_TEMP_SETUP","1966","1970","US GT / sports racing — pre-IMSA GT","Michelin","supplier technical document","1"
"W01_PRESSURE_TEMP_SETUP","2002","2010","Historic Racing Reference","Firestone","peer-reviewed paper","1"
"W01_PRESSURE_TEMP_SETUP","1987","1991","Group C","Dunlop","supplier technical document","1"
"W01_PRESSURE_TEMP_SETUP","1972","1976","USAC Championship Car / Indianapolis","Avon","peer-reviewed paper","1"
"W01_PRESSURE_TEMP_SETUP","1977","1981","Group 2 / ETCC — 1976-1981","Bridgestone/other","supplier technical document","1"
"W01_PRESSURE_TEMP_SETUP","1997","2001","NASCAR stock car — 1992-2010","Firestone","period technical/race article","1"
"W01_PRESSURE_TEMP_SETUP","1982","1986","Historic Racing Reference","Dunlop","period race report / technical feature","1"
"W01_PRESSURE_TEMP_SETUP","2004","2010","LMP1 / LMP2","Michelin","period race report / technical feature","1"
"W01_PRESSURE_TEMP_SETUP","1972","1976","Japanese GT / touring — pre-JGTC","Bridgestone/other","period race report / technical feature","1"
"W01_PRESSURE_TEMP_SETUP","1979","1981","CART / Indy-car","Dunlop","supplier technical document","1"
"W01_PRESSURE_TEMP_SETUP","2002","2010","NASCAR stock car — 1992-2010","Avon","technical paper","1"
"W01_PRESSURE_TEMP_SETUP","1987","1991","Historic Racing Reference","Michelin","setup book / test sheet","1"
"W01_PRESSURE_TEMP_SETUP","1972","1976","IMSA GT — 1971-1981","Goodyear","technical paper","1"
"W01_PRESSURE_TEMP_SETUP","1950","1959","Club single-seater — pre-Formula Ford","Bridgestone/other","setup book / test sheet","1"
"W01_PRESSURE_TEMP_SETUP","1993","1996","Group A / production touring — 1993-2001","Pirelli","technical paper","1"
"W01_PRESSURE_TEMP_SETUP","1977","1981","Japanese GT / touring — pre-JGTC","Firestone","setup book / test sheet","1"
"W01_PRESSURE_TEMP_SETUP","1960","1965","Historic Racing Reference","Dunlop","technical paper","1"
"W01_PRESSURE_TEMP_SETUP","1987","1991","Group A touring — 1982-1992","Pirelli","peer-reviewed paper","1"
"W01_PRESSURE_TEMP_SETUP","1972","1976","Formula 1 — 3-litre/cross-ply-to-radial transition","Firestone","supplier technical document","1"
"W01_PRESSURE_TEMP_SETUP","1992","1996","General Racing Tire","Bridgestone/other","supplier technical document","1"
"W01_PRESSURE_TEMP_SETUP","1977","1981","Trans-Am — 1973-1981","Pirelli","peer-reviewed paper","1"
"W01_PRESSURE_TEMP_SETUP","1960","1965","Club single-seater — pre-Formula Ford","Firestone","supplier technical document","1"
"W01_PRESSURE_TEMP_SETUP","1997","2001","Group A / production touring — 1993-2001","Dunlop","peer-reviewed paper","1"
"W01_PRESSURE_TEMP_SETUP","2002","1981","IMSA GT — 1971-1981","Goodyear","supplier technical document","1"
"W01_PRESSURE_TEMP_SETUP","1987","1991","CART / Indy-car","Bridgestone/other","peer-reviewed paper","1"
"W01_PRESSURE_TEMP_SETUP","1972","1976","Group 4 Special GT — 1970-1981","Pirelli","supplier technical document","1"
"W01_PRESSURE_TEMP_SETUP","1958","1959","Formula Junior","Firestone","period race report / technical feature","1"
"W01_PRESSURE_TEMP_SETUP","1977","1981","Formula 1 — 3-litre/cross-ply-to-radial transition","Avon","period race report / technical feature","1"
"W01_PRESSURE_TEMP_SETUP","1997","2001","General Racing Tire","Goodyear","period race report / technical feature","1"
"W01_PRESSURE_TEMP_SETUP","1982","1986","Trans-Am — 1982-2001","Bridgestone/other","setup book / test sheet","1"
"W01_PRESSURE_TEMP_SETUP","1967","1971","Formula Ford — 1967-1976","Pirelli","period race report / technical feature","1"
"W01_PRESSURE_TEMP_SETUP","2002","1969","Group 2 / ETCC — 1963-1969","Firestone","setup book / test sheet","1"
"W01_PRESSURE_TEMP_SETUP","1987","1991","Japanese GT / touring — pre-JGTC","Goodyear","period race report / technical feature","1"
"W01_PRESSURE_TEMP_SETUP","1972","1976","Sports racing / prototypes — 1972-1981","Bridgestone/other","period technical/race article","1"
"W01_PRESSURE_TEMP_SETUP","1950","1959","US GT / sports racing — pre-IMSA GT","Pirelli","period race report / technical feature","1"
"W01_PRESSURE_TEMP_SETUP","1977","1981","Group 4 Special GT — 1970-1981","Dunlop","period race report / technical feature","1"
"W01_PRESSURE_TEMP_SETUP","1966","1971","Sports racing / prototypes — 1964-1971","Bridgestone/other","technical paper","1"
"W01_PRESSURE_TEMP_SETUP","1987","1991","Trans-Am — 1982-2001","Firestone","technical paper","1"
"W01_PRESSURE_TEMP_SETUP","1993","1996","Le Mans Prototype transition","Michelin","setup book / test sheet","1"
"W01_PRESSURE_TEMP_SETUP","1977","1981","Can-Am — revival","Goodyear","technical paper","1"
"W01_PRESSURE_TEMP_SETUP","1972","1975","Group 2 / ETCC — 1970-1975","Firestone","peer-reviewed paper","1"
"W01_PRESSURE_TEMP_SETUP","1992","1996","NASCAR stock car — 1992-2010","Avon","peer-reviewed paper","1"
"W01_PRESSURE_TEMP_SETUP","1977","1981","Historic Racing Reference","Michelin","supplier technical document","1"
"W01_PRESSURE_TEMP_SETUP","1997","1999","Le Mans Prototype transition","Bridgestone/other","supplier technical document","1"
"W01_PRESSURE_TEMP_SETUP","1982","1986","Can-Am — revival","Pirelli","peer-reviewed paper","1"
"W01_PRESSURE_TEMP_SETUP","1972","1976","USAC Championship Car / Indianapolis","Michelin","period race report / technical feature","1"
"W01_PRESSURE_TEMP_SETUP","1992","1996","International Formula 3000","Bridgestone/other","period race report / technical feature","1"
"W01_PRESSURE_TEMP_SETUP","1960","1965","General Tire Mechanics","Michelin","period race report / technical feature","1"
"W01_PRESSURE_TEMP_SETUP","1982","1986","Historic Racing Reference","Bridgestone/other","period race report / technical feature","1"
"W01_PRESSURE_TEMP_SETUP","1966","1969","Group 4 Sports Cars — 1966-1969","Pirelli","period technical/race article","1"
"W01_PRESSURE_TEMP_SETUP","2004","2010","LMP1 / LMP2","Firestone","period race report / technical feature","1"
"W01_PRESSURE_TEMP_SETUP","1972","1976","Japanese GT / touring — pre-JGTC","Avon","period race report / technical feature","1"
"W01_PRESSURE_TEMP_SETUP","1979","1981","CART / Indy-car","Bridgestone/other","setup book / test sheet","1"
"W01_PRESSURE_TEMP_SETUP","1960","1963","Sports racing / prototypes — 1950-1963","Pirelli","technical paper","1"
"W01_PRESSURE_TEMP_SETUP","1997","2001","International Formula 3000","Firestone","setup book / test sheet","1"
"W01_PRESSURE_TEMP_SETUP","1982","1986","Group A touring — 1982-1992","Dunlop","technical paper","1"
"W01_PRESSURE_TEMP_SETUP","1966","1971","General Tire Mechanics","Avon","setup book / test sheet","1"
"W01_PRESSURE_TEMP_SETUP","2002","2010","NASCAR stock car — 1992-2010","Michelin","technical paper","1"
"W01_PRESSURE_TEMP_SETUP","1987","1991","Historic Racing Reference","Goodyear","setup book / test sheet","1"
"W01_PRESSURE_TEMP_SETUP","1972","1976","IMSA GT — 1971-1981","Dunlop","technical paper","1"
"W01_PRESSURE_TEMP_SETUP","1950","1959","Club single-seater — pre-Formula Ford","Avon","setup book / test sheet","1"
"W01_PRESSURE_TEMP_SETUP","1993","1996","Group A / production touring — 1993-2001","Michelin","technical paper","1"
"W01_PRESSURE_TEMP_SETUP","1960","1965","Historic Racing Reference","Bridgestone/other","technical paper","1"
"W01_PRESSURE_TEMP_SETUP","2002","2004","International Formula 3000","Avon","supplier technical document","1"
"W01_PRESSURE_TEMP_SETUP","1987","1991","Group A touring — 1982-1992","Michelin","peer-reviewed paper","1"
"W01_PRESSURE_TEMP_SETUP","1972","1976","Formula 1 — 3-litre/cross-ply-to-radial transition","Goodyear","supplier technical document","1"
"W01_PRESSURE_TEMP_SETUP","1950","1959","Sports racing / prototypes — 1950-1963","Bridgestone/other","peer-reviewed paper","1"
"W01_PRESSURE_TEMP_SETUP","1992","1996","General Racing Tire","Pirelli","supplier technical document","1"
"W01_PRESSURE_TEMP_SETUP","1977","1981","Trans-Am — 1973-1981","Firestone","peer-reviewed paper","1"
"W01_PRESSURE_TEMP_SETUP","1960","1965","Club single-seater — pre-Formula Ford","Dunlop","supplier technical document","1"
"W01_PRESSURE_TEMP_SETUP","1997","2001","Group A / production touring — 1993-2001","Avon","peer-reviewed paper","1"
"W01_PRESSURE_TEMP_SETUP","1987","1991","CART / Indy-car","Avon","period race report / technical feature","1"
"W01_PRESSURE_TEMP_SETUP","1972","1976","Group 4 Special GT — 1970-1981","Michelin","period technical/race article","1"
"W01_PRESSURE_TEMP_SETUP","1958","1959","Formula Junior","Goodyear","period race report / technical feature","1"
"W01_PRESSURE_TEMP_SETUP","1992","1996","World Rally Championship — 1987-2001","Bridgestone/other","period technical/race article","1"
"W01_PRESSURE_TEMP_SETUP","1977","1981","Formula 1 — 3-litre/cross-ply-to-radial transition","Pirelli","period race report / technical feature","1"
"W01_PRESSURE_TEMP_SETUP","1997","2001","General Racing Tire","Dunlop","period race report / technical feature","1"
"W01_PRESSURE_TEMP_SETUP","1982","1986","Trans-Am — 1982-2001","Avon","setup book / test sheet","1"
"W01_PRESSURE_TEMP_SETUP","1967","1971","Formula Ford — 1967-1976","Michelin","period race report / technical feature","1"
"W01_PRESSURE_TEMP_SETUP","1972","1976","Sports racing / prototypes — 1972-1981","Pirelli","setup book / test sheet","1"
"W01_PRESSURE_TEMP_SETUP","1977","1981","Group 4 Special GT — 1970-1981","Avon","technical paper","1"
"W01_PRESSURE_TEMP_SETUP","1960","1963","Formula Junior","Pirelli","setup book / test sheet","1"
"W01_PRESSURE_TEMP_SETUP","1997","2001","World Rally Championship — 1987-2001","Firestone","technical paper","1"
"W01_PRESSURE_TEMP_SETUP","1982","1986","Formula 1 — turbo/radial slick era","Dunlop","setup book / test sheet","1"
"W01_PRESSURE_TEMP_SETUP","1966","1971","Sports racing / prototypes — 1964-1971","Avon","technical paper","1"
"W01_PRESSURE_TEMP_SETUP","2002","2010","General Racing Tire","Michelin","setup book / test sheet","1"
"W01_PRESSURE_TEMP_SETUP","1987","1991","Trans-Am — 1982-2001","Goodyear","technical paper","1"
"W01_PRESSURE_TEMP_SETUP","1972","1976","Historic Racing Reference","Bridgestone/other","setup book / test sheet","1"
"W01_PRESSURE_TEMP_SETUP","1993","1996","Le Mans Prototype transition","Firestone","setup book / test sheet","1"
"W01_PRESSURE_TEMP_SETUP","1997","2001","Historic Racing Reference","Michelin","supplier technical document","1"
"W01_PRESSURE_TEMP_SETUP","1982","1986","Group C","Goodyear","peer-reviewed paper","1"
"W01_PRESSURE_TEMP_SETUP","1966","1970","Formula 3 — 1964-1970","Bridgestone/other","supplier technical document","1"
"W01_PRESSURE_TEMP_SETUP","2002","2010","World Rally Championship — 2002-2010","Pirelli","peer-reviewed paper","1"
"W01_PRESSURE_TEMP_SETUP","1987","1991","Formula 1 — turbo/radial slick era","Firestone","supplier technical document","1"
"W01_PRESSURE_TEMP_SETUP","1972","1975","Group 2 / ETCC — 1970-1975","Dunlop","peer-reviewed paper","1"
"W01_PRESSURE_TEMP_SETUP","1950","1959","General Tire Mechanics","Bridgestone/other","supplier technical document","1"
"W01_PRESSURE_TEMP_SETUP","1992","1996","NASCAR stock car — 1992-2010","Pirelli","peer-reviewed paper","1"
"W01_PRESSURE_TEMP_SETUP","1977","1981","Historic Racing Reference","Firestone","supplier technical document","1"
"W01_PRESSURE_TEMP_SETUP","1997","1999","Le Mans Prototype transition","Avon","supplier technical document","1"
"W01_PRESSURE_TEMP_SETUP","1982","1986","Can-Am — revival","Michelin","peer-reviewed paper","1"
"W01_PRESSURE_TEMP_SETUP","1966","1970","US GT / sports racing — pre-IMSA GT","Goodyear","supplier technical document","1"
"W01_PRESSURE_TEMP_SETUP","2002","2010","Historic Racing Reference","Bridgestone/other","period race report / technical feature","1"
"W01_PRESSURE_TEMP_SETUP","1987","1991","Group C","Pirelli","setup book / test sheet","1"
"W01_PRESSURE_TEMP_SETUP","1972","1976","USAC Championship Car / Indianapolis","Firestone","period race report / technical feature","1"
"W01_PRESSURE_TEMP_SETUP","1950","1959","Sports racing / prototypes — 1950-1963","Dunlop","period technical/race article","1"
"W01_PRESSURE_TEMP_SETUP","1992","1996","International Formula 3000","Avon","period race report / technical feature","1"
"W01_PRESSURE_TEMP_SETUP","1960","1965","General Tire Mechanics","Goodyear","period race report / technical feature","1"
"W01_PRESSURE_TEMP_SETUP","1982","1986","Historic Racing Reference","Pirelli","period race report / technical feature","1"
"W01_PRESSURE_TEMP_SETUP","1966","1969","Group 4 Sports Cars — 1966-1969","Firestone","setup book / test sheet","1"
"W01_PRESSURE_TEMP_SETUP","2004","2010","LMP1 / LMP2","Goodyear","period race report / technical feature","1"
"W01_PRESSURE_TEMP_SETUP","1950","1959","Sports racing / prototypes — 1950-1963","Firestone","setup book / test sheet","1"
"W01_PRESSURE_TEMP_SETUP","1994","1996","IMSA GT/GTS — 1994-2001","Dunlop","technical paper","1"
"W01_PRESSURE_TEMP_SETUP","1979","1981","CART / Indy-car","Avon","setup book / test sheet","1"
"W01_PRESSURE_TEMP_SETUP","1997","2001","International Formula 3000","Goodyear","setup book / test sheet","1"
"W01_PRESSURE_TEMP_SETUP","1982","1986","Group A touring — 1982-1992","Bridgestone/other","technical paper","1"
"W01_PRESSURE_TEMP_SETUP","2002","2010","NASCAR stock car — 1992-2010","Firestone","technical paper","1"
"W01_PRESSURE_TEMP_SETUP","1987","1991","Historic Racing Reference","Dunlop","setup book / test sheet","1"
"W01_PRESSURE_TEMP_SETUP","1972","1976","IMSA GT — 1971-1981","Avon","technical paper","1"
"W01_PRESSURE_TEMP_SETUP","1960","1965","Historic Racing Reference","Pirelli","supplier technical document","1"
"W01_PRESSURE_TEMP_SETUP","1997","2001","IMSA GT/GTS — 1994-2001","Michelin","peer-reviewed paper","1"
"W01_PRESSURE_TEMP_SETUP","1982","1986","CART / Indy-car","Goodyear","supplier technical document","1"
"W01_PRESSURE_TEMP_SETUP","1966","1969","GT40-era endurance","Bridgestone/other","peer-reviewed paper","1"
"W01_PRESSURE_TEMP_SETUP","2002","2004","International Formula 3000","Pirelli","supplier technical document","1"
"W01_PRESSURE_TEMP_SETUP","1987","1991","Group A touring — 1982-1992","Firestone","peer-reviewed paper","1"
"W01_PRESSURE_TEMP_SETUP","1972","1976","Formula 1 — 3-litre/cross-ply-to-radial transition","Dunlop","supplier technical document","1"
"W01_PRESSURE_TEMP_SETUP","1992","1996","General Racing Tire","Michelin","supplier technical document","1"
"W01_PRESSURE_TEMP_SETUP","1977","1981","Trans-Am — 1973-1981","Goodyear","peer-reviewed paper","1"
"W01_PRESSURE_TEMP_SETUP","2002","1981","IMSA GT — 1971-1981","Avon","setup book / test sheet","1"
"W01_PRESSURE_TEMP_SETUP","1987","1991","CART / Indy-car","Michelin","period race report / technical feature","1"
"W01_PRESSURE_TEMP_SETUP","1972","1976","Group 4 Special GT — 1970-1981","Goodyear","setup book / test sheet","1"
"W01_PRESSURE_TEMP_SETUP","1958","1959","Formula Junior","Bridgestone/other","period race report / technical feature","1"
"W01_PRESSURE_TEMP_SETUP","1992","1996","World Rally Championship — 1987-2001","Avon","setup book / test sheet","1"
"W01_PRESSURE_TEMP_SETUP","1977","1981","Formula 1 — 3-litre/cross-ply-to-radial transition","Michelin","period race report / technical feature","1"
"W01_PRESSURE_TEMP_SETUP","1997","2001","General Racing Tire","Bridgestone/other","period race report / technical feature","1"
"W01_PRESSURE_TEMP_SETUP","1982","1986","Trans-Am — 1982-2001","Pirelli","setup book / test sheet","1"
"W01_PRESSURE_TEMP_SETUP","1967","1971","Formula Ford — 1967-1976","Firestone","period race report / technical feature","1"
"W01_PRESSURE_TEMP_SETUP","1987","1991","Japanese GT / touring — pre-JGTC","Avon","period race report / technical feature","1"
"W01_PRESSURE_TEMP_SETUP","1972","1976","Sports racing / prototypes — 1972-1981","Michelin","setup book / test sheet","1"
"W01_PRESSURE_TEMP_SETUP","1950","1959","US GT / sports racing — pre-IMSA GT","Goodyear","technical paper","1"
"W01_PRESSURE_TEMP_SETUP","1992","1996","Historic Racing Reference","Bridgestone/other","setup book / test sheet","1"
"W01_PRESSURE_TEMP_SETUP","1977","1981","Group 4 Special GT — 1970-1981","Pirelli","technical paper","1"
"W01_PRESSURE_TEMP_SETUP","1960","1963","Formula Junior","Firestone","setup book / test sheet","1"
"W01_PRESSURE_TEMP_SETUP","1997","2001","World Rally Championship — 1987-2001","Dunlop","technical paper","1"
"W01_PRESSURE_TEMP_SETUP","1982","1986","Formula 1 — turbo/radial slick era","Avon","setup book / test sheet","1"
"W01_PRESSURE_TEMP_SETUP","1966","1971","Sports racing / prototypes — 1964-1971","Michelin","technical paper","1"
"W01_PRESSURE_TEMP_SETUP","1987","1991","Trans-Am — 1982-2001","Dunlop","technical paper","1"
"W01_PRESSURE_TEMP_SETUP","1972","1976","Historic Racing Reference","Avon","setup book / test sheet","1"
"W01_PRESSURE_TEMP_SETUP","1977","1981","Can-Am — revival","Bridgestone/other","supplier technical document","1"
"W01_PRESSURE_TEMP_SETUP","1960","1965","US GT / sports racing — pre-IMSA GT","Pirelli","peer-reviewed paper","1"
"W01_PRESSURE_TEMP_SETUP","1997","2001","Historic Racing Reference","Firestone","supplier technical document","1"
"W01_PRESSURE_TEMP_SETUP","1982","1986","Group C","Dunlop","peer-reviewed paper","1"
"W01_PRESSURE_TEMP_SETUP","1966","1970","Formula 3 — 1964-1970","Avon","supplier technical document","1"
"W01_PRESSURE_TEMP_SETUP","2002","2010","World Rally Championship — 2002-2010","Michelin","peer-reviewed paper","1"
"W01_PRESSURE_TEMP_SETUP","1987","1991","Formula 1 — turbo/radial slick era","Goodyear","supplier technical document","1"
"W01_PRESSURE_TEMP_SETUP","1972","1975","Group 2 / ETCC — 1970-1975","Bridgestone/other","peer-reviewed paper","1"
"W01_PRESSURE_TEMP_SETUP","1950","1959","General Tire Mechanics","Pirelli","supplier technical document","1"
"W01_PRESSURE_TEMP_SETUP","1992","1996","NASCAR stock car — 1992-2010","Firestone","peer-reviewed paper","1"
"W01_PRESSURE_TEMP_SETUP","1982","1986","Can-Am — revival","Firestone","period race report / technical feature","1"
"W01_PRESSURE_TEMP_SETUP","1966","1970","US GT / sports racing — pre-IMSA GT","Dunlop","period technical/race article","1"
"W01_PRESSURE_TEMP_SETUP","2002","2010","Historic Racing Reference","Avon","period race report / technical feature","1"
"W01_PRESSURE_TEMP_SETUP","1987","1991","Group C","Michelin","period technical/race article","1"
"W01_PRESSURE_TEMP_SETUP","1972","1976","USAC Championship Car / Indianapolis","Goodyear","period race report / technical feature","1"
"W01_PRESSURE_TEMP_SETUP","1992","1996","International Formula 3000","Pirelli","period race report / technical feature","1"
"W01_PRESSURE_TEMP_SETUP","1977","1981","Group 2 / ETCC — 1976-1981","Firestone","period technical/race article","1"
"W01_PRESSURE_TEMP_SETUP","1960","1965","General Tire Mechanics","Dunlop","period race report / technical feature","1"
"W01_PRESSURE_TEMP_SETUP","1997","2001","NASCAR stock car — 1992-2010","Avon","setup book / test sheet","1"
"W01_PRESSURE_TEMP_SETUP","1987","1974","Can-Am — original","Pirelli","setup book / test sheet","1"
"W01_PRESSURE_TEMP_SETUP","1972","1976","Japanese GT / touring — pre-JGTC","Firestone","technical paper","1"
"W01_PRESSURE_TEMP_SETUP","1994","1996","IMSA GT/GTS — 1994-2001","Avon","technical paper","1"
"W01_PRESSURE_TEMP_SETUP","1979","1981","CART / Indy-car","Pirelli","setup book / test sheet","1"
"W01_PRESSURE_TEMP_SETUP","1997","2001","International Formula 3000","Dunlop","setup book / test sheet","1"
"W01_PRESSURE_TEMP_SETUP","1982","1986","Group A touring — 1982-1992","Avon","technical paper","1"
"W01_PRESSURE_TEMP_SETUP","1966","1971","General Tire Mechanics","Michelin","setup book / test sheet","1"
"W01_PRESSURE_TEMP_SETUP","2002","2010","NASCAR stock car — 1992-2010","Goodyear","technical paper","1"
"W01_PRESSURE_TEMP_SETUP","1987","1991","Historic Racing Reference","Bridgestone/other","setup book / test sheet","1"
"W01_PRESSURE_TEMP_SETUP","1972","1976","IMSA GT — 1971-1981","Pirelli","technical paper","1"
"W01_PRESSURE_TEMP_SETUP","1993","1996","Group A / production touring — 1993-2001","Dunlop","supplier technical document","1"
"W01_PRESSURE_TEMP_SETUP","1977","1981","Japanese GT / touring — pre-JGTC","Avon","peer-reviewed paper","1"
"W01_PRESSURE_TEMP_SETUP","1960","1965","Historic Racing Reference","Michelin","supplier technical document","1"
"W01_PRESSURE_TEMP_SETUP","1997","2001","IMSA GT/GTS — 1994-2001","Goodyear","peer-reviewed paper","1"
"W01_PRESSURE_TEMP_SETUP","1982","1986","CART / Indy-car","Bridgestone/other","supplier technical document","1"
"W01_PRESSURE_TEMP_SETUP","1966","1969","GT40-era endurance","Pirelli","peer-reviewed paper","1"
"W01_PRESSURE_TEMP_SETUP","2002","2004","International Formula 3000","Firestone","supplier technical document","1"
"W01_PRESSURE_TEMP_SETUP","1987","1991","Group A touring — 1982-1992","Dunlop","peer-reviewed paper","1"
"W01_PRESSURE_TEMP_SETUP","1972","1976","Formula 1 — 3-litre/cross-ply-to-radial transition","Bridgestone/other","supplier technical document","1"
"W01_PRESSURE_TEMP_SETUP","1950","1959","Sports racing / prototypes — 1950-1963","Pirelli","peer-reviewed paper","1"
"W01_PRESSURE_TEMP_SETUP","1992","1996","General Racing Tire","Firestone","supplier technical document","1"
"W01_PRESSURE_TEMP_SETUP","1977","1981","Trans-Am — 1973-1981","Dunlop","peer-reviewed paper","1"
"W01_PRESSURE_TEMP_SETUP","1960","1965","Club single-seater — pre-Formula Ford","Avon","supplier technical document","1"
"W01_PRESSURE_TEMP_SETUP","1997","2001","Group A / production touring — 1993-2001","Michelin","period race report / technical feature","1"
"W01_PRESSURE_TEMP_SETUP","1982","1986","Japanese GT / touring — pre-JGTC","Goodyear","supplier technical document","1"
"W01_PRESSURE_TEMP_SETUP","1966","1971","Sports racing / prototypes — 1964-1971","Bridgestone/other","period race report / technical feature","1"
"W01_PRESSURE_TEMP_SETUP","2002","1981","IMSA GT — 1971-1981","Pirelli","supplier technical document","1"
"W01_PRESSURE_TEMP_SETUP","1987","1991","CART / Indy-car","Firestone","period race report / technical feature","1"
"W01_PRESSURE_TEMP_SETUP","1958","1959","Formula Junior","Avon","period race report / technical feature","1"
"W01_PRESSURE_TEMP_SETUP","1992","1996","World Rally Championship — 1987-2001","Michelin","period technical/race article","1"
"W01_PRESSURE_TEMP_SETUP","1977","1981","Formula 1 — 3-litre/cross-ply-to-radial transition","Goodyear","period race report / technical feature","1"
"W01_PRESSURE_TEMP_SETUP","1982","1986","Trans-Am — 1982-2001","Firestone","setup book / test sheet","1"
"W01_PRESSURE_TEMP_SETUP","1987","1991","Japanese GT / touring — pre-JGTC","Pirelli","technical paper","1"
"W01_PRESSURE_TEMP_SETUP","1950","1959","US GT / sports racing — pre-IMSA GT","Dunlop","technical paper","1"
"W01_PRESSURE_TEMP_SETUP","1992","1996","Historic Racing Reference","Avon","setup book / test sheet","1"
"W01_PRESSURE_TEMP_SETUP","1977","1981","Group 4 Special GT — 1970-1981","Michelin","technical paper","1"
"W01_PRESSURE_TEMP_SETUP","1960","1963","Formula Junior","Goodyear","setup book / test sheet","1"
"W01_PRESSURE_TEMP_SETUP","1997","2001","World Rally Championship — 1987-2001","Bridgestone/other","technical paper","1"
"W01_PRESSURE_TEMP_SETUP","1966","1971","Sports racing / prototypes — 1964-1971","Firestone","technical paper","1"
"W01_PRESSURE_TEMP_SETUP","1993","1996","Le Mans Prototype transition","Bridgestone/other","peer-reviewed paper","1"
"W01_PRESSURE_TEMP_SETUP","1977","1981","Can-Am — revival","Pirelli","supplier technical document","1"
"W01_PRESSURE_TEMP_SETUP","1960","1965","US GT / sports racing — pre-IMSA GT","Michelin","peer-reviewed paper","1"
"W01_PRESSURE_TEMP_SETUP","1997","2001","Historic Racing Reference","Goodyear","supplier technical document","1"
"W01_PRESSURE_TEMP_SETUP","1982","1986","Group C","Bridgestone/other","peer-reviewed paper","1"
"W01_PRESSURE_TEMP_SETUP","1966","1970","Formula 3 — 1964-1970","Pirelli","supplier technical document","1"
"W01_PRESSURE_TEMP_SETUP","2002","2010","World Rally Championship — 2002-2010","Firestone","peer-reviewed paper","1"
"W01_PRESSURE_TEMP_SETUP","1987","1991","Formula 1 — turbo/radial slick era","Dunlop","supplier technical document","1"
"W01_PRESSURE_TEMP_SETUP","1972","1975","Group 2 / ETCC — 1970-1975","Avon","peer-reviewed paper","1"
"W01_PRESSURE_TEMP_SETUP","1950","1959","General Tire Mechanics","Michelin","supplier technical document","1"
"W01_PRESSURE_TEMP_SETUP","1992","1996","NASCAR stock car — 1992-2010","Goodyear","peer-reviewed paper","1"
"W01_PRESSURE_TEMP_SETUP","1982","1986","Can-Am — revival","Dunlop","period race report / technical feature","1"
"W01_PRESSURE_TEMP_SETUP","1966","1970","US GT / sports racing — pre-IMSA GT","Avon","setup book / test sheet","1"
"W01_PRESSURE_TEMP_SETUP","2002","2010","Historic Racing Reference","Michelin","period race report / technical feature","1"
"W01_PRESSURE_TEMP_SETUP","1972","1976","USAC Championship Car / Indianapolis","Bridgestone/other","period race report / technical feature","1"
"W01_PRESSURE_TEMP_SETUP","1992","1996","International Formula 3000","Michelin","period race report / technical feature","1"
"W01_PRESSURE_TEMP_SETUP","1977","1981","Group 2 / ETCC — 1976-1981","Goodyear","period technical/race article","1"
"W01_PRESSURE_TEMP_SETUP","1960","1965","General Tire Mechanics","Bridgestone/other","period race report / technical feature","1"
"W01_PRESSURE_TEMP_SETUP","1997","2001","NASCAR stock car — 1992-2010","Pirelli","period technical/race article","1"
"W01_PRESSURE_TEMP_SETUP","1982","1986","Historic Racing Reference","Firestone","period race report / technical feature","1"
"W01_PRESSURE_TEMP_SETUP","1966","1969","Group 4 Sports Cars — 1966-1969","Dunlop","setup book / test sheet","1"
"W01_PRESSURE_TEMP_SETUP","2004","2010","LMP1 / LMP2","Avon","technical paper","1"
"W01_PRESSURE_TEMP_SETUP","1987","1974","Can-Am — original","Michelin","setup book / test sheet","1"
"W01_PRESSURE_TEMP_SETUP","1972","1976","Japanese GT / touring — pre-JGTC","Goodyear","technical paper","1"
"W01_PRESSURE_TEMP_SETUP","1994","1996","IMSA GT/GTS — 1994-2001","Pirelli","technical paper","1"
"W01_PRESSURE_TEMP_SETUP","1997","2001","International Formula 3000","Avon","setup book / test sheet","1"
"W01_PRESSURE_TEMP_SETUP","1982","1986","Group A touring — 1982-1992","Michelin","technical paper","1"
"W01_PRESSURE_TEMP_SETUP","2002","2010","NASCAR stock car — 1992-2010","Dunlop","technical paper","1"
"W01_PRESSURE_TEMP_SETUP","1972","1976","IMSA GT — 1971-1981","Michelin","supplier technical document","1"
"W01_PRESSURE_TEMP_SETUP","1950","1959","Club single-seater — pre-Formula Ford","Goodyear","peer-reviewed paper","1"
"W01_PRESSURE_TEMP_SETUP","1993","1996","Group A / production touring — 1993-2001","Bridgestone/other","supplier technical document","1"
"W01_PRESSURE_TEMP_SETUP","1977","1981","Japanese GT / touring — pre-JGTC","Pirelli","peer-reviewed paper","1"
"W01_PRESSURE_TEMP_SETUP","1960","1965","Historic Racing Reference","Firestone","supplier technical document","1"
"W01_PRESSURE_TEMP_SETUP","1997","2001","IMSA GT/GTS — 1994-2001","Dunlop","peer-reviewed paper","1"
"W01_PRESSURE_TEMP_SETUP","1982","1986","CART / Indy-car","Avon","supplier technical document","1"
"W01_PRESSURE_TEMP_SETUP","1966","1969","GT40-era endurance","Michelin","peer-reviewed paper","1"
"W01_PRESSURE_TEMP_SETUP","2002","2004","International Formula 3000","Goodyear","supplier technical document","1"
"W01_PRESSURE_TEMP_SETUP","1987","1991","Group A touring — 1982-1992","Bridgestone/other","peer-reviewed paper","1"
"W01_PRESSURE_TEMP_SETUP","1977","1981","Trans-Am — 1973-1981","Avon","period race report / technical feature","1"
"W01_PRESSURE_TEMP_SETUP","1997","2001","Group A / production touring — 1993-2001","Firestone","period race report / technical feature","1"
"W01_PRESSURE_TEMP_SETUP","1982","1986","Japanese GT / touring — pre-JGTC","Dunlop","period technical/race article","1"
"W01_PRESSURE_TEMP_SETUP","2002","1981","IMSA GT — 1971-1981","Michelin","period technical/race article","1"
"W01_PRESSURE_TEMP_SETUP","1987","1991","CART / Indy-car","Goodyear","period race report / technical feature","1"
"W01_PRESSURE_TEMP_SETUP","1972","1976","Group 4 Special GT — 1970-1981","Bridgestone/other","period technical/race article","1"
"W01_PRESSURE_TEMP_SETUP","1958","1959","Formula Junior","Pirelli","period race report / technical feature","1"
"W01_PRESSURE_TEMP_SETUP","1992","1996","World Rally Championship — 1987-2001","Firestone","period technical/race article","1"
"W01_PRESSURE_TEMP_SETUP","1977","1981","Formula 1 — 3-litre/cross-ply-to-radial transition","Dunlop","period race report / technical feature","1"
"W01_PRESSURE_TEMP_SETUP","1967","1971","Formula Ford — 1967-1976","Bridgestone/other","technical paper","1"
"W01_PRESSURE_TEMP_SETUP","2002","1969","Group 2 / ETCC — 1963-1969","Pirelli","setup book / test sheet","1"
"W01_PRESSURE_TEMP_SETUP","1987","1991","Japanese GT / touring — pre-JGTC","Firestone","technical paper","1"
"W01_PRESSURE_TEMP_SETUP","1972","1976","Sports racing / prototypes — 1972-1981","Dunlop","setup book / test sheet","1"
"W01_PRESSURE_TEMP_SETUP","1950","1959","US GT / sports racing — pre-IMSA GT","Avon","technical paper","1"
"W01_PRESSURE_TEMP_SETUP","1992","1996","Historic Racing Reference","Pirelli","setup book / test sheet","1"
"W01_PRESSURE_TEMP_SETUP","1977","1981","Group 4 Special GT — 1970-1981","Firestone","technical paper","1"
"W01_PRESSURE_TEMP_SETUP","1960","1963","Formula Junior","Dunlop","setup book / test sheet","1"
"W01_PRESSURE_TEMP_SETUP","1997","2001","World Rally Championship — 1987-2001","Avon","technical paper","1"
"W01_PRESSURE_TEMP_SETUP","1982","1986","Formula 1 — turbo/radial slick era","Michelin","setup book / test sheet","1"
"W01_PRESSURE_TEMP_SETUP","1966","1971","Sports racing / prototypes — 1964-1971","Goodyear","technical paper","1"
"W01_PRESSURE_TEMP_SETUP","2002","2010","General Racing Tire","Bridgestone/other","setup book / test sheet","1"
"W01_PRESSURE_TEMP_SETUP","1987","1991","Trans-Am — 1982-2001","Pirelli","supplier technical document","1"
"W01_PRESSURE_TEMP_SETUP","1972","1976","Historic Racing Reference","Firestone","peer-reviewed paper","1"
"W01_PRESSURE_TEMP_SETUP","1993","1996","Le Mans Prototype transition","Avon","peer-reviewed paper","1"
"W01_PRESSURE_TEMP_SETUP","1977","1981","Can-Am — revival","Michelin","supplier technical document","1"
"W01_PRESSURE_TEMP_SETUP","1960","1965","US GT / sports racing — pre-IMSA GT","Goodyear","peer-reviewed paper","1"
"W01_PRESSURE_TEMP_SETUP","1997","2001","Historic Racing Reference","Bridgestone/other","supplier technical document","1"
"W01_PRESSURE_TEMP_SETUP","1982","1986","Group C","Pirelli","peer-reviewed paper","1"
"W01_PRESSURE_TEMP_SETUP","1966","1970","Formula 3 — 1964-1970","Firestone","supplier technical document","1"
"W01_PRESSURE_TEMP_SETUP","2002","2010","World Rally Championship — 2002-2010","Dunlop","peer-reviewed paper","1"
"W01_PRESSURE_TEMP_SETUP","1987","1991","Formula 1 — turbo/radial slick era","Bridgestone/other","supplier technical document","1"
"W01_PRESSURE_TEMP_SETUP","1972","1975","Group 2 / ETCC — 1970-1975","Pirelli","peer-reviewed paper","1"
"W01_PRESSURE_TEMP_SETUP","1992","1996","NASCAR stock car — 1992-2010","Dunlop","period race report / technical feature","1"
"W01_PRESSURE_TEMP_SETUP","1977","1981","Historic Racing Reference","Avon","period technical/race article","1"
"W01_PRESSURE_TEMP_SETUP","1960","1963","Sports racing / prototypes — 1950-1963","Michelin","period race report / technical feature","1"
"W01_PRESSURE_TEMP_SETUP","1997","1999","Le Mans Prototype transition","Goodyear","setup book / test sheet","1"
"W01_PRESSURE_TEMP_SETUP","1982","1986","Can-Am — revival","Bridgestone/other","period race report / technical feature","1"
"W01_PRESSURE_TEMP_SETUP","1966","1970","US GT / sports racing — pre-IMSA GT","Pirelli","period technical/race article","1"
"W01_PRESSURE_TEMP_SETUP","2002","2010","Historic Racing Reference","Firestone","period race report / technical feature","1"
"W01_PRESSURE_TEMP_SETUP","1987","1991","Group C","Dunlop","period technical/race article","1"
"W01_PRESSURE_TEMP_SETUP","1972","1976","USAC Championship Car / Indianapolis","Avon","period race report / technical feature","1"
"W01_PRESSURE_TEMP_SETUP","1977","1981","Group 2 / ETCC — 1976-1981","Bridgestone/other","period technical/race article","1"
"W01_PRESSURE_TEMP_SETUP","1997","2001","NASCAR stock car — 1992-2010","Firestone","setup book / test sheet","1"
"W01_PRESSURE_TEMP_SETUP","1982","1986","Historic Racing Reference","Goodyear","technical paper","1"
"W01_PRESSURE_TEMP_SETUP","1966","1969","Group 4 Sports Cars — 1966-1969","Bridgestone/other","setup book / test sheet","1"
"W01_PRESSURE_TEMP_SETUP","2004","2010","LMP1 / LMP2","Pirelli","technical paper","1"
"W01_PRESSURE_TEMP_SETUP","1972","1976","Japanese GT / touring — pre-JGTC","Dunlop","technical paper","1"
"W01_PRESSURE_TEMP_SETUP","1950","1959","Sports racing / prototypes — 1950-1963","Avon","setup book / test sheet","1"
"W01_PRESSURE_TEMP_SETUP","1994","1996","IMSA GT/GTS — 1994-2001","Michelin","technical paper","1"
"W01_PRESSURE_TEMP_SETUP","1979","1981","CART / Indy-car","Goodyear","setup book / test sheet","1"
"W01_PRESSURE_TEMP_SETUP","2002","2010","NASCAR stock car — 1992-2010","Avon","supplier technical document","1"
"W01_PRESSURE_TEMP_SETUP","1987","1991","Historic Racing Reference","Michelin","peer-reviewed paper","1"
"W01_PRESSURE_TEMP_SETUP","1972","1976","IMSA GT — 1971-1981","Goodyear","supplier technical document","1"
"W01_PRESSURE_TEMP_SETUP","1950","1959","Club single-seater — pre-Formula Ford","Bridgestone/other","peer-reviewed paper","1"
"W01_PRESSURE_TEMP_SETUP","1993","1996","Group A / production touring — 1993-2001","Pirelli","supplier technical document","1"
"W01_PRESSURE_TEMP_SETUP","1977","1981","Japanese GT / touring — pre-JGTC","Michelin","peer-reviewed paper","1"
"W01_PRESSURE_TEMP_SETUP","1960","1965","Historic Racing Reference","Goodyear","supplier technical document","1"
"W01_PRESSURE_TEMP_SETUP","1997","2001","IMSA GT/GTS — 1994-2001","Bridgestone/other","peer-reviewed paper","1"
"W01_PRESSURE_TEMP_SETUP","1982","1986","CART / Indy-car","Pirelli","supplier technical document","1"
"W01_PRESSURE_TEMP_SETUP","1966","1969","GT40-era endurance","Firestone","peer-reviewed paper","1"
"W01_PRESSURE_TEMP_SETUP","2002","2004","International Formula 3000","Dunlop","supplier technical document","1"
"W01_PRESSURE_TEMP_SETUP","1987","1991","Group A touring — 1982-1992","Avon","peer-reviewed paper","1"
"W01_PRESSURE_TEMP_SETUP","1972","1976","Formula 1 — 3-litre/cross-ply-to-radial transition","Michelin","supplier technical document","1"
"W01_PRESSURE_TEMP_SETUP","1950","1959","Sports racing / prototypes — 1950-1963","Goodyear","period race report / technical feature","1"
"W01_PRESSURE_TEMP_SETUP","1992","1996","General Racing Tire","Bridgestone/other","period technical/race article","1"
"W01_PRESSURE_TEMP_SETUP","1977","1981","Trans-Am — 1973-1981","Pirelli","period race report / technical feature","1"
"W01_PRESSURE_TEMP_SETUP","1960","1965","Club single-seater — pre-Formula Ford","Firestone","setup book / test sheet","1"
"W01_PRESSURE_TEMP_SETUP","1997","2001","Group A / production touring — 1993-2001","Dunlop","period race report / technical feature","1"
"W01_PRESSURE_TEMP_SETUP","2002","1981","IMSA GT — 1971-1981","Goodyear","period technical/race article","1"
"W01_PRESSURE_TEMP_SETUP","1987","1991","CART / Indy-car","Bridgestone/other","period race report / technical feature","1"
"W01_PRESSURE_TEMP_SETUP","1958","1959","Formula Junior","Michelin","period race report / technical feature","1"
"W01_PRESSURE_TEMP_SETUP","1992","1996","World Rally Championship — 1987-2001","Goodyear","period technical/race article","1"
"W01_PRESSURE_TEMP_SETUP","1997","2001","General Racing Tire","Firestone","technical paper","1"
"W01_PRESSURE_TEMP_SETUP","1982","1986","Trans-Am — 1982-2001","Dunlop","setup book / test sheet","1"
"W01_PRESSURE_TEMP_SETUP","1967","1971","Formula Ford — 1967-1976","Avon","technical paper","1"
"W01_PRESSURE_TEMP_SETUP","2002","1969","Group 2 / ETCC — 1963-1969","Michelin","setup book / test sheet","1"
"W01_PRESSURE_TEMP_SETUP","1987","1991","Japanese GT / touring — pre-JGTC","Goodyear","technical paper","1"
"W01_PRESSURE_TEMP_SETUP","1972","1976","Sports racing / prototypes — 1972-1981","Bridgestone/other","setup book / test sheet","1"
"W01_PRESSURE_TEMP_SETUP","1950","1959","US GT / sports racing — pre-IMSA GT","Pirelli","technical paper","1"
"W01_PRESSURE_TEMP_SETUP","1992","1996","Historic Racing Reference","Firestone","setup book / test sheet","1"
"W01_PRESSURE_TEMP_SETUP","1977","1981","Group 4 Special GT — 1970-1981","Dunlop","technical paper","1"
"W01_PRESSURE_TEMP_SETUP","2002","2010","General Racing Tire","Avon","peer-reviewed paper","1"
"W01_PRESSURE_TEMP_SETUP","1987","1991","Trans-Am — 1982-2001","Michelin","supplier technical document","1"
"W01_PRESSURE_TEMP_SETUP","1972","1976","Historic Racing Reference","Goodyear","peer-reviewed paper","1"
"W01_PRESSURE_TEMP_SETUP","1993","1996","Le Mans Prototype transition","Pirelli","peer-reviewed paper","1"
"W01_PRESSURE_TEMP_SETUP","1977","1981","Can-Am — revival","Firestone","supplier technical document","1"
"W01_PRESSURE_TEMP_SETUP","1960","1965","US GT / sports racing — pre-IMSA GT","Dunlop","peer-reviewed paper","1"
"W01_PRESSURE_TEMP_SETUP","1997","2001","Historic Racing Reference","Avon","supplier technical document","1"
"W01_PRESSURE_TEMP_SETUP","1982","1986","Group C","Michelin","peer-reviewed paper","1"
"W01_PRESSURE_TEMP_SETUP","1972","1975","Group 2 / ETCC — 1970-1975","Firestone","period race report / technical feature","1"
"W01_PRESSURE_TEMP_SETUP","1992","1996","NASCAR stock car — 1992-2010","Avon","period race report / technical feature","1"
"W01_PRESSURE_TEMP_SETUP","1977","1981","Historic Racing Reference","Michelin","setup book / test sheet","1"
"W01_PRESSURE_TEMP_SETUP","1997","1999","Le Mans Prototype transition","Dunlop","setup book / test sheet","1"
"W01_PRESSURE_TEMP_SETUP","1982","1986","Can-Am — revival","Avon","period race report / technical feature","1"
"W01_PRESSURE_TEMP_SETUP","1966","1970","US GT / sports racing — pre-IMSA GT","Michelin","setup book / test sheet","1"
"W01_PRESSURE_TEMP_SETUP","2002","2010","Historic Racing Reference","Goodyear","period race report / technical feature","1"
"W01_PRESSURE_TEMP_SETUP","1972","1976","USAC Championship Car / Indianapolis","Pirelli","period race report / technical feature","1"
"W01_PRESSURE_TEMP_SETUP","1950","1959","Sports racing / prototypes — 1950-1963","Firestone","period technical/race article","1"
"W01_PRESSURE_TEMP_SETUP","1992","1996","International Formula 3000","Dunlop","period race report / technical feature","1"
"W01_PRESSURE_TEMP_SETUP","1960","1965","General Tire Mechanics","Michelin","technical paper","1"
"W01_PRESSURE_TEMP_SETUP","1997","2001","NASCAR stock car — 1992-2010","Goodyear","setup book / test sheet","1"
"W01_PRESSURE_TEMP_SETUP","1982","1986","Historic Racing Reference","Bridgestone/other","technical paper","1"
"W01_PRESSURE_TEMP_SETUP","1966","1969","Group 4 Sports Cars — 1966-1969","Pirelli","setup book / test sheet","1"
"W01_PRESSURE_TEMP_SETUP","2004","2010","LMP1 / LMP2","Firestone","technical paper","1"
"W01_PRESSURE_TEMP_SETUP","1972","1976","Japanese GT / touring — pre-JGTC","Avon","technical paper","1"
"W01_PRESSURE_TEMP_SETUP","1994","1996","IMSA GT/GTS — 1994-2001","Firestone","technical paper","1"
"W01_PRESSURE_TEMP_SETUP","1997","2001","International Formula 3000","Michelin","setup book / test sheet","1"
"W01_PRESSURE_TEMP_SETUP","1982","1986","Group A touring — 1982-1992","Goodyear","supplier technical document","1"
"W01_PRESSURE_TEMP_SETUP","1966","1971","General Tire Mechanics","Bridgestone/other","peer-reviewed paper","1"
"W01_PRESSURE_TEMP_SETUP","2002","2010","NASCAR stock car — 1992-2010","Pirelli","supplier technical document","1"
"W01_PRESSURE_TEMP_SETUP","1987","1991","Historic Racing Reference","Firestone","peer-reviewed paper","1"
"W01_PRESSURE_TEMP_SETUP","1972","1976","IMSA GT — 1971-1981","Dunlop","supplier technical document","1"
"W01_PRESSURE_TEMP_SETUP","1950","1959","Club single-seater — pre-Formula Ford","Avon","peer-reviewed paper","1"
"W01_PRESSURE_TEMP_SETUP","1993","1996","Group A / production touring — 1993-2001","Michelin","supplier technical document","1"
"W01_PRESSURE_TEMP_SETUP","1977","1981","Japanese GT / touring — pre-JGTC","Goodyear","peer-reviewed paper","1"
"W01_PRESSURE_TEMP_SETUP","1960","1965","Historic Racing Reference","Bridgestone/other","supplier technical document","1"
"W01_PRESSURE_TEMP_SETUP","1997","2001","IMSA GT/GTS — 1994-2001","Pirelli","peer-reviewed paper","1"
"W01_PRESSURE_TEMP_SETUP","1987","1991","Group A touring — 1982-1992","Pirelli","period race report / technical feature","1"
"W02_WEAR_LIFE_GRIP","2002","1972","Trans-Am — 1966-1972","Goodyear","period race report / technical feature","1"
"W02_WEAR_LIFE_GRIP","1987","1991","Formula Ford — 1982-1992","Bridgestone/other","technical paper","1"
"W02_WEAR_LIFE_GRIP","1972","1975","Group 2 / ETCC — 1970-1975","Pirelli","period race report / technical feature","1"
"W02_WEAR_LIFE_GRIP","1950","1959","Japanese GT / touring — pre-JGTC","Firestone","technical paper","1"
"W02_WEAR_LIFE_GRIP","1992","1996","Historic Racing Reference","Dunlop","period race report / technical feature","1"
"W02_WEAR_LIFE_GRIP","1977","1981","IMSA GT — 1971-1981","Avon","technical paper","1"
"W02_WEAR_LIFE_GRIP","1960","1965","USAC Championship Car / Indianapolis","Michelin","period race report / technical feature","1"
"W02_WEAR_LIFE_GRIP","1997","2001","FIA GT — 1997-2009","Goodyear","technical paper","1"
"W02_WEAR_LIFE_GRIP","1982","1986","Formula 3 — 1974-1986","Bridgestone/other","period race report / technical feature","1"
"W02_WEAR_LIFE_GRIP","1966","1971","International rally — pre-WRC","Pirelli","technical paper","1"
"W02_WEAR_LIFE_GRIP","1987","1991","IMSA GTP","Dunlop","peer-reviewed paper","1"
"W02_WEAR_LIFE_GRIP","1972","1976","General Racing Tire","Avon","supplier racing document","1"
"W02_WEAR_LIFE_GRIP","1950","1959","Touring / saloon racing — pre-1963","Michelin","peer-reviewed paper","1"
"W02_WEAR_LIFE_GRIP","1993","1996","Formula Ford — 1993-2010","Firestone","supplier racing document","1"
"W02_WEAR_LIFE_GRIP","1977","1981","Group 2 / ETCC — 1976-1981","Dunlop","peer-reviewed paper","1"
"W02_WEAR_LIFE_GRIP","1960","1965","Japanese GT / touring — pre-JGTC","Avon","supplier racing document","1"
"W02_WEAR_LIFE_GRIP","1997","1974","Can-Am — original","Michelin","peer-reviewed paper","1"
"W02_WEAR_LIFE_GRIP","1982","1986","IMSA GT — 1982-1993","Goodyear","supplier racing document","1"
"W02_WEAR_LIFE_GRIP","1966","1971","Sports racing / prototypes — 1964-1971","Bridgestone/other","peer-reviewed paper","1"
"W02_WEAR_LIFE_GRIP","2002","2009","FIA GT — 1997-2009","Pirelli","supplier racing document","1"
"W02_WEAR_LIFE_GRIP","1987","1990","Formula 3 — 1987-1990","Firestone","peer-reviewed paper","1"
"W02_WEAR_LIFE_GRIP","1972","1976","Rallycross — 1967-1981","Dunlop","supplier racing document","1"
"W02_WEAR_LIFE_GRIP","1950","1959","Formula 1 — early World Championship","Avon","government technical report","1"
"W02_WEAR_LIFE_GRIP","1993","1996","Le Mans Prototype transition","Michelin","race report/result/stint evidence","1"
"W02_WEAR_LIFE_GRIP","1977","1981","General Racing Tire","Goodyear","government technical report","1"
"W02_WEAR_LIFE_GRIP","1960","1962","Touring / saloon racing — pre-1963","Bridgestone/other","race report/result/stint evidence","1"
"W02_WEAR_LIFE_GRIP","1997","2001","Historic Racing Reference","Pirelli","government technical report","1"
"W02_WEAR_LIFE_GRIP","1982","1986","Group C","Firestone","race report/result/stint evidence","1"
"W02_WEAR_LIFE_GRIP","1966","1971","Sports racing / prototypes — 1964-1971","Dunlop","government technical report","1"
"W02_WEAR_LIFE_GRIP","2002","1974","Can-Am — original","Avon","race report/result/stint evidence","1"
"W02_WEAR_LIFE_GRIP","1987","1991","IMSA GT — 1982-1993","Pirelli","government technical report","1"
"W02_WEAR_LIFE_GRIP","1972","1976","Historic Racing Reference","Firestone","race report/result/stint evidence","1"
"W02_WEAR_LIFE_GRIP","1950","1959","Sports racing / prototypes — 1950-1963","Dunlop","government technical report","1"
"W02_WEAR_LIFE_GRIP","1992","1996","Formula 3 — 1991-2010","Avon","race report/result/stint evidence","1"
"W02_WEAR_LIFE_GRIP","1977","1981","Rallycross — 1967-1981","Michelin","government technical report","1"
"W02_WEAR_LIFE_GRIP","1966","1971","NASCAR stock car — 1950-1971","Firestone","period race report / technical feature","1"
"W02_WEAR_LIFE_GRIP","2002","2010","Historic Racing Reference","Dunlop","technical paper","1"
"W02_WEAR_LIFE_GRIP","1987","1991","Group C","Avon","period race report / technical feature","1"
"W02_WEAR_LIFE_GRIP","1972","1976","Sports racing / prototypes — 1972-1981","Michelin","technical paper","1"
"W02_WEAR_LIFE_GRIP","1994","1996","GT2 / GTS — 1994-2004 sanction-specific","Bridgestone/other","technical paper","1"
"W02_WEAR_LIFE_GRIP","1977","1981","Historic Racing Reference","Pirelli","period race report / technical feature","1"
"W02_WEAR_LIFE_GRIP","1960","1963","Sports racing / prototypes — 1950-1963","Firestone","technical paper","1"
"W02_WEAR_LIFE_GRIP","1997","2001","CART / Indy-car","Dunlop","period race report / technical feature","1"
"W02_WEAR_LIFE_GRIP","1972","1976","NASCAR stock car — 1972-1991","Avon","peer-reviewed paper","1"
"W02_WEAR_LIFE_GRIP","1950","1959","Historic Racing Reference","Michelin","supplier racing document","1"
"W02_WEAR_LIFE_GRIP","1992","1993","Group C","Goodyear","peer-reviewed paper","1"
"W02_WEAR_LIFE_GRIP","1977","1981","Sports racing / prototypes — 1972-1981","Bridgestone/other","supplier racing document","1"
"W02_WEAR_LIFE_GRIP","1997","1999","JGTC — 1994-1999 (GT1/GT2 terminology)","Firestone","supplier racing document","1"
"W02_WEAR_LIFE_GRIP","1982","1986","Historic Racing Reference","Dunlop","peer-reviewed paper","1"
"W02_WEAR_LIFE_GRIP","1966","1970","US GT / sports racing — pre-IMSA GT","Avon","supplier racing document","1"
"W02_WEAR_LIFE_GRIP","2002","2003","CART / Indy-car","Michelin","peer-reviewed paper","1"
"W02_WEAR_LIFE_GRIP","1987","1991","Group C","Goodyear","supplier racing document","1"
"W02_WEAR_LIFE_GRIP","1950","1959","Touring / saloon racing — pre-1963","Pirelli","race report/result/stint evidence","1"
"W02_WEAR_LIFE_GRIP","1992","1996","General Tire Mechanics","Firestone","government technical report","1"
"W02_WEAR_LIFE_GRIP","1977","1981","NASCAR stock car — 1972-1991","Goodyear","race report/result/stint evidence","1"
"W02_WEAR_LIFE_GRIP","1960","1965","Historic Racing Reference","Bridgestone/other","government technical report","1"
"W02_WEAR_LIFE_GRIP","1997","2001","Trans-Am — 1982-2001","Pirelli","race report/result/stint evidence","1"
"W02_WEAR_LIFE_GRIP","1982","1986","Formula Ford — 1982-1992","Firestone","government technical report","1"
"W02_WEAR_LIFE_GRIP","1966","1969","Group 2 / ETCC — 1963-1969","Dunlop","race report/result/stint evidence","1"
"W02_WEAR_LIFE_GRIP","2005","2010","SUPER GT — 2005-2010","Avon","government technical report","1"
"W02_WEAR_LIFE_GRIP","1987","1991","Historic Racing Reference","Michelin","race report/result/stint evidence","1"
"W02_WEAR_LIFE_GRIP","1972","1976","IMSA GT — 1971-1981","Goodyear","government technical report","1"
"W02_WEAR_LIFE_GRIP","1950","1955","AAA Championship Car / Indianapolis","Bridgestone/other","race report/result/stint evidence","1"
"W02_WEAR_LIFE_GRIP","1994","1996","BPR Global GT","Pirelli","government technical report","1"
"W02_WEAR_LIFE_GRIP","1977","1981","Formula 2 — 1972-1984","Firestone","technical paper","1"
"W02_WEAR_LIFE_GRIP","1963","1965","Group 2 / ETCC — 1963-1969","Dunlop","period race report / technical feature","1"
"W02_WEAR_LIFE_GRIP","1997","2001","Formula 1 — 1990s radial slick/grooved transition","Avon","technical paper","1"
"W02_WEAR_LIFE_GRIP","1982","1986","IMSA GTP","Michelin","period race report / technical feature","1"
"W02_WEAR_LIFE_GRIP","1966","1971","General Racing Tire","Goodyear","technical paper","1"
"W02_WEAR_LIFE_GRIP","2002","1972","Trans-Am — 1966-1972","Bridgestone/other","period race report / technical feature","1"
"W02_WEAR_LIFE_GRIP","1987","1991","Formula Ford — 1982-1992","Pirelli","technical paper","1"
"W02_WEAR_LIFE_GRIP","1972","1975","Group 2 / ETCC — 1970-1975","Michelin","period race report / technical feature","1"
"W02_WEAR_LIFE_GRIP","1950","1959","Japanese GT / touring — pre-JGTC","Goodyear","technical paper","1"
"W02_WEAR_LIFE_GRIP","1992","1996","Historic Racing Reference","Bridgestone/other","period race report / technical feature","1"
"W02_WEAR_LIFE_GRIP","1977","1981","IMSA GT — 1971-1981","Pirelli","technical paper","1"
"W02_WEAR_LIFE_GRIP","1960","1965","USAC Championship Car / Indianapolis","Firestone","period race report / technical feature","1"
"W02_WEAR_LIFE_GRIP","1997","2001","FIA GT — 1997-2009","Dunlop","technical paper","1"
"W02_WEAR_LIFE_GRIP","2002","2010","Formula 1 — grooved-to-slick-return era","Goodyear","supplier racing document","1"
"W02_WEAR_LIFE_GRIP","1987","1991","IMSA GTP","Bridgestone/other","peer-reviewed paper","1"
"W02_WEAR_LIFE_GRIP","1972","1976","General Racing Tire","Pirelli","supplier racing document","1"
"W02_WEAR_LIFE_GRIP","1993","1996","Formula Ford — 1993-2010","Dunlop","supplier racing document","1"
"W02_WEAR_LIFE_GRIP","1977","1981","Group 2 / ETCC — 1976-1981","Avon","peer-reviewed paper","1"
"W02_WEAR_LIFE_GRIP","1960","1965","Japanese GT / touring — pre-JGTC","Michelin","supplier racing document","1"
"W02_WEAR_LIFE_GRIP","1997","1974","Can-Am — original","Goodyear","peer-reviewed paper","1"
"W02_WEAR_LIFE_GRIP","1982","1986","IMSA GT — 1982-1993","Bridgestone/other","supplier racing document","1"
"W02_WEAR_LIFE_GRIP","1966","1971","Sports racing / prototypes — 1964-1971","Avon","peer-reviewed paper","1"
"W02_WEAR_LIFE_GRIP","2002","2009","FIA GT — 1997-2009","Michelin","supplier racing document","1"
"W02_WEAR_LIFE_GRIP","1993","1996","Le Mans Prototype transition","Firestone","race report/result/stint evidence","1"
"W02_WEAR_LIFE_GRIP","1977","1981","General Racing Tire","Dunlop","government technical report","1"
"W02_WEAR_LIFE_GRIP","1960","1962","Touring / saloon racing — pre-1963","Avon","race report/result/stint evidence","1"
"W02_WEAR_LIFE_GRIP","1997","2001","Historic Racing Reference","Michelin","government technical report","1"
"W02_WEAR_LIFE_GRIP","1982","1986","Group C","Goodyear","race report/result/stint evidence","1"
"W02_WEAR_LIFE_GRIP","2002","1974","Can-Am — original","Pirelli","race report/result/stint evidence","1"
"W02_WEAR_LIFE_GRIP","1987","1991","IMSA GT — 1982-1993","Firestone","government technical report","1"
"W02_WEAR_LIFE_GRIP","1972","1976","Historic Racing Reference","Dunlop","race report/result/stint evidence","1"
"W02_WEAR_LIFE_GRIP","1950","1959","Sports racing / prototypes — 1950-1963","Avon","government technical report","1"
"W02_WEAR_LIFE_GRIP","1977","1981","Rallycross — 1967-1981","Goodyear","period race report / technical feature","1"
"W02_WEAR_LIFE_GRIP","2000","2001","DTM — silhouette era","Avon","period race report / technical feature","1"
"W02_WEAR_LIFE_GRIP","1982","1986","General Tire Mechanics","Michelin","technical paper","1"
"W02_WEAR_LIFE_GRIP","1966","1971","NASCAR stock car — 1950-1971","Goodyear","period race report / technical feature","1"
"W02_WEAR_LIFE_GRIP","2002","2010","Historic Racing Reference","Bridgestone/other","technical paper","1"
"W02_WEAR_LIFE_GRIP","1987","1991","Group C","Pirelli","period race report / technical feature","1"
"W02_WEAR_LIFE_GRIP","1972","1976","Sports racing / prototypes — 1972-1981","Firestone","technical paper","1"
"W02_WEAR_LIFE_GRIP","1994","1996","GT2 / GTS — 1994-2004 sanction-specific","Avon","technical paper","1"
"W02_WEAR_LIFE_GRIP","1977","1981","Historic Racing Reference","Michelin","period race report / technical feature","1"
"W02_WEAR_LIFE_GRIP","1960","1963","Sports racing / prototypes — 1950-1963","Goodyear","technical paper","1"
"W02_WEAR_LIFE_GRIP","1997","2001","CART / Indy-car","Bridgestone/other","supplier racing document","1"
"W02_WEAR_LIFE_GRIP","1967","1971","Formula 2 — 1967-1971","Firestone","supplier racing document","1"
"W02_WEAR_LIFE_GRIP","2002","2010","DTM — silhouette era","Dunlop","peer-reviewed paper","1"
"W02_WEAR_LIFE_GRIP","1987","1991","General Tire Mechanics","Avon","supplier racing document","1"
"W02_WEAR_LIFE_GRIP","1972","1976","NASCAR stock car — 1972-1991","Michelin","peer-reviewed paper","1"
"W02_WEAR_LIFE_GRIP","1950","1959","Historic Racing Reference","Firestone","supplier racing document","1"
"W02_WEAR_LIFE_GRIP","1992","1993","Group C","Dunlop","peer-reviewed paper","1"
"W02_WEAR_LIFE_GRIP","1977","1981","Sports racing / prototypes — 1972-1981","Avon","supplier racing document","1"
"W02_WEAR_LIFE_GRIP","1997","1999","JGTC — 1994-1999 (GT1/GT2 terminology)","Goodyear","supplier racing document","1"
"W02_WEAR_LIFE_GRIP","1982","1986","Historic Racing Reference","Bridgestone/other","peer-reviewed paper","1"
"W02_WEAR_LIFE_GRIP","1966","1970","US GT / sports racing — pre-IMSA GT","Pirelli","supplier racing document","1"
"W02_WEAR_LIFE_GRIP","1972","1976","Formula 2 — 1972-1984","Avon","government technical report","1"
"W02_WEAR_LIFE_GRIP","1950","1959","Touring / saloon racing — pre-1963","Michelin","race report/result/stint evidence","1"
"W02_WEAR_LIFE_GRIP","1992","1996","General Tire Mechanics","Goodyear","government technical report","1"
"W02_WEAR_LIFE_GRIP","1977","1981","NASCAR stock car — 1972-1991","Bridgestone/other","race report/result/stint evidence","1"
"W02_WEAR_LIFE_GRIP","1960","1965","Historic Racing Reference","Pirelli","government technical report","1"
"W02_WEAR_LIFE_GRIP","1997","2001","Trans-Am — 1982-2001","Firestone","race report/result/stint evidence","1"
"W02_WEAR_LIFE_GRIP","1982","1986","Formula Ford — 1982-1992","Dunlop","government technical report","1"
"W02_WEAR_LIFE_GRIP","1966","1969","Group 2 / ETCC — 1963-1969","Avon","race report/result/stint evidence","1"
"W02_WEAR_LIFE_GRIP","2005","2010","SUPER GT — 2005-2010","Pirelli","government technical report","1"
"W02_WEAR_LIFE_GRIP","1987","1991","Historic Racing Reference","Firestone","race report/result/stint evidence","1"
"W02_WEAR_LIFE_GRIP","1972","1976","IMSA GT — 1971-1981","Dunlop","government technical report","1"
"W02_WEAR_LIFE_GRIP","1963","1965","Group 2 / ETCC — 1963-1969","Bridgestone/other","period race report / technical feature","1"
"W02_WEAR_LIFE_GRIP","1997","2001","Formula 1 — 1990s radial slick/grooved transition","Pirelli","technical paper","1"
"W02_WEAR_LIFE_GRIP","1982","1986","IMSA GTP","Firestone","period race report / technical feature","1"
"W02_WEAR_LIFE_GRIP","1966","1971","General Racing Tire","Dunlop","technical paper","1"
"W02_WEAR_LIFE_GRIP","2002","1972","Trans-Am — 1966-1972","Avon","period race report / technical feature","1"
"W02_WEAR_LIFE_GRIP","1987","1991","Formula Ford — 1982-1992","Michelin","technical paper","1"
"W02_WEAR_LIFE_GRIP","1972","1975","Group 2 / ETCC — 1970-1975","Goodyear","period race report / technical feature","1"
"W02_WEAR_LIFE_GRIP","1950","1959","Japanese GT / touring — pre-JGTC","Bridgestone/other","technical paper","1"
"W02_WEAR_LIFE_GRIP","1992","1996","Historic Racing Reference","Pirelli","period race report / technical feature","1"
"W02_WEAR_LIFE_GRIP","1977","1981","IMSA GT — 1971-1981","Firestone","technical paper","1"
"W02_WEAR_LIFE_GRIP","1966","1971","International rally — pre-WRC","Firestone","peer-reviewed paper","1"
"W02_WEAR_LIFE_GRIP","2002","2010","Formula 1 — grooved-to-slick-return era","Dunlop","supplier racing document","1"
"W02_WEAR_LIFE_GRIP","1987","1991","IMSA GTP","Avon","peer-reviewed paper","1"
"W02_WEAR_LIFE_GRIP","1972","1976","General Racing Tire","Michelin","supplier racing document","1"
"W02_WEAR_LIFE_GRIP","1950","1959","Touring / saloon racing — pre-1963","Goodyear","peer-reviewed paper","1"
"W02_WEAR_LIFE_GRIP","1993","1996","Formula Ford — 1993-2010","Bridgestone/other","supplier racing document","1"
"W02_WEAR_LIFE_GRIP","1977","1981","Group 2 / ETCC — 1976-1981","Pirelli","peer-reviewed paper","1"
"W02_WEAR_LIFE_GRIP","1960","1965","Japanese GT / touring — pre-JGTC","Firestone","supplier racing document","1"
"W02_WEAR_LIFE_GRIP","1997","1974","Can-Am — original","Dunlop","peer-reviewed paper","1"
"W02_WEAR_LIFE_GRIP","1982","1986","IMSA GT — 1982-1993","Avon","supplier racing document","1"
"W02_WEAR_LIFE_GRIP","1966","1971","Sports racing / prototypes — 1964-1971","Michelin","government technical report","1"
"W02_WEAR_LIFE_GRIP","2002","2009","FIA GT — 1997-2009","Goodyear","race report/result/stint evidence","1"
"W02_WEAR_LIFE_GRIP","1987","1990","Formula 3 — 1987-1990","Bridgestone/other","government technical report","1"
"W02_WEAR_LIFE_GRIP","1972","1976","Rallycross — 1967-1981","Pirelli","race report/result/stint evidence","1"
"W02_WEAR_LIFE_GRIP","1950","1959","Formula 1 — early World Championship","Firestone","government technical report","1"
"W02_WEAR_LIFE_GRIP","1993","1996","Le Mans Prototype transition","Goodyear","race report/result/stint evidence","1"
"W02_WEAR_LIFE_GRIP","1977","1981","General Racing Tire","Bridgestone/other","government technical report","1"
"W02_WEAR_LIFE_GRIP","1960","1962","Touring / saloon racing — pre-1963","Pirelli","race report/result/stint evidence","1"
"W02_WEAR_LIFE_GRIP","1997","2001","Historic Racing Reference","Firestone","government technical report","1"
"W02_WEAR_LIFE_GRIP","1982","1986","Group C","Dunlop","race report/result/stint evidence","1"
"W02_WEAR_LIFE_GRIP","2002","1974","Can-Am — original","Michelin","race report/result/stint evidence","1"
"W02_WEAR_LIFE_GRIP","1987","1991","IMSA GT — 1982-1993","Goodyear","government technical report","1"
"W02_WEAR_LIFE_GRIP","1972","1976","Historic Racing Reference","Bridgestone/other","technical paper","1"
"W02_WEAR_LIFE_GRIP","1950","1959","Sports racing / prototypes — 1950-1963","Pirelli","period race report / technical feature","1"
"W02_WEAR_LIFE_GRIP","1992","1996","Formula 3 — 1991-2010","Firestone","technical paper","1"
"W02_WEAR_LIFE_GRIP","1977","1981","Rallycross — 1967-1981","Dunlop","period race report / technical feature","1"
"W02_WEAR_LIFE_GRIP","1960","1965","Formula 1 — early World Championship","Avon","technical paper","1"
"W02_WEAR_LIFE_GRIP","2000","2001","DTM — silhouette era","Michelin","period race report / technical feature","1"
"W02_WEAR_LIFE_GRIP","1982","1986","General Tire Mechanics","Goodyear","technical paper","1"
"W02_WEAR_LIFE_GRIP","1966","1971","NASCAR stock car — 1950-1971","Bridgestone/other","period race report / technical feature","1"
"W02_WEAR_LIFE_GRIP","2002","2010","Historic Racing Reference","Pirelli","technical paper","1"
"W02_WEAR_LIFE_GRIP","1987","1991","Group C","Michelin","period race report / technical feature","1"
"W02_WEAR_LIFE_GRIP","1972","1976","Sports racing / prototypes — 1972-1981","Goodyear","technical paper","1"
"W02_WEAR_LIFE_GRIP","1994","1996","GT2 / GTS — 1994-2004 sanction-specific","Pirelli","technical paper","1"
"W02_WEAR_LIFE_GRIP","1967","1971","Formula 2 — 1967-1971","Goodyear","supplier racing document","1"
"W02_WEAR_LIFE_GRIP","2002","2010","DTM — silhouette era","Bridgestone/other","peer-reviewed paper","1"
"W02_WEAR_LIFE_GRIP","1987","1991","General Tire Mechanics","Pirelli","supplier racing document","1"
"W02_WEAR_LIFE_GRIP","1972","1976","NASCAR stock car — 1972-1991","Firestone","peer-reviewed paper","1"
"W02_WEAR_LIFE_GRIP","1950","1959","Historic Racing Reference","Dunlop","supplier racing document","1"
"W02_WEAR_LIFE_GRIP","1992","1993","Group C","Avon","peer-reviewed paper","1"
"W02_WEAR_LIFE_GRIP","1977","1981","Sports racing / prototypes — 1972-1981","Michelin","supplier racing document","1"
"W02_WEAR_LIFE_GRIP","1960","1963","Sports racing / prototypes — 1950-1963","Goodyear","peer-reviewed paper","1"
"W02_WEAR_LIFE_GRIP","1997","1999","JGTC — 1994-1999 (GT1/GT2 terminology)","Bridgestone/other","supplier racing document","1"
"W02_WEAR_LIFE_GRIP","1987","1991","Group C","Bridgestone/other","race report/result/stint evidence","1"
"W02_WEAR_LIFE_GRIP","1972","1976","Formula 2 — 1972-1984","Pirelli","government technical report","1"
"W02_WEAR_LIFE_GRIP","1950","1959","Touring / saloon racing — pre-1963","Firestone","race report/result/stint evidence","1"
"W02_WEAR_LIFE_GRIP","1992","1996","General Tire Mechanics","Dunlop","government technical report","1"
"W02_WEAR_LIFE_GRIP","1977","1981","NASCAR stock car — 1972-1991","Avon","race report/result/stint evidence","1"
"W02_WEAR_LIFE_GRIP","1960","1965","Historic Racing Reference","Michelin","government technical report","1"
"W02_WEAR_LIFE_GRIP","1997","2001","Trans-Am — 1982-2001","Goodyear","race report/result/stint evidence","1"
"W02_WEAR_LIFE_GRIP","1982","1986","Formula Ford — 1982-1992","Bridgestone/other","government technical report","1"
"W02_WEAR_LIFE_GRIP","1966","1969","Group 2 / ETCC — 1963-1969","Pirelli","race report/result/stint evidence","1"
"W02_WEAR_LIFE_GRIP","2005","2010","SUPER GT — 2005-2010","Firestone","government technical report","1"
"W02_WEAR_LIFE_GRIP","1972","1976","IMSA GT — 1971-1981","Avon","period race report / technical feature","1"
"W02_WEAR_LIFE_GRIP","1950","1955","AAA Championship Car / Indianapolis","Michelin","technical paper","1"
"W02_WEAR_LIFE_GRIP","1994","1996","BPR Global GT","Goodyear","period race report / technical feature","1"
"W02_WEAR_LIFE_GRIP","1977","1981","Formula 2 — 1972-1984","Dunlop","technical paper","1"
"W02_WEAR_LIFE_GRIP","1963","1965","Group 2 / ETCC — 1963-1969","Avon","period race report / technical feature","1"
"W02_WEAR_LIFE_GRIP","1997","2001","Formula 1 — 1990s radial slick/grooved transition","Michelin","technical paper","1"
"W02_WEAR_LIFE_GRIP","1982","1986","IMSA GTP","Goodyear","period race report / technical feature","1"
"W02_WEAR_LIFE_GRIP","1966","1971","General Racing Tire","Bridgestone/other","technical paper","1"
"W02_WEAR_LIFE_GRIP","2002","1972","Trans-Am — 1966-1972","Pirelli","period race report / technical feature","1"
"W02_WEAR_LIFE_GRIP","1987","1991","Formula Ford — 1982-1992","Firestone","technical paper","1"
"W02_WEAR_LIFE_GRIP","1972","1975","Group 2 / ETCC — 1970-1975","Dunlop","period race report / technical feature","1"
"W02_WEAR_LIFE_GRIP","1950","1959","Japanese GT / touring — pre-JGTC","Avon","technical paper","1"
"W02_WEAR_LIFE_GRIP","1992","1996","Historic Racing Reference","Michelin","supplier racing document","1"
"W02_WEAR_LIFE_GRIP","1977","1981","IMSA GT — 1971-1981","Goodyear","peer-reviewed paper","1"
"W02_WEAR_LIFE_GRIP","1960","1965","USAC Championship Car / Indianapolis","Bridgestone/other","supplier racing document","1"
"W02_WEAR_LIFE_GRIP","1997","2001","FIA GT — 1997-2009","Pirelli","peer-reviewed paper","1"
"W02_WEAR_LIFE_GRIP","1982","1986","Formula 3 — 1974-1986","Firestone","supplier racing document","1"
"W02_WEAR_LIFE_GRIP","1966","1971","International rally — pre-WRC","Dunlop","peer-reviewed paper","1"
"W02_WEAR_LIFE_GRIP","2002","2010","Formula 1 — grooved-to-slick-return era","Avon","supplier racing document","1"
"W02_WEAR_LIFE_GRIP","1987","1991","IMSA GTP","Michelin","peer-reviewed paper","1"
"W02_WEAR_LIFE_GRIP","1972","1976","General Racing Tire","Firestone","supplier racing document","1"
"W02_WEAR_LIFE_GRIP","1993","1996","Formula Ford — 1993-2010","Avon","supplier racing document","1"
"W02_WEAR_LIFE_GRIP","1977","1981","Group 2 / ETCC — 1976-1981","Michelin","peer-reviewed paper","1"
"W02_WEAR_LIFE_GRIP","1960","1965","Japanese GT / touring — pre-JGTC","Goodyear","supplier racing document","1"
"W02_WEAR_LIFE_GRIP","2002","2009","FIA GT — 1997-2009","Dunlop","race report/result/stint evidence","1"
"W02_WEAR_LIFE_GRIP","1987","1990","Formula 3 — 1987-1990","Avon","government technical report","1"
"W02_WEAR_LIFE_GRIP","1972","1976","Rallycross — 1967-1981","Michelin","race report/result/stint evidence","1"
"W02_WEAR_LIFE_GRIP","1950","1959","Formula 1 — early World Championship","Goodyear","government technical report","1"
"W02_WEAR_LIFE_GRIP","1993","1996","Le Mans Prototype transition","Bridgestone/other","race report/result/stint evidence","1"
"W02_WEAR_LIFE_GRIP","1977","1981","General Racing Tire","Pirelli","government technical report","1"
"W02_WEAR_LIFE_GRIP","1960","1962","Touring / saloon racing — pre-1963","Firestone","race report/result/stint evidence","1"
"W02_WEAR_LIFE_GRIP","1997","2001","Historic Racing Reference","Dunlop","government technical report","1"
"W02_WEAR_LIFE_GRIP","1982","1986","Group C","Avon","race report/result/stint evidence","1"
"W02_WEAR_LIFE_GRIP","1950","1959","Sports racing / prototypes — 1950-1963","Michelin","period race report / technical feature","1"
"W02_WEAR_LIFE_GRIP","1992","1996","Formula 3 — 1991-2010","Goodyear","technical paper","1"
"W02_WEAR_LIFE_GRIP","1977","1981","Rallycross — 1967-1981","Bridgestone/other","period race report / technical feature","1"
"W02_WEAR_LIFE_GRIP","1960","1965","Formula 1 — early World Championship","Pirelli","technical paper","1"
"W02_WEAR_LIFE_GRIP","2000","2001","DTM — silhouette era","Firestone","period race report / technical feature","1"
"W02_WEAR_LIFE_GRIP","1982","1986","General Tire Mechanics","Dunlop","technical paper","1"
"W02_WEAR_LIFE_GRIP","1966","1971","NASCAR stock car — 1950-1971","Avon","period race report / technical feature","1"
"W02_WEAR_LIFE_GRIP","2002","2010","Historic Racing Reference","Michelin","technical paper","1"
"W02_WEAR_LIFE_GRIP","1987","1991","Group C","Goodyear","period race report / technical feature","1"
"W02_WEAR_LIFE_GRIP","1972","1976","Sports racing / prototypes — 1972-1981","Bridgestone/other","technical paper","1"
"W02_WEAR_LIFE_GRIP","1994","1996","GT2 / GTS — 1994-2004 sanction-specific","Firestone","peer-reviewed paper","1"
"W02_WEAR_LIFE_GRIP","1977","1981","Historic Racing Reference","Dunlop","supplier racing document","1"
"W02_WEAR_LIFE_GRIP","1960","1963","Sports racing / prototypes — 1950-1963","Bridgestone/other","peer-reviewed paper","1"
"W02_WEAR_LIFE_GRIP","1997","2001","CART / Indy-car","Pirelli","supplier racing document","1"
"W02_WEAR_LIFE_GRIP","1967","1971","Formula 2 — 1967-1971","Dunlop","supplier racing document","1"
"W02_WEAR_LIFE_GRIP","2002","2010","DTM — silhouette era","Avon","peer-reviewed paper","1"
"W02_WEAR_LIFE_GRIP","1987","1991","General Tire Mechanics","Michelin","supplier racing document","1"
"W02_WEAR_LIFE_GRIP","1972","1976","NASCAR stock car — 1972-1991","Goodyear","peer-reviewed paper","1"
"W02_WEAR_LIFE_GRIP","1950","1959","Historic Racing Reference","Bridgestone/other","supplier racing document","1"
"W02_WEAR_LIFE_GRIP","1992","1993","Group C","Pirelli","peer-reviewed paper","1"
"W02_WEAR_LIFE_GRIP","1977","1981","Sports racing / prototypes — 1972-1981","Firestone","supplier racing document","1"
"W02_WEAR_LIFE_GRIP","1997","1999","JGTC — 1994-1999 (GT1/GT2 terminology)","Avon","race report/result/stint evidence","1"
"W02_WEAR_LIFE_GRIP","1982","1986","Historic Racing Reference","Michelin","government technical report","1"
"W02_WEAR_LIFE_GRIP","1966","1970","US GT / sports racing — pre-IMSA GT","Goodyear","race report/result/stint evidence","1"
"W02_WEAR_LIFE_GRIP","2002","2003","CART / Indy-car","Bridgestone/other","government technical report","1"
"W02_WEAR_LIFE_GRIP","1972","1976","Formula 2 — 1972-1984","Firestone","government technical report","1"
"W02_WEAR_LIFE_GRIP","1950","1959","Touring / saloon racing — pre-1963","Goodyear","race report/result/stint evidence","1"
"W02_WEAR_LIFE_GRIP","1992","1996","General Tire Mechanics","Bridgestone/other","government technical report","1"
"W02_WEAR_LIFE_GRIP","1977","1981","NASCAR stock car — 1972-1991","Pirelli","race report/result/stint evidence","1"
"W02_WEAR_LIFE_GRIP","1960","1965","Historic Racing Reference","Firestone","government technical report","1"
"W02_WEAR_LIFE_GRIP","1997","2001","Trans-Am — 1982-2001","Dunlop","race report/result/stint evidence","1"
"W02_WEAR_LIFE_GRIP","1982","1986","Formula Ford — 1982-1992","Avon","government technical report","1"
"W02_WEAR_LIFE_GRIP","1987","1991","Historic Racing Reference","Bridgestone/other","technical paper","1"
"W02_WEAR_LIFE_GRIP","1972","1976","IMSA GT — 1971-1981","Pirelli","period race report / technical feature","1"
"W02_WEAR_LIFE_GRIP","1950","1955","AAA Championship Car / Indianapolis","Firestone","technical paper","1"
"W02_WEAR_LIFE_GRIP","1994","1996","BPR Global GT","Dunlop","period race report / technical feature","1"
"W02_WEAR_LIFE_GRIP","1977","1981","Formula 2 — 1972-1984","Avon","technical paper","1"
"W02_WEAR_LIFE_GRIP","1963","1965","Group 2 / ETCC — 1963-1969","Michelin","period race report / technical feature","1"
"W02_WEAR_LIFE_GRIP","1997","2001","Formula 1 — 1990s radial slick/grooved transition","Goodyear","technical paper","1"
"W02_WEAR_LIFE_GRIP","1982","1986","IMSA GTP","Bridgestone/other","period race report / technical feature","1"
"W02_WEAR_LIFE_GRIP","1966","1971","General Racing Tire","Pirelli","technical paper","1"
"W02_WEAR_LIFE_GRIP","2002","1972","Trans-Am — 1966-1972","Michelin","period race report / technical feature","1"
"W02_WEAR_LIFE_GRIP","1987","1991","Formula Ford — 1982-1992","Goodyear","technical paper","1"
"W02_WEAR_LIFE_GRIP","1977","1981","IMSA GT — 1971-1981","Dunlop","peer-reviewed paper","1"
"W02_WEAR_LIFE_GRIP","1960","1965","USAC Championship Car / Indianapolis","Avon","supplier racing document","1"
"W02_WEAR_LIFE_GRIP","1997","2001","FIA GT — 1997-2009","Michelin","peer-reviewed paper","1"
"W02_WEAR_LIFE_GRIP","1982","1986","Formula 3 — 1974-1986","Goodyear","supplier racing document","1"
"W02_WEAR_LIFE_GRIP","1966","1971","International rally — pre-WRC","Bridgestone/other","peer-reviewed paper","1"
"W02_WEAR_LIFE_GRIP","2002","2010","Formula 1 — grooved-to-slick-return era","Pirelli","supplier racing document","1"
"W02_WEAR_LIFE_GRIP","1987","1991","IMSA GTP","Firestone","peer-reviewed paper","1"
"W02_WEAR_LIFE_GRIP","1972","1976","General Racing Tire","Dunlop","supplier racing document","1"
"W02_WEAR_LIFE_GRIP","1993","1996","Formula Ford — 1993-2010","Michelin","supplier racing document","1"
"W02_WEAR_LIFE_GRIP","1960","1965","Japanese GT / touring — pre-JGTC","Bridgestone/other","race report/result/stint evidence","1"
"W02_WEAR_LIFE_GRIP","1982","1986","IMSA GT — 1982-1993","Michelin","race report/result/stint evidence","1"
"W02_WEAR_LIFE_GRIP","1966","1971","Sports racing / prototypes — 1964-1971","Goodyear","government technical report","1"
"W02_WEAR_LIFE_GRIP","2002","2009","FIA GT — 1997-2009","Bridgestone/other","race report/result/stint evidence","1"
"W02_WEAR_LIFE_GRIP","1987","1990","Formula 3 — 1987-1990","Pirelli","government technical report","1"
"W02_WEAR_LIFE_GRIP","1972","1976","Rallycross — 1967-1981","Firestone","race report/result/stint evidence","1"
"W02_WEAR_LIFE_GRIP","1950","1959","Formula 1 — early World Championship","Dunlop","government technical report","1"
"W02_WEAR_LIFE_GRIP","1993","1996","Le Mans Prototype transition","Avon","race report/result/stint evidence","1"
"W02_WEAR_LIFE_GRIP","1977","1981","General Racing Tire","Michelin","government technical report","1"
"W02_WEAR_LIFE_GRIP","1960","1962","Touring / saloon racing — pre-1963","Goodyear","race report/result/stint evidence","1"
"W02_WEAR_LIFE_GRIP","1997","2001","Historic Racing Reference","Bridgestone/other","government technical report","1"
"W02_WEAR_LIFE_GRIP","1982","1986","Group C","Pirelli","technical paper","1"
"W02_WEAR_LIFE_GRIP","2002","1974","Can-Am — original","Dunlop","technical paper","1"
"W02_WEAR_LIFE_GRIP","1987","1991","IMSA GT — 1982-1993","Avon","period race report / technical feature","1"
"W02_WEAR_LIFE_GRIP","1972","1976","Historic Racing Reference","Michelin","technical paper","1"
"W02_WEAR_LIFE_GRIP","1992","1996","Formula 3 — 1991-2010","Dunlop","technical paper","1"
"W02_WEAR_LIFE_GRIP","1977","1981","Rallycross — 1967-1981","Avon","period race report / technical feature","1"
"W02_WEAR_LIFE_GRIP","1960","1965","Formula 1 — early World Championship","Michelin","technical paper","1"
"W02_WEAR_LIFE_GRIP","2000","2001","DTM — silhouette era","Goodyear","period race report / technical feature","1"
"W02_WEAR_LIFE_GRIP","1982","1986","General Tire Mechanics","Bridgestone/other","technical paper","1"
"W02_WEAR_LIFE_GRIP","1966","1971","NASCAR stock car — 1950-1971","Pirelli","period race report / technical feature","1"
"W02_WEAR_LIFE_GRIP","2002","2010","Historic Racing Reference","Firestone","technical paper","1"
"W02_WEAR_LIFE_GRIP","1972","1976","Sports racing / prototypes — 1972-1981","Avon","peer-reviewed paper","1"
"W02_WEAR_LIFE_GRIP","1994","1996","GT2 / GTS — 1994-2004 sanction-specific","Goodyear","peer-reviewed paper","1"
"W02_WEAR_LIFE_GRIP","1977","1981","Historic Racing Reference","Bridgestone/other","supplier racing document","1"
"W02_WEAR_LIFE_GRIP","1997","2001","CART / Indy-car","Firestone","supplier racing document","1"
"W02_WEAR_LIFE_GRIP","1967","1971","Formula 2 — 1967-1971","Avon","supplier racing document","1"
"W02_WEAR_LIFE_GRIP","2002","2010","DTM — silhouette era","Michelin","peer-reviewed paper","1"
"W02_WEAR_LIFE_GRIP","1987","1991","General Tire Mechanics","Firestone","supplier racing document","1"
"W02_WEAR_LIFE_GRIP","1972","1976","NASCAR stock car — 1972-1991","Dunlop","peer-reviewed paper","1"
"W02_WEAR_LIFE_GRIP","1950","1959","Historic Racing Reference","Avon","supplier racing document","1"
"W02_WEAR_LIFE_GRIP","1997","1999","JGTC — 1994-1999 (GT1/GT2 terminology)","Pirelli","race report/result/stint evidence","1"
"W02_WEAR_LIFE_GRIP","1982","1986","Historic Racing Reference","Firestone","government technical report","1"
"W02_WEAR_LIFE_GRIP","1966","1970","US GT / sports racing — pre-IMSA GT","Dunlop","race report/result/stint evidence","1"
"W02_WEAR_LIFE_GRIP","2002","2003","CART / Indy-car","Avon","government technical report","1"
"W02_WEAR_LIFE_GRIP","1987","1991","Group C","Michelin","race report/result/stint evidence","1"
"W02_WEAR_LIFE_GRIP","1972","1976","Formula 2 — 1972-1984","Goodyear","government technical report","1"
"W02_WEAR_LIFE_GRIP","1950","1959","Touring / saloon racing — pre-1963","Bridgestone/other","race report/result/stint evidence","1"
"W02_WEAR_LIFE_GRIP","1992","1996","General Tire Mechanics","Pirelli","government technical report","1"
"W02_WEAR_LIFE_GRIP","1977","1981","NASCAR stock car — 1972-1991","Firestone","race report/result/stint evidence","1"
"W02_WEAR_LIFE_GRIP","1960","1965","Historic Racing Reference","Dunlop","government technical report","1"
"W02_WEAR_LIFE_GRIP","2005","2010","SUPER GT — 2005-2010","Dunlop","period race report / technical feature","1"
"W02_WEAR_LIFE_GRIP","1987","1991","Historic Racing Reference","Avon","technical paper","1"
"W02_WEAR_LIFE_GRIP","1972","1976","IMSA GT — 1971-1981","Michelin","period race report / technical feature","1"
"W02_WEAR_LIFE_GRIP","1950","1955","AAA Championship Car / Indianapolis","Goodyear","technical paper","1"
"W02_WEAR_LIFE_GRIP","1994","1996","BPR Global GT","Bridgestone/other","period race report / technical feature","1"
"W02_WEAR_LIFE_GRIP","1977","1981","Formula 2 — 1972-1984","Pirelli","technical paper","1"
"W02_WEAR_LIFE_GRIP","1963","1965","Group 2 / ETCC — 1963-1969","Firestone","period race report / technical feature","1"
"W02_WEAR_LIFE_GRIP","2002","1972","Trans-Am — 1966-1972","Goodyear","supplier racing document","1"
"W02_WEAR_LIFE_GRIP","1987","1991","Formula Ford — 1982-1992","Bridgestone/other","peer-reviewed paper","1"
"W02_WEAR_LIFE_GRIP","1972","1975","Group 2 / ETCC — 1970-1975","Pirelli","supplier racing document","1"
"W02_WEAR_LIFE_GRIP","1950","1959","Japanese GT / touring — pre-JGTC","Firestone","peer-reviewed paper","1"
"W02_WEAR_LIFE_GRIP","1992","1996","Historic Racing Reference","Dunlop","supplier racing document","1"
"W02_WEAR_LIFE_GRIP","1977","1981","IMSA GT — 1971-1981","Bridgestone/other","peer-reviewed paper","1"
"W02_WEAR_LIFE_GRIP","1960","1965","USAC Championship Car / Indianapolis","Pirelli","supplier racing document","1"
"W02_WEAR_LIFE_GRIP","1997","2001","FIA GT — 1997-2009","Firestone","peer-reviewed paper","1"
"W02_WEAR_LIFE_GRIP","1982","1986","Formula 3 — 1974-1986","Dunlop","supplier racing document","1"
"W02_WEAR_LIFE_GRIP","1966","1971","International rally — pre-WRC","Avon","peer-reviewed paper","1"
"W02_WEAR_LIFE_GRIP","2002","2010","Formula 1 — grooved-to-slick-return era","Michelin","supplier racing document","1"
"W02_WEAR_LIFE_GRIP","1987","1991","IMSA GTP","Goodyear","peer-reviewed paper","1"
"W02_WEAR_LIFE_GRIP","1972","1976","General Racing Tire","Bridgestone/other","supplier racing document","1"
"W02_WEAR_LIFE_GRIP","1950","1959","Touring / saloon racing — pre-1963","Pirelli","government technical report","1"
"W02_WEAR_LIFE_GRIP","1993","1996","Formula Ford — 1993-2010","Firestone","race report/result/stint evidence","1"
"W02_WEAR_LIFE_GRIP","1977","1981","Group 2 / ETCC — 1976-1981","Dunlop","government technical report","1"
"W02_WEAR_LIFE_GRIP","1960","1965","Japanese GT / touring — pre-JGTC","Avon","race report/result/stint evidence","1"
"W02_WEAR_LIFE_GRIP","1997","1974","Can-Am — original","Michelin","government technical report","1"
"W02_WEAR_LIFE_GRIP","1982","1986","IMSA GT — 1982-1993","Goodyear","race report/result/stint evidence","1"
"W02_WEAR_LIFE_GRIP","2002","2009","FIA GT — 1997-2009","Pirelli","race report/result/stint evidence","1"
"W02_WEAR_LIFE_GRIP","1987","1990","Formula 3 — 1987-1990","Firestone","government technical report","1"
"W02_WEAR_LIFE_GRIP","1972","1976","Rallycross — 1967-1981","Goodyear","race report/result/stint evidence","1"
"W02_WEAR_LIFE_GRIP","1950","1959","Formula 1 — early World Championship","Bridgestone/other","government technical report","1"
"W02_WEAR_LIFE_GRIP","1993","1996","Le Mans Prototype transition","Pirelli","race report/result/stint evidence","1"
"W02_WEAR_LIFE_GRIP","1977","1981","General Racing Tire","Firestone","government technical report","1"
"W02_WEAR_LIFE_GRIP","2002","1974","Can-Am — original","Bridgestone/other","technical paper","1"
"W02_WEAR_LIFE_GRIP","1987","1991","IMSA GT — 1982-1993","Pirelli","period race report / technical feature","1"
"W02_WEAR_LIFE_GRIP","1972","1976","Historic Racing Reference","Firestone","technical paper","1"
"W02_WEAR_LIFE_GRIP","1992","1996","Formula 3 — 1991-2010","Avon","technical paper","1"
"W02_WEAR_LIFE_GRIP","1977","1981","Rallycross — 1967-1981","Michelin","period race report / technical feature","1"
"W02_WEAR_LIFE_GRIP","1972","1976","Sports racing / prototypes — 1972-1981","Pirelli","peer-reviewed paper","1"
"W02_WEAR_LIFE_GRIP","1994","1996","GT2 / GTS — 1994-2004 sanction-specific","Dunlop","peer-reviewed paper","1"
"W02_WEAR_LIFE_GRIP","1977","1981","Historic Racing Reference","Avon","supplier racing document","1"
"W02_WEAR_LIFE_GRIP","1997","2001","CART / Indy-car","Goodyear","supplier racing document","1"
"W02_WEAR_LIFE_GRIP","1982","1986","Group C","Bridgestone/other","peer-reviewed paper","1"
"W02_WEAR_LIFE_GRIP","1950","1959","Historic Racing Reference","Michelin","race report/result/stint evidence","1"
"W02_WEAR_LIFE_GRIP","1992","1993","Group C","Goodyear","government technical report","1"
"W02_WEAR_LIFE_GRIP","1977","1981","Sports racing / prototypes — 1972-1981","Bridgestone/other","race report/result/stint evidence","1"
"W02_WEAR_LIFE_GRIP","1997","1999","JGTC — 1994-1999 (GT1/GT2 terminology)","Michelin","race report/result/stint evidence","1"
"W02_WEAR_LIFE_GRIP","1982","1986","Historic Racing Reference","Goodyear","government technical report","1"
"W02_WEAR_LIFE_GRIP","1966","1970","US GT / sports racing — pre-IMSA GT","Bridgestone/other","race report/result/stint evidence","1"
"W02_WEAR_LIFE_GRIP","2002","2003","CART / Indy-car","Pirelli","government technical report","1"
"W02_WEAR_LIFE_GRIP","1972","1976","Formula 2 — 1972-1984","Dunlop","government technical report","1"
"W02_WEAR_LIFE_GRIP","1950","1959","Touring / saloon racing — pre-1963","Avon","race report/result/stint evidence","1"
"W02_WEAR_LIFE_GRIP","1992","1996","General Tire Mechanics","Michelin","government technical report","1"
"W02_WEAR_LIFE_GRIP","1977","1981","NASCAR stock car — 1972-1991","Goodyear","technical paper","1"
"W02_WEAR_LIFE_GRIP","1960","1965","Historic Racing Reference","Bridgestone/other","period race report / technical feature","1"
"W02_WEAR_LIFE_GRIP","1997","2001","Trans-Am — 1982-2001","Pirelli","technical paper","1"
"W02_WEAR_LIFE_GRIP","1982","1986","Formula Ford — 1982-1992","Firestone","period race report / technical feature","1"
"W02_WEAR_LIFE_GRIP","1966","1969","Group 2 / ETCC — 1963-1969","Dunlop","technical paper","1"
"W02_WEAR_LIFE_GRIP","2005","2010","SUPER GT — 2005-2010","Avon","period race report / technical feature","1"
"W02_WEAR_LIFE_GRIP","1987","1991","Historic Racing Reference","Michelin","technical paper","1"
"W02_WEAR_LIFE_GRIP","1972","1976","IMSA GT — 1971-1981","Goodyear","period race report / technical feature","1"
"W02_WEAR_LIFE_GRIP","1950","1955","AAA Championship Car / Indianapolis","Dunlop","technical paper","1"
"W02_WEAR_LIFE_GRIP","1994","1996","BPR Global GT","Avon","period race report / technical feature","1"
"W02_WEAR_LIFE_GRIP","1977","1981","Formula 2 — 1972-1984","Michelin","technical paper","1"
"W02_WEAR_LIFE_GRIP","1963","1965","Group 2 / ETCC — 1963-1969","Goodyear","period race report / technical feature","1"
"W02_WEAR_LIFE_GRIP","1997","2001","Formula 1 — 1990s radial slick/grooved transition","Bridgestone/other","technical paper","1"
"W02_WEAR_LIFE_GRIP","1987","1991","Formula Ford — 1982-1992","Avon","peer-reviewed paper","1"
"W02_WEAR_LIFE_GRIP","1972","1975","Group 2 / ETCC — 1970-1975","Michelin","supplier racing document","1"
"W02_WEAR_LIFE_GRIP","1950","1959","Japanese GT / touring — pre-JGTC","Goodyear","peer-reviewed paper","1"
"W02_WEAR_LIFE_GRIP","1992","1996","Historic Racing Reference","Bridgestone/other","supplier racing document","1"
"W02_WEAR_LIFE_GRIP","1977","1981","IMSA GT — 1971-1981","Pirelli","peer-reviewed paper","1"
"W02_WEAR_LIFE_GRIP","1960","1965","USAC Championship Car / Indianapolis","Firestone","supplier racing document","1"
"W02_WEAR_LIFE_GRIP","1997","2001","FIA GT — 1997-2009","Dunlop","peer-reviewed paper","1"
"W02_WEAR_LIFE_GRIP","1993","1996","Formula Ford — 1993-2010","Goodyear","race report/result/stint evidence","1"
"W02_WEAR_LIFE_GRIP","1977","1981","Group 2 / ETCC — 1976-1981","Bridgestone/other","government technical report","1"
"W02_WEAR_LIFE_GRIP","1960","1965","Japanese GT / touring — pre-JGTC","Pirelli","race report/result/stint evidence","1"
"W02_WEAR_LIFE_GRIP","1997","1974","Can-Am — original","Firestone","government technical report","1"
"W02_WEAR_LIFE_GRIP","1982","1986","IMSA GT — 1982-1993","Dunlop","race report/result/stint evidence","1"
"W02_WEAR_LIFE_GRIP","2002","2009","FIA GT — 1997-2009","Michelin","race report/result/stint evidence","1"
"W02_WEAR_LIFE_GRIP","1977","1981","General Racing Tire","Dunlop","period race report / technical feature","1"
"W02_WEAR_LIFE_GRIP","1960","1962","Touring / saloon racing — pre-1963","Avon","technical paper","1"
"W02_WEAR_LIFE_GRIP","1997","2001","Historic Racing Reference","Pirelli","period race report / technical feature","1"
"W02_WEAR_LIFE_GRIP","1982","1986","Group C","Firestone","technical paper","1"
"W02_WEAR_LIFE_GRIP","2002","1974","Can-Am — original","Avon","technical paper","1"
"W02_WEAR_LIFE_GRIP","1987","1991","IMSA GT — 1982-1993","Michelin","period race report / technical feature","1"
"W02_WEAR_LIFE_GRIP","1972","1976","Historic Racing Reference","Goodyear","technical paper","1"
"W02_WEAR_LIFE_GRIP","1992","1996","Formula 3 — 1991-2010","Pirelli","technical paper","1"
"W02_WEAR_LIFE_GRIP","1977","1981","Rallycross — 1967-1981","Firestone","period race report / technical feature","1"
"W02_WEAR_LIFE_GRIP","2000","2001","DTM — silhouette era","Avon","supplier racing document","1"
"W02_WEAR_LIFE_GRIP","1982","1986","General Tire Mechanics","Michelin","peer-reviewed paper","1"
"W02_WEAR_LIFE_GRIP","1966","1971","NASCAR stock car — 1950-1971","Goodyear","supplier racing document","1"
"W02_WEAR_LIFE_GRIP","2002","2010","Historic Racing Reference","Bridgestone/other","peer-reviewed paper","1"
"W02_WEAR_LIFE_GRIP","1987","1991","Group C","Pirelli","supplier racing document","1"
"W02_WEAR_LIFE_GRIP","1972","1976","Sports racing / prototypes — 1972-1981","Firestone","peer-reviewed paper","1"
"W02_WEAR_LIFE_GRIP","1950","1959","Sports racing / prototypes — 1950-1963","Dunlop","supplier racing document","1"
"W02_WEAR_LIFE_GRIP","1994","1996","GT2 / GTS — 1994-2004 sanction-specific","Bridgestone/other","peer-reviewed paper","1"
"W02_WEAR_LIFE_GRIP","1977","1981","Historic Racing Reference","Pirelli","supplier racing document","1"
"W02_WEAR_LIFE_GRIP","1960","1963","Sports racing / prototypes — 1950-1963","Firestone","peer-reviewed paper","1"
"W02_WEAR_LIFE_GRIP","1997","2001","CART / Indy-car","Dunlop","supplier racing document","1"
"W02_WEAR_LIFE_GRIP","1967","1971","Formula 2 — 1967-1971","Michelin","supplier racing document","1"
"W02_WEAR_LIFE_GRIP","1972","1976","NASCAR stock car — 1972-1991","Pirelli","government technical report","1"
"W02_WEAR_LIFE_GRIP","1950","1959","Historic Racing Reference","Firestone","race report/result/stint evidence","1"
"W02_WEAR_LIFE_GRIP","1992","1993","Group C","Dunlop","government technical report","1"
"W02_WEAR_LIFE_GRIP","1977","1981","Sports racing / prototypes — 1972-1981","Avon","race report/result/stint evidence","1"
"W02_WEAR_LIFE_GRIP","1997","1999","JGTC — 1994-1999 (GT1/GT2 terminology)","Goodyear","race report/result/stint evidence","1"
"W02_WEAR_LIFE_GRIP","1982","1986","Historic Racing Reference","Bridgestone/other","government technical report","1"
"W02_WEAR_LIFE_GRIP","1966","1970","US GT / sports racing — pre-IMSA GT","Pirelli","race report/result/stint evidence","1"
"W02_WEAR_LIFE_GRIP","1960","1965","Historic Racing Reference","Avon","period race report / technical feature","1"
"W02_WEAR_LIFE_GRIP","1997","2001","Trans-Am — 1982-2001","Michelin","technical paper","1"
"W02_WEAR_LIFE_GRIP","1982","1986","Formula Ford — 1982-1992","Goodyear","period race report / technical feature","1"
"W02_WEAR_LIFE_GRIP","1966","1969","Group 2 / ETCC — 1963-1969","Bridgestone/other","technical paper","1"
"W02_WEAR_LIFE_GRIP","2005","2010","SUPER GT — 2005-2010","Pirelli","period race report / technical feature","1"
"W02_WEAR_LIFE_GRIP","1987","1991","Historic Racing Reference","Firestone","technical paper","1"
"W02_WEAR_LIFE_GRIP","1972","1976","IMSA GT — 1971-1981","Dunlop","period race report / technical feature","1"
"W02_WEAR_LIFE_GRIP","1997","2001","Formula 1 — 1990s radial slick/grooved transition","Pirelli","peer-reviewed paper","1"
"W02_WEAR_LIFE_GRIP","1966","1971","General Racing Tire","Goodyear","peer-reviewed paper","1"
"W02_WEAR_LIFE_GRIP","2002","1972","Trans-Am — 1966-1972","Bridgestone/other","supplier racing document","1"
"W02_WEAR_LIFE_GRIP","1987","1991","Formula Ford — 1982-1992","Pirelli","peer-reviewed paper","1"
"W02_WEAR_LIFE_GRIP","1972","1975","Group 2 / ETCC — 1970-1975","Firestone","supplier racing document","1"
"W02_WEAR_LIFE_GRIP","1950","1959","Japanese GT / touring — pre-JGTC","Dunlop","peer-reviewed paper","1"
"W02_WEAR_LIFE_GRIP","1992","1996","Historic Racing Reference","Avon","supplier racing document","1"
"W02_WEAR_LIFE_GRIP","1977","1981","IMSA GT — 1971-1981","Michelin","peer-reviewed paper","1"
"W02_WEAR_LIFE_GRIP","1960","1965","USAC Championship Car / Indianapolis","Goodyear","supplier racing document","1"
"W02_WEAR_LIFE_GRIP","1966","1971","International rally — pre-WRC","Firestone","government technical report","1"
"W02_WEAR_LIFE_GRIP","2002","2010","Formula 1 — grooved-to-slick-return era","Dunlop","race report/result/stint evidence","1"
"W02_WEAR_LIFE_GRIP","1987","1991","IMSA GTP","Avon","government technical report","1"
"W02_WEAR_LIFE_GRIP","1972","1976","General Racing Tire","Michelin","race report/result/stint evidence","1"
"W02_WEAR_LIFE_GRIP","1950","1959","Touring / saloon racing — pre-1963","Goodyear","government technical report","1"
"W02_WEAR_LIFE_GRIP","1993","1996","Formula Ford — 1993-2010","Bridgestone/other","race report/result/stint evidence","1"
"W02_WEAR_LIFE_GRIP","1977","1981","Group 2 / ETCC — 1976-1981","Avon","government technical report","1"
"W02_WEAR_LIFE_GRIP","1960","1965","Japanese GT / touring — pre-JGTC","Michelin","race report/result/stint evidence","1"
"W02_WEAR_LIFE_GRIP","1997","1974","Can-Am — original","Goodyear","government technical report","1"
"W02_WEAR_LIFE_GRIP","1982","1986","IMSA GT — 1982-1993","Bridgestone/other","race report/result/stint evidence","1"
"W02_WEAR_LIFE_GRIP","2002","2009","FIA GT — 1997-2009","Firestone","race report/result/stint evidence","1"
"W02_WEAR_LIFE_GRIP","1987","1990","Formula 3 — 1987-1990","Dunlop","government technical report","1"
"W02_WEAR_LIFE_GRIP","1950","1959","Formula 1 — early World Championship","Michelin","period race report / technical feature","1"
"W02_WEAR_LIFE_GRIP","1993","1996","Le Mans Prototype transition","Goodyear","technical paper","1"
"W02_WEAR_LIFE_GRIP","1977","1981","General Racing Tire","Bridgestone/other","period race report / technical feature","1"
"W02_WEAR_LIFE_GRIP","1960","1962","Touring / saloon racing — pre-1963","Pirelli","technical paper","1"
"W02_WEAR_LIFE_GRIP","1997","2001","Historic Racing Reference","Firestone","period race report / technical feature","1"
"W02_WEAR_LIFE_GRIP","1982","1986","Group C","Dunlop","technical paper","1"
"W02_WEAR_LIFE_GRIP","1966","1971","Sports racing / prototypes — 1964-1971","Avon","period race report / technical feature","1"
"W02_WEAR_LIFE_GRIP","2002","1974","Can-Am — original","Michelin","technical paper","1"
"W02_WEAR_LIFE_GRIP","1987","1991","IMSA GT — 1982-1993","Goodyear","period race report / technical feature","1"
"W02_WEAR_LIFE_GRIP","1972","1976","Historic Racing Reference","Dunlop","technical paper","1"
"W02_WEAR_LIFE_GRIP","1950","1959","Sports racing / prototypes — 1950-1963","Avon","period race report / technical feature","1"
"W02_WEAR_LIFE_GRIP","1982","1986","General Tire Mechanics","Firestone","peer-reviewed paper","1"
"W02_WEAR_LIFE_GRIP","1966","1971","NASCAR stock car — 1950-1971","Dunlop","supplier racing document","1"
"W02_WEAR_LIFE_GRIP","2002","2010","Historic Racing Reference","Avon","peer-reviewed paper","1"
"W02_WEAR_LIFE_GRIP","1987","1991","Group C","Michelin","supplier racing document","1"
"W02_WEAR_LIFE_GRIP","1972","1976","Sports racing / prototypes — 1972-1981","Goodyear","peer-reviewed paper","1"
"W02_WEAR_LIFE_GRIP","1994","1996","GT2 / GTS — 1994-2004 sanction-specific","Pirelli","peer-reviewed paper","1"
"W02_WEAR_LIFE_GRIP","1987","1991","General Tire Mechanics","Avon","race report/result/stint evidence","1"
"W02_WEAR_LIFE_GRIP","1972","1976","NASCAR stock car — 1972-1991","Michelin","government technical report","1"
"W02_WEAR_LIFE_GRIP","1950","1959","Historic Racing Reference","Goodyear","race report/result/stint evidence","1"
"W02_WEAR_LIFE_GRIP","1992","1993","Group C","Bridgestone/other","government technical report","1"
"W02_WEAR_LIFE_GRIP","1977","1981","Sports racing / prototypes — 1972-1981","Pirelli","race report/result/stint evidence","1"
"W02_WEAR_LIFE_GRIP","1997","1999","JGTC — 1994-1999 (GT1/GT2 terminology)","Dunlop","race report/result/stint evidence","1"
"W02_WEAR_LIFE_GRIP","1987","1991","Group C","Bridgestone/other","technical paper","1"
"W02_WEAR_LIFE_GRIP","1972","1976","Formula 2 — 1972-1984","Pirelli","period race report / technical feature","1"
"W02_WEAR_LIFE_GRIP","1950","1959","Touring / saloon racing — pre-1963","Firestone","technical paper","1"
"W02_WEAR_LIFE_GRIP","1992","1996","General Tire Mechanics","Dunlop","period race report / technical feature","1"
"W02_WEAR_LIFE_GRIP","1977","1981","NASCAR stock car — 1972-1991","Avon","technical paper","1"
"W02_WEAR_LIFE_GRIP","1960","1965","Historic Racing Reference","Pirelli","period race report / technical feature","1"
"W02_WEAR_LIFE_GRIP","1997","2001","Trans-Am — 1982-2001","Firestone","technical paper","1"
"W02_WEAR_LIFE_GRIP","1982","1986","Formula Ford — 1982-1992","Dunlop","period race report / technical feature","1"
"W02_WEAR_LIFE_GRIP","1966","1969","Group 2 / ETCC — 1963-1969","Avon","technical paper","1"
"W02_WEAR_LIFE_GRIP","2005","2010","SUPER GT — 2005-2010","Michelin","period race report / technical feature","1"
"W02_WEAR_LIFE_GRIP","1987","1991","Historic Racing Reference","Goodyear","technical paper","1"
"W02_WEAR_LIFE_GRIP","1972","1976","IMSA GT — 1971-1981","Bridgestone/other","period race report / technical feature","1"
"W02_WEAR_LIFE_GRIP","1950","1955","AAA Championship Car / Indianapolis","Pirelli","technical paper","1"
"W02_WEAR_LIFE_GRIP","1994","1996","BPR Global GT","Firestone","supplier racing document","1"
"W02_WEAR_LIFE_GRIP","1977","1981","Formula 2 — 1972-1984","Dunlop","peer-reviewed paper","1"
"W02_WEAR_LIFE_GRIP","1963","1965","Group 2 / ETCC — 1963-1969","Avon","supplier racing document","1"
"W02_WEAR_LIFE_GRIP","1997","2001","Formula 1 — 1990s radial slick/grooved transition","Michelin","peer-reviewed paper","1"
"W02_WEAR_LIFE_GRIP","1982","1986","IMSA GTP","Goodyear","supplier racing document","1"
"W02_WEAR_LIFE_GRIP","1966","1971","General Racing Tire","Bridgestone/other","peer-reviewed paper","1"
"W02_WEAR_LIFE_GRIP","2002","1972","Trans-Am — 1966-1972","Pirelli","supplier racing document","1"
"W02_WEAR_LIFE_GRIP","1987","1991","Formula Ford — 1982-1992","Firestone","peer-reviewed paper","1"
"W02_WEAR_LIFE_GRIP","1972","1975","Group 2 / ETCC — 1970-1975","Dunlop","supplier racing document","1"
"W02_WEAR_LIFE_GRIP","1950","1959","Japanese GT / touring — pre-JGTC","Bridgestone/other","peer-reviewed paper","1"
"W02_WEAR_LIFE_GRIP","1992","1996","Historic Racing Reference","Pirelli","supplier racing document","1"
"W02_WEAR_LIFE_GRIP","1977","1981","IMSA GT — 1971-1981","Firestone","peer-reviewed paper","1"
"W02_WEAR_LIFE_GRIP","2002","2010","Formula 1 — grooved-to-slick-return era","Bridgestone/other","race report/result/stint evidence","1"
"W02_WEAR_LIFE_GRIP","1987","1991","IMSA GTP","Pirelli","government technical report","1"
"W02_WEAR_LIFE_GRIP","1972","1976","General Racing Tire","Firestone","race report/result/stint evidence","1"
"W02_WEAR_LIFE_GRIP","1950","1959","Touring / saloon racing — pre-1963","Dunlop","government technical report","1"
"W02_WEAR_LIFE_GRIP","1993","1996","Formula Ford — 1993-2010","Avon","race report/result/stint evidence","1"
"W02_WEAR_LIFE_GRIP","1977","1981","Group 2 / ETCC — 1976-1981","Michelin","government technical report","1"
"W02_WEAR_LIFE_GRIP","1960","1965","Japanese GT / touring — pre-JGTC","Goodyear","race report/result/stint evidence","1"
"W02_WEAR_LIFE_GRIP","1950","1959","Formula 1 — early World Championship","Firestone","period race report / technical feature","1"
"W02_WEAR_LIFE_GRIP","1993","1996","Le Mans Prototype transition","Dunlop","technical paper","1"
"W02_WEAR_LIFE_GRIP","1977","1981","General Racing Tire","Avon","period race report / technical feature","1"
"W02_WEAR_LIFE_GRIP","1960","1962","Touring / saloon racing — pre-1963","Michelin","technical paper","1"
"W02_WEAR_LIFE_GRIP","1997","2001","Historic Racing Reference","Goodyear","period race report / technical feature","1"
"W02_WEAR_LIFE_GRIP","1992","1996","Formula 3 — 1991-2010","Goodyear","peer-reviewed paper","1"
"W02_WEAR_LIFE_GRIP","1977","1981","Rallycross — 1967-1981","Bridgestone/other","supplier racing document","1"
"W02_WEAR_LIFE_GRIP","1960","1965","Formula 1 — early World Championship","Pirelli","peer-reviewed paper","1"
"W02_WEAR_LIFE_GRIP","2000","2001","DTM — silhouette era","Michelin","supplier racing document","1"
"W02_WEAR_LIFE_GRIP","1982","1986","General Tire Mechanics","Goodyear","peer-reviewed paper","1"
"W02_WEAR_LIFE_GRIP","1966","1971","NASCAR stock car — 1950-1971","Bridgestone/other","supplier racing document","1"
"W02_WEAR_LIFE_GRIP","2002","2010","Historic Racing Reference","Pirelli","peer-reviewed paper","1"
"W02_WEAR_LIFE_GRIP","1987","1991","Group C","Firestone","supplier racing document","1"
"W02_WEAR_LIFE_GRIP","1972","1976","Sports racing / prototypes — 1972-1981","Dunlop","peer-reviewed paper","1"
"W02_WEAR_LIFE_GRIP","1994","1996","GT2 / GTS — 1994-2004 sanction-specific","Michelin","peer-reviewed paper","1"
"W02_WEAR_LIFE_GRIP","1977","1981","Historic Racing Reference","Goodyear","supplier racing document","1"
"W02_WEAR_LIFE_GRIP","1997","2001","CART / Indy-car","Pirelli","race report/result/stint evidence","1"
"W02_WEAR_LIFE_GRIP","1982","1986","Group C","Firestone","government technical report","1"
"W02_WEAR_LIFE_GRIP","1967","1971","Formula 2 — 1967-1971","Dunlop","race report/result/stint evidence","1"
"W02_WEAR_LIFE_GRIP","2002","2010","DTM — silhouette era","Avon","government technical report","1"
"W02_WEAR_LIFE_GRIP","1987","1991","General Tire Mechanics","Michelin","race report/result/stint evidence","1"
"W02_WEAR_LIFE_GRIP","1972","1976","NASCAR stock car — 1972-1991","Goodyear","government technical report","1"
"W02_WEAR_LIFE_GRIP","1950","1959","Historic Racing Reference","Bridgestone/other","race report/result/stint evidence","1"
"W02_WEAR_LIFE_GRIP","1992","1993","Group C","Avon","government technical report","1"
"W02_WEAR_LIFE_GRIP","1977","1981","Sports racing / prototypes — 1972-1981","Michelin","race report/result/stint evidence","1"
"W02_WEAR_LIFE_GRIP","1997","1999","JGTC — 1994-1999 (GT1/GT2 terminology)","Bridgestone/other","race report/result/stint evidence","1"
"W02_WEAR_LIFE_GRIP","1982","1986","Historic Racing Reference","Pirelli","government technical report","1"
"W02_WEAR_LIFE_GRIP","1972","1976","Formula 2 — 1972-1984","Michelin","period race report / technical feature","1"
"W02_WEAR_LIFE_GRIP","1950","1959","Touring / saloon racing — pre-1963","Goodyear","technical paper","1"
"W02_WEAR_LIFE_GRIP","1992","1996","General Tire Mechanics","Bridgestone/other","period race report / technical feature","1"
"W02_WEAR_LIFE_GRIP","1977","1981","NASCAR stock car — 1972-1991","Pirelli","technical paper","1"
"W02_WEAR_LIFE_GRIP","1960","1965","Historic Racing Reference","Firestone","period race report / technical feature","1"
"W02_WEAR_LIFE_GRIP","1997","2001","Trans-Am — 1982-2001","Dunlop","technical paper","1"
"W02_WEAR_LIFE_GRIP","1982","1986","Formula Ford — 1982-1992","Avon","period race report / technical feature","1"
"W02_WEAR_LIFE_GRIP","1977","1981","Formula 2 — 1972-1984","Bridgestone/other","peer-reviewed paper","1"
"W02_WEAR_LIFE_GRIP","1963","1965","Group 2 / ETCC — 1963-1969","Pirelli","supplier racing document","1"
"W02_WEAR_LIFE_GRIP","1997","2001","Formula 1 — 1990s radial slick/grooved transition","Firestone","peer-reviewed paper","1"
"W02_WEAR_LIFE_GRIP","1982","1986","IMSA GTP","Dunlop","supplier racing document","1"
"W02_WEAR_LIFE_GRIP","1966","1971","General Racing Tire","Avon","peer-reviewed paper","1"
"W02_WEAR_LIFE_GRIP","2002","1972","Trans-Am — 1966-1972","Michelin","supplier racing document","1"
"W02_WEAR_LIFE_GRIP","1987","1991","Formula Ford — 1982-1992","Goodyear","peer-reviewed paper","1"
"W02_WEAR_LIFE_GRIP","1960","1965","USAC Championship Car / Indianapolis","Avon","race report/result/stint evidence","1"
"W02_WEAR_LIFE_GRIP","1997","2001","FIA GT — 1997-2009","Michelin","government technical report","1"
"W02_WEAR_LIFE_GRIP","1982","1986","Formula 3 — 1974-1986","Firestone","race report/result/stint evidence","1"
"W02_WEAR_LIFE_GRIP","1966","1971","International rally — pre-WRC","Dunlop","government technical report","1"
"W02_WEAR_LIFE_GRIP","2002","2010","Formula 1 — grooved-to-slick-return era","Avon","race report/result/stint evidence","1"
"W02_WEAR_LIFE_GRIP","1987","1991","IMSA GTP","Michelin","government technical report","1"
"W02_WEAR_LIFE_GRIP","1972","1976","General Racing Tire","Goodyear","race report/result/stint evidence","1"
"W02_WEAR_LIFE_GRIP","1950","1959","Touring / saloon racing — pre-1963","Bridgestone/other","government technical report","1"
"W02_WEAR_LIFE_GRIP","1993","1996","Formula Ford — 1993-2010","Pirelli","race report/result/stint evidence","1"
"W02_WEAR_LIFE_GRIP","1977","1981","Group 2 / ETCC — 1976-1981","Firestone","government technical report","1"
"W02_WEAR_LIFE_GRIP","1960","1965","Japanese GT / touring — pre-JGTC","Dunlop","race report/result/stint evidence","1"
"W02_WEAR_LIFE_GRIP","1982","1986","IMSA GT — 1982-1993","Michelin","technical paper","1"
"W02_WEAR_LIFE_GRIP","2002","2009","FIA GT — 1997-2009","Bridgestone/other","technical paper","1"
"W02_WEAR_LIFE_GRIP","1987","1990","Formula 3 — 1987-1990","Pirelli","period race report / technical feature","1"
"W02_WEAR_LIFE_GRIP","1972","1976","Rallycross — 1967-1981","Firestone","technical paper","1"
"W02_WEAR_LIFE_GRIP","1950","1959","Formula 1 — early World Championship","Dunlop","period race report / technical feature","1"
"W02_WEAR_LIFE_GRIP","1993","1996","Le Mans Prototype transition","Avon","technical paper","1"
"W02_WEAR_LIFE_GRIP","1977","1981","General Racing Tire","Pirelli","period race report / technical feature","1"
"W02_WEAR_LIFE_GRIP","1960","1962","Touring / saloon racing — pre-1963","Firestone","technical paper","1"
"W02_WEAR_LIFE_GRIP","1997","2001","Historic Racing Reference","Dunlop","period race report / technical feature","1"
"W02_WEAR_LIFE_GRIP","1982","1986","Group C","Avon","technical paper","1"
"W02_WEAR_LIFE_GRIP","2002","1974","Can-Am — original","Goodyear","technical paper","1"
"W02_WEAR_LIFE_GRIP","1992","1996","Formula 3 — 1991-2010","Dunlop","peer-reviewed paper","1"
"W02_WEAR_LIFE_GRIP","1977","1981","Rallycross — 1967-1981","Avon","supplier racing document","1"
"W02_WEAR_LIFE_GRIP","1960","1965","Formula 1 — early World Championship","Michelin","peer-reviewed paper","1"
"W02_WEAR_LIFE_GRIP","2000","2001","DTM — silhouette era","Goodyear","supplier racing document","1"
"W02_WEAR_LIFE_GRIP","1982","1986","General Tire Mechanics","Bridgestone/other","peer-reviewed paper","1"
"W02_WEAR_LIFE_GRIP","1966","1971","NASCAR stock car — 1950-1971","Pirelli","supplier racing document","1"
"W02_WEAR_LIFE_GRIP","2002","2010","Historic Racing Reference","Firestone","peer-reviewed paper","1"
"W02_WEAR_LIFE_GRIP","1972","1976","Sports racing / prototypes — 1972-1981","Bridgestone/other","peer-reviewed paper","1"
"W02_WEAR_LIFE_GRIP","1997","2001","CART / Indy-car","Michelin","race report/result/stint evidence","1"
"W02_WEAR_LIFE_GRIP","1967","1971","Formula 2 — 1967-1971","Bridgestone/other","race report/result/stint evidence","1"
"W02_WEAR_LIFE_GRIP","2002","2010","DTM — silhouette era","Pirelli","government technical report","1"
"W02_WEAR_LIFE_GRIP","1987","1991","General Tire Mechanics","Firestone","race report/result/stint evidence","1"
"W02_WEAR_LIFE_GRIP","1972","1976","NASCAR stock car — 1972-1991","Dunlop","government technical report","1"
"W02_WEAR_LIFE_GRIP","1950","1959","Historic Racing Reference","Avon","race report/result/stint evidence","1"
"W02_WEAR_LIFE_GRIP","1982","1986","Historic Racing Reference","Firestone","period race report / technical feature","1"
"W02_WEAR_LIFE_GRIP","2002","2003","CART / Indy-car","Bridgestone/other","period race report / technical feature","1"
"W02_WEAR_LIFE_GRIP","1987","1991","Group C","Pirelli","technical paper","1"
"W02_WEAR_LIFE_GRIP","1972","1976","Formula 2 — 1972-1984","Firestone","period race report / technical feature","1"
"W02_WEAR_LIFE_GRIP","1950","1959","Touring / saloon racing — pre-1963","Dunlop","technical paper","1"
"W02_WEAR_LIFE_GRIP","1992","1996","General Tire Mechanics","Avon","period race report / technical feature","1"
"W02_WEAR_LIFE_GRIP","1977","1981","NASCAR stock car — 1972-1991","Michelin","technical paper","1"
"W02_WEAR_LIFE_GRIP","1960","1965","Historic Racing Reference","Goodyear","period race report / technical feature","1"
"W02_WEAR_LIFE_GRIP","1997","2001","Trans-Am — 1982-2001","Bridgestone/other","technical paper","1"
"W02_WEAR_LIFE_GRIP","2005","2010","SUPER GT — 2005-2010","Dunlop","supplier racing document","1"
"W02_WEAR_LIFE_GRIP","1987","1991","Historic Racing Reference","Avon","peer-reviewed paper","1"
"W02_WEAR_LIFE_GRIP","1972","1976","IMSA GT — 1971-1981","Michelin","supplier racing document","1"
"W02_WEAR_LIFE_GRIP","1950","1955","AAA Championship Car / Indianapolis","Goodyear","peer-reviewed paper","1"
"W02_WEAR_LIFE_GRIP","1994","1996","BPR Global GT","Bridgestone/other","supplier racing document","1"
"W02_WEAR_LIFE_GRIP","1977","1981","Formula 2 — 1972-1984","Pirelli","peer-reviewed paper","1"
"W02_WEAR_LIFE_GRIP","1963","1965","Group 2 / ETCC — 1963-1969","Michelin","supplier racing document","1"
"W02_WEAR_LIFE_GRIP","1997","2001","Formula 1 — 1990s radial slick/grooved transition","Goodyear","peer-reviewed paper","1"
"W02_WEAR_LIFE_GRIP","1982","1986","IMSA GTP","Bridgestone/other","supplier racing document","1"
"W02_WEAR_LIFE_GRIP","1966","1971","General Racing Tire","Pirelli","peer-reviewed paper","1"
"W02_WEAR_LIFE_GRIP","2002","1972","Trans-Am — 1966-1972","Firestone","supplier racing document","1"
"W02_WEAR_LIFE_GRIP","1987","1991","Formula Ford — 1982-1992","Dunlop","peer-reviewed paper","1"
"W02_WEAR_LIFE_GRIP","1972","1975","Group 2 / ETCC — 1970-1975","Avon","supplier racing document","1"
"W02_WEAR_LIFE_GRIP","1992","1996","Historic Racing Reference","Goodyear","race report/result/stint evidence","1"
"W02_WEAR_LIFE_GRIP","1977","1981","IMSA GT — 1971-1981","Bridgestone/other","government technical report","1"
"W02_WEAR_LIFE_GRIP","1960","1965","USAC Championship Car / Indianapolis","Pirelli","race report/result/stint evidence","1"
"W02_WEAR_LIFE_GRIP","1997","2001","FIA GT — 1997-2009","Firestone","government technical report","1"
"W02_WEAR_LIFE_GRIP","1982","1986","Formula 3 — 1974-1986","Dunlop","race report/result/stint evidence","1"
"W02_WEAR_LIFE_GRIP","1966","1971","International rally — pre-WRC","Avon","government technical report","1"
"W02_WEAR_LIFE_GRIP","2002","2010","Formula 1 — grooved-to-slick-return era","Michelin","race report/result/stint evidence","1"
"W02_WEAR_LIFE_GRIP","1987","1991","IMSA GTP","Goodyear","government technical report","1"
"W02_WEAR_LIFE_GRIP","1972","1976","General Racing Tire","Bridgestone/other","race report/result/stint evidence","1"
"W02_WEAR_LIFE_GRIP","1950","1959","Touring / saloon racing — pre-1963","Avon","government technical report","1"
"W02_WEAR_LIFE_GRIP","1993","1996","Formula Ford — 1993-2010","Michelin","race report/result/stint evidence","1"
"W02_WEAR_LIFE_GRIP","2002","2009","FIA GT — 1997-2009","Avon","technical paper","1"
"W02_WEAR_LIFE_GRIP","1987","1990","Formula 3 — 1987-1990","Michelin","period race report / technical feature","1"
"W02_WEAR_LIFE_GRIP","1972","1976","Rallycross — 1967-1981","Goodyear","technical paper","1"
"W02_WEAR_LIFE_GRIP","1950","1959","Formula 1 — early World Championship","Bridgestone/other","period race report / technical feature","1"
"W02_WEAR_LIFE_GRIP","1993","1996","Le Mans Prototype transition","Pirelli","technical paper","1"
"W02_WEAR_LIFE_GRIP","1977","1981","General Racing Tire","Firestone","period race report / technical feature","1"
"W02_WEAR_LIFE_GRIP","1972","1976","Historic Racing Reference","Michelin","peer-reviewed paper","1"
"W02_WEAR_LIFE_GRIP","1950","1959","Sports racing / prototypes — 1950-1963","Goodyear","supplier racing document","1"
"W02_WEAR_LIFE_GRIP","1992","1996","Formula 3 — 1991-2010","Bridgestone/other","peer-reviewed paper","1"
"W02_WEAR_LIFE_GRIP","1977","1981","Rallycross — 1967-1981","Pirelli","supplier racing document","1"
"W02_WEAR_LIFE_GRIP","1960","1965","Formula 1 — early World Championship","Firestone","peer-reviewed paper","1"
"W02_WEAR_LIFE_GRIP","2000","2001","DTM — silhouette era","Dunlop","supplier racing document","1"
"W02_WEAR_LIFE_GRIP","1982","1986","General Tire Mechanics","Avon","peer-reviewed paper","1"
"W02_WEAR_LIFE_GRIP","1972","1976","Sports racing / prototypes — 1972-1981","Pirelli","government technical report","1"
"W02_WEAR_LIFE_GRIP","1950","1959","Sports racing / prototypes — 1950-1963","Firestone","race report/result/stint evidence","1"
"W02_WEAR_LIFE_GRIP","1994","1996","GT2 / GTS — 1994-2004 sanction-specific","Dunlop","government technical report","1"
"W02_WEAR_LIFE_GRIP","1977","1981","Historic Racing Reference","Avon","race report/result/stint evidence","1"
"W02_WEAR_LIFE_GRIP","1997","2001","CART / Indy-car","Firestone","race report/result/stint evidence","1"
"W02_WEAR_LIFE_GRIP","1982","1986","Group C","Dunlop","government technical report","1"
"W02_WEAR_LIFE_GRIP","1967","1971","Formula 2 — 1967-1971","Avon","race report/result/stint evidence","1"
"W02_WEAR_LIFE_GRIP","2002","2010","DTM — silhouette era","Michelin","government technical report","1"
"W02_WEAR_LIFE_GRIP","1987","1991","General Tire Mechanics","Goodyear","race report/result/stint evidence","1"
"W02_WEAR_LIFE_GRIP","1972","1976","NASCAR stock car — 1972-1991","Bridgestone/other","government technical report","1"
"W02_WEAR_LIFE_GRIP","1950","1959","Historic Racing Reference","Pirelli","race report/result/stint evidence","1"
"W02_WEAR_LIFE_GRIP","1992","1993","Group C","Firestone","government technical report","1"
"W02_WEAR_LIFE_GRIP","1977","1981","Sports racing / prototypes — 1972-1981","Dunlop","technical paper","1"
"W02_WEAR_LIFE_GRIP","1960","1963","Sports racing / prototypes — 1950-1963","Avon","period race report / technical feature","1"
"W02_WEAR_LIFE_GRIP","1997","1999","JGTC — 1994-1999 (GT1/GT2 terminology)","Michelin","technical paper","1"
"W02_WEAR_LIFE_GRIP","1982","1986","Historic Racing Reference","Goodyear","period race report / technical feature","1"
"W02_WEAR_LIFE_GRIP","1966","1970","US GT / sports racing — pre-IMSA GT","Bridgestone/other","technical paper","1"
"W02_WEAR_LIFE_GRIP","2002","2003","CART / Indy-car","Pirelli","period race report / technical feature","1"
"W02_WEAR_LIFE_GRIP","1987","1991","Group C","Firestone","technical paper","1"
"W02_WEAR_LIFE_GRIP","1972","1976","Formula 2 — 1972-1984","Dunlop","period race report / technical feature","1"
"W02_WEAR_LIFE_GRIP","1950","1959","Touring / saloon racing — pre-1963","Avon","technical paper","1"
"W02_WEAR_LIFE_GRIP","1992","1996","General Tire Mechanics","Pirelli","period race report / technical feature","1"
"W02_WEAR_LIFE_GRIP","1977","1981","NASCAR stock car — 1972-1991","Firestone","technical paper","1"
"W02_WEAR_LIFE_GRIP","1960","1965","Historic Racing Reference","Dunlop","period race report / technical feature","1"
"W02_WEAR_LIFE_GRIP","1987","1991","Historic Racing Reference","Pirelli","peer-reviewed paper","1"
"W02_WEAR_LIFE_GRIP","1972","1976","IMSA GT — 1971-1981","Firestone","supplier racing document","1"
"W02_WEAR_LIFE_GRIP","1950","1955","AAA Championship Car / Indianapolis","Dunlop","peer-reviewed paper","1"
"W02_WEAR_LIFE_GRIP","1994","1996","BPR Global GT","Avon","supplier racing document","1"
"W02_WEAR_LIFE_GRIP","1977","1981","Formula 2 — 1972-1984","Michelin","peer-reviewed paper","1"
"W02_WEAR_LIFE_GRIP","1963","1965","Group 2 / ETCC — 1963-1969","Goodyear","supplier racing document","1"
"W02_WEAR_LIFE_GRIP","1997","2001","Formula 1 — 1990s radial slick/grooved transition","Bridgestone/other","peer-reviewed paper","1"
"W02_WEAR_LIFE_GRIP","1992","1996","Historic Racing Reference","Dunlop","race report/result/stint evidence","1"
"W02_WEAR_LIFE_GRIP","1977","1981","IMSA GT — 1971-1981","Avon","government technical report","1"
"W02_WEAR_LIFE_GRIP","1960","1965","USAC Championship Car / Indianapolis","Michelin","race report/result/stint evidence","1"
"W02_WEAR_LIFE_GRIP","1997","2001","FIA GT — 1997-2009","Goodyear","government technical report","1"
"W02_WEAR_LIFE_GRIP","1982","1986","Formula 3 — 1974-1986","Bridgestone/other","race report/result/stint evidence","1"
"W02_WEAR_LIFE_GRIP","1966","1971","International rally — pre-WRC","Pirelli","government technical report","1"
"W02_WEAR_LIFE_GRIP","2002","2010","Formula 1 — grooved-to-slick-return era","Firestone","race report/result/stint evidence","1"
"W02_WEAR_LIFE_GRIP","1977","1981","Group 2 / ETCC — 1976-1981","Bridgestone/other","period race report / technical feature","1"
"W02_WEAR_LIFE_GRIP","1960","1965","Japanese GT / touring — pre-JGTC","Pirelli","technical paper","1"
"W02_WEAR_LIFE_GRIP","1997","1974","Can-Am — original","Firestone","period race report / technical feature","1"
"W02_WEAR_LIFE_GRIP","1982","1986","IMSA GT — 1982-1993","Goodyear","technical paper","1"
"W02_WEAR_LIFE_GRIP","1966","1971","Sports racing / prototypes — 1964-1971","Bridgestone/other","period race report / technical feature","1"
"W02_WEAR_LIFE_GRIP","2002","2009","FIA GT — 1997-2009","Pirelli","technical paper","1"
"W02_WEAR_LIFE_GRIP","1987","1990","Formula 3 — 1987-1990","Firestone","period race report / technical feature","1"
"W02_WEAR_LIFE_GRIP","1972","1976","Rallycross — 1967-1981","Dunlop","technical paper","1"
"W02_WEAR_LIFE_GRIP","1950","1959","Formula 1 — early World Championship","Avon","period race report / technical feature","1"
"W02_WEAR_LIFE_GRIP","1993","1996","Le Mans Prototype transition","Michelin","technical paper","1"
"W02_WEAR_LIFE_GRIP","1977","1981","General Racing Tire","Goodyear","period race report / technical feature","1"
"W02_WEAR_LIFE_GRIP","1960","1962","Touring / saloon racing — pre-1963","Bridgestone/other","technical paper","1"
"W02_WEAR_LIFE_GRIP","1997","2001","Historic Racing Reference","Pirelli","supplier racing document","1"
"W02_WEAR_LIFE_GRIP","2002","1974","Can-Am — original","Avon","peer-reviewed paper","1"
"W02_WEAR_LIFE_GRIP","1987","1991","IMSA GT — 1982-1993","Michelin","supplier racing document","1"
"W02_WEAR_LIFE_GRIP","1972","1976","Historic Racing Reference","Goodyear","peer-reviewed paper","1"
"W02_WEAR_LIFE_GRIP","1992","1996","Formula 3 — 1991-2010","Pirelli","peer-reviewed paper","1"
"W02_WEAR_LIFE_GRIP","1977","1981","Rallycross — 1967-1981","Michelin","supplier racing document","1"
"W02_WEAR_LIFE_GRIP","1960","1965","Formula 1 — early World Championship","Goodyear","peer-reviewed paper","1"
"W02_WEAR_LIFE_GRIP","2000","2001","DTM — silhouette era","Bridgestone/other","supplier racing document","1"
"W02_WEAR_LIFE_GRIP","1982","1986","General Tire Mechanics","Pirelli","peer-reviewed paper","1"
"W02_WEAR_LIFE_GRIP","1966","1971","NASCAR stock car — 1950-1971","Firestone","supplier racing document","1"
"W02_WEAR_LIFE_GRIP","1994","1996","GT2 / GTS — 1994-2004 sanction-specific","Bridgestone/other","government technical report","1"
"W02_WEAR_LIFE_GRIP","1977","1981","Historic Racing Reference","Pirelli","race report/result/stint evidence","1"
"W02_WEAR_LIFE_GRIP","1997","2001","CART / Indy-car","Dunlop","race report/result/stint evidence","1"
"W02_WEAR_LIFE_GRIP","1982","1986","Group C","Avon","government technical report","1"
"W02_WEAR_LIFE_GRIP","1967","1971","Formula 2 — 1967-1971","Michelin","race report/result/stint evidence","1"
"W02_WEAR_LIFE_GRIP","1997","1999","JGTC — 1994-1999 (GT1/GT2 terminology)","Firestone","technical paper","1"
"W02_WEAR_LIFE_GRIP","1982","1986","Historic Racing Reference","Dunlop","period race report / technical feature","1"
"W02_WEAR_LIFE_GRIP","1966","1970","US GT / sports racing — pre-IMSA GT","Avon","technical paper","1"
"W02_WEAR_LIFE_GRIP","2002","2003","CART / Indy-car","Michelin","period race report / technical feature","1"
"W02_WEAR_LIFE_GRIP","1987","1991","Group C","Goodyear","technical paper","1"
"W02_WEAR_LIFE_GRIP","1972","1976","Formula 2 — 1972-1984","Bridgestone/other","period race report / technical feature","1"
"W02_WEAR_LIFE_GRIP","1960","1965","Historic Racing Reference","Avon","supplier racing document","1"
"W02_WEAR_LIFE_GRIP","1997","2001","Trans-Am — 1982-2001","Michelin","peer-reviewed paper","1"
"W02_WEAR_LIFE_GRIP","1982","1986","Formula Ford — 1982-1992","Goodyear","supplier racing document","1"
"W02_WEAR_LIFE_GRIP","1966","1969","Group 2 / ETCC — 1963-1969","Dunlop","peer-reviewed paper","1"
"W02_WEAR_LIFE_GRIP","2005","2010","SUPER GT — 2005-2010","Avon","supplier racing document","1"
"W02_WEAR_LIFE_GRIP","1987","1991","Historic Racing Reference","Michelin","peer-reviewed paper","1"
"W02_WEAR_LIFE_GRIP","1972","1976","IMSA GT — 1971-1981","Goodyear","supplier racing document","1"
"W02_WEAR_LIFE_GRIP","1950","1955","AAA Championship Car / Indianapolis","Bridgestone/other","peer-reviewed paper","1"
"W02_WEAR_LIFE_GRIP","1994","1996","BPR Global GT","Pirelli","supplier racing document","1"
"W02_WEAR_LIFE_GRIP","1977","1981","Formula 2 — 1972-1984","Firestone","peer-reviewed paper","1"
"W02_WEAR_LIFE_GRIP","1963","1965","Group 2 / ETCC — 1963-1969","Dunlop","supplier racing document","1"
"W02_WEAR_LIFE_GRIP","1997","2001","Formula 1 — 1990s radial slick/grooved transition","Avon","peer-reviewed paper","1"
"W02_WEAR_LIFE_GRIP","1966","1971","General Racing Tire","Goodyear","government technical report","1"
"W02_WEAR_LIFE_GRIP","2002","1972","Trans-Am — 1966-1972","Bridgestone/other","race report/result/stint evidence","1"
"W02_WEAR_LIFE_GRIP","1987","1991","Formula Ford — 1982-1992","Pirelli","government technical report","1"
"W02_WEAR_LIFE_GRIP","1972","1975","Group 2 / ETCC — 1970-1975","Firestone","race report/result/stint evidence","1"
"W02_WEAR_LIFE_GRIP","1950","1959","Japanese GT / touring — pre-JGTC","Dunlop","government technical report","1"
"W02_WEAR_LIFE_GRIP","1992","1996","Historic Racing Reference","Avon","race report/result/stint evidence","1"
"W02_WEAR_LIFE_GRIP","1977","1981","IMSA GT — 1971-1981","Michelin","government technical report","1"
"W02_WEAR_LIFE_GRIP","1960","1965","USAC Championship Car / Indianapolis","Firestone","race report/result/stint evidence","1"
"W02_WEAR_LIFE_GRIP","1997","2001","FIA GT — 1997-2009","Dunlop","government technical report","1"
"W02_WEAR_LIFE_GRIP","1982","1986","Formula 3 — 1974-1986","Avon","race report/result/stint evidence","1"
"W02_WEAR_LIFE_GRIP","1966","1971","International rally — pre-WRC","Michelin","government technical report","1"
"W02_WEAR_LIFE_GRIP","2002","2010","Formula 1 — grooved-to-slick-return era","Goodyear","race report/result/stint evidence","1"
"W02_WEAR_LIFE_GRIP","1987","1991","IMSA GTP","Bridgestone/other","government technical report","1"
"W02_WEAR_LIFE_GRIP","1993","1996","Formula Ford — 1993-2010","Dunlop","technical paper","1"
"W02_WEAR_LIFE_GRIP","1977","1981","Group 2 / ETCC — 1976-1981","Avon","period race report / technical feature","1"
"W02_WEAR_LIFE_GRIP","1960","1965","Japanese GT / touring — pre-JGTC","Michelin","technical paper","1"
"W02_WEAR_LIFE_GRIP","1997","1974","Can-Am — original","Goodyear","period race report / technical feature","1"
"W02_WEAR_LIFE_GRIP","1982","1986","IMSA GT — 1982-1993","Bridgestone/other","technical paper","1"
"W02_WEAR_LIFE_GRIP","2002","2009","FIA GT — 1997-2009","Firestone","technical paper","1"
"W02_WEAR_LIFE_GRIP","1987","1990","Formula 3 — 1987-1990","Dunlop","period race report / technical feature","1"
"W02_WEAR_LIFE_GRIP","1950","1959","Formula 1 — early World Championship","Pirelli","period race report / technical feature","1"
"W02_WEAR_LIFE_GRIP","1982","1986","Group C","Goodyear","peer-reviewed paper","1"
"W02_WEAR_LIFE_GRIP","2002","1974","Can-Am — original","Pirelli","peer-reviewed paper","1"
"W02_WEAR_LIFE_GRIP","1987","1991","IMSA GT — 1982-1993","Firestone","supplier racing document","1"
"W02_WEAR_LIFE_GRIP","1972","1976","Historic Racing Reference","Dunlop","peer-reviewed paper","1"
"W02_WEAR_LIFE_GRIP","1992","1996","Formula 3 — 1991-2010","Michelin","peer-reviewed paper","1"
"W02_WEAR_LIFE_GRIP","1982","1986","General Tire Mechanics","Firestone","government technical report","1"
"W02_WEAR_LIFE_GRIP","1966","1971","NASCAR stock car — 1950-1971","Dunlop","race report/result/stint evidence","1"
"W02_WEAR_LIFE_GRIP","2002","2010","Historic Racing Reference","Bridgestone/other","government technical report","1"
"W02_WEAR_LIFE_GRIP","1972","1976","Sports racing / prototypes — 1972-1981","Firestone","government technical report","1"
"W02_WEAR_LIFE_GRIP","1994","1996","GT2 / GTS — 1994-2004 sanction-specific","Avon","government technical report","1"
"W02_WEAR_LIFE_GRIP","1977","1981","Historic Racing Reference","Michelin","race report/result/stint evidence","1"
"W02_WEAR_LIFE_GRIP","1997","2001","CART / Indy-car","Bridgestone/other","race report/result/stint evidence","1"
"W02_WEAR_LIFE_GRIP","1982","1986","Group C","Pirelli","government technical report","1"
"W02_WEAR_LIFE_GRIP","1987","1991","General Tire Mechanics","Avon","technical paper","1"
"W02_WEAR_LIFE_GRIP","1972","1976","NASCAR stock car — 1972-1991","Michelin","period race report / technical feature","1"
"W02_WEAR_LIFE_GRIP","1950","1959","Historic Racing Reference","Goodyear","technical paper","1"
"W02_WEAR_LIFE_GRIP","1992","1993","Group C","Bridgestone/other","period race report / technical feature","1"
"W02_WEAR_LIFE_GRIP","1977","1981","Sports racing / prototypes — 1972-1981","Pirelli","technical paper","1"
"W02_WEAR_LIFE_GRIP","1960","1963","Sports racing / prototypes — 1950-1963","Firestone","period race report / technical feature","1"
"W02_WEAR_LIFE_GRIP","1997","1999","JGTC — 1994-1999 (GT1/GT2 terminology)","Goodyear","technical paper","1"
"W02_WEAR_LIFE_GRIP","1982","1986","Historic Racing Reference","Bridgestone/other","period race report / technical feature","1"
"W02_WEAR_LIFE_GRIP","1966","1970","US GT / sports racing — pre-IMSA GT","Pirelli","technical paper","1"
"W02_WEAR_LIFE_GRIP","2002","2003","CART / Indy-car","Firestone","period race report / technical feature","1"
"W02_WEAR_LIFE_GRIP","1987","1991","Group C","Dunlop","technical paper","1"
"W02_WEAR_LIFE_GRIP","1972","1976","Formula 2 — 1972-1984","Avon","period race report / technical feature","1"
"W02_WEAR_LIFE_GRIP","1950","1959","Touring / saloon racing — pre-1963","Michelin","technical paper","1"
"W02_WEAR_LIFE_GRIP","1992","1996","General Tire Mechanics","Goodyear","supplier racing document","1"
"W02_WEAR_LIFE_GRIP","1977","1981","NASCAR stock car — 1972-1991","Bridgestone/other","peer-reviewed paper","1"
"W02_WEAR_LIFE_GRIP","1960","1965","Historic Racing Reference","Pirelli","supplier racing document","1"
"W02_WEAR_LIFE_GRIP","1997","2001","Trans-Am — 1982-2001","Firestone","peer-reviewed paper","1"
"W02_WEAR_LIFE_GRIP","1982","1986","Formula Ford — 1982-1992","Dunlop","supplier racing document","1"
"W02_WEAR_LIFE_GRIP","1966","1969","Group 2 / ETCC — 1963-1969","Avon","peer-reviewed paper","1"
"W02_WEAR_LIFE_GRIP","2005","2010","SUPER GT — 2005-2010","Michelin","supplier racing document","1"
"W02_WEAR_LIFE_GRIP","1987","1991","Historic Racing Reference","Goodyear","peer-reviewed paper","1"
"W02_WEAR_LIFE_GRIP","1972","1976","IMSA GT — 1971-1981","Bridgestone/other","supplier racing document","1"
"W02_WEAR_LIFE_GRIP","1950","1955","AAA Championship Car / Indianapolis","Pirelli","peer-reviewed paper","1"
"W02_WEAR_LIFE_GRIP","1994","1996","BPR Global GT","Michelin","supplier racing document","1"
"W02_WEAR_LIFE_GRIP","1977","1981","Formula 2 — 1972-1984","Goodyear","peer-reviewed paper","1"
"W02_WEAR_LIFE_GRIP","1997","2001","Formula 1 — 1990s radial slick/grooved transition","Pirelli","government technical report","1"
"W02_WEAR_LIFE_GRIP","1982","1986","IMSA GTP","Firestone","race report/result/stint evidence","1"
"W02_WEAR_LIFE_GRIP","1966","1971","General Racing Tire","Dunlop","government technical report","1"
"W02_WEAR_LIFE_GRIP","2002","1972","Trans-Am — 1966-1972","Avon","race report/result/stint evidence","1"
"W02_WEAR_LIFE_GRIP","1987","1991","Formula Ford — 1982-1992","Michelin","government technical report","1"
"W02_WEAR_LIFE_GRIP","1972","1975","Group 2 / ETCC — 1970-1975","Goodyear","race report/result/stint evidence","1"
"W02_WEAR_LIFE_GRIP","1950","1959","Japanese GT / touring — pre-JGTC","Bridgestone/other","government technical report","1"
"W02_WEAR_LIFE_GRIP","1992","1996","Historic Racing Reference","Pirelli","race report/result/stint evidence","1"
"W02_WEAR_LIFE_GRIP","1977","1981","IMSA GT — 1971-1981","Firestone","government technical report","1"
"W02_WEAR_LIFE_GRIP","1960","1965","USAC Championship Car / Indianapolis","Dunlop","race report/result/stint evidence","1"
"W02_WEAR_LIFE_GRIP","2002","2010","Formula 1 — grooved-to-slick-return era","Bridgestone/other","technical paper","1"
"W02_WEAR_LIFE_GRIP","1987","1991","IMSA GTP","Avon","period race report / technical feature","1"
"W02_WEAR_LIFE_GRIP","1972","1976","General Racing Tire","Michelin","technical paper","1"
"W02_WEAR_LIFE_GRIP","1950","1959","Touring / saloon racing — pre-1963","Goodyear","period race report / technical feature","1"
"W02_WEAR_LIFE_GRIP","1993","1996","Formula Ford — 1993-2010","Bridgestone/other","technical paper","1"
"W02_WEAR_LIFE_GRIP","1977","1981","Group 2 / ETCC — 1976-1981","Pirelli","period race report / technical feature","1"
"W02_WEAR_LIFE_GRIP","1960","1965","Japanese GT / touring — pre-JGTC","Firestone","technical paper","1"
"W02_WEAR_LIFE_GRIP","1997","1974","Can-Am — original","Dunlop","period race report / technical feature","1"
"W02_WEAR_LIFE_GRIP","1982","1986","IMSA GT — 1982-1993","Avon","technical paper","1"
"W02_WEAR_LIFE_GRIP","1950","1959","Formula 1 — early World Championship","Firestone","supplier racing document","1"
"W02_WEAR_LIFE_GRIP","1993","1996","Le Mans Prototype transition","Dunlop","peer-reviewed paper","1"
"W02_WEAR_LIFE_GRIP","1977","1981","General Racing Tire","Avon","supplier racing document","1"
"W02_WEAR_LIFE_GRIP","1960","1962","Touring / saloon racing — pre-1963","Michelin","peer-reviewed paper","1"
"W02_WEAR_LIFE_GRIP","1997","2001","Historic Racing Reference","Goodyear","supplier racing document","1"
"W02_WEAR_LIFE_GRIP","2002","1974","Can-Am — original","Michelin","peer-reviewed paper","1"
"W02_WEAR_LIFE_GRIP","1987","1991","IMSA GT — 1982-1993","Goodyear","supplier racing document","1"
"W02_WEAR_LIFE_GRIP","1972","1976","Historic Racing Reference","Bridgestone/other","peer-reviewed paper","1"
"W02_WEAR_LIFE_GRIP","1992","1996","Formula 3 — 1991-2010","Firestone","peer-reviewed paper","1"
"W02_WEAR_LIFE_GRIP","1977","1981","Rallycross — 1967-1981","Dunlop","supplier racing document","1"
"W02_WEAR_LIFE_GRIP","1960","1965","Formula 1 — early World Championship","Avon","government technical report","1"
"W02_WEAR_LIFE_GRIP","2000","2001","DTM — silhouette era","Michelin","race report/result/stint evidence","1"
"W02_WEAR_LIFE_GRIP","1982","1986","General Tire Mechanics","Goodyear","government technical report","1"
"W02_WEAR_LIFE_GRIP","1966","1971","NASCAR stock car — 1950-1971","Bridgestone/other","race report/result/stint evidence","1"
"W02_WEAR_LIFE_GRIP","2002","2010","Historic Racing Reference","Pirelli","government technical report","1"
"W02_WEAR_LIFE_GRIP","1972","1976","Sports racing / prototypes — 1972-1981","Dunlop","government technical report","1"
"W02_WEAR_LIFE_GRIP","1950","1959","Sports racing / prototypes — 1950-1963","Avon","race report/result/stint evidence","1"
"W02_WEAR_LIFE_GRIP","1994","1996","GT2 / GTS — 1994-2004 sanction-specific","Michelin","government technical report","1"
"W02_WEAR_LIFE_GRIP","1977","1981","Historic Racing Reference","Firestone","race report/result/stint evidence","1"
"W02_WEAR_LIFE_GRIP","1997","2001","CART / Indy-car","Avon","race report/result/stint evidence","1"
"W02_WEAR_LIFE_GRIP","1967","1971","Formula 2 — 1967-1971","Goodyear","technical paper","1"
"W02_WEAR_LIFE_GRIP","2002","2010","DTM — silhouette era","Bridgestone/other","period race report / technical feature","1"
"W02_WEAR_LIFE_GRIP","1987","1991","General Tire Mechanics","Pirelli","technical paper","1"
"W02_WEAR_LIFE_GRIP","1972","1976","NASCAR stock car — 1972-1991","Firestone","period race report / technical feature","1"
"W02_WEAR_LIFE_GRIP","1950","1959","Historic Racing Reference","Dunlop","technical paper","1"
"W02_WEAR_LIFE_GRIP","1992","1993","Group C","Avon","period race report / technical feature","1"
"W02_WEAR_LIFE_GRIP","1977","1981","Sports racing / prototypes — 1972-1981","Michelin","technical paper","1"
"W02_WEAR_LIFE_GRIP","1960","1963","Sports racing / prototypes — 1950-1963","Goodyear","period race report / technical feature","1"
"W02_WEAR_LIFE_GRIP","1997","1999","JGTC — 1994-1999 (GT1/GT2 terminology)","Bridgestone/other","technical paper","1"
"W02_WEAR_LIFE_GRIP","1982","1986","Historic Racing Reference","Pirelli","period race report / technical feature","1"
"W02_WEAR_LIFE_GRIP","1972","1976","Formula 2 — 1972-1984","Pirelli","supplier racing document","1"
"W02_WEAR_LIFE_GRIP","1992","1996","General Tire Mechanics","Dunlop","supplier racing document","1"
"W02_WEAR_LIFE_GRIP","1977","1981","NASCAR stock car — 1972-1991","Avon","peer-reviewed paper","1"
"W02_WEAR_LIFE_GRIP","1960","1965","Historic Racing Reference","Michelin","supplier racing document","1"
"W02_WEAR_LIFE_GRIP","1997","2001","Trans-Am — 1982-2001","Goodyear","peer-reviewed paper","1"
"W02_WEAR_LIFE_GRIP","1982","1986","Formula Ford — 1982-1992","Bridgestone/other","supplier racing document","1"
"W02_WEAR_LIFE_GRIP","1966","1969","Group 2 / ETCC — 1963-1969","Pirelli","peer-reviewed paper","1"
"W02_WEAR_LIFE_GRIP","2005","2010","SUPER GT — 2005-2010","Firestone","supplier racing document","1"
"W02_WEAR_LIFE_GRIP","1987","1991","Historic Racing Reference","Dunlop","peer-reviewed paper","1"
"W02_WEAR_LIFE_GRIP","1977","1981","Formula 2 — 1972-1984","Bridgestone/other","government technical report","1"
"W02_WEAR_LIFE_GRIP","1963","1965","Group 2 / ETCC — 1963-1969","Pirelli","race report/result/stint evidence","1"
"W02_WEAR_LIFE_GRIP","1997","2001","Formula 1 — 1990s radial slick/grooved transition","Firestone","government technical report","1"
"W02_WEAR_LIFE_GRIP","1982","1986","IMSA GTP","Dunlop","race report/result/stint evidence","1"
"W02_WEAR_LIFE_GRIP","1966","1971","General Racing Tire","Bridgestone/other","government technical report","1"
"W02_WEAR_LIFE_GRIP","2002","1972","Trans-Am — 1966-1972","Pirelli","race report/result/stint evidence","1"
"W02_WEAR_LIFE_GRIP","1987","1991","Formula Ford — 1982-1992","Firestone","government technical report","1"
"W02_WEAR_LIFE_GRIP","1972","1975","Group 2 / ETCC — 1970-1975","Dunlop","race report/result/stint evidence","1"
"W02_WEAR_LIFE_GRIP","1950","1959","Japanese GT / touring — pre-JGTC","Avon","government technical report","1"
"W02_WEAR_LIFE_GRIP","1992","1996","Historic Racing Reference","Michelin","race report/result/stint evidence","1"
"W02_WEAR_LIFE_GRIP","1977","1981","IMSA GT — 1971-1981","Goodyear","government technical report","1"
"W02_WEAR_LIFE_GRIP","1960","1965","USAC Championship Car / Indianapolis","Bridgestone/other","race report/result/stint evidence","1"
"W02_WEAR_LIFE_GRIP","1997","2001","FIA GT — 1997-2009","Pirelli","government technical report","1"
"W02_WEAR_LIFE_GRIP","1982","1986","Formula 3 — 1974-1986","Firestone","technical paper","1"
"W02_WEAR_LIFE_GRIP","1966","1971","International rally — pre-WRC","Dunlop","period race report / technical feature","1"
"W02_WEAR_LIFE_GRIP","2002","2010","Formula 1 — grooved-to-slick-return era","Avon","technical paper","1"
"W02_WEAR_LIFE_GRIP","1987","1991","IMSA GTP","Michelin","period race report / technical feature","1"
"W02_WEAR_LIFE_GRIP","1972","1976","General Racing Tire","Goodyear","technical paper","1"
"W02_WEAR_LIFE_GRIP","1950","1959","Touring / saloon racing — pre-1963","Bridgestone/other","period race report / technical feature","1"
"W02_WEAR_LIFE_GRIP","1993","1996","Formula Ford — 1993-2010","Pirelli","technical paper","1"
"W02_WEAR_LIFE_GRIP","1977","1981","Group 2 / ETCC — 1976-1981","Firestone","period race report / technical feature","1"
"W02_WEAR_LIFE_GRIP","1960","1965","Japanese GT / touring — pre-JGTC","Goodyear","technical paper","1"
"W02_WEAR_LIFE_GRIP","1997","1974","Can-Am — original","Bridgestone/other","period race report / technical feature","1"
"W02_WEAR_LIFE_GRIP","1982","1986","IMSA GT — 1982-1993","Pirelli","technical paper","1"
"W02_WEAR_LIFE_GRIP","2002","2009","FIA GT — 1997-2009","Dunlop","technical paper","1"
"W02_WEAR_LIFE_GRIP","1987","1990","Formula 3 — 1987-1990","Avon","supplier racing document","1"
"W02_WEAR_LIFE_GRIP","1972","1976","Rallycross — 1967-1981","Michelin","peer-reviewed paper","1"
"W02_WEAR_LIFE_GRIP","1950","1959","Formula 1 — early World Championship","Goodyear","supplier racing document","1"
"W02_WEAR_LIFE_GRIP","1993","1996","Le Mans Prototype transition","Bridgestone/other","peer-reviewed paper","1"
"W02_WEAR_LIFE_GRIP","1977","1981","General Racing Tire","Pirelli","supplier racing document","1"
"W02_WEAR_LIFE_GRIP","1960","1962","Touring / saloon racing — pre-1963","Firestone","peer-reviewed paper","1"
"W02_WEAR_LIFE_GRIP","1997","2001","Historic Racing Reference","Dunlop","supplier racing document","1"
"W02_WEAR_LIFE_GRIP","1966","1971","Sports racing / prototypes — 1964-1971","Michelin","supplier racing document","1"
"W02_WEAR_LIFE_GRIP","2002","1974","Can-Am — original","Goodyear","peer-reviewed paper","1"
"W02_WEAR_LIFE_GRIP","1992","1996","Formula 3 — 1991-2010","Goodyear","government technical report","1"
"W02_WEAR_LIFE_GRIP","1977","1981","Rallycross — 1967-1981","Bridgestone/other","race report/result/stint evidence","1"
"W02_WEAR_LIFE_GRIP","1960","1965","Formula 1 — early World Championship","Pirelli","government technical report","1"
"W02_WEAR_LIFE_GRIP","2000","2001","DTM — silhouette era","Firestone","race report/result/stint evidence","1"
"W02_WEAR_LIFE_GRIP","1982","1986","General Tire Mechanics","Dunlop","government technical report","1"
"W02_WEAR_LIFE_GRIP","1966","1971","NASCAR stock car — 1950-1971","Avon","race report/result/stint evidence","1"
"W02_WEAR_LIFE_GRIP","2002","2010","Historic Racing Reference","Michelin","government technical report","1"
"W02_WEAR_LIFE_GRIP","1972","1976","Sports racing / prototypes — 1972-1981","Bridgestone/other","government technical report","1"
"W02_WEAR_LIFE_GRIP","1950","1959","Sports racing / prototypes — 1950-1963","Pirelli","race report/result/stint evidence","1"
"W02_WEAR_LIFE_GRIP","1997","2001","CART / Indy-car","Michelin","technical paper","1"
"W02_WEAR_LIFE_GRIP","1982","1986","Group C","Goodyear","period race report / technical feature","1"
"W02_WEAR_LIFE_GRIP","1967","1971","Formula 2 — 1967-1971","Bridgestone/other","technical paper","1"
"W02_WEAR_LIFE_GRIP","2002","2010","DTM — silhouette era","Avon","period race report / technical feature","1"
"W02_WEAR_LIFE_GRIP","1987","1991","General Tire Mechanics","Michelin","technical paper","1"
"W02_WEAR_LIFE_GRIP","1972","1976","NASCAR stock car — 1972-1991","Goodyear","period race report / technical feature","1"
"W02_WEAR_LIFE_GRIP","1950","1959","Historic Racing Reference","Bridgestone/other","technical paper","1"
"W02_WEAR_LIFE_GRIP","1992","1993","Group C","Pirelli","period race report / technical feature","1"
"W02_WEAR_LIFE_GRIP","1977","1981","Sports racing / prototypes — 1972-1981","Firestone","technical paper","1"
"W02_WEAR_LIFE_GRIP","1960","1963","Sports racing / prototypes — 1950-1963","Dunlop","period race report / technical feature","1"
"W02_WEAR_LIFE_GRIP","1997","1999","JGTC — 1994-1999 (GT1/GT2 terminology)","Avon","technical paper","1"
"W02_WEAR_LIFE_GRIP","1982","1986","Historic Racing Reference","Michelin","period race report / technical feature","1"
"W02_WEAR_LIFE_GRIP","2002","2003","CART / Indy-car","Bridgestone/other","supplier racing document","1"
"W02_WEAR_LIFE_GRIP","1987","1991","Group C","Pirelli","peer-reviewed paper","1"
"W02_WEAR_LIFE_GRIP","1972","1976","Formula 2 — 1972-1984","Firestone","supplier racing document","1"
"W02_WEAR_LIFE_GRIP","1992","1996","General Tire Mechanics","Avon","supplier racing document","1"
"W02_WEAR_LIFE_GRIP","1977","1981","NASCAR stock car — 1972-1991","Michelin","peer-reviewed paper","1"
"W02_WEAR_LIFE_GRIP","1960","1965","Historic Racing Reference","Goodyear","supplier racing document","1"
"W02_WEAR_LIFE_GRIP","1997","2001","Trans-Am — 1982-2001","Dunlop","peer-reviewed paper","1"
"W02_WEAR_LIFE_GRIP","1982","1986","Formula Ford — 1982-1992","Avon","supplier racing document","1"
"W02_WEAR_LIFE_GRIP","1966","1969","Group 2 / ETCC — 1963-1969","Michelin","peer-reviewed paper","1"
"W02_WEAR_LIFE_GRIP","2005","2010","SUPER GT — 2005-2010","Goodyear","supplier racing document","1"
"W02_WEAR_LIFE_GRIP","1987","1991","Historic Racing Reference","Bridgestone/other","peer-reviewed paper","1"
"W02_WEAR_LIFE_GRIP","1972","1976","IMSA GT — 1971-1981","Pirelli","supplier racing document","1"
"W02_WEAR_LIFE_GRIP","1950","1955","AAA Championship Car / Indianapolis","Firestone","government technical report","1"
"W02_WEAR_LIFE_GRIP","1994","1996","BPR Global GT","Dunlop","race report/result/stint evidence","1"
"W02_WEAR_LIFE_GRIP","1977","1981","Formula 2 — 1972-1984","Avon","government technical report","1"
"W02_WEAR_LIFE_GRIP","1963","1965","Group 2 / ETCC — 1963-1969","Michelin","race report/result/stint evidence","1"
"W02_WEAR_LIFE_GRIP","1997","2001","Formula 1 — 1990s radial slick/grooved transition","Goodyear","government technical report","1"
"W02_WEAR_LIFE_GRIP","1982","1986","IMSA GTP","Bridgestone/other","race report/result/stint evidence","1"
"W02_WEAR_LIFE_GRIP","1966","1971","General Racing Tire","Pirelli","government technical report","1"
"W02_WEAR_LIFE_GRIP","2002","1972","Trans-Am — 1966-1972","Firestone","race report/result/stint evidence","1"
"W02_WEAR_LIFE_GRIP","1987","1991","Formula Ford — 1982-1992","Dunlop","government technical report","1"
"W02_WEAR_LIFE_GRIP","1972","1975","Group 2 / ETCC — 1970-1975","Avon","race report/result/stint evidence","1"
"W02_WEAR_LIFE_GRIP","1992","1996","Historic Racing Reference","Firestone","race report/result/stint evidence","1"
"W02_WEAR_LIFE_GRIP","1960","1965","USAC Championship Car / Indianapolis","Avon","technical paper","1"
"W02_WEAR_LIFE_GRIP","1997","2001","FIA GT — 1997-2009","Michelin","period race report / technical feature","1"
"W02_WEAR_LIFE_GRIP","1982","1986","Formula 3 — 1974-1986","Goodyear","technical paper","1"
"W02_WEAR_LIFE_GRIP","1966","1971","International rally — pre-WRC","Bridgestone/other","period race report / technical feature","1"
"W02_WEAR_LIFE_GRIP","2002","2010","Formula 1 — grooved-to-slick-return era","Pirelli","technical paper","1"
"W02_WEAR_LIFE_GRIP","1987","1991","IMSA GTP","Firestone","period race report / technical feature","1"
"W02_WEAR_LIFE_GRIP","1972","1976","General Racing Tire","Dunlop","technical paper","1"
"W02_WEAR_LIFE_GRIP","1950","1959","Touring / saloon racing — pre-1963","Avon","period race report / technical feature","1"
"W02_WEAR_LIFE_GRIP","1993","1996","Formula Ford — 1993-2010","Michelin","technical paper","1"
"W02_WEAR_LIFE_GRIP","1977","1981","Group 2 / ETCC — 1976-1981","Goodyear","period race report / technical feature","1"
"W02_WEAR_LIFE_GRIP","2002","2009","FIA GT — 1997-2009","Avon","peer-reviewed paper","1"
"W02_WEAR_LIFE_GRIP","1987","1990","Formula 3 — 1987-1990","Pirelli","supplier racing document","1"
"W02_WEAR_LIFE_GRIP","1972","1976","Rallycross — 1967-1981","Firestone","peer-reviewed paper","1"
"W02_WEAR_LIFE_GRIP","1950","1959","Formula 1 — early World Championship","Dunlop","supplier racing document","1"
"W02_WEAR_LIFE_GRIP","1993","1996","Le Mans Prototype transition","Avon","peer-reviewed paper","1"
"W02_WEAR_LIFE_GRIP","1977","1981","General Racing Tire","Michelin","supplier racing document","1"
"W02_WEAR_LIFE_GRIP","1960","1962","Touring / saloon racing — pre-1963","Goodyear","peer-reviewed paper","1"
"W02_WEAR_LIFE_GRIP","1997","2001","Historic Racing Reference","Bridgestone/other","supplier racing document","1"
"W02_WEAR_LIFE_GRIP","1966","1971","Sports racing / prototypes — 1964-1971","Firestone","supplier racing document","1"
"W02_WEAR_LIFE_GRIP","1972","1976","Historic Racing Reference","Michelin","government technical report","1"
"W02_WEAR_LIFE_GRIP","1992","1996","Formula 3 — 1991-2010","Bridgestone/other","government technical report","1"
"W02_WEAR_LIFE_GRIP","1977","1981","Rallycross — 1967-1981","Pirelli","race report/result/stint evidence","1"
"W02_WEAR_LIFE_GRIP","1960","1965","Formula 1 — early World Championship","Firestone","government technical report","1"
"W02_WEAR_LIFE_GRIP","2000","2001","DTM — silhouette era","Dunlop","race report/result/stint evidence","1"
"W02_WEAR_LIFE_GRIP","1982","1986","General Tire Mechanics","Bridgestone/other","government technical report","1"
"W02_WEAR_LIFE_GRIP","1966","1971","NASCAR stock car — 1950-1971","Pirelli","race report/result/stint evidence","1"
"W02_WEAR_LIFE_GRIP","2002","2010","Historic Racing Reference","Firestone","government technical report","1"
"W02_WEAR_LIFE_GRIP","1972","1976","Sports racing / prototypes — 1972-1981","Avon","government technical report","1"
"W02_WEAR_LIFE_GRIP","1950","1959","Sports racing / prototypes — 1950-1963","Michelin","race report/result/stint evidence","1"
"W02_WEAR_LIFE_GRIP","1994","1996","GT2 / GTS — 1994-2004 sanction-specific","Goodyear","government technical report","1"
"W02_WEAR_LIFE_GRIP","1977","1981","Historic Racing Reference","Bridgestone/other","technical paper","1"
"W02_WEAR_LIFE_GRIP","1997","2001","CART / Indy-car","Firestone","technical paper","1"
"W02_WEAR_LIFE_GRIP","1982","1986","Group C","Dunlop","period race report / technical feature","1"
"W02_WEAR_LIFE_GRIP","1967","1971","Formula 2 — 1967-1971","Avon","technical paper","1"
"W02_WEAR_LIFE_GRIP","2002","2010","DTM — silhouette era","Michelin","period race report / technical feature","1"
"W02_WEAR_LIFE_GRIP","1987","1991","General Tire Mechanics","Goodyear","technical paper","1"
"W02_WEAR_LIFE_GRIP","1972","1976","NASCAR stock car — 1972-1991","Bridgestone/other","period race report / technical feature","1"
"W02_WEAR_LIFE_GRIP","1950","1959","Historic Racing Reference","Pirelli","technical paper","1"
"W02_WEAR_LIFE_GRIP","1992","1993","Group C","Firestone","period race report / technical feature","1"
"W02_WEAR_LIFE_GRIP","1977","1981","Sports racing / prototypes — 1972-1981","Goodyear","technical paper","1"
"W02_WEAR_LIFE_GRIP","1960","1963","Sports racing / prototypes — 1950-1963","Bridgestone/other","period race report / technical feature","1"
"W02_WEAR_LIFE_GRIP","1982","1986","Historic Racing Reference","Firestone","supplier racing document","1"
"W02_WEAR_LIFE_GRIP","1966","1970","US GT / sports racing — pre-IMSA GT","Dunlop","peer-reviewed paper","1"
"W02_WEAR_LIFE_GRIP","2002","2003","CART / Indy-car","Avon","supplier racing document","1"
"W02_WEAR_LIFE_GRIP","1987","1991","Group C","Michelin","peer-reviewed paper","1"
"W02_WEAR_LIFE_GRIP","1972","1976","Formula 2 — 1972-1984","Goodyear","supplier racing document","1"
"W02_WEAR_LIFE_GRIP","1950","1959","Touring / saloon racing — pre-1963","Bridgestone/other","peer-reviewed paper","1"
"W02_WEAR_LIFE_GRIP","1992","1996","General Tire Mechanics","Pirelli","supplier racing document","1"
"W02_WEAR_LIFE_GRIP","1977","1981","NASCAR stock car — 1972-1991","Firestone","peer-reviewed paper","1"
"W02_WEAR_LIFE_GRIP","1960","1965","Historic Racing Reference","Dunlop","supplier racing document","1"
"W02_WEAR_LIFE_GRIP","1997","2001","Trans-Am — 1982-2001","Avon","peer-reviewed paper","1"
"W02_WEAR_LIFE_GRIP","1987","1991","Historic Racing Reference","Pirelli","government technical report","1"
"W02_WEAR_LIFE_GRIP","1972","1976","IMSA GT — 1971-1981","Michelin","race report/result/stint evidence","1"
"W02_WEAR_LIFE_GRIP","1950","1955","AAA Championship Car / Indianapolis","Goodyear","government technical report","1"
"W02_WEAR_LIFE_GRIP","1994","1996","BPR Global GT","Bridgestone/other","race report/result/stint evidence","1"
"W02_WEAR_LIFE_GRIP","1977","1981","Formula 2 — 1972-1984","Pirelli","government technical report","1"
"W02_WEAR_LIFE_GRIP","1963","1965","Group 2 / ETCC — 1963-1969","Firestone","race report/result/stint evidence","1"
"W02_WEAR_LIFE_GRIP","1997","2001","Formula 1 — 1990s radial slick/grooved transition","Dunlop","government technical report","1"
"W02_WEAR_LIFE_GRIP","1982","1986","IMSA GTP","Avon","race report/result/stint evidence","1"
"W02_WEAR_LIFE_GRIP","1966","1971","General Racing Tire","Michelin","government technical report","1"
"W02_WEAR_LIFE_GRIP","2002","1972","Trans-Am — 1966-1972","Goodyear","race report/result/stint evidence","1"
"W02_WEAR_LIFE_GRIP","1992","1996","Historic Racing Reference","Dunlop","technical paper","1"
"W02_WEAR_LIFE_GRIP","1977","1981","IMSA GT — 1971-1981","Avon","period race report / technical feature","1"
"W02_WEAR_LIFE_GRIP","1960","1965","USAC Championship Car / Indianapolis","Michelin","technical paper","1"
"W02_WEAR_LIFE_GRIP","1997","2001","FIA GT — 1997-2009","Goodyear","period race report / technical feature","1"
"W02_WEAR_LIFE_GRIP","1982","1986","Formula 3 — 1974-1986","Bridgestone/other","technical paper","1"
"W02_WEAR_LIFE_GRIP","1966","1971","International rally — pre-WRC","Avon","period race report / technical feature","1"
"W02_WEAR_LIFE_GRIP","2002","2010","Formula 1 — grooved-to-slick-return era","Michelin","technical paper","1"
"W02_WEAR_LIFE_GRIP","1987","1991","IMSA GTP","Goodyear","period race report / technical feature","1"
"W02_WEAR_LIFE_GRIP","1972","1976","General Racing Tire","Bridgestone/other","technical paper","1"
"W02_WEAR_LIFE_GRIP","1950","1959","Touring / saloon racing — pre-1963","Pirelli","period race report / technical feature","1"
"W02_WEAR_LIFE_GRIP","1993","1996","Formula Ford — 1993-2010","Firestone","technical paper","1"
"W02_WEAR_LIFE_GRIP","1977","1981","Group 2 / ETCC — 1976-1981","Dunlop","period race report / technical feature","1"
"W02_WEAR_LIFE_GRIP","1960","1965","Japanese GT / touring — pre-JGTC","Avon","technical paper","1"
"W02_WEAR_LIFE_GRIP","1997","1974","Can-Am — original","Michelin","supplier racing document","1"
"W02_WEAR_LIFE_GRIP","1982","1986","IMSA GT — 1982-1993","Goodyear","peer-reviewed paper","1"
"W02_WEAR_LIFE_GRIP","2002","2009","FIA GT — 1997-2009","Pirelli","peer-reviewed paper","1"
"W02_WEAR_LIFE_GRIP","1987","1990","Formula 3 — 1987-1990","Firestone","supplier racing document","1"
"W02_WEAR_LIFE_GRIP","1972","1976","Rallycross — 1967-1981","Dunlop","peer-reviewed paper","1"
"W02_WEAR_LIFE_GRIP","1950","1959","Formula 1 — early World Championship","Avon","supplier racing document","1"
"W02_WEAR_LIFE_GRIP","1993","1996","Le Mans Prototype transition","Michelin","peer-reviewed paper","1"
"W02_WEAR_LIFE_GRIP","1977","1981","General Racing Tire","Goodyear","supplier racing document","1"
"W02_WEAR_LIFE_GRIP","1960","1962","Touring / saloon racing — pre-1963","Dunlop","peer-reviewed paper","1"
"W02_WEAR_LIFE_GRIP","1997","2001","Historic Racing Reference","Avon","supplier racing document","1"
"W02_WEAR_LIFE_GRIP","2002","1974","Can-Am — original","Bridgestone/other","government technical report","1"
"W02_WEAR_LIFE_GRIP","1987","1991","IMSA GT — 1982-1993","Pirelli","race report/result/stint evidence","1"
"W02_WEAR_LIFE_GRIP","1972","1976","Historic Racing Reference","Firestone","government technical report","1"
"W02_WEAR_LIFE_GRIP","1992","1996","Formula 3 — 1991-2010","Avon","government technical report","1"
"W02_WEAR_LIFE_GRIP","1977","1981","Rallycross — 1967-1981","Michelin","race report/result/stint evidence","1"
"W02_WEAR_LIFE_GRIP","1960","1965","Formula 1 — early World Championship","Goodyear","government technical report","1"
"W02_WEAR_LIFE_GRIP","2000","2001","DTM — silhouette era","Bridgestone/other","race report/result/stint evidence","1"
"W02_WEAR_LIFE_GRIP","1982","1986","General Tire Mechanics","Pirelli","government technical report","1"
"W02_WEAR_LIFE_GRIP","1966","1971","NASCAR stock car — 1950-1971","Firestone","race report/result/stint evidence","1"
"W02_WEAR_LIFE_GRIP","1950","1959","Sports racing / prototypes — 1950-1963","Firestone","technical paper","1"
"W02_WEAR_LIFE_GRIP","1994","1996","GT2 / GTS — 1994-2004 sanction-specific","Dunlop","period race report / technical feature","1"
"W02_WEAR_LIFE_GRIP","1977","1981","Historic Racing Reference","Avon","technical paper","1"
"W02_WEAR_LIFE_GRIP","1960","1963","Sports racing / prototypes — 1950-1963","Michelin","period race report / technical feature","1"
"W02_WEAR_LIFE_GRIP","1997","2001","CART / Indy-car","Goodyear","technical paper","1"
"W02_WEAR_LIFE_GRIP","1982","1986","Group C","Bridgestone/other","period race report / technical feature","1"
"W02_WEAR_LIFE_GRIP","1967","1971","Formula 2 — 1967-1971","Pirelli","technical paper","1"
"W02_WEAR_LIFE_GRIP","2002","2010","DTM — silhouette era","Firestone","period race report / technical feature","1"
"W02_WEAR_LIFE_GRIP","1987","1991","General Tire Mechanics","Dunlop","technical paper","1"
"W02_WEAR_LIFE_GRIP","1972","1976","NASCAR stock car — 1972-1991","Avon","period race report / technical feature","1"
"W02_WEAR_LIFE_GRIP","1960","1963","Sports racing / prototypes — 1950-1963","Pirelli","supplier racing document","1"
"W02_WEAR_LIFE_GRIP","1997","1999","JGTC — 1994-1999 (GT1/GT2 terminology)","Firestone","peer-reviewed paper","1"
"W02_WEAR_LIFE_GRIP","1982","1986","Historic Racing Reference","Dunlop","supplier racing document","1"
"W02_WEAR_LIFE_GRIP","1966","1970","US GT / sports racing — pre-IMSA GT","Avon","peer-reviewed paper","1"
"W02_WEAR_LIFE_GRIP","2002","2003","CART / Indy-car","Pirelli","supplier racing document","1"
"W02_WEAR_LIFE_GRIP","1987","1991","Group C","Firestone","peer-reviewed paper","1"
"W02_WEAR_LIFE_GRIP","1972","1976","Formula 2 — 1972-1984","Dunlop","supplier racing document","1"
"W02_WEAR_LIFE_GRIP","1992","1996","General Tire Mechanics","Michelin","supplier racing document","1"
"W02_WEAR_LIFE_GRIP","1977","1981","NASCAR stock car — 1972-1991","Goodyear","peer-reviewed paper","1"
"W02_WEAR_LIFE_GRIP","1960","1965","Historic Racing Reference","Bridgestone/other","supplier racing document","1"
"W02_WEAR_LIFE_GRIP","1997","2001","Trans-Am — 1982-2001","Pirelli","peer-reviewed paper","1"
"W02_WEAR_LIFE_GRIP","1982","1986","Formula Ford — 1982-1992","Firestone","supplier racing document","1"
"W02_WEAR_LIFE_GRIP","1966","1969","Group 2 / ETCC — 1963-1969","Dunlop","government technical report","1"
"W02_WEAR_LIFE_GRIP","2005","2010","SUPER GT — 2005-2010","Avon","race report/result/stint evidence","1"
"W02_WEAR_LIFE_GRIP","1987","1991","Historic Racing Reference","Michelin","government technical report","1"
"W02_WEAR_LIFE_GRIP","1972","1976","IMSA GT — 1971-1981","Goodyear","race report/result/stint evidence","1"
"W02_WEAR_LIFE_GRIP","1950","1955","AAA Championship Car / Indianapolis","Bridgestone/other","government technical report","1"
"W02_WEAR_LIFE_GRIP","1994","1996","BPR Global GT","Pirelli","race report/result/stint evidence","1"
"W02_WEAR_LIFE_GRIP","1977","1981","Formula 2 — 1972-1984","Firestone","government technical report","1"
"W02_WEAR_LIFE_GRIP","1963","1965","Group 2 / ETCC — 1963-1969","Dunlop","race report/result/stint evidence","1"
"W02_WEAR_LIFE_GRIP","1997","2001","Formula 1 — 1990s radial slick/grooved transition","Bridgestone/other","government technical report","1"
"W02_WEAR_LIFE_GRIP","1982","1986","IMSA GTP","Pirelli","race report/result/stint evidence","1"
"W02_WEAR_LIFE_GRIP","1966","1971","General Racing Tire","Firestone","government technical report","1"
"W02_WEAR_LIFE_GRIP","2002","1972","Trans-Am — 1966-1972","Dunlop","race report/result/stint evidence","1"
"W02_WEAR_LIFE_GRIP","1987","1991","Formula Ford — 1982-1992","Avon","government technical report","1"
"W02_WEAR_LIFE_GRIP","1972","1975","Group 2 / ETCC — 1970-1975","Michelin","technical paper","1"
"W02_WEAR_LIFE_GRIP","1950","1959","Japanese GT / touring — pre-JGTC","Goodyear","period race report / technical feature","1"
"W02_WEAR_LIFE_GRIP","1992","1996","Historic Racing Reference","Bridgestone/other","technical paper","1"
"W02_WEAR_LIFE_GRIP","1977","1981","IMSA GT — 1971-1981","Pirelli","period race report / technical feature","1"
"W02_WEAR_LIFE_GRIP","1960","1965","USAC Championship Car / Indianapolis","Firestone","technical paper","1"
"W02_WEAR_LIFE_GRIP","1997","2001","FIA GT — 1997-2009","Dunlop","period race report / technical feature","1"
"W02_WEAR_LIFE_GRIP","1982","1986","Formula 3 — 1974-1986","Avon","technical paper","1"
"W02_WEAR_LIFE_GRIP","1966","1971","International rally — pre-WRC","Michelin","period race report / technical feature","1"
"W02_WEAR_LIFE_GRIP","2002","2010","Formula 1 — grooved-to-slick-return era","Goodyear","technical paper","1"
"W02_WEAR_LIFE_GRIP","1987","1991","IMSA GTP","Bridgestone/other","period race report / technical feature","1"
"W02_WEAR_LIFE_GRIP","1977","1981","Group 2 / ETCC — 1976-1981","Bridgestone/other","supplier racing document","1"
"W02_WEAR_LIFE_GRIP","1960","1965","Japanese GT / touring — pre-JGTC","Pirelli","peer-reviewed paper","1"
"W02_WEAR_LIFE_GRIP","1997","1974","Can-Am — original","Firestone","supplier racing document","1"
"W02_WEAR_LIFE_GRIP","1982","1986","IMSA GT — 1982-1993","Dunlop","peer-reviewed paper","1"
"W02_WEAR_LIFE_GRIP","2002","2009","FIA GT — 1997-2009","Michelin","peer-reviewed paper","1"
"W02_WEAR_LIFE_GRIP","1987","1990","Formula 3 — 1987-1990","Goodyear","supplier racing document","1"
"W02_WEAR_LIFE_GRIP","1972","1976","Rallycross — 1967-1981","Bridgestone/other","peer-reviewed paper","1"
"W02_WEAR_LIFE_GRIP","1950","1959","Formula 1 — early World Championship","Pirelli","supplier racing document","1"
"W02_WEAR_LIFE_GRIP","1993","1996","Le Mans Prototype transition","Firestone","peer-reviewed paper","1"
"W02_WEAR_LIFE_GRIP","1966","1971","Sports racing / prototypes — 1964-1971","Bridgestone/other","race report/result/stint evidence","1"
"W02_WEAR_LIFE_GRIP","2002","1974","Can-Am — original","Pirelli","government technical report","1"
"W02_WEAR_LIFE_GRIP","1987","1991","IMSA GT — 1982-1993","Michelin","race report/result/stint evidence","1"
"W02_WEAR_LIFE_GRIP","1972","1976","Historic Racing Reference","Goodyear","government technical report","1"
"W02_WEAR_LIFE_GRIP","1950","1959","Sports racing / prototypes — 1950-1963","Bridgestone/other","race report/result/stint evidence","1"
"W02_WEAR_LIFE_GRIP","1992","1996","Formula 3 — 1991-2010","Pirelli","government technical report","1"
"W02_WEAR_LIFE_GRIP","1977","1981","Rallycross — 1967-1981","Firestone","race report/result/stint evidence","1"
"W02_WEAR_LIFE_GRIP","1960","1965","Formula 1 — early World Championship","Dunlop","government technical report","1"
"W03_FM_STIFFNESS_TRANSIENT","1992","1996","Trans-Am — 1982-2001","Goodyear","thesis/dissertation","1"
"W03_FM_STIFFNESS_TRANSIENT","1977","1981","Formula Ford — 1977-1981","Bridgestone/other","technical paper","1"
"W03_FM_STIFFNESS_TRANSIENT","1963","1965","Group 2 / ETCC — 1963-1969","Pirelli","thesis/dissertation","1"
"W03_FM_STIFFNESS_TRANSIENT","1997","1999","JGTC — 1994-1999 (GT1/GT2 terminology)","Firestone","technical paper","1"
"W03_FM_STIFFNESS_TRANSIENT","1982","1986","Historic Racing Reference","Dunlop","thesis/dissertation","1"
"W03_FM_STIFFNESS_TRANSIENT","1966","1970","US GT / sports racing — pre-IMSA GT","Avon","technical paper","1"
"W03_FM_STIFFNESS_TRANSIENT","2002","2003","CART / Indy-car","Michelin","thesis/dissertation","1"
"W03_FM_STIFFNESS_TRANSIENT","1987","1991","Group C","Goodyear","technical paper","1"
"W03_FM_STIFFNESS_TRANSIENT","1974","1976","Formula 3 — 1974-1986","Bridgestone/other","thesis/dissertation","1"
"W03_FM_STIFFNESS_TRANSIENT","1950","1959","International rally — pre-WRC","Pirelli","technical paper","1"
"W03_FM_STIFFNESS_TRANSIENT","1960","1965","General Racing Tire","Avon","supplier technical paper","1"
"W03_FM_STIFFNESS_TRANSIENT","1997","2001","Trans-Am — 1982-2001","Michelin","peer-reviewed paper","1"
"W03_FM_STIFFNESS_TRANSIENT","1982","1986","Formula Ford — 1982-1992","Firestone","supplier technical paper","1"
"W03_FM_STIFFNESS_TRANSIENT","1966","1969","Group 2 / ETCC — 1963-1969","Dunlop","peer-reviewed paper","1"
"W03_FM_STIFFNESS_TRANSIENT","2005","2010","SUPER GT — 2005-2010","Avon","supplier technical paper","1"
"W03_FM_STIFFNESS_TRANSIENT","1987","1974","Can-Am — original","Michelin","peer-reviewed paper","1"
"W03_FM_STIFFNESS_TRANSIENT","1972","1976","Group 4 Special GT — 1970-1981","Goodyear","supplier technical paper","1"
"W03_FM_STIFFNESS_TRANSIENT","1950","1959","Sports racing / prototypes — 1950-1963","Bridgestone/other","peer-reviewed paper","1"
"W03_FM_STIFFNESS_TRANSIENT","1993","1996","Le Mans Prototype transition","Pirelli","supplier technical paper","1"
"W03_FM_STIFFNESS_TRANSIENT","1977","1981","Formula 3 — 1974-1986","Firestone","peer-reviewed paper","1"
"W03_FM_STIFFNESS_TRANSIENT","1960","1965","International rally — pre-WRC","Dunlop","supplier technical paper","1"
"W03_FM_STIFFNESS_TRANSIENT","1997","2001","Formula 1 — 1990s radial slick/grooved transition","Avon","test methodology","1"
"W03_FM_STIFFNESS_TRANSIENT","1982","1986","IMSA GTP","Michelin","government technical report","1"
"W03_FM_STIFFNESS_TRANSIENT","1966","1971","General Racing Tire","Goodyear","test methodology","1"
"W03_FM_STIFFNESS_TRANSIENT","2002","1972","Trans-Am — 1966-1972","Bridgestone/other","government technical report","1"
"W03_FM_STIFFNESS_TRANSIENT","1987","1991","Historic Racing Reference","Pirelli","test methodology","1"
"W03_FM_STIFFNESS_TRANSIENT","1972","1976","Group 4 Special GT — 1970-1981","Firestone","government technical report","1"
"W03_FM_STIFFNESS_TRANSIENT","1950","1959","Sports racing / prototypes — 1950-1963","Dunlop","test methodology","1"
"W03_FM_STIFFNESS_TRANSIENT","1992","1974","Can-Am — original","Avon","government technical report","1"
"W03_FM_STIFFNESS_TRANSIENT","1977","1981","Group 4 Special GT — 1970-1981","Pirelli","test methodology","1"
"W03_FM_STIFFNESS_TRANSIENT","1960","1965","Historic Racing Reference","Firestone","government technical report","1"
"W03_FM_STIFFNESS_TRANSIENT","1997","2001","FIA GT — 1997-2009","Dunlop","test methodology","1"
"W03_FM_STIFFNESS_TRANSIENT","1982","1986","Formula 3 — 1974-1986","Avon","government technical report","1"
"W03_FM_STIFFNESS_TRANSIENT","1966","1971","International rally — pre-WRC","Michelin","test methodology","1"
"W03_FM_STIFFNESS_TRANSIENT","1950","1959","NASCAR stock car — 1950-1971","Firestone","thesis/dissertation","1"
"W03_FM_STIFFNESS_TRANSIENT","1992","1996","Historic Racing Reference","Dunlop","technical paper","1"
"W03_FM_STIFFNESS_TRANSIENT","1960","1963","Sports racing / prototypes — 1950-1963","Michelin","technical paper","1"
"W03_FM_STIFFNESS_TRANSIENT","1997","1974","Can-Am — original","Goodyear","thesis/dissertation","1"
"W03_FM_STIFFNESS_TRANSIENT","1982","1986","IMSA GT — 1982-1993","Bridgestone/other","technical paper","1"
"W03_FM_STIFFNESS_TRANSIENT","1966","1971","Sports racing / prototypes — 1964-1971","Pirelli","thesis/dissertation","1"
"W03_FM_STIFFNESS_TRANSIENT","2002","2009","FIA GT — 1997-2009","Firestone","technical paper","1"
"W03_FM_STIFFNESS_TRANSIENT","1987","1991","CART / Indy-car","Dunlop","thesis/dissertation","1"
"W03_FM_STIFFNESS_TRANSIENT","1960","1965","NASCAR stock car — 1950-1971","Avon","peer-reviewed paper","1"
"W03_FM_STIFFNESS_TRANSIENT","1997","2001","Historic Racing Reference","Michelin","supplier technical paper","1"
"W03_FM_STIFFNESS_TRANSIENT","1982","1986","Group C","Goodyear","peer-reviewed paper","1"
"W03_FM_STIFFNESS_TRANSIENT","2002","1974","Can-Am — original","Pirelli","peer-reviewed paper","1"
"W03_FM_STIFFNESS_TRANSIENT","1987","1991","Japanese GT / touring — pre-JGTC","Firestone","supplier technical paper","1"
"W03_FM_STIFFNESS_TRANSIENT","1972","1976","Sports racing / prototypes — 1972-1981","Dunlop","peer-reviewed paper","1"
"W03_FM_STIFFNESS_TRANSIENT","1950","1959","US GT / sports racing — pre-IMSA GT","Avon","supplier technical paper","1"
"W03_FM_STIFFNESS_TRANSIENT","1992","1996","CART / Indy-car","Michelin","peer-reviewed paper","1"
"W03_FM_STIFFNESS_TRANSIENT","2000","2001","DTM — silhouette era","Pirelli","government technical report","1"
"W03_FM_STIFFNESS_TRANSIENT","1982","1986","General Tire Mechanics","Firestone","test methodology","1"
"W03_FM_STIFFNESS_TRANSIENT","1966","1971","NASCAR stock car — 1950-1971","Goodyear","government technical report","1"
"W03_FM_STIFFNESS_TRANSIENT","2002","2010","Historic Racing Reference","Bridgestone/other","test methodology","1"
"W03_FM_STIFFNESS_TRANSIENT","1987","1991","Trans-Am — 1982-2001","Pirelli","government technical report","1"
"W03_FM_STIFFNESS_TRANSIENT","1972","1976","Formula Ford — 1967-1976","Firestone","test methodology","1"
"W03_FM_STIFFNESS_TRANSIENT","1950","1959","Touring / saloon racing — pre-1963","Dunlop","government technical report","1"
"W03_FM_STIFFNESS_TRANSIENT","1994","1996","JGTC — 1994-1999 (GT1/GT2 terminology)","Avon","test methodology","1"
"W03_FM_STIFFNESS_TRANSIENT","1977","1981","Sports racing / prototypes — 1972-1981","Michelin","government technical report","1"
"W03_FM_STIFFNESS_TRANSIENT","1960","1965","US GT / sports racing — pre-IMSA GT","Goodyear","test methodology","1"
"W03_FM_STIFFNESS_TRANSIENT","1997","2001","CART / Indy-car","Bridgestone/other","government technical report","1"
"W03_FM_STIFFNESS_TRANSIENT","1982","1986","Group C","Pirelli","test methodology","1"
"W03_FM_STIFFNESS_TRANSIENT","1967","1971","Formula 2 — 1967-1971","Firestone","technical paper","1"
"W03_FM_STIFFNESS_TRANSIENT","2002","2010","DTM — silhouette era","Dunlop","thesis/dissertation","1"
"W03_FM_STIFFNESS_TRANSIENT","1987","1991","Formula 1 — turbo/radial slick era","Avon","technical paper","1"
"W03_FM_STIFFNESS_TRANSIENT","1950","1959","General Racing Tire","Goodyear","technical paper","1"
"W03_FM_STIFFNESS_TRANSIENT","1992","1996","Trans-Am — 1982-2001","Bridgestone/other","thesis/dissertation","1"
"W03_FM_STIFFNESS_TRANSIENT","1977","1981","Formula Ford — 1977-1981","Pirelli","technical paper","1"
"W03_FM_STIFFNESS_TRANSIENT","1963","1965","Group 2 / ETCC — 1963-1969","Michelin","thesis/dissertation","1"
"W03_FM_STIFFNESS_TRANSIENT","1997","1999","JGTC — 1994-1999 (GT1/GT2 terminology)","Goodyear","technical paper","1"
"W03_FM_STIFFNESS_TRANSIENT","1982","1986","Historic Racing Reference","Bridgestone/other","thesis/dissertation","1"
"W03_FM_STIFFNESS_TRANSIENT","1966","1970","US GT / sports racing — pre-IMSA GT","Pirelli","technical paper","1"
"W03_FM_STIFFNESS_TRANSIENT","2002","2003","CART / Indy-car","Firestone","thesis/dissertation","1"
"W03_FM_STIFFNESS_TRANSIENT","1987","1991","Group C","Dunlop","technical paper","1"
"W03_FM_STIFFNESS_TRANSIENT","1992","1996","Formula 1 — 1990s radial slick/grooved transition","Goodyear","supplier technical paper","1"
"W03_FM_STIFFNESS_TRANSIENT","1960","1965","General Racing Tire","Pirelli","supplier technical paper","1"
"W03_FM_STIFFNESS_TRANSIENT","1997","2001","Trans-Am — 1982-2001","Firestone","peer-reviewed paper","1"
"W03_FM_STIFFNESS_TRANSIENT","1982","1986","Formula Ford — 1982-1992","Dunlop","supplier technical paper","1"
"W03_FM_STIFFNESS_TRANSIENT","1966","1969","Group 2 / ETCC — 1963-1969","Avon","peer-reviewed paper","1"
"W03_FM_STIFFNESS_TRANSIENT","2005","2010","SUPER GT — 2005-2010","Michelin","supplier technical paper","1"
"W03_FM_STIFFNESS_TRANSIENT","1987","1974","Can-Am — original","Goodyear","peer-reviewed paper","1"
"W03_FM_STIFFNESS_TRANSIENT","1972","1976","Group 4 Special GT — 1970-1981","Bridgestone/other","supplier technical paper","1"
"W03_FM_STIFFNESS_TRANSIENT","1950","1959","Sports racing / prototypes — 1950-1963","Avon","peer-reviewed paper","1"
"W03_FM_STIFFNESS_TRANSIENT","1993","1996","Le Mans Prototype transition","Michelin","supplier technical paper","1"
"W03_FM_STIFFNESS_TRANSIENT","1982","1986","IMSA GTP","Firestone","government technical report","1"
"W03_FM_STIFFNESS_TRANSIENT","1966","1971","General Racing Tire","Dunlop","test methodology","1"
"W03_FM_STIFFNESS_TRANSIENT","2002","1972","Trans-Am — 1966-1972","Avon","government technical report","1"
"W03_FM_STIFFNESS_TRANSIENT","1987","1991","Historic Racing Reference","Michelin","test methodology","1"
"W03_FM_STIFFNESS_TRANSIENT","1992","1974","Can-Am — original","Pirelli","government technical report","1"
"W03_FM_STIFFNESS_TRANSIENT","1977","1981","Group 4 Special GT — 1970-1981","Firestone","test methodology","1"
"W03_FM_STIFFNESS_TRANSIENT","1960","1965","Historic Racing Reference","Dunlop","government technical report","1"
"W03_FM_STIFFNESS_TRANSIENT","1997","2001","FIA GT — 1997-2009","Avon","test methodology","1"
"W03_FM_STIFFNESS_TRANSIENT","1966","1971","International rally — pre-WRC","Goodyear","thesis/dissertation","1"
"W03_FM_STIFFNESS_TRANSIENT","1987","1991","Group A touring — 1982-1992","Avon","thesis/dissertation","1"
"W03_FM_STIFFNESS_TRANSIENT","1972","1976","General Tire Mechanics","Michelin","technical paper","1"
"W03_FM_STIFFNESS_TRANSIENT","1950","1959","NASCAR stock car — 1950-1971","Goodyear","thesis/dissertation","1"
"W03_FM_STIFFNESS_TRANSIENT","1992","1996","Historic Racing Reference","Bridgestone/other","technical paper","1"
"W03_FM_STIFFNESS_TRANSIENT","1960","1963","Sports racing / prototypes — 1950-1963","Firestone","technical paper","1"
"W03_FM_STIFFNESS_TRANSIENT","1997","1974","Can-Am — original","Dunlop","thesis/dissertation","1"
"W03_FM_STIFFNESS_TRANSIENT","1982","1986","IMSA GT — 1982-1993","Avon","technical paper","1"
"W03_FM_STIFFNESS_TRANSIENT","1966","1971","Sports racing / prototypes — 1964-1971","Michelin","thesis/dissertation","1"
"W03_FM_STIFFNESS_TRANSIENT","2002","2009","FIA GT — 1997-2009","Goodyear","technical paper","1"
"W03_FM_STIFFNESS_TRANSIENT","1987","1991","CART / Indy-car","Bridgestone/other","supplier technical paper","1"
"W03_FM_STIFFNESS_TRANSIENT","1956","1959","Formula 2 — 1956-1960","Firestone","supplier technical paper","1"
"W03_FM_STIFFNESS_TRANSIENT","1993","1996","DTM / ITC — Class 1","Dunlop","peer-reviewed paper","1"
"W03_FM_STIFFNESS_TRANSIENT","1977","1981","General Tire Mechanics","Avon","supplier technical paper","1"
"W03_FM_STIFFNESS_TRANSIENT","1960","1965","NASCAR stock car — 1950-1971","Michelin","peer-reviewed paper","1"
"W03_FM_STIFFNESS_TRANSIENT","1997","2001","Historic Racing Reference","Firestone","supplier technical paper","1"
"W03_FM_STIFFNESS_TRANSIENT","1982","1986","Group C","Dunlop","peer-reviewed paper","1"
"W03_FM_STIFFNESS_TRANSIENT","2002","1974","Can-Am — original","Michelin","peer-reviewed paper","1"
"W03_FM_STIFFNESS_TRANSIENT","1987","1991","Japanese GT / touring — pre-JGTC","Goodyear","supplier technical paper","1"
"W03_FM_STIFFNESS_TRANSIENT","1972","1976","Sports racing / prototypes — 1972-1981","Bridgestone/other","peer-reviewed paper","1"
"W03_FM_STIFFNESS_TRANSIENT","1950","1959","US GT / sports racing — pre-IMSA GT","Pirelli","supplier technical paper","1"
"W03_FM_STIFFNESS_TRANSIENT","1964","1965","Formula 2 — 1964-1966","Avon","test methodology","1"
"W03_FM_STIFFNESS_TRANSIENT","2000","2001","DTM — silhouette era","Michelin","government technical report","1"
"W03_FM_STIFFNESS_TRANSIENT","1982","1986","General Tire Mechanics","Goodyear","test methodology","1"
"W03_FM_STIFFNESS_TRANSIENT","1966","1971","NASCAR stock car — 1950-1971","Bridgestone/other","government technical report","1"
"W03_FM_STIFFNESS_TRANSIENT","2002","2010","Historic Racing Reference","Pirelli","test methodology","1"
"W03_FM_STIFFNESS_TRANSIENT","1987","1991","Trans-Am — 1982-2001","Firestone","government technical report","1"
"W03_FM_STIFFNESS_TRANSIENT","1972","1976","Formula Ford — 1967-1976","Dunlop","test methodology","1"
"W03_FM_STIFFNESS_TRANSIENT","1950","1959","Touring / saloon racing — pre-1963","Avon","government technical report","1"
"W03_FM_STIFFNESS_TRANSIENT","1994","1996","JGTC — 1994-1999 (GT1/GT2 terminology)","Pirelli","test methodology","1"
"W03_FM_STIFFNESS_TRANSIENT","1977","1981","Sports racing / prototypes — 1972-1981","Firestone","government technical report","1"
"W03_FM_STIFFNESS_TRANSIENT","1960","1965","US GT / sports racing — pre-IMSA GT","Dunlop","test methodology","1"
"W03_FM_STIFFNESS_TRANSIENT","2002","2010","DTM — silhouette era","Bridgestone/other","thesis/dissertation","1"
"W03_FM_STIFFNESS_TRANSIENT","1987","1991","Formula 1 — turbo/radial slick era","Pirelli","technical paper","1"
"W03_FM_STIFFNESS_TRANSIENT","1950","1959","General Racing Tire","Dunlop","technical paper","1"
"W03_FM_STIFFNESS_TRANSIENT","1992","1996","Trans-Am — 1982-2001","Avon","thesis/dissertation","1"
"W03_FM_STIFFNESS_TRANSIENT","1977","1981","Formula Ford — 1977-1981","Michelin","technical paper","1"
"W03_FM_STIFFNESS_TRANSIENT","1963","1965","Group 2 / ETCC — 1963-1969","Goodyear","thesis/dissertation","1"
"W03_FM_STIFFNESS_TRANSIENT","1997","1999","JGTC — 1994-1999 (GT1/GT2 terminology)","Bridgestone/other","technical paper","1"
"W03_FM_STIFFNESS_TRANSIENT","1982","1986","Historic Racing Reference","Pirelli","thesis/dissertation","1"
"W03_FM_STIFFNESS_TRANSIENT","1966","1970","US GT / sports racing — pre-IMSA GT","Firestone","technical paper","1"
"W03_FM_STIFFNESS_TRANSIENT","1950","1959","International rally — pre-WRC","Firestone","peer-reviewed paper","1"
"W03_FM_STIFFNESS_TRANSIENT","1992","1996","Formula 1 — 1990s radial slick/grooved transition","Dunlop","supplier technical paper","1"
"W03_FM_STIFFNESS_TRANSIENT","1960","1965","General Racing Tire","Michelin","supplier technical paper","1"
"W03_FM_STIFFNESS_TRANSIENT","1997","2001","Trans-Am — 1982-2001","Goodyear","peer-reviewed paper","1"
"W03_FM_STIFFNESS_TRANSIENT","1982","1986","Formula Ford — 1982-1992","Bridgestone/other","supplier technical paper","1"
"W03_FM_STIFFNESS_TRANSIENT","1966","1969","Group 2 / ETCC — 1963-1969","Pirelli","peer-reviewed paper","1"
"W03_FM_STIFFNESS_TRANSIENT","2005","2010","SUPER GT — 2005-2010","Firestone","supplier technical paper","1"
"W03_FM_STIFFNESS_TRANSIENT","1987","1974","Can-Am — original","Dunlop","peer-reviewed paper","1"
"W03_FM_STIFFNESS_TRANSIENT","1972","1976","Group 4 Special GT — 1970-1981","Avon","supplier technical paper","1"
"W03_FM_STIFFNESS_TRANSIENT","1950","1959","Sports racing / prototypes — 1950-1963","Michelin","test methodology","1"
"W03_FM_STIFFNESS_TRANSIENT","1993","1996","Le Mans Prototype transition","Goodyear","government technical report","1"
"W03_FM_STIFFNESS_TRANSIENT","1977","1981","Formula 3 — 1974-1986","Bridgestone/other","test methodology","1"
"W03_FM_STIFFNESS_TRANSIENT","1960","1965","International rally — pre-WRC","Pirelli","government technical report","1"
"W03_FM_STIFFNESS_TRANSIENT","1997","2001","Formula 1 — 1990s radial slick/grooved transition","Firestone","test methodology","1"
"W03_FM_STIFFNESS_TRANSIENT","1982","1986","IMSA GTP","Goodyear","government technical report","1"
"W03_FM_STIFFNESS_TRANSIENT","1966","1971","General Racing Tire","Bridgestone/other","test methodology","1"
"W03_FM_STIFFNESS_TRANSIENT","2002","1972","Trans-Am — 1966-1972","Pirelli","government technical report","1"
"W03_FM_STIFFNESS_TRANSIENT","1987","1991","Historic Racing Reference","Firestone","test methodology","1"
"W03_FM_STIFFNESS_TRANSIENT","1992","1974","Can-Am — original","Michelin","government technical report","1"
"W03_FM_STIFFNESS_TRANSIENT","1977","1981","Group 4 Special GT — 1970-1981","Goodyear","test methodology","1"
"W03_FM_STIFFNESS_TRANSIENT","1960","1965","Historic Racing Reference","Bridgestone/other","technical paper","1"
"W03_FM_STIFFNESS_TRANSIENT","1997","2001","FIA GT — 1997-2009","Pirelli","thesis/dissertation","1"
"W03_FM_STIFFNESS_TRANSIENT","1982","1986","Formula 3 — 1974-1986","Firestone","technical paper","1"
"W03_FM_STIFFNESS_TRANSIENT","1966","1971","International rally — pre-WRC","Dunlop","thesis/dissertation","1"
"W03_FM_STIFFNESS_TRANSIENT","2002","2010","Formula 1 — grooved-to-slick-return era","Avon","technical paper","1"
"W03_FM_STIFFNESS_TRANSIENT","1987","1991","Group A touring — 1982-1992","Michelin","thesis/dissertation","1"
"W03_FM_STIFFNESS_TRANSIENT","1972","1976","General Tire Mechanics","Goodyear","technical paper","1"
"W03_FM_STIFFNESS_TRANSIENT","1950","1959","NASCAR stock car — 1950-1971","Bridgestone/other","thesis/dissertation","1"
"W03_FM_STIFFNESS_TRANSIENT","1992","1996","Historic Racing Reference","Pirelli","technical paper","1"
"W03_FM_STIFFNESS_TRANSIENT","1960","1963","Sports racing / prototypes — 1950-1963","Goodyear","technical paper","1"
"W03_FM_STIFFNESS_TRANSIENT","1997","1974","Can-Am — original","Bridgestone/other","thesis/dissertation","1"
"W03_FM_STIFFNESS_TRANSIENT","1982","1986","IMSA GT — 1982-1993","Pirelli","technical paper","1"
"W03_FM_STIFFNESS_TRANSIENT","1956","1959","Formula 2 — 1956-1960","Goodyear","supplier technical paper","1"
"W03_FM_STIFFNESS_TRANSIENT","1993","1996","DTM / ITC — Class 1","Bridgestone/other","peer-reviewed paper","1"
"W03_FM_STIFFNESS_TRANSIENT","1977","1981","General Tire Mechanics","Pirelli","supplier technical paper","1"
"W03_FM_STIFFNESS_TRANSIENT","1960","1965","NASCAR stock car — 1950-1971","Firestone","peer-reviewed paper","1"
"W03_FM_STIFFNESS_TRANSIENT","1997","2001","Historic Racing Reference","Dunlop","supplier technical paper","1"
"W03_FM_STIFFNESS_TRANSIENT","1982","1986","Group C","Avon","peer-reviewed paper","1"
"W03_FM_STIFFNESS_TRANSIENT","1966","1971","Sports racing / prototypes — 1964-1971","Michelin","supplier technical paper","1"
"W03_FM_STIFFNESS_TRANSIENT","2002","1974","Can-Am — original","Goodyear","peer-reviewed paper","1"
"W03_FM_STIFFNESS_TRANSIENT","1987","1991","Japanese GT / touring — pre-JGTC","Bridgestone/other","supplier technical paper","1"
"W03_FM_STIFFNESS_TRANSIENT","1977","1981","Group 4 Special GT — 1970-1981","Bridgestone/other","government technical report","1"
"W03_FM_STIFFNESS_TRANSIENT","1964","1965","Formula 2 — 1964-1966","Pirelli","test methodology","1"
"W03_FM_STIFFNESS_TRANSIENT","2000","2001","DTM — silhouette era","Firestone","government technical report","1"
"W03_FM_STIFFNESS_TRANSIENT","1982","1986","General Tire Mechanics","Dunlop","test methodology","1"
"W03_FM_STIFFNESS_TRANSIENT","1966","1971","NASCAR stock car — 1950-1971","Avon","government technical report","1"
"W03_FM_STIFFNESS_TRANSIENT","2002","2010","Historic Racing Reference","Michelin","test methodology","1"
"W03_FM_STIFFNESS_TRANSIENT","1987","1991","Trans-Am — 1982-2001","Goodyear","government technical report","1"
"W03_FM_STIFFNESS_TRANSIENT","1972","1976","Formula Ford — 1967-1976","Bridgestone/other","test methodology","1"
"W03_FM_STIFFNESS_TRANSIENT","1950","1959","Touring / saloon racing — pre-1963","Pirelli","government technical report","1"
"W03_FM_STIFFNESS_TRANSIENT","1994","1996","JGTC — 1994-1999 (GT1/GT2 terminology)","Firestone","test methodology","1"
"W03_FM_STIFFNESS_TRANSIENT","1960","1965","US GT / sports racing — pre-IMSA GT","Avon","thesis/dissertation","1"
"W03_FM_STIFFNESS_TRANSIENT","1997","2001","CART / Indy-car","Michelin","technical paper","1"
"W03_FM_STIFFNESS_TRANSIENT","1967","1971","Formula 2 — 1967-1971","Dunlop","technical paper","1"
"W03_FM_STIFFNESS_TRANSIENT","2002","2010","DTM — silhouette era","Avon","thesis/dissertation","1"
"W03_FM_STIFFNESS_TRANSIENT","1987","1991","Formula 1 — turbo/radial slick era","Michelin","technical paper","1"
"W03_FM_STIFFNESS_TRANSIENT","1950","1959","General Racing Tire","Bridgestone/other","technical paper","1"
"W03_FM_STIFFNESS_TRANSIENT","1992","1996","Trans-Am — 1982-2001","Pirelli","thesis/dissertation","1"
"W03_FM_STIFFNESS_TRANSIENT","1977","1981","Formula Ford — 1977-1981","Firestone","technical paper","1"
"W03_FM_STIFFNESS_TRANSIENT","1963","1965","Group 2 / ETCC — 1963-1969","Dunlop","thesis/dissertation","1"
"W03_FM_STIFFNESS_TRANSIENT","1997","1999","JGTC — 1994-1999 (GT1/GT2 terminology)","Avon","technical paper","1"
"W03_FM_STIFFNESS_TRANSIENT","1982","1986","Historic Racing Reference","Michelin","supplier technical paper","1"
"W03_FM_STIFFNESS_TRANSIENT","1966","1970","US GT / sports racing — pre-IMSA GT","Goodyear","peer-reviewed paper","1"
"W03_FM_STIFFNESS_TRANSIENT","2002","2003","CART / Indy-car","Bridgestone/other","supplier technical paper","1"
"W03_FM_STIFFNESS_TRANSIENT","1987","1991","Group C","Pirelli","peer-reviewed paper","1"
"W03_FM_STIFFNESS_TRANSIENT","1974","1976","Formula 3 — 1974-1986","Firestone","supplier technical paper","1"
"W03_FM_STIFFNESS_TRANSIENT","1950","1959","International rally — pre-WRC","Dunlop","peer-reviewed paper","1"
"W03_FM_STIFFNESS_TRANSIENT","1992","1996","Formula 1 — 1990s radial slick/grooved transition","Avon","supplier technical paper","1"
"W03_FM_STIFFNESS_TRANSIENT","1960","1965","General Racing Tire","Firestone","supplier technical paper","1"
"W03_FM_STIFFNESS_TRANSIENT","1997","2001","Trans-Am — 1982-2001","Dunlop","peer-reviewed paper","1"
"W03_FM_STIFFNESS_TRANSIENT","1982","1986","Formula Ford — 1982-1992","Avon","supplier technical paper","1"
"W03_FM_STIFFNESS_TRANSIENT","1966","1969","Group 2 / ETCC — 1963-1969","Michelin","peer-reviewed paper","1"
"W03_FM_STIFFNESS_TRANSIENT","2005","2010","SUPER GT — 2005-2010","Goodyear","supplier technical paper","1"
"W03_FM_STIFFNESS_TRANSIENT","1993","1996","Le Mans Prototype transition","Dunlop","government technical report","1"
"W03_FM_STIFFNESS_TRANSIENT","1977","1981","Formula 3 — 1974-1986","Avon","test methodology","1"
"W03_FM_STIFFNESS_TRANSIENT","1960","1965","International rally — pre-WRC","Michelin","government technical report","1"
"W03_FM_STIFFNESS_TRANSIENT","1997","2001","Formula 1 — 1990s radial slick/grooved transition","Goodyear","test methodology","1"
"W03_FM_STIFFNESS_TRANSIENT","1982","1986","IMSA GTP","Bridgestone/other","government technical report","1"
"W03_FM_STIFFNESS_TRANSIENT","1966","1971","General Racing Tire","Pirelli","test methodology","1"
"W03_FM_STIFFNESS_TRANSIENT","2002","1972","Trans-Am — 1966-1972","Firestone","government technical report","1"
"W03_FM_STIFFNESS_TRANSIENT","1987","1991","Historic Racing Reference","Dunlop","test methodology","1"
"W03_FM_STIFFNESS_TRANSIENT","1972","1976","Group 4 Special GT — 1970-1981","Avon","government technical report","1"
"W03_FM_STIFFNESS_TRANSIENT","1997","2001","FIA GT — 1997-2009","Michelin","thesis/dissertation","1"
"W03_FM_STIFFNESS_TRANSIENT","1982","1986","Formula 3 — 1974-1986","Goodyear","technical paper","1"
"W03_FM_STIFFNESS_TRANSIENT","1966","1971","International rally — pre-WRC","Bridgestone/other","thesis/dissertation","1"
"W03_FM_STIFFNESS_TRANSIENT","2002","2010","Formula 1 — grooved-to-slick-return era","Pirelli","technical paper","1"
"W03_FM_STIFFNESS_TRANSIENT","1987","1991","Group A touring — 1982-1992","Firestone","thesis/dissertation","1"
"W03_FM_STIFFNESS_TRANSIENT","1972","1976","General Tire Mechanics","Dunlop","technical paper","1"
"W03_FM_STIFFNESS_TRANSIENT","1950","1959","NASCAR stock car — 1950-1971","Avon","thesis/dissertation","1"
"W03_FM_STIFFNESS_TRANSIENT","1992","1996","Historic Racing Reference","Michelin","technical paper","1"
"W03_FM_STIFFNESS_TRANSIENT","1960","1963","Sports racing / prototypes — 1950-1963","Bridgestone/other","technical paper","1"
"W03_FM_STIFFNESS_TRANSIENT","1982","1986","IMSA GT — 1982-1993","Firestone","peer-reviewed paper","1"
"W03_FM_STIFFNESS_TRANSIENT","1966","1971","Sports racing / prototypes — 1964-1971","Dunlop","supplier technical paper","1"
"W03_FM_STIFFNESS_TRANSIENT","2002","2009","FIA GT — 1997-2009","Bridgestone/other","peer-reviewed paper","1"
"W03_FM_STIFFNESS_TRANSIENT","1987","1991","CART / Indy-car","Pirelli","supplier technical paper","1"
"W03_FM_STIFFNESS_TRANSIENT","1956","1959","Formula 2 — 1956-1960","Dunlop","supplier technical paper","1"
"W03_FM_STIFFNESS_TRANSIENT","1993","1996","DTM / ITC — Class 1","Avon","peer-reviewed paper","1"
"W03_FM_STIFFNESS_TRANSIENT","1977","1981","General Tire Mechanics","Michelin","supplier technical paper","1"
"W03_FM_STIFFNESS_TRANSIENT","1960","1965","NASCAR stock car — 1950-1971","Goodyear","peer-reviewed paper","1"
"W03_FM_STIFFNESS_TRANSIENT","1997","2001","Historic Racing Reference","Bridgestone/other","supplier technical paper","1"
"W03_FM_STIFFNESS_TRANSIENT","1982","1986","Group C","Pirelli","peer-reviewed paper","1"
"W03_FM_STIFFNESS_TRANSIENT","2002","1974","Can-Am — original","Dunlop","test methodology","1"
"W03_FM_STIFFNESS_TRANSIENT","1987","1991","Japanese GT / touring — pre-JGTC","Avon","government technical report","1"
"W03_FM_STIFFNESS_TRANSIENT","1972","1976","Sports racing / prototypes — 1972-1981","Michelin","test methodology","1"
"W03_FM_STIFFNESS_TRANSIENT","1950","1959","US GT / sports racing — pre-IMSA GT","Goodyear","government technical report","1"
"W03_FM_STIFFNESS_TRANSIENT","1992","1996","CART / Indy-car","Bridgestone/other","test methodology","1"
"W03_FM_STIFFNESS_TRANSIENT","1964","1965","Formula 2 — 1964-1966","Firestone","test methodology","1"
"W03_FM_STIFFNESS_TRANSIENT","2000","2001","DTM — silhouette era","Goodyear","government technical report","1"
"W03_FM_STIFFNESS_TRANSIENT","1982","1986","General Tire Mechanics","Bridgestone/other","test methodology","1"
"W03_FM_STIFFNESS_TRANSIENT","1966","1971","NASCAR stock car — 1950-1971","Pirelli","government technical report","1"
"W03_FM_STIFFNESS_TRANSIENT","2002","2010","Historic Racing Reference","Firestone","test methodology","1"
"W03_FM_STIFFNESS_TRANSIENT","1987","1991","Trans-Am — 1982-2001","Dunlop","government technical report","1"
"W03_FM_STIFFNESS_TRANSIENT","1972","1976","Formula Ford — 1967-1976","Avon","test methodology","1"
"W03_FM_STIFFNESS_TRANSIENT","1977","1981","Sports racing / prototypes — 1972-1981","Bridgestone/other","technical paper","1"
"W03_FM_STIFFNESS_TRANSIENT","1960","1965","US GT / sports racing — pre-IMSA GT","Pirelli","thesis/dissertation","1"
"W03_FM_STIFFNESS_TRANSIENT","1997","2001","CART / Indy-car","Firestone","technical paper","1"
"W03_FM_STIFFNESS_TRANSIENT","1982","1986","Group C","Dunlop","thesis/dissertation","1"
"W03_FM_STIFFNESS_TRANSIENT","1967","1971","Formula 2 — 1967-1971","Avon","technical paper","1"
"W03_FM_STIFFNESS_TRANSIENT","2002","2010","DTM — silhouette era","Michelin","thesis/dissertation","1"
"W03_FM_STIFFNESS_TRANSIENT","1987","1991","Formula 1 — turbo/radial slick era","Goodyear","technical paper","1"
"W03_FM_STIFFNESS_TRANSIENT","1950","1959","General Racing Tire","Pirelli","technical paper","1"
"W03_FM_STIFFNESS_TRANSIENT","1992","1996","Trans-Am — 1982-2001","Michelin","thesis/dissertation","1"
"W03_FM_STIFFNESS_TRANSIENT","1977","1981","Formula Ford — 1977-1981","Goodyear","technical paper","1"
"W03_FM_STIFFNESS_TRANSIENT","1966","1970","US GT / sports racing — pre-IMSA GT","Dunlop","peer-reviewed paper","1"
"W03_FM_STIFFNESS_TRANSIENT","2002","2003","CART / Indy-car","Avon","supplier technical paper","1"
"W03_FM_STIFFNESS_TRANSIENT","1987","1991","Group C","Michelin","peer-reviewed paper","1"
"W03_FM_STIFFNESS_TRANSIENT","1974","1976","Formula 3 — 1974-1986","Goodyear","supplier technical paper","1"
"W03_FM_STIFFNESS_TRANSIENT","1950","1959","International rally — pre-WRC","Bridgestone/other","peer-reviewed paper","1"
"W03_FM_STIFFNESS_TRANSIENT","1992","1996","Formula 1 — 1990s radial slick/grooved transition","Pirelli","supplier technical paper","1"
"W03_FM_STIFFNESS_TRANSIENT","1977","1981","Sports racing / prototypes — 1972-1981","Firestone","peer-reviewed paper","1"
"W03_FM_STIFFNESS_TRANSIENT","1960","1965","General Racing Tire","Dunlop","supplier technical paper","1"
"W03_FM_STIFFNESS_TRANSIENT","1997","2001","Trans-Am — 1982-2001","Avon","peer-reviewed paper","1"
"W03_FM_STIFFNESS_TRANSIENT","1982","1986","Formula Ford — 1982-1992","Michelin","supplier technical paper","1"
"W03_FM_STIFFNESS_TRANSIENT","2005","2010","SUPER GT — 2005-2010","Bridgestone/other","government technical report","1"
"W03_FM_STIFFNESS_TRANSIENT","1972","1976","Group 4 Special GT — 1970-1981","Michelin","government technical report","1"
"W03_FM_STIFFNESS_TRANSIENT","1950","1959","Sports racing / prototypes — 1950-1963","Goodyear","test methodology","1"
"W03_FM_STIFFNESS_TRANSIENT","1993","1996","Le Mans Prototype transition","Bridgestone/other","government technical report","1"
"W03_FM_STIFFNESS_TRANSIENT","1977","1981","Formula 3 — 1974-1986","Pirelli","test methodology","1"
"W03_FM_STIFFNESS_TRANSIENT","1960","1965","International rally — pre-WRC","Firestone","government technical report","1"
"W03_FM_STIFFNESS_TRANSIENT","1997","2001","Formula 1 — 1990s radial slick/grooved transition","Dunlop","test methodology","1"
"W03_FM_STIFFNESS_TRANSIENT","1982","1986","IMSA GTP","Avon","government technical report","1"
"W03_FM_STIFFNESS_TRANSIENT","1966","1971","General Racing Tire","Michelin","test methodology","1"
"W03_FM_STIFFNESS_TRANSIENT","2002","1972","Trans-Am — 1966-1972","Goodyear","government technical report","1"
"W03_FM_STIFFNESS_TRANSIENT","1987","1991","Historic Racing Reference","Bridgestone/other","test methodology","1"
"W03_FM_STIFFNESS_TRANSIENT","1992","1974","Can-Am — original","Dunlop","technical paper","1"
"W03_FM_STIFFNESS_TRANSIENT","1960","1965","Historic Racing Reference","Michelin","technical paper","1"
"W03_FM_STIFFNESS_TRANSIENT","1997","2001","FIA GT — 1997-2009","Goodyear","thesis/dissertation","1"
"W03_FM_STIFFNESS_TRANSIENT","1982","1986","Formula 3 — 1974-1986","Dunlop","technical paper","1"
"W03_FM_STIFFNESS_TRANSIENT","1966","1971","International rally — pre-WRC","Avon","thesis/dissertation","1"
"W03_FM_STIFFNESS_TRANSIENT","2002","2010","Formula 1 — grooved-to-slick-return era","Michelin","technical paper","1"
"W03_FM_STIFFNESS_TRANSIENT","1987","1991","Group A touring — 1982-1992","Goodyear","thesis/dissertation","1"
"W03_FM_STIFFNESS_TRANSIENT","1972","1976","General Tire Mechanics","Bridgestone/other","technical paper","1"
"W03_FM_STIFFNESS_TRANSIENT","1950","1959","NASCAR stock car — 1950-1971","Pirelli","thesis/dissertation","1"
"W03_FM_STIFFNESS_TRANSIENT","1992","1996","Historic Racing Reference","Firestone","technical paper","1"
"W03_FM_STIFFNESS_TRANSIENT","1960","1963","Sports racing / prototypes — 1950-1963","Avon","peer-reviewed paper","1"
"W03_FM_STIFFNESS_TRANSIENT","1997","1974","Can-Am — original","Michelin","supplier technical paper","1"
"W03_FM_STIFFNESS_TRANSIENT","1982","1986","IMSA GT — 1982-1993","Goodyear","peer-reviewed paper","1"
"W03_FM_STIFFNESS_TRANSIENT","2002","2009","FIA GT — 1997-2009","Pirelli","peer-reviewed paper","1"
"W03_FM_STIFFNESS_TRANSIENT","1987","1991","CART / Indy-car","Firestone","supplier technical paper","1"
"W03_FM_STIFFNESS_TRANSIENT","1956","1959","Formula 2 — 1956-1960","Avon","supplier technical paper","1"
"W03_FM_STIFFNESS_TRANSIENT","1993","1996","DTM / ITC — Class 1","Michelin","peer-reviewed paper","1"
"W03_FM_STIFFNESS_TRANSIENT","1977","1981","General Tire Mechanics","Firestone","supplier technical paper","1"
"W03_FM_STIFFNESS_TRANSIENT","1960","1965","NASCAR stock car — 1950-1971","Dunlop","peer-reviewed paper","1"
"W03_FM_STIFFNESS_TRANSIENT","1997","2001","Historic Racing Reference","Avon","supplier technical paper","1"
"W03_FM_STIFFNESS_TRANSIENT","1987","1991","Japanese GT / touring — pre-JGTC","Pirelli","government technical report","1"
"W03_FM_STIFFNESS_TRANSIENT","1972","1976","Sports racing / prototypes — 1972-1981","Firestone","test methodology","1"
"W03_FM_STIFFNESS_TRANSIENT","1950","1959","US GT / sports racing — pre-IMSA GT","Dunlop","government technical report","1"
"W03_FM_STIFFNESS_TRANSIENT","1992","1996","CART / Indy-car","Avon","test methodology","1"
"W03_FM_STIFFNESS_TRANSIENT","1977","1981","Group 4 Special GT — 1970-1981","Michelin","government technical report","1"
"W03_FM_STIFFNESS_TRANSIENT","1964","1965","Formula 2 — 1964-1966","Goodyear","test methodology","1"
"W03_FM_STIFFNESS_TRANSIENT","2000","2001","DTM — silhouette era","Bridgestone/other","government technical report","1"
"W03_FM_STIFFNESS_TRANSIENT","1982","1986","General Tire Mechanics","Pirelli","test methodology","1"
"W03_FM_STIFFNESS_TRANSIENT","1966","1971","NASCAR stock car — 1950-1971","Firestone","government technical report","1"
"W03_FM_STIFFNESS_TRANSIENT","2002","2010","Historic Racing Reference","Dunlop","test methodology","1"
"W03_FM_STIFFNESS_TRANSIENT","1994","1996","JGTC — 1994-1999 (GT1/GT2 terminology)","Dunlop","thesis/dissertation","1"
"W03_FM_STIFFNESS_TRANSIENT","1977","1981","Sports racing / prototypes — 1972-1981","Avon","technical paper","1"
"W03_FM_STIFFNESS_TRANSIENT","1960","1965","US GT / sports racing — pre-IMSA GT","Michelin","thesis/dissertation","1"
"W03_FM_STIFFNESS_TRANSIENT","1997","2001","CART / Indy-car","Goodyear","technical paper","1"
"W03_FM_STIFFNESS_TRANSIENT","1967","1971","Formula 2 — 1967-1971","Pirelli","technical paper","1"
"W03_FM_STIFFNESS_TRANSIENT","2002","2010","DTM — silhouette era","Firestone","thesis/dissertation","1"
"W03_FM_STIFFNESS_TRANSIENT","1992","1996","Trans-Am — 1982-2001","Goodyear","supplier technical paper","1"
"W03_FM_STIFFNESS_TRANSIENT","1977","1981","Formula Ford — 1977-1981","Bridgestone/other","peer-reviewed paper","1"
"W03_FM_STIFFNESS_TRANSIENT","1963","1965","Group 2 / ETCC — 1963-1969","Pirelli","supplier technical paper","1"
"W03_FM_STIFFNESS_TRANSIENT","1997","1999","JGTC — 1994-1999 (GT1/GT2 terminology)","Firestone","peer-reviewed paper","1"
"W03_FM_STIFFNESS_TRANSIENT","1982","1986","Historic Racing Reference","Dunlop","supplier technical paper","1"
"W03_FM_STIFFNESS_TRANSIENT","1966","1970","US GT / sports racing — pre-IMSA GT","Bridgestone/other","peer-reviewed paper","1"
"W03_FM_STIFFNESS_TRANSIENT","2002","2003","CART / Indy-car","Pirelli","supplier technical paper","1"
"W03_FM_STIFFNESS_TRANSIENT","1987","1991","Group C","Firestone","peer-reviewed paper","1"
"W03_FM_STIFFNESS_TRANSIENT","1974","1976","Formula 3 — 1974-1986","Dunlop","supplier technical paper","1"
"W03_FM_STIFFNESS_TRANSIENT","1950","1959","International rally — pre-WRC","Avon","peer-reviewed paper","1"
"W03_FM_STIFFNESS_TRANSIENT","1992","1996","Formula 1 — 1990s radial slick/grooved transition","Michelin","supplier technical paper","1"
"W03_FM_STIFFNESS_TRANSIENT","1960","1965","General Racing Tire","Bridgestone/other","supplier technical paper","1"
"W03_FM_STIFFNESS_TRANSIENT","1997","2001","Trans-Am — 1982-2001","Pirelli","test methodology","1"
"W03_FM_STIFFNESS_TRANSIENT","1982","1986","Formula Ford — 1982-1992","Firestone","government technical report","1"
"W03_FM_STIFFNESS_TRANSIENT","1966","1969","Group 2 / ETCC — 1963-1969","Dunlop","test methodology","1"
"W03_FM_STIFFNESS_TRANSIENT","2005","2010","SUPER GT — 2005-2010","Avon","government technical report","1"
"W03_FM_STIFFNESS_TRANSIENT","1987","1974","Can-Am — original","Michelin","test methodology","1"
"W03_FM_STIFFNESS_TRANSIENT","1993","1996","Le Mans Prototype transition","Pirelli","government technical report","1"
"W03_FM_STIFFNESS_TRANSIENT","1977","1981","Formula 3 — 1974-1986","Firestone","test methodology","1"
"W03_FM_STIFFNESS_TRANSIENT","1960","1965","International rally — pre-WRC","Goodyear","government technical report","1"
"W03_FM_STIFFNESS_TRANSIENT","1997","2001","Formula 1 — 1990s radial slick/grooved transition","Bridgestone/other","test methodology","1"
"W03_FM_STIFFNESS_TRANSIENT","1982","1986","IMSA GTP","Pirelli","government technical report","1"
"W03_FM_STIFFNESS_TRANSIENT","1966","1971","General Racing Tire","Firestone","test methodology","1"
"W03_FM_STIFFNESS_TRANSIENT","1992","1974","Can-Am — original","Bridgestone/other","technical paper","1"
"W03_FM_STIFFNESS_TRANSIENT","1960","1965","Historic Racing Reference","Firestone","technical paper","1"
"W03_FM_STIFFNESS_TRANSIENT","1997","2001","FIA GT — 1997-2009","Dunlop","thesis/dissertation","1"
"W03_FM_STIFFNESS_TRANSIENT","1982","1986","Formula 3 — 1974-1986","Avon","technical paper","1"
"W03_FM_STIFFNESS_TRANSIENT","1966","1971","International rally — pre-WRC","Michelin","thesis/dissertation","1"
"W03_FM_STIFFNESS_TRANSIENT","1960","1963","Sports racing / prototypes — 1950-1963","Pirelli","peer-reviewed paper","1"
"W03_FM_STIFFNESS_TRANSIENT","1997","1974","Can-Am — original","Firestone","supplier technical paper","1"
"W03_FM_STIFFNESS_TRANSIENT","1982","1986","IMSA GT — 1982-1993","Dunlop","peer-reviewed paper","1"
"W03_FM_STIFFNESS_TRANSIENT","2002","2009","FIA GT — 1997-2009","Michelin","peer-reviewed paper","1"
"W03_FM_STIFFNESS_TRANSIENT","1987","1991","CART / Indy-car","Goodyear","supplier technical paper","1"
"W03_FM_STIFFNESS_TRANSIENT","1972","1976","Group 4 Special GT — 1970-1981","Bridgestone/other","peer-reviewed paper","1"
"W03_FM_STIFFNESS_TRANSIENT","1997","2001","Historic Racing Reference","Michelin","government technical report","1"
"W03_FM_STIFFNESS_TRANSIENT","1982","1986","Group C","Goodyear","test methodology","1"
"W03_FM_STIFFNESS_TRANSIENT","1966","1971","Sports racing / prototypes — 1964-1971","Bridgestone/other","government technical report","1"
"W03_FM_STIFFNESS_TRANSIENT","2002","1974","Can-Am — original","Avon","test methodology","1"
"W03_FM_STIFFNESS_TRANSIENT","1987","1991","Japanese GT / touring — pre-JGTC","Michelin","government technical report","1"
"W03_FM_STIFFNESS_TRANSIENT","1972","1976","Sports racing / prototypes — 1972-1981","Goodyear","test methodology","1"
"W03_FM_STIFFNESS_TRANSIENT","1950","1959","US GT / sports racing — pre-IMSA GT","Bridgestone/other","government technical report","1"
"W03_FM_STIFFNESS_TRANSIENT","1992","1996","CART / Indy-car","Pirelli","test methodology","1"
"W03_FM_STIFFNESS_TRANSIENT","1964","1965","Formula 2 — 1964-1966","Dunlop","test methodology","1"
"W03_FM_STIFFNESS_TRANSIENT","2000","2001","DTM — silhouette era","Avon","government technical report","1"
"W03_FM_STIFFNESS_TRANSIENT","1982","1986","General Tire Mechanics","Michelin","test methodology","1"
"W03_FM_STIFFNESS_TRANSIENT","1966","1971","NASCAR stock car — 1950-1971","Goodyear","technical paper","1"
"W03_FM_STIFFNESS_TRANSIENT","2002","2010","Historic Racing Reference","Bridgestone/other","thesis/dissertation","1"
"W03_FM_STIFFNESS_TRANSIENT","1987","1991","Trans-Am — 1982-2001","Pirelli","technical paper","1"
"W03_FM_STIFFNESS_TRANSIENT","1972","1976","Formula Ford — 1967-1976","Firestone","thesis/dissertation","1"
"W03_FM_STIFFNESS_TRANSIENT","1950","1959","Touring / saloon racing — pre-1963","Dunlop","technical paper","1"
"W03_FM_STIFFNESS_TRANSIENT","1994","1996","JGTC — 1994-1999 (GT1/GT2 terminology)","Avon","thesis/dissertation","1"
"W03_FM_STIFFNESS_TRANSIENT","1977","1981","Sports racing / prototypes — 1972-1981","Michelin","technical paper","1"
"W03_FM_STIFFNESS_TRANSIENT","1960","1965","US GT / sports racing — pre-IMSA GT","Goodyear","thesis/dissertation","1"
"W03_FM_STIFFNESS_TRANSIENT","1997","2001","CART / Indy-car","Dunlop","technical paper","1"
"W03_FM_STIFFNESS_TRANSIENT","1967","1971","Formula 2 — 1967-1971","Michelin","technical paper","1"
"W03_FM_STIFFNESS_TRANSIENT","2002","2010","DTM — silhouette era","Goodyear","thesis/dissertation","1"
"W03_FM_STIFFNESS_TRANSIENT","1987","1991","Formula 1 — turbo/radial slick era","Bridgestone/other","technical paper","1"
"W03_FM_STIFFNESS_TRANSIENT","1977","1981","Formula Ford — 1977-1981","Avon","peer-reviewed paper","1"
"W03_FM_STIFFNESS_TRANSIENT","1963","1965","Group 2 / ETCC — 1963-1969","Michelin","supplier technical paper","1"
"W03_FM_STIFFNESS_TRANSIENT","1997","1999","JGTC — 1994-1999 (GT1/GT2 terminology)","Goodyear","peer-reviewed paper","1"
"W03_FM_STIFFNESS_TRANSIENT","1982","1986","Historic Racing Reference","Bridgestone/other","supplier technical paper","1"
"W03_FM_STIFFNESS_TRANSIENT","1966","1970","US GT / sports racing — pre-IMSA GT","Pirelli","peer-reviewed paper","1"
"W03_FM_STIFFNESS_TRANSIENT","2002","2003","CART / Indy-car","Firestone","supplier technical paper","1"
"W03_FM_STIFFNESS_TRANSIENT","1987","1991","Group C","Dunlop","peer-reviewed paper","1"
"W03_FM_STIFFNESS_TRANSIENT","1982","1986","Formula Ford — 1982-1992","Goodyear","government technical report","1"
"W03_FM_STIFFNESS_TRANSIENT","1966","1969","Group 2 / ETCC — 1963-1969","Bridgestone/other","test methodology","1"
"W03_FM_STIFFNESS_TRANSIENT","2005","2010","SUPER GT — 2005-2010","Pirelli","government technical report","1"
"W03_FM_STIFFNESS_TRANSIENT","1987","1974","Can-Am — original","Firestone","test methodology","1"
"W03_FM_STIFFNESS_TRANSIENT","1993","1996","Le Mans Prototype transition","Michelin","government technical report","1"
"W03_FM_STIFFNESS_TRANSIENT","1966","1971","General Racing Tire","Dunlop","thesis/dissertation","1"
"W03_FM_STIFFNESS_TRANSIENT","2002","1972","Trans-Am — 1966-1972","Avon","technical paper","1"
"W03_FM_STIFFNESS_TRANSIENT","1987","1991","Historic Racing Reference","Pirelli","thesis/dissertation","1"
"W03_FM_STIFFNESS_TRANSIENT","1992","1974","Can-Am — original","Avon","technical paper","1"
"W03_FM_STIFFNESS_TRANSIENT","1960","1965","Historic Racing Reference","Goodyear","technical paper","1"
"W03_FM_STIFFNESS_TRANSIENT","1997","2001","FIA GT — 1997-2009","Bridgestone/other","thesis/dissertation","1"
"W03_FM_STIFFNESS_TRANSIENT","1982","1986","Formula 3 — 1974-1986","Pirelli","technical paper","1"
"W03_FM_STIFFNESS_TRANSIENT","1966","1971","International rally — pre-WRC","Firestone","thesis/dissertation","1"
"W03_FM_STIFFNESS_TRANSIENT","1987","1991","Group A touring — 1982-1992","Avon","supplier technical paper","1"
"W03_FM_STIFFNESS_TRANSIENT","1972","1976","General Tire Mechanics","Michelin","peer-reviewed paper","1"
"W03_FM_STIFFNESS_TRANSIENT","1950","1959","NASCAR stock car — 1950-1971","Goodyear","supplier technical paper","1"
"W03_FM_STIFFNESS_TRANSIENT","1992","1996","Historic Racing Reference","Bridgestone/other","peer-reviewed paper","1"
"W03_FM_STIFFNESS_TRANSIENT","1977","1981","Group 4 Special GT — 1970-1981","Pirelli","supplier technical paper","1"
"W03_FM_STIFFNESS_TRANSIENT","1960","1963","Sports racing / prototypes — 1950-1963","Firestone","peer-reviewed paper","1"
"W03_FM_STIFFNESS_TRANSIENT","1997","1974","Can-Am — original","Dunlop","supplier technical paper","1"
"W03_FM_STIFFNESS_TRANSIENT","1982","1986","IMSA GT — 1982-1993","Bridgestone/other","peer-reviewed paper","1"
"W03_FM_STIFFNESS_TRANSIENT","1966","1971","Sports racing / prototypes — 1964-1971","Pirelli","supplier technical paper","1"
"W03_FM_STIFFNESS_TRANSIENT","2002","2009","FIA GT — 1997-2009","Firestone","peer-reviewed paper","1"
"W03_FM_STIFFNESS_TRANSIENT","1987","1991","CART / Indy-car","Dunlop","supplier technical paper","1"
"W03_FM_STIFFNESS_TRANSIENT","1956","1959","Formula 2 — 1956-1960","Michelin","supplier technical paper","1"
"W03_FM_STIFFNESS_TRANSIENT","1960","1965","NASCAR stock car — 1950-1971","Pirelli","test methodology","1"
"W03_FM_STIFFNESS_TRANSIENT","1997","2001","Historic Racing Reference","Firestone","government technical report","1"
"W03_FM_STIFFNESS_TRANSIENT","1982","1986","Group C","Dunlop","test methodology","1"
"W03_FM_STIFFNESS_TRANSIENT","2002","1974","Can-Am — original","Michelin","test methodology","1"
"W03_FM_STIFFNESS_TRANSIENT","1987","1991","Japanese GT / touring — pre-JGTC","Goodyear","government technical report","1"
"W03_FM_STIFFNESS_TRANSIENT","1972","1976","Sports racing / prototypes — 1972-1981","Bridgestone/other","test methodology","1"
"W03_FM_STIFFNESS_TRANSIENT","1950","1959","US GT / sports racing — pre-IMSA GT","Pirelli","government technical report","1"
"W03_FM_STIFFNESS_TRANSIENT","2002","2010","Historic Racing Reference","Avon","thesis/dissertation","1"
"W03_FM_STIFFNESS_TRANSIENT","1987","1991","Trans-Am — 1982-2001","Michelin","technical paper","1"
"W03_FM_STIFFNESS_TRANSIENT","1972","1976","Formula Ford — 1967-1976","Goodyear","thesis/dissertation","1"
"W03_FM_STIFFNESS_TRANSIENT","1950","1959","Touring / saloon racing — pre-1963","Bridgestone/other","technical paper","1"
"W03_FM_STIFFNESS_TRANSIENT","1994","1996","JGTC — 1994-1999 (GT1/GT2 terminology)","Pirelli","thesis/dissertation","1"
"W03_FM_STIFFNESS_TRANSIENT","1977","1981","Sports racing / prototypes — 1972-1981","Firestone","technical paper","1"
"W03_FM_STIFFNESS_TRANSIENT","1960","1965","US GT / sports racing — pre-IMSA GT","Dunlop","thesis/dissertation","1"
"W03_FM_STIFFNESS_TRANSIENT","1987","1991","Formula 1 — turbo/radial slick era","Pirelli","peer-reviewed paper","1"
"W03_FM_STIFFNESS_TRANSIENT","1950","1959","General Racing Tire","Goodyear","peer-reviewed paper","1"
"W03_FM_STIFFNESS_TRANSIENT","1992","1996","Trans-Am — 1982-2001","Bridgestone/other","supplier technical paper","1"
"W03_FM_STIFFNESS_TRANSIENT","1977","1981","Formula Ford — 1977-1981","Pirelli","peer-reviewed paper","1"
"W03_FM_STIFFNESS_TRANSIENT","1963","1965","Group 2 / ETCC — 1963-1969","Firestone","supplier technical paper","1"
"W03_FM_STIFFNESS_TRANSIENT","1997","1999","JGTC — 1994-1999 (GT1/GT2 terminology)","Dunlop","peer-reviewed paper","1"
"W03_FM_STIFFNESS_TRANSIENT","1982","1986","Historic Racing Reference","Avon","supplier technical paper","1"
"W03_FM_STIFFNESS_TRANSIENT","1966","1970","US GT / sports racing — pre-IMSA GT","Michelin","peer-reviewed paper","1"
"W03_FM_STIFFNESS_TRANSIENT","2002","2003","CART / Indy-car","Goodyear","supplier technical paper","1"
"W03_FM_STIFFNESS_TRANSIENT","1950","1959","International rally — pre-WRC","Firestone","test methodology","1"
"W03_FM_STIFFNESS_TRANSIENT","1992","1996","Formula 1 — 1990s radial slick/grooved transition","Dunlop","government technical report","1"
"W03_FM_STIFFNESS_TRANSIENT","1977","1981","Sports racing / prototypes — 1972-1981","Avon","test methodology","1"
"W03_FM_STIFFNESS_TRANSIENT","1960","1965","General Racing Tire","Michelin","government technical report","1"
"W03_FM_STIFFNESS_TRANSIENT","1997","2001","Trans-Am — 1982-2001","Goodyear","test methodology","1"
"W03_FM_STIFFNESS_TRANSIENT","1982","1986","Formula Ford — 1982-1992","Bridgestone/other","government technical report","1"
"W03_FM_STIFFNESS_TRANSIENT","1966","1969","Group 2 / ETCC — 1963-1969","Avon","test methodology","1"
"W03_FM_STIFFNESS_TRANSIENT","2005","2010","SUPER GT — 2005-2010","Michelin","government technical report","1"
"W03_FM_STIFFNESS_TRANSIENT","1987","1974","Can-Am — original","Goodyear","test methodology","1"
"W03_FM_STIFFNESS_TRANSIENT","1972","1976","Group 4 Special GT — 1970-1981","Bridgestone/other","government technical report","1"
"W03_FM_STIFFNESS_TRANSIENT","1993","1996","Le Mans Prototype transition","Firestone","government technical report","1"
"W03_FM_STIFFNESS_TRANSIENT","1977","1981","Formula 3 — 1974-1986","Dunlop","test methodology","1"
"W03_FM_STIFFNESS_TRANSIENT","1997","2001","Formula 1 — 1990s radial slick/grooved transition","Michelin","thesis/dissertation","1"
"W03_FM_STIFFNESS_TRANSIENT","1982","1986","IMSA GTP","Goodyear","technical paper","1"
"W03_FM_STIFFNESS_TRANSIENT","1966","1971","General Racing Tire","Bridgestone/other","thesis/dissertation","1"
"W03_FM_STIFFNESS_TRANSIENT","2002","1972","Trans-Am — 1966-1972","Pirelli","technical paper","1"
"W03_FM_STIFFNESS_TRANSIENT","1987","1991","Historic Racing Reference","Firestone","thesis/dissertation","1"
"W03_FM_STIFFNESS_TRANSIENT","1972","1976","Group 4 Special GT — 1970-1981","Dunlop","technical paper","1"
"W03_FM_STIFFNESS_TRANSIENT","1950","1959","Sports racing / prototypes — 1950-1963","Avon","thesis/dissertation","1"
"W03_FM_STIFFNESS_TRANSIENT","1992","1974","Can-Am — original","Michelin","technical paper","1"
"W03_FM_STIFFNESS_TRANSIENT","1960","1965","Historic Racing Reference","Dunlop","technical paper","1"
"W03_FM_STIFFNESS_TRANSIENT","1997","2001","FIA GT — 1997-2009","Avon","thesis/dissertation","1"
"W03_FM_STIFFNESS_TRANSIENT","1972","1976","General Tire Mechanics","Firestone","peer-reviewed paper","1"
"W03_FM_STIFFNESS_TRANSIENT","1950","1959","NASCAR stock car — 1950-1971","Dunlop","supplier technical paper","1"
"W03_FM_STIFFNESS_TRANSIENT","1992","1996","Historic Racing Reference","Avon","peer-reviewed paper","1"
"W03_FM_STIFFNESS_TRANSIENT","1960","1963","Sports racing / prototypes — 1950-1963","Goodyear","peer-reviewed paper","1"
"W03_FM_STIFFNESS_TRANSIENT","1997","1974","Can-Am — original","Bridgestone/other","supplier technical paper","1"
"W03_FM_STIFFNESS_TRANSIENT","1982","1986","IMSA GT — 1982-1993","Pirelli","peer-reviewed paper","1"
"W03_FM_STIFFNESS_TRANSIENT","1977","1981","General Tire Mechanics","Avon","government technical report","1"
"W03_FM_STIFFNESS_TRANSIENT","1960","1965","NASCAR stock car — 1950-1971","Michelin","test methodology","1"
"W03_FM_STIFFNESS_TRANSIENT","1997","2001","Historic Racing Reference","Goodyear","government technical report","1"
"W03_FM_STIFFNESS_TRANSIENT","1982","1986","Group C","Bridgestone/other","test methodology","1"
"W03_FM_STIFFNESS_TRANSIENT","2002","1974","Can-Am — original","Firestone","test methodology","1"
"W03_FM_STIFFNESS_TRANSIENT","1987","1991","Japanese GT / touring — pre-JGTC","Dunlop","government technical report","1"
"W03_FM_STIFFNESS_TRANSIENT","1977","1981","Group 4 Special GT — 1970-1981","Bridgestone/other","technical paper","1"
"W03_FM_STIFFNESS_TRANSIENT","1964","1965","Formula 2 — 1964-1966","Pirelli","thesis/dissertation","1"
"W03_FM_STIFFNESS_TRANSIENT","2000","2001","DTM — silhouette era","Firestone","technical paper","1"
"W03_FM_STIFFNESS_TRANSIENT","1982","1986","General Tire Mechanics","Dunlop","thesis/dissertation","1"
"W03_FM_STIFFNESS_TRANSIENT","1966","1971","NASCAR stock car — 1950-1971","Avon","technical paper","1"
"W03_FM_STIFFNESS_TRANSIENT","2002","2010","Historic Racing Reference","Pirelli","thesis/dissertation","1"
"W03_FM_STIFFNESS_TRANSIENT","1987","1991","Trans-Am — 1982-2001","Firestone","technical paper","1"
"W03_FM_STIFFNESS_TRANSIENT","1972","1976","Formula Ford — 1967-1976","Dunlop","thesis/dissertation","1"
"W03_FM_STIFFNESS_TRANSIENT","1950","1959","Touring / saloon racing — pre-1963","Avon","technical paper","1"
"W03_FM_STIFFNESS_TRANSIENT","1994","1996","JGTC — 1994-1999 (GT1/GT2 terminology)","Michelin","thesis/dissertation","1"
"W03_FM_STIFFNESS_TRANSIENT","1977","1981","Sports racing / prototypes — 1972-1981","Goodyear","technical paper","1"
"W03_FM_STIFFNESS_TRANSIENT","1960","1965","US GT / sports racing — pre-IMSA GT","Bridgestone/other","thesis/dissertation","1"
"W03_FM_STIFFNESS_TRANSIENT","1997","2001","CART / Indy-car","Pirelli","technical paper","1"
"W03_FM_STIFFNESS_TRANSIENT","1982","1986","Group C","Firestone","supplier technical paper","1"
"W03_FM_STIFFNESS_TRANSIENT","1967","1971","Formula 2 — 1967-1971","Dunlop","peer-reviewed paper","1"
"W03_FM_STIFFNESS_TRANSIENT","2002","2010","DTM — silhouette era","Avon","supplier technical paper","1"
"W03_FM_STIFFNESS_TRANSIENT","1987","1991","Formula 1 — turbo/radial slick era","Michelin","peer-reviewed paper","1"
"W03_FM_STIFFNESS_TRANSIENT","1972","1976","Sports racing / prototypes — 1972-1981","Goodyear","supplier technical paper","1"
"W03_FM_STIFFNESS_TRANSIENT","1950","1959","General Racing Tire","Bridgestone/other","peer-reviewed paper","1"
"W03_FM_STIFFNESS_TRANSIENT","1992","1996","Trans-Am — 1982-2001","Pirelli","supplier technical paper","1"
"W03_FM_STIFFNESS_TRANSIENT","1977","1981","Formula Ford — 1977-1981","Firestone","peer-reviewed paper","1"
"W03_FM_STIFFNESS_TRANSIENT","1963","1965","Group 2 / ETCC — 1963-1969","Dunlop","supplier technical paper","1"
"W03_FM_STIFFNESS_TRANSIENT","1997","1999","JGTC — 1994-1999 (GT1/GT2 terminology)","Bridgestone/other","peer-reviewed paper","1"
"W03_FM_STIFFNESS_TRANSIENT","1982","1986","Historic Racing Reference","Pirelli","supplier technical paper","1"
"W03_FM_STIFFNESS_TRANSIENT","1966","1970","US GT / sports racing — pre-IMSA GT","Firestone","peer-reviewed paper","1"
"W03_FM_STIFFNESS_TRANSIENT","1992","1996","Formula 1 — 1990s radial slick/grooved transition","Bridgestone/other","government technical report","1"
"W03_FM_STIFFNESS_TRANSIENT","1960","1965","General Racing Tire","Firestone","government technical report","1"
"W03_FM_STIFFNESS_TRANSIENT","1997","2001","Trans-Am — 1982-2001","Dunlop","test methodology","1"
"W03_FM_STIFFNESS_TRANSIENT","1982","1986","Formula Ford — 1982-1992","Avon","government technical report","1"
"W03_FM_STIFFNESS_TRANSIENT","1966","1969","Group 2 / ETCC — 1963-1969","Michelin","test methodology","1"
"W03_FM_STIFFNESS_TRANSIENT","2005","2010","SUPER GT — 2005-2010","Goodyear","government technical report","1"
"W03_FM_STIFFNESS_TRANSIENT","1997","2001","Formula 1 — 1990s radial slick/grooved transition","Firestone","thesis/dissertation","1"
"W03_FM_STIFFNESS_TRANSIENT","1982","1986","IMSA GTP","Dunlop","technical paper","1"
"W03_FM_STIFFNESS_TRANSIENT","1966","1971","General Racing Tire","Avon","thesis/dissertation","1"
"W03_FM_STIFFNESS_TRANSIENT","2002","1972","Trans-Am — 1966-1972","Michelin","technical paper","1"
"W03_FM_STIFFNESS_TRANSIENT","1987","1991","Historic Racing Reference","Goodyear","thesis/dissertation","1"
"W03_FM_STIFFNESS_TRANSIENT","1982","1986","Formula 3 — 1974-1986","Goodyear","peer-reviewed paper","1"
"W03_FM_STIFFNESS_TRANSIENT","1966","1971","International rally — pre-WRC","Bridgestone/other","supplier technical paper","1"
"W03_FM_STIFFNESS_TRANSIENT","2002","2010","Formula 1 — grooved-to-slick-return era","Pirelli","peer-reviewed paper","1"
"W03_FM_STIFFNESS_TRANSIENT","1987","1991","Group A touring — 1982-1992","Michelin","supplier technical paper","1"
"W03_FM_STIFFNESS_TRANSIENT","1972","1976","General Tire Mechanics","Goodyear","peer-reviewed paper","1"
"W03_FM_STIFFNESS_TRANSIENT","1950","1959","NASCAR stock car — 1950-1971","Bridgestone/other","supplier technical paper","1"
"W03_FM_STIFFNESS_TRANSIENT","1992","1996","Historic Racing Reference","Pirelli","peer-reviewed paper","1"
"W03_FM_STIFFNESS_TRANSIENT","1960","1963","Sports racing / prototypes — 1950-1963","Dunlop","peer-reviewed paper","1"
"W03_FM_STIFFNESS_TRANSIENT","1997","1974","Can-Am — original","Avon","supplier technical paper","1"
"W03_FM_STIFFNESS_TRANSIENT","1982","1986","IMSA GT — 1982-1993","Michelin","peer-reviewed paper","1"
"W03_FM_STIFFNESS_TRANSIENT","1966","1971","Sports racing / prototypes — 1964-1971","Goodyear","supplier technical paper","1"
"W03_FM_STIFFNESS_TRANSIENT","2002","2009","FIA GT — 1997-2009","Bridgestone/other","test methodology","1"
"W03_FM_STIFFNESS_TRANSIENT","1987","1991","CART / Indy-car","Pirelli","government technical report","1"
"W03_FM_STIFFNESS_TRANSIENT","1972","1976","Group 4 Special GT — 1970-1981","Firestone","test methodology","1"
"W03_FM_STIFFNESS_TRANSIENT","1956","1959","Formula 2 — 1956-1960","Dunlop","government technical report","1"
"W03_FM_STIFFNESS_TRANSIENT","1993","1996","DTM / ITC — Class 1","Avon","test methodology","1"
"W03_FM_STIFFNESS_TRANSIENT","1977","1981","General Tire Mechanics","Michelin","government technical report","1"
"W03_FM_STIFFNESS_TRANSIENT","1960","1965","NASCAR stock car — 1950-1971","Goodyear","test methodology","1"
"W03_FM_STIFFNESS_TRANSIENT","1997","2001","Historic Racing Reference","Bridgestone/other","government technical report","1"
"W03_FM_STIFFNESS_TRANSIENT","1982","1986","Group C","Avon","test methodology","1"
"W03_FM_STIFFNESS_TRANSIENT","2002","1974","Can-Am — original","Goodyear","test methodology","1"
"W03_FM_STIFFNESS_TRANSIENT","1987","1991","Japanese GT / touring — pre-JGTC","Bridgestone/other","government technical report","1"
"W03_FM_STIFFNESS_TRANSIENT","1972","1976","Sports racing / prototypes — 1972-1981","Pirelli","test methodology","1"
"W03_FM_STIFFNESS_TRANSIENT","1964","1965","Formula 2 — 1964-1966","Michelin","thesis/dissertation","1"
"W03_FM_STIFFNESS_TRANSIENT","2000","2001","DTM — silhouette era","Goodyear","technical paper","1"
"W03_FM_STIFFNESS_TRANSIENT","1982","1986","General Tire Mechanics","Bridgestone/other","thesis/dissertation","1"
"W03_FM_STIFFNESS_TRANSIENT","1966","1971","NASCAR stock car — 1950-1971","Pirelli","technical paper","1"
"W03_FM_STIFFNESS_TRANSIENT","2002","2010","Historic Racing Reference","Firestone","thesis/dissertation","1"
"W03_FM_STIFFNESS_TRANSIENT","1987","1991","Trans-Am — 1982-2001","Dunlop","technical paper","1"
"W03_FM_STIFFNESS_TRANSIENT","1972","1976","Formula Ford — 1967-1976","Avon","thesis/dissertation","1"
"W03_FM_STIFFNESS_TRANSIENT","1967","1971","Formula 2 — 1967-1971","Bridgestone/other","peer-reviewed paper","1"
"W03_FM_STIFFNESS_TRANSIENT","2002","2010","DTM — silhouette era","Pirelli","supplier technical paper","1"
"W03_FM_STIFFNESS_TRANSIENT","1987","1991","Formula 1 — turbo/radial slick era","Firestone","peer-reviewed paper","1"
"W03_FM_STIFFNESS_TRANSIENT","1950","1959","General Racing Tire","Avon","peer-reviewed paper","1"
"W03_FM_STIFFNESS_TRANSIENT","1992","1996","Trans-Am — 1982-2001","Michelin","supplier technical paper","1"
"W03_FM_STIFFNESS_TRANSIENT","1977","1981","Formula Ford — 1977-1981","Goodyear","peer-reviewed paper","1"
"W03_FM_STIFFNESS_TRANSIENT","2002","2003","CART / Indy-car","Avon","government technical report","1"
"W03_FM_STIFFNESS_TRANSIENT","1987","1991","Group C","Michelin","test methodology","1"
"W03_FM_STIFFNESS_TRANSIENT","1974","1976","Formula 3 — 1974-1986","Firestone","government technical report","1"
"W03_FM_STIFFNESS_TRANSIENT","1950","1959","International rally — pre-WRC","Dunlop","test methodology","1"
"W03_FM_STIFFNESS_TRANSIENT","1992","1996","Formula 1 — 1990s radial slick/grooved transition","Avon","government technical report","1"
"W03_FM_STIFFNESS_TRANSIENT","1977","1981","Sports racing / prototypes — 1972-1981","Michelin","test methodology","1"
"W03_FM_STIFFNESS_TRANSIENT","1960","1965","General Racing Tire","Goodyear","government technical report","1"
"W03_FM_STIFFNESS_TRANSIENT","1997","2001","Trans-Am — 1982-2001","Bridgestone/other","test methodology","1"
"W03_FM_STIFFNESS_TRANSIENT","1982","1986","Formula Ford — 1982-1992","Pirelli","government technical report","1"
"W03_FM_STIFFNESS_TRANSIENT","1966","1969","Group 2 / ETCC — 1963-1969","Firestone","test methodology","1"
"W03_FM_STIFFNESS_TRANSIENT","2005","2010","SUPER GT — 2005-2010","Dunlop","government technical report","1"
"W03_FM_STIFFNESS_TRANSIENT","1993","1996","Le Mans Prototype transition","Bridgestone/other","technical paper","1"
"W03_FM_STIFFNESS_TRANSIENT","1977","1981","Formula 3 — 1974-1986","Pirelli","thesis/dissertation","1"
"W03_FM_STIFFNESS_TRANSIENT","1960","1965","International rally — pre-WRC","Firestone","technical paper","1"
"W03_FM_STIFFNESS_TRANSIENT","1997","2001","Formula 1 — 1990s radial slick/grooved transition","Dunlop","thesis/dissertation","1"
"W03_FM_STIFFNESS_TRANSIENT","1982","1986","IMSA GTP","Avon","technical paper","1"
"W03_FM_STIFFNESS_TRANSIENT","1966","1971","General Racing Tire","Pirelli","thesis/dissertation","1"
"W03_FM_STIFFNESS_TRANSIENT","2002","1972","Trans-Am — 1966-1972","Firestone","technical paper","1"
"W03_FM_STIFFNESS_TRANSIENT","1987","1991","Historic Racing Reference","Dunlop","thesis/dissertation","1"
"W03_FM_STIFFNESS_TRANSIENT","1992","1974","Can-Am — original","Goodyear","technical paper","1"
"W03_FM_STIFFNESS_TRANSIENT","1997","2001","FIA GT — 1997-2009","Firestone","supplier technical paper","1"
"W03_FM_STIFFNESS_TRANSIENT","1982","1986","Formula 3 — 1974-1986","Dunlop","peer-reviewed paper","1"
"W03_FM_STIFFNESS_TRANSIENT","1966","1971","International rally — pre-WRC","Avon","supplier technical paper","1"
"W03_FM_STIFFNESS_TRANSIENT","2002","2010","Formula 1 — grooved-to-slick-return era","Michelin","peer-reviewed paper","1"
"W03_FM_STIFFNESS_TRANSIENT","1987","1991","Group A touring — 1982-1992","Goodyear","supplier technical paper","1"
"W03_FM_STIFFNESS_TRANSIENT","1972","1976","General Tire Mechanics","Bridgestone/other","peer-reviewed paper","1"
"W03_FM_STIFFNESS_TRANSIENT","1950","1959","NASCAR stock car — 1950-1971","Pirelli","supplier technical paper","1"
"W03_FM_STIFFNESS_TRANSIENT","1992","1996","Historic Racing Reference","Firestone","peer-reviewed paper","1"
"W03_FM_STIFFNESS_TRANSIENT","1960","1963","Sports racing / prototypes — 1950-1963","Bridgestone/other","peer-reviewed paper","1"
"W03_FM_STIFFNESS_TRANSIENT","1987","1991","CART / Indy-car","Michelin","government technical report","1"
"W03_FM_STIFFNESS_TRANSIENT","1972","1976","Group 4 Special GT — 1970-1981","Goodyear","test methodology","1"
"W03_FM_STIFFNESS_TRANSIENT","1956","1959","Formula 2 — 1956-1960","Bridgestone/other","government technical report","1"
"W03_FM_STIFFNESS_TRANSIENT","1993","1996","DTM / ITC — Class 1","Pirelli","test methodology","1"
"W03_FM_STIFFNESS_TRANSIENT","1977","1981","General Tire Mechanics","Firestone","government technical report","1"
"W03_FM_STIFFNESS_TRANSIENT","1960","1965","NASCAR stock car — 1950-1971","Dunlop","test methodology","1"
"W03_FM_STIFFNESS_TRANSIENT","1997","2001","Historic Racing Reference","Avon","government technical report","1"
"W03_FM_STIFFNESS_TRANSIENT","1992","1996","CART / Indy-car","Bridgestone/other","thesis/dissertation","1"
"W03_FM_STIFFNESS_TRANSIENT","1977","1981","Group 4 Special GT — 1970-1981","Pirelli","technical paper","1"
"W03_FM_STIFFNESS_TRANSIENT","1964","1965","Formula 2 — 1964-1966","Firestone","thesis/dissertation","1"
"W03_FM_STIFFNESS_TRANSIENT","2000","2001","DTM — silhouette era","Dunlop","technical paper","1"
"W03_FM_STIFFNESS_TRANSIENT","1982","1986","General Tire Mechanics","Avon","thesis/dissertation","1"
"W03_FM_STIFFNESS_TRANSIENT","1966","1971","NASCAR stock car — 1950-1971","Michelin","technical paper","1"
"W03_FM_STIFFNESS_TRANSIENT","2002","2010","Historic Racing Reference","Goodyear","thesis/dissertation","1"
"W03_FM_STIFFNESS_TRANSIENT","1987","1991","Trans-Am — 1982-2001","Bridgestone/other","technical paper","1"
"W03_FM_STIFFNESS_TRANSIENT","1994","1996","JGTC — 1994-1999 (GT1/GT2 terminology)","Dunlop","supplier technical paper","1"
"W03_FM_STIFFNESS_TRANSIENT","1960","1965","US GT / sports racing — pre-IMSA GT","Michelin","supplier technical paper","1"
"W03_FM_STIFFNESS_TRANSIENT","1997","2001","CART / Indy-car","Goodyear","peer-reviewed paper","1"
"W03_FM_STIFFNESS_TRANSIENT","1982","1986","Group C","Bridgestone/other","supplier technical paper","1"
"W03_FM_STIFFNESS_TRANSIENT","1967","1971","Formula 2 — 1967-1971","Pirelli","peer-reviewed paper","1"
"W03_FM_STIFFNESS_TRANSIENT","2002","2010","DTM — silhouette era","Michelin","supplier technical paper","1"
"W03_FM_STIFFNESS_TRANSIENT","1987","1991","Formula 1 — turbo/radial slick era","Goodyear","peer-reviewed paper","1"
"W03_FM_STIFFNESS_TRANSIENT","1972","1976","Sports racing / prototypes — 1972-1981","Bridgestone/other","supplier technical paper","1"
"W03_FM_STIFFNESS_TRANSIENT","1950","1959","General Racing Tire","Pirelli","peer-reviewed paper","1"
"W03_FM_STIFFNESS_TRANSIENT","1992","1996","Trans-Am — 1982-2001","Firestone","supplier technical paper","1"
"W03_FM_STIFFNESS_TRANSIENT","1977","1981","Formula Ford — 1977-1981","Dunlop","peer-reviewed paper","1"
"W03_FM_STIFFNESS_TRANSIENT","1963","1965","Group 2 / ETCC — 1963-1969","Avon","supplier technical paper","1"
"W03_FM_STIFFNESS_TRANSIENT","1982","1986","Historic Racing Reference","Goodyear","government technical report","1"
"W03_FM_STIFFNESS_TRANSIENT","1966","1970","US GT / sports racing — pre-IMSA GT","Bridgestone/other","test methodology","1"
"W03_FM_STIFFNESS_TRANSIENT","2002","2003","CART / Indy-car","Pirelli","government technical report","1"
"W03_FM_STIFFNESS_TRANSIENT","1987","1991","Group C","Firestone","test methodology","1"
"W03_FM_STIFFNESS_TRANSIENT","1974","1976","Formula 3 — 1974-1986","Dunlop","government technical report","1"
"W03_FM_STIFFNESS_TRANSIENT","1950","1959","International rally — pre-WRC","Avon","test methodology","1"
"W03_FM_STIFFNESS_TRANSIENT","1992","1996","Formula 1 — 1990s radial slick/grooved transition","Michelin","government technical report","1"
"W03_FM_STIFFNESS_TRANSIENT","1977","1981","Sports racing / prototypes — 1972-1981","Goodyear","test methodology","1"
"W03_FM_STIFFNESS_TRANSIENT","1960","1965","General Racing Tire","Bridgestone/other","government technical report","1"
"W03_FM_STIFFNESS_TRANSIENT","1997","2001","Trans-Am — 1982-2001","Avon","test methodology","1"
"W03_FM_STIFFNESS_TRANSIENT","1982","1986","Formula Ford — 1982-1992","Michelin","government technical report","1"
"W03_FM_STIFFNESS_TRANSIENT","1993","1996","Le Mans Prototype transition","Avon","technical paper","1"
"W03_FM_STIFFNESS_TRANSIENT","1977","1981","Formula 3 — 1974-1986","Michelin","thesis/dissertation","1"
"W03_FM_STIFFNESS_TRANSIENT","1960","1965","International rally — pre-WRC","Goodyear","technical paper","1"
"W03_FM_STIFFNESS_TRANSIENT","1997","2001","Formula 1 — 1990s radial slick/grooved transition","Bridgestone/other","thesis/dissertation","1"
"W03_FM_STIFFNESS_TRANSIENT","1982","1986","IMSA GTP","Pirelli","technical paper","1"
"W03_FM_STIFFNESS_TRANSIENT","1966","1971","General Racing Tire","Firestone","thesis/dissertation","1"
"W03_FM_STIFFNESS_TRANSIENT","1960","1965","Historic Racing Reference","Michelin","peer-reviewed paper","1"
"W03_FM_STIFFNESS_TRANSIENT","1997","2001","FIA GT — 1997-2009","Goodyear","supplier technical paper","1"
"W03_FM_STIFFNESS_TRANSIENT","1982","1986","Formula 3 — 1974-1986","Bridgestone/other","peer-reviewed paper","1"
"W03_FM_STIFFNESS_TRANSIENT","1966","1971","International rally — pre-WRC","Pirelli","supplier technical paper","1"
"W03_FM_STIFFNESS_TRANSIENT","2002","2010","Formula 1 — grooved-to-slick-return era","Firestone","peer-reviewed paper","1"
"W03_FM_STIFFNESS_TRANSIENT","1987","1991","Group A touring — 1982-1992","Dunlop","supplier technical paper","1"
"W03_FM_STIFFNESS_TRANSIENT","1972","1976","General Tire Mechanics","Avon","peer-reviewed paper","1"
"W03_FM_STIFFNESS_TRANSIENT","1960","1963","Sports racing / prototypes — 1950-1963","Pirelli","test methodology","1"
"W03_FM_STIFFNESS_TRANSIENT","1997","1974","Can-Am — original","Firestone","government technical report","1"
"W03_FM_STIFFNESS_TRANSIENT","1982","1986","IMSA GT — 1982-1993","Dunlop","test methodology","1"
"W03_FM_STIFFNESS_TRANSIENT","2002","2009","FIA GT — 1997-2009","Michelin","test methodology","1"
"W03_FM_STIFFNESS_TRANSIENT","1987","1991","CART / Indy-car","Firestone","government technical report","1"
"W03_FM_STIFFNESS_TRANSIENT","1972","1976","Group 4 Special GT — 1970-1981","Dunlop","test methodology","1"
"W03_FM_STIFFNESS_TRANSIENT","1956","1959","Formula 2 — 1956-1960","Avon","government technical report","1"
"W03_FM_STIFFNESS_TRANSIENT","1993","1996","DTM / ITC — Class 1","Michelin","test methodology","1"
"W03_FM_STIFFNESS_TRANSIENT","1977","1981","General Tire Mechanics","Goodyear","government technical report","1"
"W03_FM_STIFFNESS_TRANSIENT","1960","1965","NASCAR stock car — 1950-1971","Bridgestone/other","test methodology","1"
"W03_FM_STIFFNESS_TRANSIENT","1997","2001","Historic Racing Reference","Pirelli","government technical report","1"
"W03_FM_STIFFNESS_TRANSIENT","1982","1986","Group C","Firestone","test methodology","1"
"W03_FM_STIFFNESS_TRANSIENT","1966","1971","Sports racing / prototypes — 1964-1971","Dunlop","technical paper","1"
"W03_FM_STIFFNESS_TRANSIENT","2002","1974","Can-Am — original","Avon","thesis/dissertation","1"
"W03_FM_STIFFNESS_TRANSIENT","1987","1991","Japanese GT / touring — pre-JGTC","Michelin","technical paper","1"
"W03_FM_STIFFNESS_TRANSIENT","1950","1959","US GT / sports racing — pre-IMSA GT","Bridgestone/other","technical paper","1"
"W03_FM_STIFFNESS_TRANSIENT","1992","1996","CART / Indy-car","Pirelli","thesis/dissertation","1"
"W03_FM_STIFFNESS_TRANSIENT","1977","1981","Group 4 Special GT — 1970-1981","Firestone","technical paper","1"
"W03_FM_STIFFNESS_TRANSIENT","1964","1965","Formula 2 — 1964-1966","Dunlop","thesis/dissertation","1"
"W03_FM_STIFFNESS_TRANSIENT","2000","2001","DTM — silhouette era","Avon","technical paper","1"
"W03_FM_STIFFNESS_TRANSIENT","1982","1986","General Tire Mechanics","Pirelli","thesis/dissertation","1"
"W03_FM_STIFFNESS_TRANSIENT","1966","1971","NASCAR stock car — 1950-1971","Firestone","technical paper","1"
"W03_FM_STIFFNESS_TRANSIENT","2002","2010","Historic Racing Reference","Dunlop","thesis/dissertation","1"
"W03_FM_STIFFNESS_TRANSIENT","1977","1981","Sports racing / prototypes — 1972-1981","Pirelli","peer-reviewed paper","1"
"W03_FM_STIFFNESS_TRANSIENT","1960","1965","US GT / sports racing — pre-IMSA GT","Firestone","supplier technical paper","1"
"W03_FM_STIFFNESS_TRANSIENT","1997","2001","CART / Indy-car","Dunlop","peer-reviewed paper","1"
"W03_FM_STIFFNESS_TRANSIENT","1982","1986","Group C","Avon","supplier technical paper","1"
"W03_FM_STIFFNESS_TRANSIENT","1967","1971","Formula 2 — 1967-1971","Michelin","peer-reviewed paper","1"
"W03_FM_STIFFNESS_TRANSIENT","2002","2010","DTM — silhouette era","Goodyear","supplier technical paper","1"
"W03_FM_STIFFNESS_TRANSIENT","1987","1991","Formula 1 — turbo/radial slick era","Bridgestone/other","peer-reviewed paper","1"
"W03_FM_STIFFNESS_TRANSIENT","1982","1986","Historic Racing Reference","Dunlop","government technical report","1"
"W03_FM_STIFFNESS_TRANSIENT","1966","1970","US GT / sports racing — pre-IMSA GT","Avon","test methodology","1"
"W03_FM_STIFFNESS_TRANSIENT","2002","2003","CART / Indy-car","Michelin","government technical report","1"
"W03_FM_STIFFNESS_TRANSIENT","1987","1991","Group C","Goodyear","test methodology","1"
"W03_FM_STIFFNESS_TRANSIENT","1974","1976","Formula 3 — 1974-1986","Bridgestone/other","government technical report","1"
"W03_FM_STIFFNESS_TRANSIENT","1950","1959","International rally — pre-WRC","Pirelli","test methodology","1"
"W03_FM_STIFFNESS_TRANSIENT","1992","1996","Formula 1 — 1990s radial slick/grooved transition","Firestone","government technical report","1"
"W03_FM_STIFFNESS_TRANSIENT","1982","1986","Formula Ford — 1982-1992","Goodyear","technical paper","1"
"W03_FM_STIFFNESS_TRANSIENT","1966","1969","Group 2 / ETCC — 1963-1969","Bridgestone/other","thesis/dissertation","1"
"W03_FM_STIFFNESS_TRANSIENT","2005","2010","SUPER GT — 2005-2010","Pirelli","technical paper","1"
"W03_FM_STIFFNESS_TRANSIENT","1987","1974","Can-Am — original","Firestone","thesis/dissertation","1"
"W03_FM_STIFFNESS_TRANSIENT","1972","1976","Group 4 Special GT — 1970-1981","Goodyear","technical paper","1"
"W03_FM_STIFFNESS_TRANSIENT","1950","1959","Sports racing / prototypes — 1950-1963","Bridgestone/other","thesis/dissertation","1"
"W03_FM_STIFFNESS_TRANSIENT","1993","1996","Le Mans Prototype transition","Pirelli","technical paper","1"
"W03_FM_STIFFNESS_TRANSIENT","1977","1981","Formula 3 — 1974-1986","Firestone","thesis/dissertation","1"
"W03_FM_STIFFNESS_TRANSIENT","1960","1965","International rally — pre-WRC","Dunlop","technical paper","1"
"W03_FM_STIFFNESS_TRANSIENT","1997","2001","Formula 1 — 1990s radial slick/grooved transition","Avon","thesis/dissertation","1"
"W03_FM_STIFFNESS_TRANSIENT","1982","1986","IMSA GTP","Michelin","technical paper","1"
"W03_FM_STIFFNESS_TRANSIENT","1966","1971","General Racing Tire","Goodyear","thesis/dissertation","1"
"W03_FM_STIFFNESS_TRANSIENT","2002","1972","Trans-Am — 1966-1972","Bridgestone/other","technical paper","1"
"W03_FM_STIFFNESS_TRANSIENT","1987","1991","Historic Racing Reference","Pirelli","supplier technical paper","1"
"W03_FM_STIFFNESS_TRANSIENT","1992","1974","Can-Am — original","Avon","peer-reviewed paper","1"
"W03_FM_STIFFNESS_TRANSIENT","1960","1965","Historic Racing Reference","Goodyear","peer-reviewed paper","1"
"W03_FM_STIFFNESS_TRANSIENT","1997","2001","FIA GT — 1997-2009","Bridgestone/other","supplier technical paper","1"
"W03_FM_STIFFNESS_TRANSIENT","1982","1986","Formula 3 — 1974-1986","Pirelli","peer-reviewed paper","1"
"W03_FM_STIFFNESS_TRANSIENT","1966","1971","International rally — pre-WRC","Michelin","supplier technical paper","1"
"W03_FM_STIFFNESS_TRANSIENT","2002","2010","Formula 1 — grooved-to-slick-return era","Goodyear","peer-reviewed paper","1"
"W03_FM_STIFFNESS_TRANSIENT","1987","1991","Group A touring — 1982-1992","Bridgestone/other","supplier technical paper","1"
"W03_FM_STIFFNESS_TRANSIENT","1972","1976","General Tire Mechanics","Pirelli","peer-reviewed paper","1"
"W03_FM_STIFFNESS_TRANSIENT","1950","1959","NASCAR stock car — 1950-1971","Firestone","supplier technical paper","1"
"W03_FM_STIFFNESS_TRANSIENT","1997","1974","Can-Am — original","Goodyear","government technical report","1"
"W03_FM_STIFFNESS_TRANSIENT","1982","1986","IMSA GT — 1982-1993","Bridgestone/other","test methodology","1"
"W03_FM_STIFFNESS_TRANSIENT","2002","2009","FIA GT — 1997-2009","Firestone","test methodology","1"
"W03_FM_STIFFNESS_TRANSIENT","1987","1991","CART / Indy-car","Dunlop","government technical report","1"
"W03_FM_STIFFNESS_TRANSIENT","1972","1976","Group 4 Special GT — 1970-1981","Avon","test methodology","1"
"W03_FM_STIFFNESS_TRANSIENT","1956","1959","Formula 2 — 1956-1960","Michelin","government technical report","1"
"W03_FM_STIFFNESS_TRANSIENT","2002","1974","Can-Am — original","Pirelli","thesis/dissertation","1"
"W03_FM_STIFFNESS_TRANSIENT","1987","1991","Japanese GT / touring — pre-JGTC","Firestone","technical paper","1"
"W03_FM_STIFFNESS_TRANSIENT","1972","1976","Sports racing / prototypes — 1972-1981","Dunlop","thesis/dissertation","1"
"W03_FM_STIFFNESS_TRANSIENT","1950","1959","US GT / sports racing — pre-IMSA GT","Avon","technical paper","1"
"W03_FM_STIFFNESS_TRANSIENT","1992","1996","CART / Indy-car","Michelin","thesis/dissertation","1"
"W03_FM_STIFFNESS_TRANSIENT","1977","1981","Group 4 Special GT — 1970-1981","Goodyear","technical paper","1"
"W03_FM_STIFFNESS_TRANSIENT","1964","1965","Formula 2 — 1964-1966","Bridgestone/other","thesis/dissertation","1"
"W03_FM_STIFFNESS_TRANSIENT","2002","2010","Historic Racing Reference","Avon","supplier technical paper","1"
"W03_FM_STIFFNESS_TRANSIENT","1987","1991","Trans-Am — 1982-2001","Michelin","peer-reviewed paper","1"
"W03_FM_STIFFNESS_TRANSIENT","1972","1976","Formula Ford — 1967-1976","Goodyear","supplier technical paper","1"
"W03_FM_STIFFNESS_TRANSIENT","1950","1959","Touring / saloon racing — pre-1963","Dunlop","peer-reviewed paper","1"
"W03_FM_STIFFNESS_TRANSIENT","1994","1996","JGTC — 1994-1999 (GT1/GT2 terminology)","Avon","supplier technical paper","1"
"W03_FM_STIFFNESS_TRANSIENT","1960","1965","US GT / sports racing — pre-IMSA GT","Goodyear","supplier technical paper","1"
"W03_FM_STIFFNESS_TRANSIENT","1997","2001","CART / Indy-car","Bridgestone/other","peer-reviewed paper","1"
"W03_FM_STIFFNESS_TRANSIENT","1982","1986","Group C","Pirelli","supplier technical paper","1"
"W03_FM_STIFFNESS_TRANSIENT","1967","1971","Formula 2 — 1967-1971","Firestone","peer-reviewed paper","1"
"W03_FM_STIFFNESS_TRANSIENT","2002","2010","DTM — silhouette era","Dunlop","supplier technical paper","1"
"W03_FM_STIFFNESS_TRANSIENT","1987","1991","Formula 1 — turbo/radial slick era","Avon","peer-reviewed paper","1"
"W03_FM_STIFFNESS_TRANSIENT","1950","1959","General Racing Tire","Goodyear","test methodology","1"
"W03_FM_STIFFNESS_TRANSIENT","1992","1996","Trans-Am — 1982-2001","Bridgestone/other","government technical report","1"
"W03_FM_STIFFNESS_TRANSIENT","1977","1981","Formula Ford — 1977-1981","Pirelli","test methodology","1"
"W03_FM_STIFFNESS_TRANSIENT","1963","1965","Group 2 / ETCC — 1963-1969","Firestone","government technical report","1"
"W03_FM_STIFFNESS_TRANSIENT","1997","1999","JGTC — 1994-1999 (GT1/GT2 terminology)","Dunlop","test methodology","1"
"W03_FM_STIFFNESS_TRANSIENT","1982","1986","Historic Racing Reference","Avon","government technical report","1"
"W03_FM_STIFFNESS_TRANSIENT","1966","1970","US GT / sports racing — pre-IMSA GT","Michelin","test methodology","1"
"W03_FM_STIFFNESS_TRANSIENT","2002","2003","CART / Indy-car","Firestone","government technical report","1"
"W03_FM_STIFFNESS_TRANSIENT","1987","1991","Group C","Dunlop","test methodology","1"
"W03_FM_STIFFNESS_TRANSIENT","1974","1976","Formula 3 — 1974-1986","Avon","government technical report","1"
"W03_FM_STIFFNESS_TRANSIENT","1950","1959","International rally — pre-WRC","Michelin","test methodology","1"
"W03_FM_STIFFNESS_TRANSIENT","1992","1996","Formula 1 — 1990s radial slick/grooved transition","Goodyear","government technical report","1"
"W03_FM_STIFFNESS_TRANSIENT","1977","1981","Sports racing / prototypes — 1972-1981","Bridgestone/other","test methodology","1"
"W03_FM_STIFFNESS_TRANSIENT","1960","1965","General Racing Tire","Pirelli","technical paper","1"
"W03_FM_STIFFNESS_TRANSIENT","1997","2001","Trans-Am — 1982-2001","Firestone","thesis/dissertation","1"
"W03_FM_STIFFNESS_TRANSIENT","1982","1986","Formula Ford — 1982-1992","Dunlop","technical paper","1"
"W03_FM_STIFFNESS_TRANSIENT","1966","1969","Group 2 / ETCC — 1963-1969","Avon","thesis/dissertation","1"
"W03_FM_STIFFNESS_TRANSIENT","2005","2010","SUPER GT — 2005-2010","Michelin","technical paper","1"
"W03_FM_STIFFNESS_TRANSIENT","1987","1974","Can-Am — original","Goodyear","thesis/dissertation","1"
"W03_FM_STIFFNESS_TRANSIENT","1993","1996","Le Mans Prototype transition","Firestone","technical paper","1"
"W03_FM_STIFFNESS_TRANSIENT","1977","1981","Formula 3 — 1974-1986","Dunlop","thesis/dissertation","1"
"W03_FM_STIFFNESS_TRANSIENT","1997","2001","Formula 1 — 1990s radial slick/grooved transition","Pirelli","thesis/dissertation","1"
"W03_FM_STIFFNESS_TRANSIENT","1966","1971","General Racing Tire","Dunlop","supplier technical paper","1"
"W03_FM_STIFFNESS_TRANSIENT","2002","1972","Trans-Am — 1966-1972","Avon","peer-reviewed paper","1"
"W03_FM_STIFFNESS_TRANSIENT","1987","1991","Historic Racing Reference","Michelin","supplier technical paper","1"
"W03_FM_STIFFNESS_TRANSIENT","1992","1974","Can-Am — original","Pirelli","peer-reviewed paper","1"
"W03_FM_STIFFNESS_TRANSIENT","1960","1965","Historic Racing Reference","Dunlop","peer-reviewed paper","1"
"W03_FM_STIFFNESS_TRANSIENT","1997","2001","FIA GT — 1997-2009","Avon","supplier technical paper","1"
"W03_FM_STIFFNESS_TRANSIENT","1982","1986","Formula 3 — 1974-1986","Michelin","peer-reviewed paper","1"
"W03_FM_STIFFNESS_TRANSIENT","1972","1976","General Tire Mechanics","Firestone","test methodology","1"
"W03_FM_STIFFNESS_TRANSIENT","1950","1959","NASCAR stock car — 1950-1971","Dunlop","government technical report","1"
"W03_FM_STIFFNESS_TRANSIENT","1992","1996","Historic Racing Reference","Bridgestone/other","test methodology","1"
"W03_FM_STIFFNESS_TRANSIENT","1960","1963","Sports racing / prototypes — 1950-1963","Firestone","test methodology","1"
"W03_FM_STIFFNESS_TRANSIENT","1997","1974","Can-Am — original","Dunlop","government technical report","1"
"W03_FM_STIFFNESS_TRANSIENT","1982","1986","IMSA GT — 1982-1993","Avon","test methodology","1"
"W03_FM_STIFFNESS_TRANSIENT","2002","2009","FIA GT — 1997-2009","Goodyear","test methodology","1"
"W03_FM_STIFFNESS_TRANSIENT","1987","1991","CART / Indy-car","Bridgestone/other","government technical report","1"
"W03_FM_STIFFNESS_TRANSIENT","1972","1976","Group 4 Special GT — 1970-1981","Pirelli","test methodology","1"
"W03_FM_STIFFNESS_TRANSIENT","1977","1981","General Tire Mechanics","Avon","technical paper","1"
"W03_FM_STIFFNESS_TRANSIENT","1960","1965","NASCAR stock car — 1950-1971","Michelin","thesis/dissertation","1"
"W03_FM_STIFFNESS_TRANSIENT","1997","2001","Historic Racing Reference","Goodyear","technical paper","1"
"W03_FM_STIFFNESS_TRANSIENT","1966","1971","Sports racing / prototypes — 1964-1971","Pirelli","technical paper","1"
"W03_FM_STIFFNESS_TRANSIENT","2002","1974","Can-Am — original","Firestone","thesis/dissertation","1"
"W03_FM_STIFFNESS_TRANSIENT","1987","1991","Japanese GT / touring — pre-JGTC","Goodyear","technical paper","1"
"W03_FM_STIFFNESS_TRANSIENT","1950","1959","US GT / sports racing — pre-IMSA GT","Pirelli","technical paper","1"
"W03_FM_STIFFNESS_TRANSIENT","1992","1996","CART / Indy-car","Firestone","thesis/dissertation","1"
"W03_FM_STIFFNESS_TRANSIENT","1977","1981","Group 4 Special GT — 1970-1981","Dunlop","technical paper","1"
"W03_FM_STIFFNESS_TRANSIENT","1964","1965","Formula 2 — 1964-1966","Avon","thesis/dissertation","1"
"W03_FM_STIFFNESS_TRANSIENT","2000","2001","DTM — silhouette era","Michelin","technical paper","1"
"W03_FM_STIFFNESS_TRANSIENT","1982","1986","General Tire Mechanics","Goodyear","supplier technical paper","1"
"W03_FM_STIFFNESS_TRANSIENT","1966","1971","NASCAR stock car — 1950-1971","Bridgestone/other","peer-reviewed paper","1"
"W03_FM_STIFFNESS_TRANSIENT","2002","2010","Historic Racing Reference","Pirelli","supplier technical paper","1"
"W03_FM_STIFFNESS_TRANSIENT","1987","1991","Trans-Am — 1982-2001","Firestone","peer-reviewed paper","1"
"W03_FM_STIFFNESS_TRANSIENT","1972","1976","Formula Ford — 1967-1976","Dunlop","supplier technical paper","1"
"W03_FM_STIFFNESS_TRANSIENT","1950","1959","Touring / saloon racing — pre-1963","Avon","peer-reviewed paper","1"
"W03_FM_STIFFNESS_TRANSIENT","1994","1996","JGTC — 1994-1999 (GT1/GT2 terminology)","Michelin","supplier technical paper","1"
"W03_FM_STIFFNESS_TRANSIENT","1960","1965","US GT / sports racing — pre-IMSA GT","Bridgestone/other","supplier technical paper","1"
"W03_FM_STIFFNESS_TRANSIENT","1997","2001","CART / Indy-car","Pirelli","peer-reviewed paper","1"
"W03_FM_STIFFNESS_TRANSIENT","1982","1986","Group C","Michelin","supplier technical paper","1"
"W03_FM_STIFFNESS_TRANSIENT","1967","1971","Formula 2 — 1967-1971","Goodyear","peer-reviewed paper","1"
"W03_FM_STIFFNESS_TRANSIENT","1987","1991","Formula 1 — turbo/radial slick era","Pirelli","test methodology","1"
"W03_FM_STIFFNESS_TRANSIENT","1972","1976","Sports racing / prototypes — 1972-1981","Firestone","government technical report","1"
"W03_FM_STIFFNESS_TRANSIENT","1950","1959","General Racing Tire","Dunlop","test methodology","1"
"W03_FM_STIFFNESS_TRANSIENT","1992","1996","Trans-Am — 1982-2001","Avon","government technical report","1"
"W03_FM_STIFFNESS_TRANSIENT","1977","1981","Formula Ford — 1977-1981","Michelin","test methodology","1"
"W03_FM_STIFFNESS_TRANSIENT","1963","1965","Group 2 / ETCC — 1963-1969","Goodyear","government technical report","1"
"W03_FM_STIFFNESS_TRANSIENT","1997","1999","JGTC — 1994-1999 (GT1/GT2 terminology)","Bridgestone/other","test methodology","1"
"W03_FM_STIFFNESS_TRANSIENT","1982","1986","Historic Racing Reference","Pirelli","government technical report","1"
"W03_FM_STIFFNESS_TRANSIENT","1966","1970","US GT / sports racing — pre-IMSA GT","Firestone","test methodology","1"
"W03_FM_STIFFNESS_TRANSIENT","2002","2003","CART / Indy-car","Dunlop","government technical report","1"
"W03_FM_STIFFNESS_TRANSIENT","1992","1996","Formula 1 — 1990s radial slick/grooved transition","Bridgestone/other","technical paper","1"
"W03_FM_STIFFNESS_TRANSIENT","1977","1981","Sports racing / prototypes — 1972-1981","Avon","thesis/dissertation","1"
"W03_FM_STIFFNESS_TRANSIENT","1960","1965","General Racing Tire","Michelin","technical paper","1"
"W03_FM_STIFFNESS_TRANSIENT","1997","2001","Trans-Am — 1982-2001","Goodyear","thesis/dissertation","1"
"W03_FM_STIFFNESS_TRANSIENT","1982","1986","Formula Ford — 1982-1992","Bridgestone/other","technical paper","1"
"W03_FM_STIFFNESS_TRANSIENT","1966","1969","Group 2 / ETCC — 1963-1969","Pirelli","thesis/dissertation","1"
"W03_FM_STIFFNESS_TRANSIENT","2005","2010","SUPER GT — 2005-2010","Firestone","technical paper","1"
"W03_FM_STIFFNESS_TRANSIENT","1987","1974","Can-Am — original","Dunlop","thesis/dissertation","1"
"W03_FM_STIFFNESS_TRANSIENT","1997","2001","Formula 1 — 1990s radial slick/grooved transition","Firestone","supplier technical paper","1"
"W03_FM_STIFFNESS_TRANSIENT","1982","1986","IMSA GTP","Dunlop","peer-reviewed paper","1"
"W03_FM_STIFFNESS_TRANSIENT","1966","1971","General Racing Tire","Avon","supplier technical paper","1"
"W03_FM_STIFFNESS_TRANSIENT","2002","1972","Trans-Am — 1966-1972","Michelin","peer-reviewed paper","1"
"W03_FM_STIFFNESS_TRANSIENT","1987","1991","Historic Racing Reference","Goodyear","supplier technical paper","1"
"W03_FM_STIFFNESS_TRANSIENT","1950","1959","Sports racing / prototypes — 1950-1963","Avon","supplier technical paper","1"
"W03_FM_STIFFNESS_TRANSIENT","1992","1974","Can-Am — original","Michelin","peer-reviewed paper","1"
"W03_FM_STIFFNESS_TRANSIENT","1960","1965","Historic Racing Reference","Bridgestone/other","peer-reviewed paper","1"
"W03_FM_STIFFNESS_TRANSIENT","1997","2001","FIA GT — 1997-2009","Pirelli","supplier technical paper","1"
"W03_FM_STIFFNESS_TRANSIENT","1982","1986","Formula 3 — 1974-1986","Firestone","peer-reviewed paper","1"
"W03_FM_STIFFNESS_TRANSIENT","1966","1971","International rally — pre-WRC","Dunlop","supplier technical paper","1"
"W03_FM_STIFFNESS_TRANSIENT","2002","2010","Formula 1 — grooved-to-slick-return era","Avon","test methodology","1"
"W03_FM_STIFFNESS_TRANSIENT","1987","1991","Group A touring — 1982-1992","Michelin","government technical report","1"
"W03_FM_STIFFNESS_TRANSIENT","1972","1976","General Tire Mechanics","Goodyear","test methodology","1"
"W03_FM_STIFFNESS_TRANSIENT","1950","1959","NASCAR stock car — 1950-1971","Bridgestone/other","government technical report","1"
"W03_FM_STIFFNESS_TRANSIENT","1992","1996","Historic Racing Reference","Pirelli","test methodology","1"
"W03_FM_STIFFNESS_TRANSIENT","1960","1963","Sports racing / prototypes — 1950-1963","Dunlop","test methodology","1"
"W03_FM_STIFFNESS_TRANSIENT","1997","1974","Can-Am — original","Avon","government technical report","1"
"W03_FM_STIFFNESS_TRANSIENT","1982","1986","IMSA GT — 1982-1993","Michelin","test methodology","1"
"W03_FM_STIFFNESS_TRANSIENT","1966","1971","Sports racing / prototypes — 1964-1971","Firestone","government technical report","1"
"W03_FM_STIFFNESS_TRANSIENT","2002","2009","FIA GT — 1997-2009","Dunlop","test methodology","1"
"W03_FM_STIFFNESS_TRANSIENT","1987","1991","CART / Indy-car","Avon","government technical report","1"
"W03_FM_STIFFNESS_TRANSIENT","1956","1959","Formula 2 — 1956-1960","Goodyear","technical paper","1"
"W03_FM_STIFFNESS_TRANSIENT","1993","1996","DTM / ITC — Class 1","Bridgestone/other","thesis/dissertation","1"
"W03_FM_STIFFNESS_TRANSIENT","1977","1981","General Tire Mechanics","Pirelli","technical paper","1"
"W03_FM_STIFFNESS_TRANSIENT","1960","1965","NASCAR stock car — 1950-1971","Firestone","thesis/dissertation","1"
"W03_FM_STIFFNESS_TRANSIENT","1997","2001","Historic Racing Reference","Dunlop","technical paper","1"
"W03_FM_STIFFNESS_TRANSIENT","1966","1971","Sports racing / prototypes — 1964-1971","Michelin","technical paper","1"
"W03_FM_STIFFNESS_TRANSIENT","2002","1974","Can-Am — original","Goodyear","thesis/dissertation","1"
"W03_FM_STIFFNESS_TRANSIENT","1987","1991","Japanese GT / touring — pre-JGTC","Bridgestone/other","technical paper","1"
"W03_FM_STIFFNESS_TRANSIENT","1972","1976","Sports racing / prototypes — 1972-1981","Pirelli","thesis/dissertation","1"
"W03_FM_STIFFNESS_TRANSIENT","1964","1965","Formula 2 — 1964-1966","Pirelli","supplier technical paper","1"
"W03_FM_STIFFNESS_TRANSIENT","2000","2001","DTM — silhouette era","Firestone","peer-reviewed paper","1"
"W03_FM_STIFFNESS_TRANSIENT","1982","1986","General Tire Mechanics","Dunlop","supplier technical paper","1"
"W03_FM_STIFFNESS_TRANSIENT","1966","1971","NASCAR stock car — 1950-1971","Avon","peer-reviewed paper","1"
"W03_FM_STIFFNESS_TRANSIENT","2002","2010","Historic Racing Reference","Michelin","supplier technical paper","1"
"W03_FM_STIFFNESS_TRANSIENT","1987","1991","Trans-Am — 1982-2001","Goodyear","peer-reviewed paper","1"
"W03_FM_STIFFNESS_TRANSIENT","1972","1976","Formula Ford — 1967-1976","Bridgestone/other","supplier technical paper","1"
"W03_FM_STIFFNESS_TRANSIENT","1950","1959","Touring / saloon racing — pre-1963","Pirelli","peer-reviewed paper","1"
"W03_FM_STIFFNESS_TRANSIENT","1994","1996","JGTC — 1994-1999 (GT1/GT2 terminology)","Firestone","supplier technical paper","1"
"W03_FM_STIFFNESS_TRANSIENT","1967","1971","Formula 2 — 1967-1971","Bridgestone/other","test methodology","1"
"W03_FM_STIFFNESS_TRANSIENT","2002","2010","DTM — silhouette era","Pirelli","government technical report","1"
"W03_FM_STIFFNESS_TRANSIENT","1987","1991","Formula 1 — turbo/radial slick era","Firestone","test methodology","1"
"W03_FM_STIFFNESS_TRANSIENT","1972","1976","Sports racing / prototypes — 1972-1981","Dunlop","government technical report","1"
"W03_FM_STIFFNESS_TRANSIENT","1950","1959","General Racing Tire","Bridgestone/other","test methodology","1"
"W03_FM_STIFFNESS_TRANSIENT","1992","1996","Trans-Am — 1982-2001","Pirelli","government technical report","1"
"W03_FM_STIFFNESS_TRANSIENT","1977","1981","Formula Ford — 1977-1981","Firestone","test methodology","1"
"W03_FM_STIFFNESS_TRANSIENT","1963","1965","Group 2 / ETCC — 1963-1969","Dunlop","government technical report","1"
"W03_FM_STIFFNESS_TRANSIENT","1997","1999","JGTC — 1994-1999 (GT1/GT2 terminology)","Avon","test methodology","1"
"W03_FM_STIFFNESS_TRANSIENT","1982","1986","Historic Racing Reference","Michelin","government technical report","1"
"W03_FM_STIFFNESS_TRANSIENT","1966","1970","US GT / sports racing — pre-IMSA GT","Goodyear","test methodology","1"
"W03_FM_STIFFNESS_TRANSIENT","2002","2003","CART / Indy-car","Bridgestone/other","government technical report","1"
"W03_FM_STIFFNESS_TRANSIENT","1987","1991","Group C","Pirelli","test methodology","1"
"W03_FM_STIFFNESS_TRANSIENT","1974","1976","Formula 3 — 1974-1986","Firestone","technical paper","1"
"W03_FM_STIFFNESS_TRANSIENT","1950","1959","International rally — pre-WRC","Dunlop","thesis/dissertation","1"
"W03_FM_STIFFNESS_TRANSIENT","1992","1996","Formula 1 — 1990s radial slick/grooved transition","Avon","technical paper","1"
"W03_FM_STIFFNESS_TRANSIENT","1977","1981","Sports racing / prototypes — 1972-1981","Michelin","thesis/dissertation","1"
"W03_FM_STIFFNESS_TRANSIENT","1960","1965","General Racing Tire","Goodyear","technical paper","1"
"W03_FM_STIFFNESS_TRANSIENT","1997","2001","Trans-Am — 1982-2001","Bridgestone/other","thesis/dissertation","1"
"W03_FM_STIFFNESS_TRANSIENT","1982","1986","Formula Ford — 1982-1992","Pirelli","technical paper","1"
"W03_FM_STIFFNESS_TRANSIENT","1966","1969","Group 2 / ETCC — 1963-1969","Firestone","thesis/dissertation","1"
"W03_FM_STIFFNESS_TRANSIENT","2005","2010","SUPER GT — 2005-2010","Goodyear","technical paper","1"
"W03_FM_STIFFNESS_TRANSIENT","1987","1974","Can-Am — original","Bridgestone/other","thesis/dissertation","1"
"W03_FM_STIFFNESS_TRANSIENT","1993","1996","Le Mans Prototype transition","Dunlop","technical paper","1"
"W03_FM_STIFFNESS_TRANSIENT","1977","1981","Formula 3 — 1974-1986","Avon","supplier technical paper","1"
"W03_FM_STIFFNESS_TRANSIENT","1960","1965","International rally — pre-WRC","Michelin","peer-reviewed paper","1"
"W03_FM_STIFFNESS_TRANSIENT","1997","2001","Formula 1 — 1990s radial slick/grooved transition","Goodyear","supplier technical paper","1"
"W03_FM_STIFFNESS_TRANSIENT","1982","1986","IMSA GTP","Bridgestone/other","peer-reviewed paper","1"
"W03_FM_STIFFNESS_TRANSIENT","1966","1971","General Racing Tire","Pirelli","supplier technical paper","1"
"W03_FM_STIFFNESS_TRANSIENT","2002","1972","Trans-Am — 1966-1972","Firestone","peer-reviewed paper","1"
"W03_FM_STIFFNESS_TRANSIENT","1987","1991","Historic Racing Reference","Dunlop","supplier technical paper","1"
"W03_FM_STIFFNESS_TRANSIENT","1950","1959","Sports racing / prototypes — 1950-1963","Michelin","supplier technical paper","1"
"W03_FM_STIFFNESS_TRANSIENT","1992","1974","Can-Am — original","Goodyear","peer-reviewed paper","1"
"W03_FM_STIFFNESS_TRANSIENT","1982","1986","Formula 3 — 1974-1986","Goodyear","test methodology","1"
"W03_FM_STIFFNESS_TRANSIENT","1966","1971","International rally — pre-WRC","Bridgestone/other","government technical report","1"
"W03_FM_STIFFNESS_TRANSIENT","2002","2010","Formula 1 — grooved-to-slick-return era","Pirelli","test methodology","1"
"W03_FM_STIFFNESS_TRANSIENT","1987","1991","Group A touring — 1982-1992","Firestone","government technical report","1"
"W03_FM_STIFFNESS_TRANSIENT","1972","1976","General Tire Mechanics","Dunlop","test methodology","1"
"W03_FM_STIFFNESS_TRANSIENT","1950","1959","NASCAR stock car — 1950-1971","Avon","government technical report","1"
"W03_FM_STIFFNESS_TRANSIENT","1992","1996","Historic Racing Reference","Michelin","test methodology","1"
"W03_FM_STIFFNESS_TRANSIENT","1960","1963","Sports racing / prototypes — 1950-1963","Bridgestone/other","test methodology","1"
"W03_FM_STIFFNESS_TRANSIENT","1997","1974","Can-Am — original","Pirelli","government technical report","1"
"W03_FM_STIFFNESS_TRANSIENT","1987","1991","CART / Indy-car","Michelin","technical paper","1"
"W03_FM_STIFFNESS_TRANSIENT","1972","1976","Group 4 Special GT — 1970-1981","Goodyear","thesis/dissertation","1"
"W03_FM_STIFFNESS_TRANSIENT","1956","1959","Formula 2 — 1956-1960","Bridgestone/other","technical paper","1"
"W03_FM_STIFFNESS_TRANSIENT","1993","1996","DTM / ITC — Class 1","Avon","thesis/dissertation","1"
"W03_FM_STIFFNESS_TRANSIENT","1977","1981","General Tire Mechanics","Michelin","technical paper","1"
"W03_FM_STIFFNESS_TRANSIENT","1960","1965","NASCAR stock car — 1950-1971","Goodyear","thesis/dissertation","1"
"W03_FM_STIFFNESS_TRANSIENT","1997","2001","Historic Racing Reference","Bridgestone/other","technical paper","1"
"W03_FM_STIFFNESS_TRANSIENT","1982","1986","Group C","Pirelli","thesis/dissertation","1"
"W03_FM_STIFFNESS_TRANSIENT","1966","1971","Sports racing / prototypes — 1964-1971","Firestone","technical paper","1"
"W03_FM_STIFFNESS_TRANSIENT","2002","1974","Can-Am — original","Dunlop","thesis/dissertation","1"
"W03_FM_STIFFNESS_TRANSIENT","1987","1991","Japanese GT / touring — pre-JGTC","Avon","technical paper","1"
"W03_FM_STIFFNESS_TRANSIENT","1992","1996","CART / Indy-car","Bridgestone/other","supplier technical paper","1"
"W03_FM_STIFFNESS_TRANSIENT","1977","1981","Group 4 Special GT — 1970-1981","Pirelli","peer-reviewed paper","1"
"W03_FM_STIFFNESS_TRANSIENT","1964","1965","Formula 2 — 1964-1966","Firestone","supplier technical paper","1"
"W03_FM_STIFFNESS_TRANSIENT","2000","2001","DTM — silhouette era","Dunlop","peer-reviewed paper","1"
"W03_FM_STIFFNESS_TRANSIENT","1982","1986","General Tire Mechanics","Avon","supplier technical paper","1"
"W03_FM_STIFFNESS_TRANSIENT","1966","1971","NASCAR stock car — 1950-1971","Michelin","peer-reviewed paper","1"
"W03_FM_STIFFNESS_TRANSIENT","2002","2010","Historic Racing Reference","Goodyear","supplier technical paper","1"
"W03_FM_STIFFNESS_TRANSIENT","1987","1991","Trans-Am — 1982-2001","Dunlop","peer-reviewed paper","1"
"W03_FM_STIFFNESS_TRANSIENT","1972","1976","Formula Ford — 1967-1976","Avon","supplier technical paper","1"
"W03_FM_STIFFNESS_TRANSIENT","1950","1959","Touring / saloon racing — pre-1963","Michelin","peer-reviewed paper","1"
"W03_FM_STIFFNESS_TRANSIENT","1994","1996","JGTC — 1994-1999 (GT1/GT2 terminology)","Goodyear","supplier technical paper","1"
"W03_FM_STIFFNESS_TRANSIENT","1960","1965","US GT / sports racing — pre-IMSA GT","Pirelli","supplier technical paper","1"
"W03_FM_STIFFNESS_TRANSIENT","1997","2001","CART / Indy-car","Firestone","test methodology","1"
"W03_FM_STIFFNESS_TRANSIENT","1982","1986","Group C","Dunlop","government technical report","1"
"W03_FM_STIFFNESS_TRANSIENT","1967","1971","Formula 2 — 1967-1971","Avon","test methodology","1"
"W03_FM_STIFFNESS_TRANSIENT","2002","2010","DTM — silhouette era","Michelin","government technical report","1"
"W03_FM_STIFFNESS_TRANSIENT","1987","1991","Formula 1 — turbo/radial slick era","Goodyear","test methodology","1"
"W03_FM_STIFFNESS_TRANSIENT","1972","1976","Sports racing / prototypes — 1972-1981","Bridgestone/other","government technical report","1"
"W03_FM_STIFFNESS_TRANSIENT","1950","1959","General Racing Tire","Pirelli","test methodology","1"
"W03_FM_STIFFNESS_TRANSIENT","1992","1996","Trans-Am — 1982-2001","Firestone","government technical report","1"
"W03_FM_STIFFNESS_TRANSIENT","1977","1981","Formula Ford — 1977-1981","Dunlop","test methodology","1"
"W03_FM_STIFFNESS_TRANSIENT","1963","1965","Group 2 / ETCC — 1963-1969","Avon","government technical report","1"
"W03_FM_STIFFNESS_TRANSIENT","1982","1986","Historic Racing Reference","Firestone","government technical report","1"
"W03_FM_STIFFNESS_TRANSIENT","2002","2003","CART / Indy-car","Avon","technical paper","1"
"W03_FM_STIFFNESS_TRANSIENT","1987","1991","Group C","Michelin","thesis/dissertation","1"
"W03_FM_STIFFNESS_TRANSIENT","1974","1976","Formula 3 — 1974-1986","Goodyear","technical paper","1"
"W03_FM_STIFFNESS_TRANSIENT","1950","1959","International rally — pre-WRC","Bridgestone/other","thesis/dissertation","1"
"W03_FM_STIFFNESS_TRANSIENT","1992","1996","Formula 1 — 1990s radial slick/grooved transition","Pirelli","technical paper","1"
"W03_FM_STIFFNESS_TRANSIENT","1977","1981","Sports racing / prototypes — 1972-1981","Firestone","thesis/dissertation","1"
"W03_FM_STIFFNESS_TRANSIENT","1960","1965","General Racing Tire","Dunlop","technical paper","1"
"W03_FM_STIFFNESS_TRANSIENT","1997","2001","Trans-Am — 1982-2001","Avon","thesis/dissertation","1"
"W03_FM_STIFFNESS_TRANSIENT","1982","1986","Formula Ford — 1982-1992","Michelin","technical paper","1"
"W03_FM_STIFFNESS_TRANSIENT","1966","1969","Group 2 / ETCC — 1963-1969","Goodyear","thesis/dissertation","1"
"W03_FM_STIFFNESS_TRANSIENT","1993","1996","Le Mans Prototype transition","Avon","peer-reviewed paper","1"
"W03_FM_STIFFNESS_TRANSIENT","1977","1981","Formula 3 — 1974-1986","Pirelli","supplier technical paper","1"
"W03_FM_STIFFNESS_TRANSIENT","1960","1965","International rally — pre-WRC","Firestone","peer-reviewed paper","1"
"W03_FM_STIFFNESS_TRANSIENT","1997","2001","Formula 1 — 1990s radial slick/grooved transition","Dunlop","supplier technical paper","1"
"W03_FM_STIFFNESS_TRANSIENT","1982","1986","IMSA GTP","Avon","peer-reviewed paper","1"
"W03_FM_STIFFNESS_TRANSIENT","1966","1971","General Racing Tire","Michelin","supplier technical paper","1"
"W03_FM_STIFFNESS_TRANSIENT","2002","1972","Trans-Am — 1966-1972","Goodyear","peer-reviewed paper","1"
"W03_FM_STIFFNESS_TRANSIENT","1987","1991","Historic Racing Reference","Bridgestone/other","supplier technical paper","1"
"W03_FM_STIFFNESS_TRANSIENT","1950","1959","Sports racing / prototypes — 1950-1963","Firestone","supplier technical paper","1"
"W03_FM_STIFFNESS_TRANSIENT","1960","1965","Historic Racing Reference","Michelin","test methodology","1"
"W03_FM_STIFFNESS_TRANSIENT","1997","2001","FIA GT — 1997-2009","Goodyear","government technical report","1"
"W03_FM_STIFFNESS_TRANSIENT","1982","1986","Formula 3 — 1974-1986","Bridgestone/other","test methodology","1"
"W03_FM_STIFFNESS_TRANSIENT","1966","1971","International rally — pre-WRC","Pirelli","government technical report","1"
"W03_FM_STIFFNESS_TRANSIENT","2002","2010","Formula 1 — grooved-to-slick-return era","Firestone","test methodology","1"
"W03_FM_STIFFNESS_TRANSIENT","1987","1991","Group A touring — 1982-1992","Dunlop","government technical report","1"
"W03_FM_STIFFNESS_TRANSIENT","1972","1976","General Tire Mechanics","Bridgestone/other","test methodology","1"
"W03_FM_STIFFNESS_TRANSIENT","1950","1959","NASCAR stock car — 1950-1971","Pirelli","government technical report","1"
"W03_FM_STIFFNESS_TRANSIENT","1992","1996","Historic Racing Reference","Firestone","test methodology","1"
"W03_FM_STIFFNESS_TRANSIENT","1960","1963","Sports racing / prototypes — 1950-1963","Avon","test methodology","1"
"W03_FM_STIFFNESS_TRANSIENT","1997","1974","Can-Am — original","Michelin","government technical report","1"
"W03_FM_STIFFNESS_TRANSIENT","1982","1986","IMSA GT — 1982-1993","Goodyear","test methodology","1"
"W03_FM_STIFFNESS_TRANSIENT","2002","2009","FIA GT — 1997-2009","Pirelli","thesis/dissertation","1"
"W03_FM_STIFFNESS_TRANSIENT","1987","1991","CART / Indy-car","Firestone","technical paper","1"
"W03_FM_STIFFNESS_TRANSIENT","1972","1976","Group 4 Special GT — 1970-1981","Dunlop","thesis/dissertation","1"
"W03_FM_STIFFNESS_TRANSIENT","1956","1959","Formula 2 — 1956-1960","Avon","technical paper","1"
"W03_FM_STIFFNESS_TRANSIENT","1993","1996","DTM / ITC — Class 1","Michelin","thesis/dissertation","1"
"W03_FM_STIFFNESS_TRANSIENT","1977","1981","General Tire Mechanics","Goodyear","technical paper","1"
"W03_FM_STIFFNESS_TRANSIENT","1960","1965","NASCAR stock car — 1950-1971","Bridgestone/other","thesis/dissertation","1"
"W03_FM_STIFFNESS_TRANSIENT","1997","2001","Historic Racing Reference","Pirelli","technical paper","1"
"W03_FM_STIFFNESS_TRANSIENT","1982","1986","Group C","Firestone","thesis/dissertation","1"
"W03_FM_STIFFNESS_TRANSIENT","1966","1971","Sports racing / prototypes — 1964-1971","Goodyear","technical paper","1"
"W03_FM_STIFFNESS_TRANSIENT","2002","1974","Can-Am — original","Bridgestone/other","thesis/dissertation","1"
"W03_FM_STIFFNESS_TRANSIENT","1972","1976","Sports racing / prototypes — 1972-1981","Firestone","supplier technical paper","1"
"W03_FM_STIFFNESS_TRANSIENT","1950","1959","US GT / sports racing — pre-IMSA GT","Dunlop","peer-reviewed paper","1"
"W03_FM_STIFFNESS_TRANSIENT","1992","1996","CART / Indy-car","Avon","supplier technical paper","1"
"W03_FM_STIFFNESS_TRANSIENT","1977","1981","Group 4 Special GT — 1970-1981","Michelin","peer-reviewed paper","1"
"W03_FM_STIFFNESS_TRANSIENT","1964","1965","Formula 2 — 1964-1966","Goodyear","supplier technical paper","1"
"W03_FM_STIFFNESS_TRANSIENT","2000","2001","DTM — silhouette era","Bridgestone/other","peer-reviewed paper","1"
"W03_FM_STIFFNESS_TRANSIENT","1982","1986","General Tire Mechanics","Pirelli","supplier technical paper","1"
"W03_FM_STIFFNESS_TRANSIENT","1966","1971","NASCAR stock car — 1950-1971","Firestone","peer-reviewed paper","1"
"W03_FM_STIFFNESS_TRANSIENT","2002","2010","Historic Racing Reference","Dunlop","supplier technical paper","1"
"W03_FM_STIFFNESS_TRANSIENT","1987","1991","Trans-Am — 1982-2001","Avon","peer-reviewed paper","1"
"W03_FM_STIFFNESS_TRANSIENT","1960","1965","US GT / sports racing — pre-IMSA GT","Michelin","government technical report","1"
"W03_FM_STIFFNESS_TRANSIENT","1997","2001","CART / Indy-car","Goodyear","test methodology","1"
"W03_FM_STIFFNESS_TRANSIENT","1982","1986","Group C","Bridgestone/other","government technical report","1"
"W03_FM_STIFFNESS_TRANSIENT","1967","1971","Formula 2 — 1967-1971","Pirelli","test methodology","1"
"W03_FM_STIFFNESS_TRANSIENT","2002","2010","DTM — silhouette era","Firestone","government technical report","1"
"W03_FM_STIFFNESS_TRANSIENT","1987","1991","Formula 1 — turbo/radial slick era","Dunlop","test methodology","1"
"W03_FM_STIFFNESS_TRANSIENT","1972","1976","Sports racing / prototypes — 1972-1981","Avon","government technical report","1"
"W03_FM_STIFFNESS_TRANSIENT","1950","1959","General Racing Tire","Michelin","test methodology","1"
"W03_FM_STIFFNESS_TRANSIENT","1992","1996","Trans-Am — 1982-2001","Goodyear","government technical report","1"
"W03_FM_STIFFNESS_TRANSIENT","1982","1986","Historic Racing Reference","Dunlop","technical paper","1"
"W03_FM_STIFFNESS_TRANSIENT","1966","1970","US GT / sports racing — pre-IMSA GT","Avon","thesis/dissertation","1"
"W03_FM_STIFFNESS_TRANSIENT","2002","2003","CART / Indy-car","Michelin","technical paper","1"
"W03_FM_STIFFNESS_TRANSIENT","1987","1991","Group C","Goodyear","thesis/dissertation","1"
"W03_FM_STIFFNESS_TRANSIENT","1974","1976","Formula 3 — 1974-1986","Bridgestone/other","technical paper","1"
"W03_FM_STIFFNESS_TRANSIENT","1950","1959","International rally — pre-WRC","Avon","thesis/dissertation","1"
"W03_FM_STIFFNESS_TRANSIENT","1992","1996","Formula 1 — 1990s radial slick/grooved transition","Michelin","technical paper","1"
"W03_FM_STIFFNESS_TRANSIENT","1977","1981","Sports racing / prototypes — 1972-1981","Goodyear","thesis/dissertation","1"
"W03_FM_STIFFNESS_TRANSIENT","1960","1965","General Racing Tire","Bridgestone/other","technical paper","1"
"W03_FM_STIFFNESS_TRANSIENT","1997","2001","Trans-Am — 1982-2001","Pirelli","thesis/dissertation","1"
"W03_FM_STIFFNESS_TRANSIENT","1982","1986","Formula Ford — 1982-1992","Firestone","technical paper","1"
"W03_FM_STIFFNESS_TRANSIENT","1966","1969","Group 2 / ETCC — 1963-1969","Dunlop","thesis/dissertation","1"
"W03_FM_STIFFNESS_TRANSIENT","2005","2010","SUPER GT — 2005-2010","Avon","technical paper","1"
"W03_FM_STIFFNESS_TRANSIENT","1987","1974","Can-Am — original","Michelin","supplier technical paper","1"
"W03_FM_STIFFNESS_TRANSIENT","1993","1996","Le Mans Prototype transition","Pirelli","peer-reviewed paper","1"
"W03_FM_STIFFNESS_TRANSIENT","1977","1981","Formula 3 — 1974-1986","Firestone","supplier technical paper","1"
"W03_FM_STIFFNESS_TRANSIENT","1960","1965","International rally — pre-WRC","Dunlop","peer-reviewed paper","1"
"W03_FM_STIFFNESS_TRANSIENT","1997","2001","Formula 1 — 1990s radial slick/grooved transition","Avon","supplier technical paper","1"
"W03_FM_STIFFNESS_TRANSIENT","1982","1986","IMSA GTP","Michelin","peer-reviewed paper","1"
"W03_FM_STIFFNESS_TRANSIENT","1966","1971","General Racing Tire","Goodyear","supplier technical paper","1"
"W03_FM_STIFFNESS_TRANSIENT","2002","1972","Trans-Am — 1966-1972","Dunlop","peer-reviewed paper","1"
"W03_FM_STIFFNESS_TRANSIENT","1987","1991","Historic Racing Reference","Avon","supplier technical paper","1"
"W03_FM_STIFFNESS_TRANSIENT","1992","1974","Can-Am — original","Bridgestone/other","test methodology","1"
"W03_FM_STIFFNESS_TRANSIENT","1960","1965","Historic Racing Reference","Firestone","test methodology","1"
"W03_FM_STIFFNESS_TRANSIENT","1997","2001","FIA GT — 1997-2009","Dunlop","government technical report","1"
"W03_FM_STIFFNESS_TRANSIENT","1982","1986","Formula 3 — 1974-1986","Avon","test methodology","1"
"W03_FM_STIFFNESS_TRANSIENT","1966","1971","International rally — pre-WRC","Michelin","government technical report","1"
"W03_FM_STIFFNESS_TRANSIENT","2002","2010","Formula 1 — grooved-to-slick-return era","Goodyear","test methodology","1"
"W03_FM_STIFFNESS_TRANSIENT","1987","1991","Group A touring — 1982-1992","Bridgestone/other","government technical report","1"
"W03_FM_STIFFNESS_TRANSIENT","1972","1976","General Tire Mechanics","Pirelli","test methodology","1"
"W03_FM_STIFFNESS_TRANSIENT","1950","1959","NASCAR stock car — 1950-1971","Firestone","government technical report","1"
"W03_FM_STIFFNESS_TRANSIENT","1997","1974","Can-Am — original","Firestone","technical paper","1"
"W03_FM_STIFFNESS_TRANSIENT","1982","1986","IMSA GT — 1982-1993","Dunlop","thesis/dissertation","1"
"W03_FM_STIFFNESS_TRANSIENT","1966","1971","Sports racing / prototypes — 1964-1971","Avon","technical paper","1"
"W03_FM_STIFFNESS_TRANSIENT","2002","2009","FIA GT — 1997-2009","Michelin","thesis/dissertation","1"
"W03_FM_STIFFNESS_TRANSIENT","1987","1991","CART / Indy-car","Goodyear","technical paper","1"
"W03_FM_STIFFNESS_TRANSIENT","1972","1976","Group 4 Special GT — 1970-1981","Bridgestone/other","thesis/dissertation","1"
"W03_FM_STIFFNESS_TRANSIENT","1956","1959","Formula 2 — 1956-1960","Pirelli","technical paper","1"
"W03_FM_STIFFNESS_TRANSIENT","1993","1996","DTM / ITC — Class 1","Firestone","thesis/dissertation","1"
"W03_FM_STIFFNESS_TRANSIENT","1977","1981","General Tire Mechanics","Dunlop","technical paper","1"
"W03_FM_STIFFNESS_TRANSIENT","1960","1965","NASCAR stock car — 1950-1971","Avon","thesis/dissertation","1"
"W03_FM_STIFFNESS_TRANSIENT","2002","1974","Can-Am — original","Pirelli","supplier technical paper","1"
"W03_FM_STIFFNESS_TRANSIENT","1987","1991","Japanese GT / touring — pre-JGTC","Firestone","peer-reviewed paper","1"
"W03_FM_STIFFNESS_TRANSIENT","1950","1959","US GT / sports racing — pre-IMSA GT","Avon","peer-reviewed paper","1"
"W03_FM_STIFFNESS_TRANSIENT","1992","1996","CART / Indy-car","Pirelli","supplier technical paper","1"
"W03_FM_STIFFNESS_TRANSIENT","1977","1981","Group 4 Special GT — 1970-1981","Firestone","peer-reviewed paper","1"
"W03_FM_STIFFNESS_TRANSIENT","1964","1965","Formula 2 — 1964-1966","Dunlop","supplier technical paper","1"
"W03_FM_STIFFNESS_TRANSIENT","2000","2001","DTM — silhouette era","Avon","peer-reviewed paper","1"
"W03_FM_STIFFNESS_TRANSIENT","1982","1986","General Tire Mechanics","Michelin","supplier technical paper","1"
"W03_FM_STIFFNESS_TRANSIENT","1966","1971","NASCAR stock car — 1950-1971","Goodyear","peer-reviewed paper","1"
"W03_FM_STIFFNESS_TRANSIENT","2002","2010","Historic Racing Reference","Bridgestone/other","supplier technical paper","1"
"W04_WET_INTERMEDIATE","1960","1962","Touring / saloon racing — pre-1963","Goodyear","supplier motorsport document","1"
"W04_WET_INTERMEDIATE","1997","2001","Formula Ford — 1993-2010","Bridgestone/other","technical paper","1"
"W04_WET_INTERMEDIATE","1982","1986","Group A touring — 1982-1992","Pirelli","supplier motorsport document","1"
"W04_WET_INTERMEDIATE","1966","1971","Japanese GT / touring — pre-JGTC","Firestone","technical paper","1"
"W04_WET_INTERMEDIATE","2002","2010","Historic Racing Reference","Dunlop","supplier motorsport document","1"
"W04_WET_INTERMEDIATE","1987","1991","IMSA GT — 1982-1993","Avon","technical paper","1"
"W04_WET_INTERMEDIATE","1972","1976","USAC Championship Car / Indianapolis","Michelin","supplier motorsport document","1"
"W04_WET_INTERMEDIATE","1950","1959","Sports racing / prototypes — 1950-1963","Goodyear","technical paper","1"
"W04_WET_INTERMEDIATE","1992","1996","Formula 3 — 1991-2010","Bridgestone/other","supplier motorsport document","1"
"W04_WET_INTERMEDIATE","1977","1981","Rallycross — 1967-1981","Pirelli","technical paper","1"
"W04_WET_INTERMEDIATE","1997","1999","Le Mans Prototype transition","Dunlop","government technical report","1"
"W04_WET_INTERMEDIATE","1982","1986","General Racing Tire","Avon","technical paper","1"
"W04_WET_INTERMEDIATE","1966","1971","Trans-Am — 1966-1972","Michelin","government technical report","1"
"W04_WET_INTERMEDIATE","2002","2010","Formula Ford — 1993-2010","Firestone","period technical/race article","1"
"W04_WET_INTERMEDIATE","1987","1991","Group A touring — 1982-1992","Dunlop","government technical report","1"
"W04_WET_INTERMEDIATE","1972","1976","Japanese GT / touring — pre-JGTC","Avon","period technical/race article","1"
"W04_WET_INTERMEDIATE","1994","1996","GT2 / GTS — 1994-2004 sanction-specific","Goodyear","period technical/race article","1"
"W04_WET_INTERMEDIATE","1977","1981","Historic Racing Reference","Bridgestone/other","government technical report","1"
"W04_WET_INTERMEDIATE","1997","2001","Formula 3 — 1991-2010","Firestone","government technical report","1"
"W04_WET_INTERMEDIATE","1966","1971","Formula 1 — 3-litre/cross-ply-to-radial transition","Avon","period race report / technical feature","1"
"W04_WET_INTERMEDIATE","2002","1993","IMSA GTP","Michelin","technical report","1"
"W04_WET_INTERMEDIATE","1987","1991","General Racing Tire","Goodyear","period race report / technical feature","1"
"W04_WET_INTERMEDIATE","1972","1976","IMSA GT — 1971-1981","Bridgestone/other","technical report","1"
"W04_WET_INTERMEDIATE","1950","1959","Historic Racing Reference","Pirelli","period race report / technical feature","1"
"W04_WET_INTERMEDIATE","1992","1993","Group C","Firestone","technical report","1"
"W04_WET_INTERMEDIATE","1977","1981","Sports racing / prototypes — 1972-1981","Dunlop","period race report / technical feature","1"
"W04_WET_INTERMEDIATE","1960","1963","Sports racing / prototypes — 1950-1963","Avon","technical report","1"
"W04_WET_INTERMEDIATE","1997","2001","GT2 / GTS — 1994-2004 sanction-specific","Pirelli","period race report / technical feature","1"
"W04_WET_INTERMEDIATE","1982","1986","Historic Racing Reference","Firestone","technical report","1"
"W04_WET_INTERMEDIATE","1966","1969","GT40-era endurance","Dunlop","period race report / technical feature","1"
"W04_WET_INTERMEDIATE","2002","2010","Formula 3 — 1991-2010","Avon","technical report","1"
"W04_WET_INTERMEDIATE","1987","1991","World Rally Championship — 1987-2001","Michelin","period race report / technical feature","1"
"W04_WET_INTERMEDIATE","1977","1981","NASCAR stock car — 1972-1991","Firestone","supplier motorsport document","1"
"W04_WET_INTERMEDIATE","1960","1965","Historic Racing Reference","Dunlop","technical paper","1"
"W04_WET_INTERMEDIATE","1997","1969","Group 4 Sports Cars — 1966-1969","Avon","supplier motorsport document","1"
"W04_WET_INTERMEDIATE","1982","1986","Group C","Michelin","technical paper","1"
"W04_WET_INTERMEDIATE","1966","1971","Can-Am — original","Goodyear","supplier motorsport document","1"
"W04_WET_INTERMEDIATE","2005","2010","GT2 / GTS — 2005-2010 sanction-specific","Bridgestone/other","technical paper","1"
"W04_WET_INTERMEDIATE","1987","1991","Historic Racing Reference","Pirelli","supplier motorsport document","1"
"W04_WET_INTERMEDIATE","1972","1976","Group 4 Special GT — 1970-1981","Firestone","technical paper","1"
"W04_WET_INTERMEDIATE","1950","1955","AAA Championship Car / Indianapolis","Dunlop","supplier motorsport document","1"
"W04_WET_INTERMEDIATE","1994","1996","BPR Global GT","Bridgestone/other","technical paper","1"
"W04_WET_INTERMEDIATE","1977","1981","Formula 2 — 1972-1984","Pirelli","supplier racing document","1"
"W04_WET_INTERMEDIATE","1997","2001","General Tire Mechanics","Dunlop","technical paper","1"
"W04_WET_INTERMEDIATE","1982","1986","NASCAR stock car — 1972-1991","Avon","government technical report","1"
"W04_WET_INTERMEDIATE","1966","1971","Historic Racing Reference","Michelin","supplier racing document","1"
"W04_WET_INTERMEDIATE","2002","1969","Group 4 Sports Cars — 1966-1969","Goodyear","government technical report","1"
"W04_WET_INTERMEDIATE","1987","1991","Group C","Bridgestone/other","supplier racing document","1"
"W04_WET_INTERMEDIATE","1972","1976","Sports racing / prototypes — 1972-1981","Pirelli","government technical report","1"
"W04_WET_INTERMEDIATE","1992","1996","Historic Racing Reference","Dunlop","government technical report","1"
"W04_WET_INTERMEDIATE","1977","1981","IMSA GT — 1971-1981","Avon","supplier racing document","1"
"W04_WET_INTERMEDIATE","1960","1965","USAC Championship Car / Indianapolis","Michelin","government technical report","1"
"W04_WET_INTERMEDIATE","1997","2001","FIA GT — 1997-2009","Goodyear","period technical/race article","1"
"W04_WET_INTERMEDIATE","1966","1969","Group 2 / ETCC — 1963-1969","Pirelli","technical report","1"
"W04_WET_INTERMEDIATE","2002","2010","General Tire Mechanics","Firestone","period race report / technical feature","1"
"W04_WET_INTERMEDIATE","1987","1991","NASCAR stock car — 1972-1991","Goodyear","technical report","1"
"W04_WET_INTERMEDIATE","1972","1976","Historic Racing Reference","Bridgestone/other","period race report / technical feature","1"
"W04_WET_INTERMEDIATE","1950","1959","Touring / saloon racing — pre-1963","Pirelli","technical report","1"
"W04_WET_INTERMEDIATE","1993","1996","Formula Ford — 1993-2010","Firestone","period race report / technical feature","1"
"W04_WET_INTERMEDIATE","1977","1981","Group 2 / ETCC — 1976-1981","Dunlop","technical report","1"
"W04_WET_INTERMEDIATE","1960","1965","Japanese GT / touring — pre-JGTC","Avon","period race report / technical feature","1"
"W04_WET_INTERMEDIATE","1997","2001","Historic Racing Reference","Michelin","technical report","1"
"W04_WET_INTERMEDIATE","1982","1986","IMSA GT — 1982-1993","Goodyear","period race report / technical feature","1"
"W04_WET_INTERMEDIATE","1966","1971","USAC Championship Car / Indianapolis","Bridgestone/other","technical report","1"
"W04_WET_INTERMEDIATE","2002","2009","FIA GT — 1997-2009","Pirelli","period race report / technical feature","1"
"W04_WET_INTERMEDIATE","1987","1991","International Formula 3000","Firestone","technical paper","1"
"W04_WET_INTERMEDIATE","1972","1975","Group 2 / ETCC — 1970-1975","Dunlop","supplier motorsport document","1"
"W04_WET_INTERMEDIATE","1950","1959","Formula 1 — early World Championship","Avon","technical paper","1"
"W04_WET_INTERMEDIATE","1993","1996","Le Mans Prototype transition","Michelin","supplier motorsport document","1"
"W04_WET_INTERMEDIATE","1977","1981","General Racing Tire","Goodyear","technical paper","1"
"W04_WET_INTERMEDIATE","1960","1962","Touring / saloon racing — pre-1963","Bridgestone/other","supplier motorsport document","1"
"W04_WET_INTERMEDIATE","1997","2001","Formula Ford — 1993-2010","Pirelli","technical paper","1"
"W04_WET_INTERMEDIATE","1982","1986","Group A touring — 1982-1992","Michelin","supplier motorsport document","1"
"W04_WET_INTERMEDIATE","1966","1971","Japanese GT / touring — pre-JGTC","Goodyear","technical paper","1"
"W04_WET_INTERMEDIATE","2002","2010","Historic Racing Reference","Bridgestone/other","supplier motorsport document","1"
"W04_WET_INTERMEDIATE","1987","1991","IMSA GT — 1982-1993","Pirelli","technical paper","1"
"W04_WET_INTERMEDIATE","1972","1976","USAC Championship Car / Indianapolis","Firestone","supplier motorsport document","1"
"W04_WET_INTERMEDIATE","1950","1959","Sports racing / prototypes — 1950-1963","Dunlop","technical paper","1"
"W04_WET_INTERMEDIATE","1992","1996","Formula 3 — 1991-2010","Avon","technical paper","1"
"W04_WET_INTERMEDIATE","1960","1965","Formula 1 — early World Championship","Goodyear","supplier racing document","1"
"W04_WET_INTERMEDIATE","1997","1999","Le Mans Prototype transition","Bridgestone/other","government technical report","1"
"W04_WET_INTERMEDIATE","1982","1986","General Racing Tire","Pirelli","period technical/race article","1"
"W04_WET_INTERMEDIATE","1966","1971","Trans-Am — 1966-1972","Firestone","government technical report","1"
"W04_WET_INTERMEDIATE","2002","2010","Formula Ford — 1993-2010","Dunlop","supplier racing document","1"
"W04_WET_INTERMEDIATE","1987","1991","Group A touring — 1982-1992","Avon","government technical report","1"
"W04_WET_INTERMEDIATE","1950","1959","Sports racing / prototypes — 1950-1963","Goodyear","government technical report","1"
"W04_WET_INTERMEDIATE","1994","1996","GT2 / GTS — 1994-2004 sanction-specific","Bridgestone/other","supplier racing document","1"
"W04_WET_INTERMEDIATE","1977","1981","Historic Racing Reference","Avon","government technical report","1"
"W04_WET_INTERMEDIATE","1960","1963","Sports racing / prototypes — 1950-1963","Michelin","period technical/race article","1"
"W04_WET_INTERMEDIATE","2002","1993","IMSA GTP","Firestone","technical report","1"
"W04_WET_INTERMEDIATE","1987","1991","General Racing Tire","Dunlop","period race report / technical feature","1"
"W04_WET_INTERMEDIATE","1972","1976","IMSA GT — 1971-1981","Avon","technical report","1"
"W04_WET_INTERMEDIATE","1950","1959","Historic Racing Reference","Michelin","period race report / technical feature","1"
"W04_WET_INTERMEDIATE","1992","1993","Group C","Goodyear","technical report","1"
"W04_WET_INTERMEDIATE","1977","1981","Sports racing / prototypes — 1972-1981","Bridgestone/other","period race report / technical feature","1"
"W04_WET_INTERMEDIATE","1997","2001","GT2 / GTS — 1994-2004 sanction-specific","Firestone","period race report / technical feature","1"
"W04_WET_INTERMEDIATE","1982","1986","Historic Racing Reference","Dunlop","technical report","1"
"W04_WET_INTERMEDIATE","1966","1969","GT40-era endurance","Avon","period race report / technical feature","1"
"W04_WET_INTERMEDIATE","1987","1991","World Rally Championship — 1987-2001","Goodyear","supplier motorsport document","1"
"W04_WET_INTERMEDIATE","1950","1959","Touring / saloon racing — pre-1963","Avon","supplier motorsport document","1"
"W04_WET_INTERMEDIATE","1992","1996","General Tire Mechanics","Michelin","technical paper","1"
"W04_WET_INTERMEDIATE","1977","1981","NASCAR stock car — 1972-1991","Goodyear","supplier motorsport document","1"
"W04_WET_INTERMEDIATE","1960","1965","Historic Racing Reference","Bridgestone/other","technical paper","1"
"W04_WET_INTERMEDIATE","1997","1969","Group 4 Sports Cars — 1966-1969","Pirelli","supplier motorsport document","1"
"W04_WET_INTERMEDIATE","1982","1986","Group C","Firestone","technical paper","1"
"W04_WET_INTERMEDIATE","1966","1971","Can-Am — original","Dunlop","supplier motorsport document","1"
"W04_WET_INTERMEDIATE","2005","2010","GT2 / GTS — 2005-2010 sanction-specific","Avon","technical paper","1"
"W04_WET_INTERMEDIATE","1987","1991","Historic Racing Reference","Michelin","supplier motorsport document","1"
"W04_WET_INTERMEDIATE","1972","1976","Group 4 Special GT — 1970-1981","Goodyear","technical paper","1"
"W04_WET_INTERMEDIATE","1950","1955","AAA Championship Car / Indianapolis","Bridgestone/other","period technical/race article","1"
"W04_WET_INTERMEDIATE","1994","1996","BPR Global GT","Pirelli","government technical report","1"
"W04_WET_INTERMEDIATE","1977","1981","Formula 2 — 1972-1984","Firestone","technical paper","1"
"W04_WET_INTERMEDIATE","1963","1965","Group 2 / ETCC — 1963-1969","Dunlop","government technical report","1"
"W04_WET_INTERMEDIATE","1997","2001","General Tire Mechanics","Avon","supplier racing document","1"
"W04_WET_INTERMEDIATE","1982","1986","NASCAR stock car — 1972-1991","Michelin","government technical report","1"
"W04_WET_INTERMEDIATE","1966","1971","Historic Racing Reference","Firestone","technical paper","1"
"W04_WET_INTERMEDIATE","2002","1969","Group 4 Sports Cars — 1966-1969","Dunlop","government technical report","1"
"W04_WET_INTERMEDIATE","1987","1991","Group C","Avon","period technical/race article","1"
"W04_WET_INTERMEDIATE","1972","1976","Sports racing / prototypes — 1972-1981","Michelin","government technical report","1"
"W04_WET_INTERMEDIATE","1950","1959","Japanese GT / touring — pre-JGTC","Goodyear","supplier racing document","1"
"W04_WET_INTERMEDIATE","1992","1996","Historic Racing Reference","Bridgestone/other","government technical report","1"
"W04_WET_INTERMEDIATE","1977","1981","IMSA GT — 1971-1981","Pirelli","period technical/race article","1"
"W04_WET_INTERMEDIATE","1997","2001","FIA GT — 1997-2009","Dunlop","technical report","1"
"W04_WET_INTERMEDIATE","1982","1984","Formula 2 — 1972-1984","Avon","period race report / technical feature","1"
"W04_WET_INTERMEDIATE","1966","1969","Group 2 / ETCC — 1963-1969","Michelin","technical report","1"
"W04_WET_INTERMEDIATE","2002","2010","General Tire Mechanics","Goodyear","period race report / technical feature","1"
"W04_WET_INTERMEDIATE","1987","1991","NASCAR stock car — 1972-1991","Bridgestone/other","technical report","1"
"W04_WET_INTERMEDIATE","1972","1976","Historic Racing Reference","Pirelli","period race report / technical feature","1"
"W04_WET_INTERMEDIATE","1950","1959","Touring / saloon racing — pre-1963","Firestone","technical report","1"
"W04_WET_INTERMEDIATE","1993","1996","Formula Ford — 1993-2010","Dunlop","period race report / technical feature","1"
"W04_WET_INTERMEDIATE","1977","1981","Group 2 / ETCC — 1976-1981","Avon","technical report","1"
"W04_WET_INTERMEDIATE","1960","1965","Japanese GT / touring — pre-JGTC","Pirelli","period race report / technical feature","1"
"W04_WET_INTERMEDIATE","1997","2001","Historic Racing Reference","Firestone","technical report","1"
"W04_WET_INTERMEDIATE","1982","1986","IMSA GT — 1982-1993","Dunlop","period race report / technical feature","1"
"W04_WET_INTERMEDIATE","1972","1975","Group 2 / ETCC — 1970-1975","Bridgestone/other","supplier motorsport document","1"
"W04_WET_INTERMEDIATE","1950","1959","Formula 1 — early World Championship","Pirelli","technical paper","1"
"W04_WET_INTERMEDIATE","1993","1996","Le Mans Prototype transition","Firestone","supplier motorsport document","1"
"W04_WET_INTERMEDIATE","1977","1981","General Racing Tire","Dunlop","technical paper","1"
"W04_WET_INTERMEDIATE","1960","1962","Touring / saloon racing — pre-1963","Avon","supplier motorsport document","1"
"W04_WET_INTERMEDIATE","1997","2001","Formula Ford — 1993-2010","Michelin","technical paper","1"
"W04_WET_INTERMEDIATE","1982","1986","Group A touring — 1982-1992","Goodyear","supplier motorsport document","1"
"W04_WET_INTERMEDIATE","1966","1971","Japanese GT / touring — pre-JGTC","Bridgestone/other","technical paper","1"
"W04_WET_INTERMEDIATE","2002","2010","Historic Racing Reference","Pirelli","supplier motorsport document","1"
"W04_WET_INTERMEDIATE","1987","1991","IMSA GT — 1982-1993","Firestone","technical paper","1"
"W04_WET_INTERMEDIATE","1972","1976","USAC Championship Car / Indianapolis","Dunlop","period technical/race article","1"
"W04_WET_INTERMEDIATE","1992","1996","Formula 3 — 1991-2010","Pirelli","period technical/race article","1"
"W04_WET_INTERMEDIATE","1977","1981","Rallycross — 1967-1981","Firestone","government technical report","1"
"W04_WET_INTERMEDIATE","1960","1965","Formula 1 — early World Championship","Dunlop","supplier racing document","1"
"W04_WET_INTERMEDIATE","1997","1999","Le Mans Prototype transition","Avon","government technical report","1"
"W04_WET_INTERMEDIATE","1982","1986","General Racing Tire","Michelin","period technical/race article","1"
"W04_WET_INTERMEDIATE","1966","1971","Trans-Am — 1966-1972","Goodyear","government technical report","1"
"W04_WET_INTERMEDIATE","2002","2010","Formula Ford — 1993-2010","Bridgestone/other","supplier racing document","1"
"W04_WET_INTERMEDIATE","1987","1991","Group A touring — 1982-1992","Pirelli","government technical report","1"
"W04_WET_INTERMEDIATE","1972","1976","Japanese GT / touring — pre-JGTC","Firestone","period technical/race article","1"
"W04_WET_INTERMEDIATE","1994","1996","GT2 / GTS — 1994-2004 sanction-specific","Avon","period technical/race article","1"
"W04_WET_INTERMEDIATE","1977","1981","Historic Racing Reference","Michelin","period race report / technical feature","1"
"W04_WET_INTERMEDIATE","1960","1963","Sports racing / prototypes — 1950-1963","Goodyear","technical report","1"
"W04_WET_INTERMEDIATE","1997","2001","Formula 3 — 1991-2010","Bridgestone/other","period race report / technical feature","1"
"W04_WET_INTERMEDIATE","1982","1986","World Rally Championship — 1979-1986","Pirelli","technical report","1"
"W04_WET_INTERMEDIATE","1966","1971","Formula 1 — 3-litre/cross-ply-to-radial transition","Firestone","period race report / technical feature","1"
"W04_WET_INTERMEDIATE","2002","1993","IMSA GTP","Goodyear","technical report","1"
"W04_WET_INTERMEDIATE","1987","1991","General Racing Tire","Bridgestone/other","period race report / technical feature","1"
"W04_WET_INTERMEDIATE","1972","1976","IMSA GT — 1971-1981","Pirelli","technical report","1"
"W04_WET_INTERMEDIATE","1950","1959","Historic Racing Reference","Firestone","period race report / technical feature","1"
"W04_WET_INTERMEDIATE","1992","1993","Group C","Dunlop","technical report","1"
"W04_WET_INTERMEDIATE","1977","1981","Sports racing / prototypes — 1972-1981","Avon","period race report / technical feature","1"
"W04_WET_INTERMEDIATE","1997","2001","GT2 / GTS — 1994-2004 sanction-specific","Goodyear","period race report / technical feature","1"
"W04_WET_INTERMEDIATE","1982","1986","Historic Racing Reference","Bridgestone/other","technical paper","1"
"W04_WET_INTERMEDIATE","1966","1969","GT40-era endurance","Pirelli","supplier motorsport document","1"
"W04_WET_INTERMEDIATE","2002","2010","Formula 3 — 1991-2010","Firestone","technical paper","1"
"W04_WET_INTERMEDIATE","1987","1991","World Rally Championship — 1987-2001","Dunlop","supplier motorsport document","1"
"W04_WET_INTERMEDIATE","1972","1976","Formula 1 — 3-litre/cross-ply-to-radial transition","Avon","technical paper","1"
"W04_WET_INTERMEDIATE","1950","1959","Touring / saloon racing — pre-1963","Michelin","supplier motorsport document","1"
"W04_WET_INTERMEDIATE","1992","1996","General Tire Mechanics","Goodyear","technical paper","1"
"W04_WET_INTERMEDIATE","1977","1981","NASCAR stock car — 1972-1991","Bridgestone/other","supplier motorsport document","1"
"W04_WET_INTERMEDIATE","1960","1965","Historic Racing Reference","Pirelli","technical paper","1"
"W04_WET_INTERMEDIATE","1997","1969","Group 4 Sports Cars — 1966-1969","Michelin","supplier motorsport document","1"
"W04_WET_INTERMEDIATE","1982","1986","Group C","Goodyear","technical paper","1"
"W04_WET_INTERMEDIATE","1966","1971","Can-Am — original","Bridgestone/other","supplier motorsport document","1"
"W04_WET_INTERMEDIATE","2005","2010","GT2 / GTS — 2005-2010 sanction-specific","Pirelli","technical paper","1"
"W04_WET_INTERMEDIATE","1950","1955","AAA Championship Car / Indianapolis","Avon","technical paper","1"
"W04_WET_INTERMEDIATE","1994","1996","BPR Global GT","Michelin","government technical report","1"
"W04_WET_INTERMEDIATE","1977","1981","Formula 2 — 1972-1984","Goodyear","period technical/race article","1"
"W04_WET_INTERMEDIATE","1963","1965","Group 2 / ETCC — 1963-1969","Bridgestone/other","government technical report","1"
"W04_WET_INTERMEDIATE","1982","1986","NASCAR stock car — 1972-1991","Firestone","government technical report","1"
"W04_WET_INTERMEDIATE","1966","1971","Historic Racing Reference","Dunlop","supplier racing document","1"
"W04_WET_INTERMEDIATE","2002","1969","Group 4 Sports Cars — 1966-1969","Avon","government technical report","1"
"W04_WET_INTERMEDIATE","1972","1976","Sports racing / prototypes — 1972-1981","Goodyear","government technical report","1"
"W04_WET_INTERMEDIATE","1997","2001","FIA GT — 1997-2009","Bridgestone/other","technical report","1"
"W04_WET_INTERMEDIATE","1982","1984","Formula 2 — 1972-1984","Pirelli","period race report / technical feature","1"
"W04_WET_INTERMEDIATE","1966","1969","Group 2 / ETCC — 1963-1969","Firestone","technical report","1"
"W04_WET_INTERMEDIATE","2002","2010","General Tire Mechanics","Dunlop","period race report / technical feature","1"
"W04_WET_INTERMEDIATE","1987","1991","NASCAR stock car — 1972-1991","Avon","technical report","1"
"W04_WET_INTERMEDIATE","1972","1976","Historic Racing Reference","Michelin","period race report / technical feature","1"
"W04_WET_INTERMEDIATE","1950","1959","Touring / saloon racing — pre-1963","Goodyear","technical report","1"
"W04_WET_INTERMEDIATE","1993","1996","Formula Ford — 1993-2010","Bridgestone/other","period race report / technical feature","1"
"W04_WET_INTERMEDIATE","1977","1981","Group 2 / ETCC — 1976-1981","Pirelli","technical report","1"
"W04_WET_INTERMEDIATE","1960","1965","Japanese GT / touring — pre-JGTC","Firestone","period race report / technical feature","1"
"W04_WET_INTERMEDIATE","1982","1986","IMSA GT — 1982-1993","Avon","supplier motorsport document","1"
"W04_WET_INTERMEDIATE","1966","1971","USAC Championship Car / Indianapolis","Michelin","technical paper","1"
"W04_WET_INTERMEDIATE","2002","2009","FIA GT — 1997-2009","Goodyear","supplier motorsport document","1"
"W04_WET_INTERMEDIATE","1987","1991","International Formula 3000","Dunlop","technical paper","1"
"W04_WET_INTERMEDIATE","1972","1975","Group 2 / ETCC — 1970-1975","Avon","supplier motorsport document","1"
"W04_WET_INTERMEDIATE","1950","1959","Formula 1 — early World Championship","Michelin","technical paper","1"
"W04_WET_INTERMEDIATE","1993","1996","Le Mans Prototype transition","Goodyear","supplier motorsport document","1"
"W04_WET_INTERMEDIATE","1977","1981","General Racing Tire","Bridgestone/other","technical paper","1"
"W04_WET_INTERMEDIATE","1960","1962","Touring / saloon racing — pre-1963","Pirelli","supplier motorsport document","1"
"W04_WET_INTERMEDIATE","1997","2001","Formula Ford — 1993-2010","Firestone","technical paper","1"
"W04_WET_INTERMEDIATE","1982","1986","Group A touring — 1982-1992","Dunlop","supplier motorsport document","1"
"W04_WET_INTERMEDIATE","1966","1971","Japanese GT / touring — pre-JGTC","Avon","technical paper","1"
"W04_WET_INTERMEDIATE","2002","2010","Historic Racing Reference","Michelin","supplier racing document","1"
"W04_WET_INTERMEDIATE","1987","1991","IMSA GT — 1982-1993","Goodyear","government technical report","1"
"W04_WET_INTERMEDIATE","1972","1976","USAC Championship Car / Indianapolis","Bridgestone/other","technical paper","1"
"W04_WET_INTERMEDIATE","1950","1959","Sports racing / prototypes — 1950-1963","Pirelli","government technical report","1"
"W04_WET_INTERMEDIATE","1977","1981","Rallycross — 1967-1981","Dunlop","government technical report","1"
"W04_WET_INTERMEDIATE","1960","1965","Formula 1 — early World Championship","Avon","period technical/race article","1"
"W04_WET_INTERMEDIATE","1997","1999","Le Mans Prototype transition","Michelin","government technical report","1"
"W04_WET_INTERMEDIATE","1982","1986","General Racing Tire","Firestone","technical paper","1"
"W04_WET_INTERMEDIATE","1966","1971","Trans-Am — 1966-1972","Dunlop","government technical report","1"
"W04_WET_INTERMEDIATE","2002","2010","Formula Ford — 1993-2010","Avon","technical paper","1"
"W04_WET_INTERMEDIATE","1987","1991","Group A touring — 1982-1992","Michelin","government technical report","1"
"W04_WET_INTERMEDIATE","1972","1976","Japanese GT / touring — pre-JGTC","Goodyear","supplier racing document","1"
"W04_WET_INTERMEDIATE","1960","1963","Sports racing / prototypes — 1950-1963","Dunlop","technical report","1"
"W04_WET_INTERMEDIATE","1997","2001","Formula 3 — 1991-2010","Avon","period race report / technical feature","1"
"W04_WET_INTERMEDIATE","1982","1986","World Rally Championship — 1979-1986","Michelin","technical report","1"
"W04_WET_INTERMEDIATE","1966","1971","Formula 1 — 3-litre/cross-ply-to-radial transition","Goodyear","period race report / technical feature","1"
"W04_WET_INTERMEDIATE","2002","1993","IMSA GTP","Bridgestone/other","technical report","1"
"W04_WET_INTERMEDIATE","1987","1991","General Racing Tire","Pirelli","period race report / technical feature","1"
"W04_WET_INTERMEDIATE","1972","1976","IMSA GT — 1971-1981","Firestone","technical report","1"
"W04_WET_INTERMEDIATE","1950","1959","Historic Racing Reference","Dunlop","period race report / technical feature","1"
"W04_WET_INTERMEDIATE","1992","1993","Group C","Avon","technical report","1"
"W04_WET_INTERMEDIATE","1977","1981","Sports racing / prototypes — 1972-1981","Pirelli","period race report / technical feature","1"
"W04_WET_INTERMEDIATE","1966","1969","GT40-era endurance","Michelin","supplier motorsport document","1"
"W04_WET_INTERMEDIATE","2002","2010","Formula 3 — 1991-2010","Goodyear","technical paper","1"
"W04_WET_INTERMEDIATE","1987","1991","World Rally Championship — 1987-2001","Bridgestone/other","supplier motorsport document","1"
"W04_WET_INTERMEDIATE","1972","1976","Formula 1 — 3-litre/cross-ply-to-radial transition","Pirelli","technical paper","1"
"W04_WET_INTERMEDIATE","1950","1959","Touring / saloon racing — pre-1963","Firestone","supplier motorsport document","1"
"W04_WET_INTERMEDIATE","1992","1996","General Tire Mechanics","Dunlop","technical paper","1"
"W04_WET_INTERMEDIATE","1977","1981","NASCAR stock car — 1972-1991","Avon","supplier motorsport document","1"
"W04_WET_INTERMEDIATE","1960","1965","Historic Racing Reference","Michelin","technical paper","1"
"W04_WET_INTERMEDIATE","1997","1969","Group 4 Sports Cars — 1966-1969","Goodyear","supplier motorsport document","1"
"W04_WET_INTERMEDIATE","1982","1986","Group C","Bridgestone/other","technical paper","1"
"W04_WET_INTERMEDIATE","1966","1971","Can-Am — original","Pirelli","period technical/race article","1"
"W04_WET_INTERMEDIATE","2005","2010","GT2 / GTS — 2005-2010 sanction-specific","Firestone","government technical report","1"
"W04_WET_INTERMEDIATE","1987","1991","Historic Racing Reference","Dunlop","supplier racing document","1"
"W04_WET_INTERMEDIATE","1972","1976","Group 4 Special GT — 1970-1981","Bridgestone/other","government technical report","1"
"W04_WET_INTERMEDIATE","1950","1955","AAA Championship Car / Indianapolis","Pirelli","supplier racing document","1"
"W04_WET_INTERMEDIATE","1994","1996","BPR Global GT","Firestone","government technical report","1"
"W04_WET_INTERMEDIATE","1977","1981","Formula 2 — 1972-1984","Dunlop","period technical/race article","1"
"W04_WET_INTERMEDIATE","1963","1965","Group 2 / ETCC — 1963-1969","Avon","government technical report","1"
"W04_WET_INTERMEDIATE","1997","2001","General Tire Mechanics","Michelin","supplier racing document","1"
"W04_WET_INTERMEDIATE","1982","1986","NASCAR stock car — 1972-1991","Goodyear","government technical report","1"
"W04_WET_INTERMEDIATE","1966","1971","Historic Racing Reference","Bridgestone/other","technical paper","1"
"W04_WET_INTERMEDIATE","2002","1969","Group 4 Sports Cars — 1966-1969","Pirelli","government technical report","1"
"W04_WET_INTERMEDIATE","1987","1991","Group C","Firestone","supplier racing document","1"
"W04_WET_INTERMEDIATE","1972","1976","Sports racing / prototypes — 1972-1981","Dunlop","period race report / technical feature","1"
"W04_WET_INTERMEDIATE","1950","1959","Japanese GT / touring — pre-JGTC","Avon","technical report","1"
"W04_WET_INTERMEDIATE","1992","1996","Historic Racing Reference","Michelin","period race report / technical feature","1"
"W04_WET_INTERMEDIATE","1977","1981","IMSA GT — 1971-1981","Goodyear","technical report","1"
"W04_WET_INTERMEDIATE","1960","1965","USAC Championship Car / Indianapolis","Bridgestone/other","period race report / technical feature","1"
"W04_WET_INTERMEDIATE","1997","2001","FIA GT — 1997-2009","Pirelli","technical report","1"
"W04_WET_INTERMEDIATE","1982","1984","Formula 2 — 1972-1984","Firestone","period race report / technical feature","1"
"W04_WET_INTERMEDIATE","1966","1969","Group 2 / ETCC — 1963-1969","Goodyear","technical report","1"
"W04_WET_INTERMEDIATE","2002","2010","General Tire Mechanics","Bridgestone/other","period race report / technical feature","1"
"W04_WET_INTERMEDIATE","1987","1991","NASCAR stock car — 1972-1991","Pirelli","technical report","1"
"W04_WET_INTERMEDIATE","1972","1976","Historic Racing Reference","Firestone","period race report / technical feature","1"
"W04_WET_INTERMEDIATE","1950","1959","Touring / saloon racing — pre-1963","Dunlop","technical report","1"
"W04_WET_INTERMEDIATE","1993","1996","Formula Ford — 1993-2010","Avon","period race report / technical feature","1"
"W04_WET_INTERMEDIATE","1997","2001","Historic Racing Reference","Bridgestone/other","technical paper","1"
"W04_WET_INTERMEDIATE","1982","1986","IMSA GT — 1982-1993","Pirelli","supplier motorsport document","1"
"W04_WET_INTERMEDIATE","1966","1971","USAC Championship Car / Indianapolis","Firestone","technical paper","1"
"W04_WET_INTERMEDIATE","2002","2009","FIA GT — 1997-2009","Dunlop","supplier motorsport document","1"
"W04_WET_INTERMEDIATE","1987","1991","International Formula 3000","Avon","technical paper","1"
"W04_WET_INTERMEDIATE","1972","1975","Group 2 / ETCC — 1970-1975","Michelin","supplier motorsport document","1"
"W04_WET_INTERMEDIATE","1950","1959","Formula 1 — early World Championship","Goodyear","technical paper","1"
"W04_WET_INTERMEDIATE","1993","1996","Le Mans Prototype transition","Bridgestone/other","supplier motorsport document","1"
"W04_WET_INTERMEDIATE","1977","1981","General Racing Tire","Pirelli","technical paper","1"
"W04_WET_INTERMEDIATE","1960","1962","Touring / saloon racing — pre-1963","Michelin","supplier motorsport document","1"
"W04_WET_INTERMEDIATE","1997","2001","Formula Ford — 1993-2010","Goodyear","technical paper","1"
"W04_WET_INTERMEDIATE","1982","1986","Group A touring — 1982-1992","Bridgestone/other","period technical/race article","1"
"W04_WET_INTERMEDIATE","2002","2010","Historic Racing Reference","Firestone","technical paper","1"
"W04_WET_INTERMEDIATE","1987","1991","IMSA GT — 1982-1993","Dunlop","government technical report","1"
"W04_WET_INTERMEDIATE","1972","1976","USAC Championship Car / Indianapolis","Avon","technical paper","1"
"W04_WET_INTERMEDIATE","1992","1996","Formula 3 — 1991-2010","Goodyear","period technical/race article","1"
"W04_WET_INTERMEDIATE","1977","1981","Rallycross — 1967-1981","Bridgestone/other","government technical report","1"
"W04_WET_INTERMEDIATE","1960","1965","Formula 1 — early World Championship","Pirelli","technical paper","1"
"W04_WET_INTERMEDIATE","1997","1999","Le Mans Prototype transition","Firestone","government technical report","1"
"W04_WET_INTERMEDIATE","1982","1986","General Racing Tire","Dunlop","technical paper","1"
"W04_WET_INTERMEDIATE","1966","1971","Trans-Am — 1966-1972","Avon","government technical report","1"
"W04_WET_INTERMEDIATE","2002","2010","Formula Ford — 1993-2010","Michelin","technical paper","1"
"W04_WET_INTERMEDIATE","1972","1976","Japanese GT / touring — pre-JGTC","Bridgestone/other","technical report","1"
"W04_WET_INTERMEDIATE","1994","1996","GT2 / GTS — 1994-2004 sanction-specific","Michelin","technical report","1"
"W04_WET_INTERMEDIATE","1977","1981","Historic Racing Reference","Goodyear","period race report / technical feature","1"
"W04_WET_INTERMEDIATE","1960","1963","Sports racing / prototypes — 1950-1963","Bridgestone/other","technical report","1"
"W04_WET_INTERMEDIATE","1997","2001","Formula 3 — 1991-2010","Pirelli","period race report / technical feature","1"
"W04_WET_INTERMEDIATE","1982","1986","World Rally Championship — 1979-1986","Firestone","technical report","1"
"W04_WET_INTERMEDIATE","1966","1971","Formula 1 — 3-litre/cross-ply-to-radial transition","Dunlop","period race report / technical feature","1"
"W04_WET_INTERMEDIATE","2002","1993","IMSA GTP","Avon","technical report","1"
"W04_WET_INTERMEDIATE","1987","1991","General Racing Tire","Michelin","period race report / technical feature","1"
"W04_WET_INTERMEDIATE","1972","1976","IMSA GT — 1971-1981","Goodyear","technical report","1"
"W04_WET_INTERMEDIATE","1950","1959","Historic Racing Reference","Bridgestone/other","period race report / technical feature","1"
"W04_WET_INTERMEDIATE","1992","1993","Group C","Pirelli","technical paper","1"
"W04_WET_INTERMEDIATE","1977","1981","Sports racing / prototypes — 1972-1981","Firestone","supplier motorsport document","1"
"W04_WET_INTERMEDIATE","1997","2001","GT2 / GTS — 1994-2004 sanction-specific","Avon","supplier motorsport document","1"
"W04_WET_INTERMEDIATE","1982","1986","Historic Racing Reference","Michelin","technical paper","1"
"W04_WET_INTERMEDIATE","1966","1969","GT40-era endurance","Goodyear","supplier motorsport document","1"
"W04_WET_INTERMEDIATE","2002","2010","Formula 3 — 1991-2010","Dunlop","technical paper","1"
"W04_WET_INTERMEDIATE","1987","1991","World Rally Championship — 1987-2001","Avon","supplier motorsport document","1"
"W04_WET_INTERMEDIATE","1972","1976","Formula 1 — 3-litre/cross-ply-to-radial transition","Michelin","technical paper","1"
"W04_WET_INTERMEDIATE","1950","1959","Touring / saloon racing — pre-1963","Goodyear","supplier motorsport document","1"
"W04_WET_INTERMEDIATE","1992","1996","General Tire Mechanics","Bridgestone/other","technical paper","1"
"W04_WET_INTERMEDIATE","1977","1981","NASCAR stock car — 1972-1991","Pirelli","supplier motorsport document","1"
"W04_WET_INTERMEDIATE","1960","1965","Historic Racing Reference","Firestone","technical paper","1"
"W04_WET_INTERMEDIATE","1997","1969","Group 4 Sports Cars — 1966-1969","Dunlop","period technical/race article","1"
"W04_WET_INTERMEDIATE","1982","1986","Group C","Avon","government technical report","1"
"W04_WET_INTERMEDIATE","1966","1971","Can-Am — original","Michelin","technical paper","1"
"W04_WET_INTERMEDIATE","2005","2010","GT2 / GTS — 2005-2010 sanction-specific","Goodyear","government technical report","1"
"W04_WET_INTERMEDIATE","1987","1991","Historic Racing Reference","Bridgestone/other","supplier racing document","1"
"W04_WET_INTERMEDIATE","1972","1976","Group 4 Special GT — 1970-1981","Pirelli","government technical report","1"
"W04_WET_INTERMEDIATE","1950","1955","AAA Championship Car / Indianapolis","Firestone","supplier racing document","1"
"W04_WET_INTERMEDIATE","1994","1996","BPR Global GT","Dunlop","government technical report","1"
"W04_WET_INTERMEDIATE","1977","1981","Formula 2 — 1972-1984","Avon","period technical/race article","1"
"W04_WET_INTERMEDIATE","1963","1965","Group 2 / ETCC — 1963-1969","Michelin","government technical report","1"
"W04_WET_INTERMEDIATE","1997","2001","General Tire Mechanics","Firestone","supplier racing document","1"
"W04_WET_INTERMEDIATE","1982","1986","NASCAR stock car — 1972-1991","Dunlop","government technical report","1"
"W04_WET_INTERMEDIATE","1966","1971","Historic Racing Reference","Avon","technical paper","1"
"W04_WET_INTERMEDIATE","1950","1959","Japanese GT / touring — pre-JGTC","Pirelli","technical report","1"
"W04_WET_INTERMEDIATE","1992","1996","Historic Racing Reference","Firestone","period race report / technical feature","1"
"W04_WET_INTERMEDIATE","1977","1981","IMSA GT — 1971-1981","Dunlop","technical report","1"
"W04_WET_INTERMEDIATE","1960","1965","USAC Championship Car / Indianapolis","Avon","period race report / technical feature","1"
"W04_WET_INTERMEDIATE","1997","2001","FIA GT — 1997-2009","Michelin","technical report","1"
"W04_WET_INTERMEDIATE","1982","1984","Formula 2 — 1972-1984","Goodyear","period race report / technical feature","1"
"W04_WET_INTERMEDIATE","1966","1969","Group 2 / ETCC — 1963-1969","Bridgestone/other","technical report","1"
"W04_WET_INTERMEDIATE","2002","2010","General Tire Mechanics","Pirelli","period race report / technical feature","1"
"W04_WET_INTERMEDIATE","1987","1991","NASCAR stock car — 1972-1991","Firestone","technical report","1"
"W04_WET_INTERMEDIATE","1972","1976","Historic Racing Reference","Dunlop","period race report / technical feature","1"
"W04_WET_INTERMEDIATE","1960","1965","Japanese GT / touring — pre-JGTC","Dunlop","supplier motorsport document","1"
"W04_WET_INTERMEDIATE","1997","2001","Historic Racing Reference","Avon","technical paper","1"
"W04_WET_INTERMEDIATE","1982","1986","IMSA GT — 1982-1993","Michelin","supplier motorsport document","1"
"W04_WET_INTERMEDIATE","1966","1971","USAC Championship Car / Indianapolis","Goodyear","technical paper","1"
"W04_WET_INTERMEDIATE","2002","2009","FIA GT — 1997-2009","Bridgestone/other","supplier motorsport document","1"
"W04_WET_INTERMEDIATE","1987","1991","International Formula 3000","Pirelli","technical paper","1"
"W04_WET_INTERMEDIATE","1972","1975","Group 2 / ETCC — 1970-1975","Firestone","supplier motorsport document","1"
"W04_WET_INTERMEDIATE","1960","1962","Touring / saloon racing — pre-1963","Goodyear","technical paper","1"
"W04_WET_INTERMEDIATE","1997","2001","Formula Ford — 1993-2010","Bridgestone/other","government technical report","1"
"W04_WET_INTERMEDIATE","1982","1986","Group A touring — 1982-1992","Pirelli","period technical/race article","1"
"W04_WET_INTERMEDIATE","1966","1971","Japanese GT / touring — pre-JGTC","Firestone","government technical report","1"
"W04_WET_INTERMEDIATE","2002","2010","Historic Racing Reference","Dunlop","technical paper","1"
"W04_WET_INTERMEDIATE","1987","1991","IMSA GT — 1982-1993","Bridgestone/other","government technical report","1"
"W04_WET_INTERMEDIATE","1972","1976","USAC Championship Car / Indianapolis","Pirelli","technical paper","1"
"W04_WET_INTERMEDIATE","1950","1959","Sports racing / prototypes — 1950-1963","Firestone","government technical report","1"
"W04_WET_INTERMEDIATE","1992","1996","Formula 3 — 1991-2010","Dunlop","supplier racing document","1"
"W04_WET_INTERMEDIATE","1977","1981","Rallycross — 1967-1981","Avon","government technical report","1"
"W04_WET_INTERMEDIATE","1960","1965","Formula 1 — early World Championship","Michelin","period technical/race article","1"
"W04_WET_INTERMEDIATE","1997","1999","Le Mans Prototype transition","Goodyear","government technical report","1"
"W04_WET_INTERMEDIATE","1982","1986","General Racing Tire","Bridgestone/other","supplier racing document","1"
"W04_WET_INTERMEDIATE","1966","1971","Trans-Am — 1966-1972","Pirelli","period race report / technical feature","1"
"W04_WET_INTERMEDIATE","2002","2010","Formula Ford — 1993-2010","Firestone","technical report","1"
"W04_WET_INTERMEDIATE","1987","1991","Group A touring — 1982-1992","Dunlop","period race report / technical feature","1"
"W04_WET_INTERMEDIATE","1972","1976","Japanese GT / touring — pre-JGTC","Avon","technical report","1"
"W04_WET_INTERMEDIATE","1994","1996","GT2 / GTS — 1994-2004 sanction-specific","Goodyear","technical report","1"
"W04_WET_INTERMEDIATE","1977","1981","Historic Racing Reference","Bridgestone/other","period race report / technical feature","1"
"W04_WET_INTERMEDIATE","1997","2001","Formula 3 — 1991-2010","Firestone","period race report / technical feature","1"
"W04_WET_INTERMEDIATE","1982","1986","World Rally Championship — 1979-1986","Goodyear","technical report","1"
"W04_WET_INTERMEDIATE","1966","1971","Formula 1 — 3-litre/cross-ply-to-radial transition","Bridgestone/other","period race report / technical feature","1"
"W04_WET_INTERMEDIATE","2002","1993","IMSA GTP","Pirelli","technical report","1"
"W04_WET_INTERMEDIATE","1987","1991","General Racing Tire","Firestone","period race report / technical feature","1"
"W04_WET_INTERMEDIATE","1977","1981","Sports racing / prototypes — 1972-1981","Goodyear","supplier motorsport document","1"
"W04_WET_INTERMEDIATE","1997","2001","GT2 / GTS — 1994-2004 sanction-specific","Pirelli","supplier motorsport document","1"
"W04_WET_INTERMEDIATE","1982","1986","Historic Racing Reference","Firestone","technical paper","1"
"W04_WET_INTERMEDIATE","1966","1969","GT40-era endurance","Dunlop","supplier motorsport document","1"
"W04_WET_INTERMEDIATE","2002","2010","Formula 3 — 1991-2010","Avon","technical paper","1"
"W04_WET_INTERMEDIATE","1987","1991","World Rally Championship — 1987-2001","Michelin","supplier motorsport document","1"
"W04_WET_INTERMEDIATE","1997","1969","Group 4 Sports Cars — 1966-1969","Bridgestone/other","technical paper","1"
"W04_WET_INTERMEDIATE","1982","1986","Group C","Pirelli","government technical report","1"
"W04_WET_INTERMEDIATE","1966","1971","Can-Am — original","Firestone","period technical/race article","1"
"W04_WET_INTERMEDIATE","2005","2010","GT2 / GTS — 2005-2010 sanction-specific","Dunlop","government technical report","1"
"W04_WET_INTERMEDIATE","1987","1991","Historic Racing Reference","Avon","technical paper","1"
"W04_WET_INTERMEDIATE","1972","1976","Group 4 Special GT — 1970-1981","Michelin","government technical report","1"
"W04_WET_INTERMEDIATE","1950","1955","AAA Championship Car / Indianapolis","Goodyear","period technical/race article","1"
"W04_WET_INTERMEDIATE","1994","1996","BPR Global GT","Bridgestone/other","government technical report","1"
"W04_WET_INTERMEDIATE","1977","1981","Formula 2 — 1972-1984","Pirelli","period technical/race article","1"
"W04_WET_INTERMEDIATE","1997","2001","General Tire Mechanics","Dunlop","period technical/race article","1"
"W04_WET_INTERMEDIATE","1966","1971","Historic Racing Reference","Michelin","technical report","1"
"W04_WET_INTERMEDIATE","2002","1969","Group 4 Sports Cars — 1966-1969","Goodyear","period race report / technical feature","1"
"W04_WET_INTERMEDIATE","1987","1991","Group C","Bridgestone/other","technical report","1"
"W04_WET_INTERMEDIATE","1972","1976","Sports racing / prototypes — 1972-1981","Avon","period race report / technical feature","1"
"W04_WET_INTERMEDIATE","1950","1959","Japanese GT / touring — pre-JGTC","Michelin","technical report","1"
"W04_WET_INTERMEDIATE","1992","1996","Historic Racing Reference","Goodyear","period race report / technical feature","1"
"W04_WET_INTERMEDIATE","1977","1981","IMSA GT — 1971-1981","Bridgestone/other","technical report","1"
"W04_WET_INTERMEDIATE","1960","1965","USAC Championship Car / Indianapolis","Pirelli","period race report / technical feature","1"
"W04_WET_INTERMEDIATE","1997","2001","FIA GT — 1997-2009","Firestone","technical report","1"
"W04_WET_INTERMEDIATE","1982","1984","Formula 2 — 1972-1984","Dunlop","period race report / technical feature","1"
"W04_WET_INTERMEDIATE","1966","1969","Group 2 / ETCC — 1963-1969","Avon","technical report","1"
"W04_WET_INTERMEDIATE","2002","2010","General Tire Mechanics","Michelin","period race report / technical feature","1"
"W04_WET_INTERMEDIATE","1987","1991","NASCAR stock car — 1972-1991","Goodyear","technical paper","1"
"W04_WET_INTERMEDIATE","1972","1976","Historic Racing Reference","Bridgestone/other","supplier motorsport document","1"
"W04_WET_INTERMEDIATE","1993","1996","Formula Ford — 1993-2010","Firestone","supplier motorsport document","1"
"W04_WET_INTERMEDIATE","1977","1981","Group 2 / ETCC — 1976-1981","Dunlop","technical paper","1"
"W04_WET_INTERMEDIATE","1960","1965","Japanese GT / touring — pre-JGTC","Avon","supplier motorsport document","1"
"W04_WET_INTERMEDIATE","1997","2001","Historic Racing Reference","Michelin","technical paper","1"
"W04_WET_INTERMEDIATE","1982","1986","IMSA GT — 1982-1993","Goodyear","supplier motorsport document","1"
"W04_WET_INTERMEDIATE","1966","1971","USAC Championship Car / Indianapolis","Dunlop","technical paper","1"
"W04_WET_INTERMEDIATE","2002","2009","FIA GT — 1997-2009","Avon","supplier motorsport document","1"
"W04_WET_INTERMEDIATE","1987","1991","International Formula 3000","Michelin","technical paper","1"
"W04_WET_INTERMEDIATE","1972","1975","Group 2 / ETCC — 1970-1975","Goodyear","supplier motorsport document","1"
"W04_WET_INTERMEDIATE","1950","1959","Formula 1 — early World Championship","Bridgestone/other","technical paper","1"
"W04_WET_INTERMEDIATE","1960","1962","Touring / saloon racing — pre-1963","Dunlop","technical paper","1"
"W04_WET_INTERMEDIATE","1997","2001","Formula Ford — 1993-2010","Avon","government technical report","1"
"W04_WET_INTERMEDIATE","1982","1986","Group A touring — 1982-1992","Michelin","supplier racing document","1"
"W04_WET_INTERMEDIATE","1966","1971","Japanese GT / touring — pre-JGTC","Goodyear","government technical report","1"
"W04_WET_INTERMEDIATE","2002","2010","Historic Racing Reference","Bridgestone/other","supplier racing document","1"
"W04_WET_INTERMEDIATE","1987","1991","IMSA GT — 1982-1993","Pirelli","government technical report","1"
"W04_WET_INTERMEDIATE","1972","1976","USAC Championship Car / Indianapolis","Firestone","technical paper","1"
"W04_WET_INTERMEDIATE","1992","1996","Formula 3 — 1991-2010","Avon","period technical/race article","1"
"W04_WET_INTERMEDIATE","2002","2010","Formula Ford — 1993-2010","Goodyear","technical report","1"
"W04_WET_INTERMEDIATE","1987","1991","Group A touring — 1982-1992","Bridgestone/other","period race report / technical feature","1"
"W04_WET_INTERMEDIATE","1972","1976","Japanese GT / touring — pre-JGTC","Pirelli","technical report","1"
"W04_WET_INTERMEDIATE","1994","1996","GT2 / GTS — 1994-2004 sanction-specific","Dunlop","technical report","1"
"W04_WET_INTERMEDIATE","1977","1981","Historic Racing Reference","Avon","period race report / technical feature","1"
"W04_WET_INTERMEDIATE","1987","1991","General Racing Tire","Dunlop","supplier motorsport document","1"
"W04_WET_INTERMEDIATE","1972","1976","IMSA GT — 1971-1981","Avon","technical paper","1"
"W04_WET_INTERMEDIATE","1950","1959","Historic Racing Reference","Pirelli","supplier motorsport document","1"
"W04_WET_INTERMEDIATE","1992","1993","Group C","Firestone","technical paper","1"
"W04_WET_INTERMEDIATE","1977","1981","Sports racing / prototypes — 1972-1981","Dunlop","supplier motorsport document","1"
"W04_WET_INTERMEDIATE","1997","2001","GT2 / GTS — 1994-2004 sanction-specific","Michelin","supplier motorsport document","1"
"W04_WET_INTERMEDIATE","1982","1986","Historic Racing Reference","Goodyear","technical paper","1"
"W04_WET_INTERMEDIATE","1966","1969","GT40-era endurance","Bridgestone/other","supplier motorsport document","1"
"W04_WET_INTERMEDIATE","2002","2010","Formula 3 — 1991-2010","Pirelli","technical paper","1"
"W04_WET_INTERMEDIATE","1987","1991","World Rally Championship — 1987-2001","Firestone","supplier motorsport document","1"
"W04_WET_INTERMEDIATE","1950","1959","Touring / saloon racing — pre-1963","Avon","supplier racing document","1"
"W04_WET_INTERMEDIATE","1992","1996","General Tire Mechanics","Michelin","government technical report","1"
"W04_WET_INTERMEDIATE","1977","1981","NASCAR stock car — 1972-1991","Goodyear","period technical/race article","1"
"W04_WET_INTERMEDIATE","1960","1965","Historic Racing Reference","Bridgestone/other","government technical report","1"
"W04_WET_INTERMEDIATE","1997","1969","Group 4 Sports Cars — 1966-1969","Pirelli","technical paper","1"
"W04_WET_INTERMEDIATE","1982","1986","Group C","Firestone","government technical report","1"
"W04_WET_INTERMEDIATE","1966","1971","Can-Am — original","Dunlop","period technical/race article","1"
"W04_WET_INTERMEDIATE","2005","2010","GT2 / GTS — 2005-2010 sanction-specific","Bridgestone/other","government technical report","1"
"W04_WET_INTERMEDIATE","1987","1991","Historic Racing Reference","Pirelli","period technical/race article","1"
"W04_WET_INTERMEDIATE","1972","1976","Group 4 Special GT — 1970-1981","Firestone","government technical report","1"
"W04_WET_INTERMEDIATE","1950","1955","AAA Championship Car / Indianapolis","Dunlop","supplier racing document","1"
"W04_WET_INTERMEDIATE","1994","1996","BPR Global GT","Avon","government technical report","1"
"W04_WET_INTERMEDIATE","1977","1981","Formula 2 — 1972-1984","Michelin","period technical/race article","1"
"W04_WET_INTERMEDIATE","1982","1986","NASCAR stock car — 1972-1991","Pirelli","period race report / technical feature","1"
"W04_WET_INTERMEDIATE","1966","1971","Historic Racing Reference","Firestone","technical report","1"
"W04_WET_INTERMEDIATE","2002","1969","Group 4 Sports Cars — 1966-1969","Dunlop","period race report / technical feature","1"
"W04_WET_INTERMEDIATE","1987","1991","Group C","Avon","technical report","1"
"W04_WET_INTERMEDIATE","1972","1976","Sports racing / prototypes — 1972-1981","Michelin","period race report / technical feature","1"
"W04_WET_INTERMEDIATE","1950","1959","Japanese GT / touring — pre-JGTC","Goodyear","technical report","1"
"W04_WET_INTERMEDIATE","1992","1996","Historic Racing Reference","Bridgestone/other","period race report / technical feature","1"
"W04_WET_INTERMEDIATE","1977","1981","IMSA GT — 1971-1981","Pirelli","technical report","1"
"W04_WET_INTERMEDIATE","1997","2001","FIA GT — 1997-2009","Goodyear","technical report","1"
"W04_WET_INTERMEDIATE","1972","1976","Historic Racing Reference","Avon","supplier motorsport document","1"
"W04_WET_INTERMEDIATE","1993","1996","Formula Ford — 1993-2010","Goodyear","supplier motorsport document","1"
"W04_WET_INTERMEDIATE","1977","1981","Group 2 / ETCC — 1976-1981","Bridgestone/other","technical paper","1"
"W04_WET_INTERMEDIATE","1960","1965","Japanese GT / touring — pre-JGTC","Pirelli","supplier motorsport document","1"
"W04_WET_INTERMEDIATE","1997","2001","Historic Racing Reference","Firestone","technical paper","1"
"W04_WET_INTERMEDIATE","1982","1986","IMSA GT — 1982-1993","Dunlop","supplier motorsport document","1"
"W04_WET_INTERMEDIATE","1972","1975","Group 2 / ETCC — 1970-1975","Bridgestone/other","technical paper","1"
"W04_WET_INTERMEDIATE","1950","1959","Formula 1 — early World Championship","Pirelli","government technical report","1"
"W04_WET_INTERMEDIATE","1993","1996","Le Mans Prototype transition","Michelin","technical paper","1"
"W04_WET_INTERMEDIATE","1977","1981","General Racing Tire","Goodyear","government technical report","1"
"W04_WET_INTERMEDIATE","1960","1962","Touring / saloon racing — pre-1963","Bridgestone/other","period technical/race article","1"
"W04_WET_INTERMEDIATE","1997","2001","Formula Ford — 1993-2010","Pirelli","government technical report","1"
"W04_WET_INTERMEDIATE","1982","1986","Group A touring — 1982-1992","Firestone","supplier racing document","1"
"W04_WET_INTERMEDIATE","1966","1971","Japanese GT / touring — pre-JGTC","Dunlop","government technical report","1"
"W04_WET_INTERMEDIATE","2002","2010","Historic Racing Reference","Avon","supplier racing document","1"
"W04_WET_INTERMEDIATE","1987","1991","IMSA GT — 1982-1993","Michelin","government technical report","1"
"W04_WET_INTERMEDIATE","1972","1976","USAC Championship Car / Indianapolis","Goodyear","period technical/race article","1"
"W04_WET_INTERMEDIATE","1992","1996","Formula 3 — 1991-2010","Pirelli","technical paper","1"
"W04_WET_INTERMEDIATE","1977","1981","Rallycross — 1967-1981","Firestone","period race report / technical feature","1"
"W04_WET_INTERMEDIATE","1960","1965","Formula 1 — early World Championship","Dunlop","technical report","1"
"W04_WET_INTERMEDIATE","1997","1999","Le Mans Prototype transition","Avon","period race report / technical feature","1"
"W04_WET_INTERMEDIATE","1982","1986","General Racing Tire","Michelin","technical report","1"
"W04_WET_INTERMEDIATE","1966","1971","Trans-Am — 1966-1972","Goodyear","period race report / technical feature","1"
"W04_WET_INTERMEDIATE","2002","2010","Formula Ford — 1993-2010","Bridgestone/other","technical report","1"
"W04_WET_INTERMEDIATE","1987","1991","Group A touring — 1982-1992","Avon","period race report / technical feature","1"
"W04_WET_INTERMEDIATE","1972","1976","Japanese GT / touring — pre-JGTC","Michelin","technical report","1"
"W04_WET_INTERMEDIATE","1994","1996","GT2 / GTS — 1994-2004 sanction-specific","Bridgestone/other","technical report","1"
"W04_WET_INTERMEDIATE","1977","1981","Historic Racing Reference","Pirelli","period race report / technical feature","1"
"W04_WET_INTERMEDIATE","1960","1963","Sports racing / prototypes — 1950-1963","Firestone","technical report","1"
"W04_WET_INTERMEDIATE","1997","2001","Formula 3 — 1991-2010","Dunlop","period race report / technical feature","1"
"W04_WET_INTERMEDIATE","1966","1971","Formula 1 — 3-litre/cross-ply-to-radial transition","Michelin","supplier motorsport document","1"
"W04_WET_INTERMEDIATE","2002","1993","IMSA GTP","Goodyear","technical paper","1"
"W04_WET_INTERMEDIATE","1987","1991","General Racing Tire","Bridgestone/other","supplier motorsport document","1"
"W04_WET_INTERMEDIATE","1972","1976","IMSA GT — 1971-1981","Pirelli","technical paper","1"
"W04_WET_INTERMEDIATE","1950","1959","Historic Racing Reference","Firestone","supplier motorsport document","1"
"W04_WET_INTERMEDIATE","1992","1993","Group C","Dunlop","technical paper","1"
"W04_WET_INTERMEDIATE","1977","1981","Sports racing / prototypes — 1972-1981","Avon","supplier motorsport document","1"
"W04_WET_INTERMEDIATE","1960","1963","Sports racing / prototypes — 1950-1963","Michelin","technical paper","1"
"W04_WET_INTERMEDIATE","1997","2001","GT2 / GTS — 1994-2004 sanction-specific","Goodyear","supplier motorsport document","1"
"W04_WET_INTERMEDIATE","1982","1986","Historic Racing Reference","Dunlop","technical paper","1"
"W04_WET_INTERMEDIATE","1966","1969","GT40-era endurance","Avon","supplier motorsport document","1"
"W04_WET_INTERMEDIATE","1987","1991","World Rally Championship — 1987-2001","Goodyear","supplier racing document","1"
"W04_WET_INTERMEDIATE","1992","1996","General Tire Mechanics","Firestone","government technical report","1"
"W04_WET_INTERMEDIATE","1977","1981","NASCAR stock car — 1972-1991","Dunlop","supplier racing document","1"
"W04_WET_INTERMEDIATE","1960","1965","Historic Racing Reference","Avon","government technical report","1"
"W04_WET_INTERMEDIATE","1997","1969","Group 4 Sports Cars — 1966-1969","Michelin","technical paper","1"
"W04_WET_INTERMEDIATE","1982","1986","Group C","Goodyear","government technical report","1"
"W04_WET_INTERMEDIATE","1966","1971","Can-Am — original","Bridgestone/other","technical paper","1"
"W04_WET_INTERMEDIATE","2005","2010","GT2 / GTS — 2005-2010 sanction-specific","Pirelli","government technical report","1"
"W04_WET_INTERMEDIATE","1950","1955","AAA Championship Car / Indianapolis","Avon","period technical/race article","1"
"W04_WET_INTERMEDIATE","1997","2001","General Tire Mechanics","Avon","technical report","1"
"W04_WET_INTERMEDIATE","1982","1986","NASCAR stock car — 1972-1991","Michelin","period race report / technical feature","1"
"W04_WET_INTERMEDIATE","1966","1971","Historic Racing Reference","Goodyear","technical report","1"
"W04_WET_INTERMEDIATE","2002","1969","Group 4 Sports Cars — 1966-1969","Bridgestone/other","period race report / technical feature","1"
"W04_WET_INTERMEDIATE","1987","1991","Group C","Pirelli","technical report","1"
"W04_WET_INTERMEDIATE","1972","1976","Sports racing / prototypes — 1972-1981","Firestone","period race report / technical feature","1"
"W04_WET_INTERMEDIATE","1950","1959","Japanese GT / touring — pre-JGTC","Dunlop","technical report","1"
"W04_WET_INTERMEDIATE","1997","2001","FIA GT — 1997-2009","Bridgestone/other","technical paper","1"
"W04_WET_INTERMEDIATE","1982","1984","Formula 2 — 1972-1984","Pirelli","supplier motorsport document","1"
"W04_WET_INTERMEDIATE","1966","1969","Group 2 / ETCC — 1963-1969","Firestone","technical paper","1"
"W04_WET_INTERMEDIATE","2002","2010","General Tire Mechanics","Dunlop","supplier motorsport document","1"
"W04_WET_INTERMEDIATE","1987","1991","NASCAR stock car — 1972-1991","Avon","technical paper","1"
"W04_WET_INTERMEDIATE","1972","1976","Historic Racing Reference","Pirelli","supplier motorsport document","1"
"W04_WET_INTERMEDIATE","1950","1959","Touring / saloon racing — pre-1963","Firestone","technical paper","1"
"W04_WET_INTERMEDIATE","1993","1996","Formula Ford — 1993-2010","Dunlop","supplier motorsport document","1"
"W04_WET_INTERMEDIATE","1977","1981","Group 2 / ETCC — 1976-1981","Avon","technical paper","1"
"W04_WET_INTERMEDIATE","1960","1965","Japanese GT / touring — pre-JGTC","Michelin","supplier motorsport document","1"
"W04_WET_INTERMEDIATE","1997","2001","Historic Racing Reference","Goodyear","technical paper","1"
"W04_WET_INTERMEDIATE","1982","1986","IMSA GT — 1982-1993","Bridgestone/other","supplier motorsport document","1"
"W04_WET_INTERMEDIATE","1966","1971","USAC Championship Car / Indianapolis","Pirelli","technical paper","1"
"W04_WET_INTERMEDIATE","2002","2009","FIA GT — 1997-2009","Firestone","technical paper","1"
"W04_WET_INTERMEDIATE","1987","1991","International Formula 3000","Dunlop","government technical report","1"
"W04_WET_INTERMEDIATE","1972","1975","Group 2 / ETCC — 1970-1975","Avon","supplier racing document","1"
"W04_WET_INTERMEDIATE","1950","1959","Formula 1 — early World Championship","Michelin","government technical report","1"
"W04_WET_INTERMEDIATE","1993","1996","Le Mans Prototype transition","Goodyear","technical paper","1"
"W04_WET_INTERMEDIATE","1977","1981","General Racing Tire","Bridgestone/other","government technical report","1"
"W04_WET_INTERMEDIATE","1960","1962","Touring / saloon racing — pre-1963","Pirelli","period technical/race article","1"
"W04_WET_INTERMEDIATE","1997","2001","Formula Ford — 1993-2010","Firestone","government technical report","1"
"W04_WET_INTERMEDIATE","1982","1986","Group A touring — 1982-1992","Dunlop","supplier racing document","1"
"W04_WET_INTERMEDIATE","1966","1971","Japanese GT / touring — pre-JGTC","Bridgestone/other","government technical report","1"
"W04_WET_INTERMEDIATE","2002","2010","Historic Racing Reference","Pirelli","supplier racing document","1"
"W04_WET_INTERMEDIATE","1987","1991","IMSA GT — 1982-1993","Firestone","government technical report","1"
"W04_WET_INTERMEDIATE","1972","1976","USAC Championship Car / Indianapolis","Dunlop","supplier racing document","1"
"W04_WET_INTERMEDIATE","1960","1965","Formula 1 — early World Championship","Bridgestone/other","technical report","1"
"W04_WET_INTERMEDIATE","1997","1999","Le Mans Prototype transition","Pirelli","period race report / technical feature","1"
"W04_WET_INTERMEDIATE","1982","1986","General Racing Tire","Firestone","technical report","1"
"W04_WET_INTERMEDIATE","1966","1971","Trans-Am — 1966-1972","Dunlop","period race report / technical feature","1"
"W04_WET_INTERMEDIATE","2002","2010","Formula Ford — 1993-2010","Avon","technical report","1"
"W04_WET_INTERMEDIATE","1987","1991","Group A touring — 1982-1992","Michelin","period race report / technical feature","1"
"W04_WET_INTERMEDIATE","1972","1976","Japanese GT / touring — pre-JGTC","Goodyear","technical report","1"
"W04_WET_INTERMEDIATE","1966","1971","Formula 1 — 3-litre/cross-ply-to-radial transition","Firestone","supplier motorsport document","1"
"W04_WET_INTERMEDIATE","2002","1993","IMSA GTP","Dunlop","technical paper","1"
"W04_WET_INTERMEDIATE","1987","1991","General Racing Tire","Avon","supplier motorsport document","1"
"W04_WET_INTERMEDIATE","1972","1976","IMSA GT — 1971-1981","Michelin","technical paper","1"
"W04_WET_INTERMEDIATE","1950","1959","Historic Racing Reference","Goodyear","supplier motorsport document","1"
"W04_WET_INTERMEDIATE","1992","1993","Group C","Bridgestone/other","technical paper","1"
"W04_WET_INTERMEDIATE","1977","1981","Sports racing / prototypes — 1972-1981","Pirelli","supplier motorsport document","1"
"W04_WET_INTERMEDIATE","1966","1969","GT40-era endurance","Michelin","technical paper","1"
"W04_WET_INTERMEDIATE","2002","2010","Formula 3 — 1991-2010","Goodyear","government technical report","1"
"W04_WET_INTERMEDIATE","1987","1991","World Rally Championship — 1987-2001","Bridgestone/other","technical paper","1"
"W04_WET_INTERMEDIATE","1972","1976","Formula 1 — 3-litre/cross-ply-to-radial transition","Pirelli","government technical report","1"
"W04_WET_INTERMEDIATE","1992","1996","General Tire Mechanics","Goodyear","government technical report","1"
"W04_WET_INTERMEDIATE","1977","1981","NASCAR stock car — 1972-1991","Bridgestone/other","period technical/race article","1"
"W04_WET_INTERMEDIATE","1960","1965","Historic Racing Reference","Pirelli","government technical report","1"
"W04_WET_INTERMEDIATE","1997","1969","Group 4 Sports Cars — 1966-1969","Firestone","supplier racing document","1"
"W04_WET_INTERMEDIATE","1982","1986","Group C","Dunlop","government technical report","1"
"W04_WET_INTERMEDIATE","1966","1971","Can-Am — original","Avon","supplier racing document","1"
"W04_WET_INTERMEDIATE","2005","2010","GT2 / GTS — 2005-2010 sanction-specific","Michelin","government technical report","1"
"W04_WET_INTERMEDIATE","1987","1991","Historic Racing Reference","Goodyear","supplier racing document","1"
"W04_WET_INTERMEDIATE","1972","1976","Group 4 Special GT — 1970-1981","Bridgestone/other","period race report / technical feature","1"
"W04_WET_INTERMEDIATE","1950","1955","AAA Championship Car / Indianapolis","Pirelli","technical report","1"
"W04_WET_INTERMEDIATE","1994","1996","BPR Global GT","Firestone","period race report / technical feature","1"
"W04_WET_INTERMEDIATE","1977","1981","Formula 2 — 1972-1984","Dunlop","technical report","1"
"W04_WET_INTERMEDIATE","1963","1965","Group 2 / ETCC — 1963-1969","Avon","period race report / technical feature","1"
"W04_WET_INTERMEDIATE","1997","2001","General Tire Mechanics","Michelin","technical report","1"
"W04_WET_INTERMEDIATE","1982","1986","NASCAR stock car — 1972-1991","Goodyear","period race report / technical feature","1"
"W04_WET_INTERMEDIATE","1966","1971","Historic Racing Reference","Bridgestone/other","technical report","1"
"W04_WET_INTERMEDIATE","2002","1969","Group 4 Sports Cars — 1966-1969","Avon","period race report / technical feature","1"
"W04_WET_INTERMEDIATE","1987","1991","Group C","Michelin","technical report","1"
"W04_WET_INTERMEDIATE","1972","1976","Sports racing / prototypes — 1972-1981","Goodyear","period race report / technical feature","1"
"W04_WET_INTERMEDIATE","1950","1959","Japanese GT / touring — pre-JGTC","Bridgestone/other","technical report","1"
"W04_WET_INTERMEDIATE","1992","1996","Historic Racing Reference","Pirelli","period race report / technical feature","1"
"W04_WET_INTERMEDIATE","1982","1984","Formula 2 — 1972-1984","Michelin","supplier motorsport document","1"
"W04_WET_INTERMEDIATE","1966","1969","Group 2 / ETCC — 1963-1969","Goodyear","technical paper","1"
"W04_WET_INTERMEDIATE","2002","2010","General Tire Mechanics","Bridgestone/other","supplier motorsport document","1"
"W04_WET_INTERMEDIATE","1987","1991","NASCAR stock car — 1972-1991","Pirelli","technical paper","1"
"W04_WET_INTERMEDIATE","1972","1976","Historic Racing Reference","Firestone","supplier motorsport document","1"
"W04_WET_INTERMEDIATE","1993","1996","Formula Ford — 1993-2010","Avon","supplier motorsport document","1"
"W04_WET_INTERMEDIATE","1982","1986","IMSA GT — 1982-1993","Avon","period technical/race article","1"
"W04_WET_INTERMEDIATE","2002","2009","FIA GT — 1997-2009","Goodyear","technical paper","1"
"W04_WET_INTERMEDIATE","1987","1991","International Formula 3000","Bridgestone/other","government technical report","1"
"W04_WET_INTERMEDIATE","1972","1975","Group 2 / ETCC — 1970-1975","Pirelli","technical paper","1"
"W04_WET_INTERMEDIATE","1950","1959","Formula 1 — early World Championship","Firestone","government technical report","1"
"W04_WET_INTERMEDIATE","1993","1996","Le Mans Prototype transition","Dunlop","period technical/race article","1"
"W04_WET_INTERMEDIATE","1977","1981","General Racing Tire","Avon","government technical report","1"
"W04_WET_INTERMEDIATE","1960","1962","Touring / saloon racing — pre-1963","Michelin","technical paper","1"
"W04_WET_INTERMEDIATE","1997","2001","Formula Ford — 1993-2010","Goodyear","government technical report","1"
"W04_WET_INTERMEDIATE","1982","1986","Group A touring — 1982-1992","Bridgestone/other","supplier racing document","1"
"W04_WET_INTERMEDIATE","2002","2010","Historic Racing Reference","Firestone","period technical/race article","1"
"W04_WET_INTERMEDIATE","1987","1991","IMSA GT — 1982-1993","Dunlop","period race report / technical feature","1"
"W04_WET_INTERMEDIATE","1972","1976","USAC Championship Car / Indianapolis","Avon","technical report","1"
"W04_WET_INTERMEDIATE","1992","1996","Formula 3 — 1991-2010","Firestone","technical report","1"
"W04_WET_INTERMEDIATE","1977","1981","Rallycross — 1967-1981","Dunlop","period race report / technical feature","1"
"W04_WET_INTERMEDIATE","1960","1965","Formula 1 — early World Championship","Avon","technical report","1"
"W04_WET_INTERMEDIATE","1997","1999","Le Mans Prototype transition","Michelin","period race report / technical feature","1"
"W04_WET_INTERMEDIATE","1982","1986","General Racing Tire","Goodyear","technical report","1"
"W04_WET_INTERMEDIATE","1966","1971","Trans-Am — 1966-1972","Bridgestone/other","period race report / technical feature","1"
"W04_WET_INTERMEDIATE","2002","2010","Formula Ford — 1993-2010","Pirelli","technical report","1"
"W04_WET_INTERMEDIATE","1987","1991","Group A touring — 1982-1992","Firestone","period race report / technical feature","1"
"W04_WET_INTERMEDIATE","1972","1976","Japanese GT / touring — pre-JGTC","Dunlop","technical report","1"
"W04_WET_INTERMEDIATE","1994","1996","GT2 / GTS — 1994-2004 sanction-specific","Michelin","technical paper","1"
"W04_WET_INTERMEDIATE","1977","1981","Historic Racing Reference","Goodyear","supplier motorsport document","1"
"W04_WET_INTERMEDIATE","1997","2001","Formula 3 — 1991-2010","Pirelli","supplier motorsport document","1"
"W04_WET_INTERMEDIATE","1982","1986","World Rally Championship — 1979-1986","Firestone","technical paper","1"
"W04_WET_INTERMEDIATE","1966","1971","Formula 1 — 3-litre/cross-ply-to-radial transition","Dunlop","supplier motorsport document","1"
"W04_WET_INTERMEDIATE","2002","1993","IMSA GTP","Avon","technical paper","1"
"W04_WET_INTERMEDIATE","1987","1991","General Racing Tire","Pirelli","supplier motorsport document","1"
"W04_WET_INTERMEDIATE","1972","1976","IMSA GT — 1971-1981","Firestone","technical paper","1"
"W04_WET_INTERMEDIATE","1950","1959","Historic Racing Reference","Dunlop","supplier motorsport document","1"
"W04_WET_INTERMEDIATE","1992","1993","Group C","Avon","technical paper","1"
"W04_WET_INTERMEDIATE","1977","1981","Sports racing / prototypes — 1972-1981","Michelin","supplier motorsport document","1"
"W04_WET_INTERMEDIATE","1997","2001","GT2 / GTS — 1994-2004 sanction-specific","Bridgestone/other","supplier racing document","1"
"W04_WET_INTERMEDIATE","1982","1986","Historic Racing Reference","Pirelli","government technical report","1"
"W04_WET_INTERMEDIATE","1966","1969","GT40-era endurance","Firestone","period technical/race article","1"
"W04_WET_INTERMEDIATE","2002","2010","Formula 3 — 1991-2010","Dunlop","government technical report","1"
"W04_WET_INTERMEDIATE","1987","1991","World Rally Championship — 1987-2001","Avon","technical paper","1"
"W04_WET_INTERMEDIATE","1972","1976","Formula 1 — 3-litre/cross-ply-to-radial transition","Michelin","government technical report","1"
"W04_WET_INTERMEDIATE","1950","1959","Touring / saloon racing — pre-1963","Goodyear","supplier racing document","1"
"W04_WET_INTERMEDIATE","1992","1996","General Tire Mechanics","Bridgestone/other","government technical report","1"
"W04_WET_INTERMEDIATE","1977","1981","NASCAR stock car — 1972-1991","Pirelli","technical paper","1"
"W04_WET_INTERMEDIATE","1960","1965","Historic Racing Reference","Firestone","government technical report","1"
"W04_WET_INTERMEDIATE","1997","1969","Group 4 Sports Cars — 1966-1969","Dunlop","technical paper","1"
"W04_WET_INTERMEDIATE","1982","1986","Group C","Bridgestone/other","government technical report","1"
"W04_WET_INTERMEDIATE","1966","1971","Can-Am — original","Pirelli","technical paper","1"
"W04_WET_INTERMEDIATE","2005","2010","GT2 / GTS — 2005-2010 sanction-specific","Firestone","period race report / technical feature","1"
"W04_WET_INTERMEDIATE","1987","1991","Historic Racing Reference","Dunlop","technical report","1"
"W04_WET_INTERMEDIATE","1972","1976","Group 4 Special GT — 1970-1981","Avon","period race report / technical feature","1"
"W04_WET_INTERMEDIATE","1950","1955","AAA Championship Car / Indianapolis","Michelin","technical report","1"
"W04_WET_INTERMEDIATE","1994","1996","BPR Global GT","Goodyear","period race report / technical feature","1"
"W04_WET_INTERMEDIATE","1977","1981","Formula 2 — 1972-1984","Bridgestone/other","technical report","1"
"W04_WET_INTERMEDIATE","1963","1965","Group 2 / ETCC — 1963-1969","Pirelli","period race report / technical feature","1"
"W04_WET_INTERMEDIATE","1997","2001","General Tire Mechanics","Firestone","technical report","1"
"W04_WET_INTERMEDIATE","1982","1986","NASCAR stock car — 1972-1991","Dunlop","period race report / technical feature","1"
"W04_WET_INTERMEDIATE","1966","1971","Historic Racing Reference","Avon","technical report","1"
"W04_WET_INTERMEDIATE","1950","1959","Japanese GT / touring — pre-JGTC","Pirelli","technical paper","1"
"W04_WET_INTERMEDIATE","1992","1996","Historic Racing Reference","Firestone","supplier motorsport document","1"
"W04_WET_INTERMEDIATE","1977","1981","IMSA GT — 1971-1981","Goodyear","technical paper","1"
"W04_WET_INTERMEDIATE","1960","1965","USAC Championship Car / Indianapolis","Bridgestone/other","supplier motorsport document","1"
"W04_WET_INTERMEDIATE","1997","2001","FIA GT — 1997-2009","Pirelli","technical paper","1"
"W04_WET_INTERMEDIATE","1982","1984","Formula 2 — 1972-1984","Firestone","supplier motorsport document","1"
"W04_WET_INTERMEDIATE","1966","1969","Group 2 / ETCC — 1963-1969","Dunlop","technical paper","1"
"W04_WET_INTERMEDIATE","2002","2010","General Tire Mechanics","Avon","supplier motorsport document","1"
"W04_WET_INTERMEDIATE","1987","1991","NASCAR stock car — 1972-1991","Michelin","technical paper","1"
"W04_WET_INTERMEDIATE","1972","1976","Historic Racing Reference","Goodyear","supplier motorsport document","1"
"W04_WET_INTERMEDIATE","1950","1959","Touring / saloon racing — pre-1963","Bridgestone/other","technical paper","1"
"W04_WET_INTERMEDIATE","1960","1965","Japanese GT / touring — pre-JGTC","Dunlop","supplier racing document","1"
"W04_WET_INTERMEDIATE","1997","2001","Historic Racing Reference","Avon","government technical report","1"
"W04_WET_INTERMEDIATE","1982","1986","IMSA GT — 1982-1993","Michelin","period technical/race article","1"
"W04_WET_INTERMEDIATE","1966","1971","USAC Championship Car / Indianapolis","Goodyear","government technical report","1"
"W04_WET_INTERMEDIATE","2002","2009","FIA GT — 1997-2009","Bridgestone/other","supplier racing document","1"
"W04_WET_INTERMEDIATE","1987","1991","International Formula 3000","Pirelli","government technical report","1"
"W04_WET_INTERMEDIATE","1972","1975","Group 2 / ETCC — 1970-1975","Michelin","period technical/race article","1"
"W04_WET_INTERMEDIATE","1950","1959","Formula 1 — early World Championship","Goodyear","government technical report","1"
"W04_WET_INTERMEDIATE","1993","1996","Le Mans Prototype transition","Bridgestone/other","supplier racing document","1"
"W04_WET_INTERMEDIATE","1977","1981","General Racing Tire","Pirelli","government technical report","1"
"W04_WET_INTERMEDIATE","1960","1962","Touring / saloon racing — pre-1963","Firestone","supplier racing document","1"
"W04_WET_INTERMEDIATE","1997","2001","Formula Ford — 1993-2010","Dunlop","government technical report","1"
"W04_WET_INTERMEDIATE","1982","1986","Group A touring — 1982-1992","Avon","supplier racing document","1"
"W04_WET_INTERMEDIATE","1966","1971","Japanese GT / touring — pre-JGTC","Michelin","period race report / technical feature","1"
"W04_WET_INTERMEDIATE","2002","2010","Historic Racing Reference","Goodyear","technical report","1"
"W04_WET_INTERMEDIATE","1987","1991","IMSA GT — 1982-1993","Bridgestone/other","period race report / technical feature","1"
"W04_WET_INTERMEDIATE","1972","1976","USAC Championship Car / Indianapolis","Pirelli","technical report","1"
"W04_WET_INTERMEDIATE","1992","1996","Formula 3 — 1991-2010","Dunlop","technical report","1"
"W04_WET_INTERMEDIATE","1977","1981","Rallycross — 1967-1981","Avon","period race report / technical feature","1"
"W04_WET_INTERMEDIATE","1960","1965","Formula 1 — early World Championship","Michelin","technical report","1"
"W04_WET_INTERMEDIATE","1997","1999","Le Mans Prototype transition","Goodyear","period race report / technical feature","1"
"W04_WET_INTERMEDIATE","1982","1986","General Racing Tire","Bridgestone/other","technical report","1"
"W04_WET_INTERMEDIATE","1966","1971","Trans-Am — 1966-1972","Avon","period race report / technical feature","1"
"W04_WET_INTERMEDIATE","2002","2010","Formula Ford — 1993-2010","Michelin","technical report","1"
"W04_WET_INTERMEDIATE","1972","1976","Japanese GT / touring — pre-JGTC","Bridgestone/other","technical paper","1"
"W04_WET_INTERMEDIATE","1950","1959","Sports racing / prototypes — 1950-1963","Pirelli","supplier motorsport document","1"
"W04_WET_INTERMEDIATE","1994","1996","GT2 / GTS — 1994-2004 sanction-specific","Firestone","technical paper","1"
"W04_WET_INTERMEDIATE","1977","1981","Historic Racing Reference","Dunlop","supplier motorsport document","1"
"W04_WET_INTERMEDIATE","1997","2001","Formula 3 — 1991-2010","Michelin","supplier motorsport document","1"
"W04_WET_INTERMEDIATE","1982","1986","World Rally Championship — 1979-1986","Goodyear","technical paper","1"
"W04_WET_INTERMEDIATE","1966","1971","Formula 1 — 3-litre/cross-ply-to-radial transition","Bridgestone/other","supplier motorsport document","1"
"W04_WET_INTERMEDIATE","2002","1993","IMSA GTP","Pirelli","technical paper","1"
"W04_WET_INTERMEDIATE","1987","1991","General Racing Tire","Firestone","supplier motorsport document","1"
"W04_WET_INTERMEDIATE","1977","1981","Sports racing / prototypes — 1972-1981","Goodyear","period technical/race article","1"
"W04_WET_INTERMEDIATE","1960","1963","Sports racing / prototypes — 1950-1963","Dunlop","government technical report","1"
"W04_WET_INTERMEDIATE","1997","2001","GT2 / GTS — 1994-2004 sanction-specific","Avon","technical paper","1"
"W04_WET_INTERMEDIATE","1982","1986","Historic Racing Reference","Michelin","government technical report","1"
"W04_WET_INTERMEDIATE","1966","1969","GT40-era endurance","Goodyear","period technical/race article","1"
"W04_WET_INTERMEDIATE","2002","2010","Formula 3 — 1991-2010","Bridgestone/other","government technical report","1"
"W04_WET_INTERMEDIATE","1987","1991","World Rally Championship — 1987-2001","Pirelli","supplier racing document","1"
"W04_WET_INTERMEDIATE","1972","1976","Formula 1 — 3-litre/cross-ply-to-radial transition","Firestone","government technical report","1"
"W04_WET_INTERMEDIATE","1992","1996","General Tire Mechanics","Avon","government technical report","1"
"W04_WET_INTERMEDIATE","1997","1969","Group 4 Sports Cars — 1966-1969","Bridgestone/other","supplier racing document","1"
"W04_WET_INTERMEDIATE","1982","1986","Group C","Pirelli","period race report / technical feature","1"
"W04_WET_INTERMEDIATE","1966","1971","Can-Am — original","Firestone","technical report","1"
"W04_WET_INTERMEDIATE","2005","2010","GT2 / GTS — 2005-2010 sanction-specific","Dunlop","period race report / technical feature","1"
"W04_WET_INTERMEDIATE","1987","1991","Historic Racing Reference","Avon","technical report","1"
"W04_WET_INTERMEDIATE","1972","1976","Group 4 Special GT — 1970-1981","Michelin","period race report / technical feature","1"
"W04_WET_INTERMEDIATE","1950","1955","AAA Championship Car / Indianapolis","Firestone","technical report","1"
"W04_WET_INTERMEDIATE","1994","1996","BPR Global GT","Dunlop","period race report / technical feature","1"
"W04_WET_INTERMEDIATE","1977","1981","Formula 2 — 1972-1984","Avon","technical report","1"
"W04_WET_INTERMEDIATE","1963","1965","Group 2 / ETCC — 1963-1969","Michelin","period race report / technical feature","1"
"W04_WET_INTERMEDIATE","1997","2001","General Tire Mechanics","Goodyear","technical report","1"
"W04_WET_INTERMEDIATE","1982","1986","NASCAR stock car — 1972-1991","Bridgestone/other","period race report / technical feature","1"
"W04_WET_INTERMEDIATE","1966","1971","Historic Racing Reference","Pirelli","technical report","1"
"W04_WET_INTERMEDIATE","2002","1969","Group 4 Sports Cars — 1966-1969","Firestone","period race report / technical feature","1"
"W04_WET_INTERMEDIATE","1987","1991","Group C","Dunlop","technical paper","1"
"W04_WET_INTERMEDIATE","1972","1976","Sports racing / prototypes — 1972-1981","Avon","supplier motorsport document","1"
"W04_WET_INTERMEDIATE","1950","1959","Japanese GT / touring — pre-JGTC","Michelin","technical paper","1"
"W04_WET_INTERMEDIATE","1992","1996","Historic Racing Reference","Goodyear","supplier motorsport document","1"
"W04_WET_INTERMEDIATE","1977","1981","IMSA GT — 1971-1981","Bridgestone/other","technical paper","1"
"W04_WET_INTERMEDIATE","1960","1965","USAC Championship Car / Indianapolis","Pirelli","supplier motorsport document","1"
"W04_WET_INTERMEDIATE","1997","2001","FIA GT — 1997-2009","Firestone","technical paper","1"
"W04_WET_INTERMEDIATE","1982","1984","Formula 2 — 1972-1984","Dunlop","supplier motorsport document","1"
"W04_WET_INTERMEDIATE","1966","1969","Group 2 / ETCC — 1963-1969","Avon","technical paper","1"
"W04_WET_INTERMEDIATE","2002","2010","General Tire Mechanics","Pirelli","supplier motorsport document","1"
"W04_WET_INTERMEDIATE","1987","1991","NASCAR stock car — 1972-1991","Firestone","technical paper","1"
"W04_WET_INTERMEDIATE","1972","1976","Historic Racing Reference","Dunlop","supplier motorsport document","1"
"W04_WET_INTERMEDIATE","1993","1996","Formula Ford — 1993-2010","Michelin","technical paper","1"
"W04_WET_INTERMEDIATE","1977","1981","Group 2 / ETCC — 1976-1981","Goodyear","government technical report","1"
"W04_WET_INTERMEDIATE","1960","1965","Japanese GT / touring — pre-JGTC","Bridgestone/other","supplier racing document","1"
"W04_WET_INTERMEDIATE","1997","2001","Historic Racing Reference","Pirelli","government technical report","1"
"W04_WET_INTERMEDIATE","1982","1986","IMSA GT — 1982-1993","Firestone","period technical/race article","1"
"W04_WET_INTERMEDIATE","1966","1971","USAC Championship Car / Indianapolis","Dunlop","government technical report","1"
"W04_WET_INTERMEDIATE","2002","2009","FIA GT — 1997-2009","Avon","period technical/race article","1"
"W04_WET_INTERMEDIATE","1987","1991","International Formula 3000","Michelin","government technical report","1"
"W04_WET_INTERMEDIATE","1972","1975","Group 2 / ETCC — 1970-1975","Goodyear","technical paper","1"
"W04_WET_INTERMEDIATE","1950","1959","Formula 1 — early World Championship","Bridgestone/other","government technical report","1"
"W04_WET_INTERMEDIATE","1960","1962","Touring / saloon racing — pre-1963","Dunlop","supplier racing document","1"
"W04_WET_INTERMEDIATE","1997","2001","Formula Ford — 1993-2010","Bridgestone/other","period race report / technical feature","1"
"W04_WET_INTERMEDIATE","1982","1986","Group A touring — 1982-1992","Pirelli","technical report","1"
"W04_WET_INTERMEDIATE","1966","1971","Japanese GT / touring — pre-JGTC","Firestone","period race report / technical feature","1"
"W04_WET_INTERMEDIATE","2002","2010","Historic Racing Reference","Dunlop","technical report","1"
"W04_WET_INTERMEDIATE","1987","1991","IMSA GT — 1982-1993","Avon","period race report / technical feature","1"
"W04_WET_INTERMEDIATE","1972","1976","USAC Championship Car / Indianapolis","Michelin","technical report","1"
"W04_WET_INTERMEDIATE","1992","1996","Formula 3 — 1991-2010","Bridgestone/other","technical report","1"
"W04_WET_INTERMEDIATE","1977","1981","Rallycross — 1967-1981","Pirelli","period race report / technical feature","1"
"W04_WET_INTERMEDIATE","1960","1965","Formula 1 — early World Championship","Firestone","technical report","1"
"W04_WET_INTERMEDIATE","2002","2010","Formula Ford — 1993-2010","Goodyear","technical paper","1"
"W04_WET_INTERMEDIATE","1987","1991","Group A touring — 1982-1992","Bridgestone/other","supplier motorsport document","1"
"W04_WET_INTERMEDIATE","1972","1976","Japanese GT / touring — pre-JGTC","Pirelli","technical paper","1"
"W04_WET_INTERMEDIATE","1950","1959","Sports racing / prototypes — 1950-1963","Firestone","supplier motorsport document","1"
"W04_WET_INTERMEDIATE","1994","1996","GT2 / GTS — 1994-2004 sanction-specific","Goodyear","technical paper","1"
"W04_WET_INTERMEDIATE","1977","1981","Historic Racing Reference","Bridgestone/other","supplier motorsport document","1"
"W04_WET_INTERMEDIATE","1997","2001","Formula 3 — 1991-2010","Firestone","supplier motorsport document","1"
"W04_WET_INTERMEDIATE","1966","1971","Formula 1 — 3-litre/cross-ply-to-radial transition","Avon","supplier motorsport document","1"
"W04_WET_INTERMEDIATE","2002","1993","IMSA GTP","Michelin","technical paper","1"
"W04_WET_INTERMEDIATE","1987","1991","General Racing Tire","Goodyear","supplier motorsport document","1"
"W04_WET_INTERMEDIATE","1972","1976","IMSA GT — 1971-1981","Bridgestone/other","technical paper","1"
"W04_WET_INTERMEDIATE","1950","1959","Historic Racing Reference","Pirelli","supplier racing document","1"
"W04_WET_INTERMEDIATE","1992","1993","Group C","Firestone","government technical report","1"
"W04_WET_INTERMEDIATE","1977","1981","Sports racing / prototypes — 1972-1981","Dunlop","supplier racing document","1"
"W04_WET_INTERMEDIATE","1960","1963","Sports racing / prototypes — 1950-1963","Avon","government technical report","1"
"W04_WET_INTERMEDIATE","1997","2001","GT2 / GTS — 1994-2004 sanction-specific","Michelin","supplier racing document","1"
"W04_WET_INTERMEDIATE","1982","1986","Historic Racing Reference","Goodyear","government technical report","1"
"W04_WET_INTERMEDIATE","1966","1969","GT40-era endurance","Bridgestone/other","supplier racing document","1"
"W04_WET_INTERMEDIATE","2002","2010","Formula 3 — 1991-2010","Pirelli","government technical report","1"
"W04_WET_INTERMEDIATE","1987","1991","World Rally Championship — 1987-2001","Michelin","period technical/race article","1"
"W04_WET_INTERMEDIATE","1972","1976","Formula 1 — 3-litre/cross-ply-to-radial transition","Goodyear","government technical report","1"
"W04_WET_INTERMEDIATE","1950","1959","Touring / saloon racing — pre-1963","Bridgestone/other","supplier racing document","1"
"W04_WET_INTERMEDIATE","1992","1996","General Tire Mechanics","Pirelli","government technical report","1"
"W04_WET_INTERMEDIATE","1977","1981","NASCAR stock car — 1972-1991","Firestone","period technical/race article","1"
"W04_WET_INTERMEDIATE","1960","1965","Historic Racing Reference","Dunlop","period race report / technical feature","1"
"W04_WET_INTERMEDIATE","1997","1969","Group 4 Sports Cars — 1966-1969","Avon","technical report","1"
"W04_WET_INTERMEDIATE","1982","1986","Group C","Michelin","period race report / technical feature","1"
"W04_WET_INTERMEDIATE","1966","1971","Can-Am — original","Goodyear","technical report","1"
"W04_WET_INTERMEDIATE","2005","2010","GT2 / GTS — 2005-2010 sanction-specific","Bridgestone/other","period race report / technical feature","1"
"W04_WET_INTERMEDIATE","1987","1991","Historic Racing Reference","Pirelli","technical report","1"
"W04_WET_INTERMEDIATE","1972","1976","Group 4 Special GT — 1970-1981","Firestone","period race report / technical feature","1"
"W04_WET_INTERMEDIATE","1950","1955","AAA Championship Car / Indianapolis","Dunlop","technical report","1"
"W04_WET_INTERMEDIATE","1994","1996","BPR Global GT","Avon","period race report / technical feature","1"
"W04_WET_INTERMEDIATE","1977","1981","Formula 2 — 1972-1984","Michelin","technical report","1"
"W04_WET_INTERMEDIATE","1966","1971","Historic Racing Reference","Michelin","technical paper","1"
"W04_WET_INTERMEDIATE","2002","1969","Group 4 Sports Cars — 1966-1969","Goodyear","supplier motorsport document","1"
"W04_WET_INTERMEDIATE","1987","1991","Group C","Bridgestone/other","technical paper","1"
"W04_WET_INTERMEDIATE","1972","1976","Sports racing / prototypes — 1972-1981","Pirelli","supplier motorsport document","1"
"W04_WET_INTERMEDIATE","1992","1996","Historic Racing Reference","Dunlop","supplier motorsport document","1"
"W04_WET_INTERMEDIATE","1977","1981","IMSA GT — 1971-1981","Avon","technical paper","1"
"W04_WET_INTERMEDIATE","1960","1965","USAC Championship Car / Indianapolis","Michelin","supplier motorsport document","1"
"W04_WET_INTERMEDIATE","1997","2001","FIA GT — 1997-2009","Goodyear","technical paper","1"
"W04_WET_INTERMEDIATE","1982","1984","Formula 2 — 1972-1984","Bridgestone/other","supplier motorsport document","1"
"W04_WET_INTERMEDIATE","1972","1976","Historic Racing Reference","Avon","technical paper","1"
"W04_WET_INTERMEDIATE","1950","1959","Touring / saloon racing — pre-1963","Michelin","government technical report","1"
"W04_WET_INTERMEDIATE","1993","1996","Formula Ford — 1993-2010","Goodyear","period technical/race article","1"
"W04_WET_INTERMEDIATE","1977","1981","Group 2 / ETCC — 1976-1981","Dunlop","government technical report","1"
"W04_WET_INTERMEDIATE","1960","1965","Japanese GT / touring — pre-JGTC","Avon","technical paper","1"
"W04_WET_INTERMEDIATE","1997","2001","Historic Racing Reference","Michelin","government technical report","1"
"W04_WET_INTERMEDIATE","1982","1986","IMSA GT — 1982-1993","Goodyear","period technical/race article","1"
"W04_WET_INTERMEDIATE","1966","1971","USAC Championship Car / Indianapolis","Bridgestone/other","government technical report","1"
"W04_WET_INTERMEDIATE","2002","2009","FIA GT — 1997-2009","Pirelli","supplier racing document","1"
"W04_WET_INTERMEDIATE","1987","1991","International Formula 3000","Firestone","government technical report","1"
"W04_WET_INTERMEDIATE","1972","1975","Group 2 / ETCC — 1970-1975","Dunlop","supplier racing document","1"
"W04_WET_INTERMEDIATE","1950","1959","Formula 1 — early World Championship","Avon","government technical report","1"
"W04_WET_INTERMEDIATE","1993","1996","Le Mans Prototype transition","Michelin","supplier racing document","1"
"W04_WET_INTERMEDIATE","1977","1981","General Racing Tire","Goodyear","period race report / technical feature","1"
"W04_WET_INTERMEDIATE","1960","1962","Touring / saloon racing — pre-1963","Bridgestone/other","technical report","1"
"W04_WET_INTERMEDIATE","1997","2001","Formula Ford — 1993-2010","Pirelli","period race report / technical feature","1"
"W04_WET_INTERMEDIATE","1982","1986","Group A touring — 1982-1992","Firestone","technical report","1"
"W04_WET_INTERMEDIATE","1966","1971","Japanese GT / touring — pre-JGTC","Dunlop","period race report / technical feature","1"
"W04_WET_INTERMEDIATE","2002","2010","Historic Racing Reference","Avon","technical report","1"
"W04_WET_INTERMEDIATE","1987","1991","IMSA GT — 1982-1993","Michelin","period race report / technical feature","1"
"W04_WET_INTERMEDIATE","1972","1976","USAC Championship Car / Indianapolis","Firestone","technical report","1"
"W04_WET_INTERMEDIATE","1950","1959","Sports racing / prototypes — 1950-1963","Dunlop","period race report / technical feature","1"
"W04_WET_INTERMEDIATE","1992","1996","Formula 3 — 1991-2010","Avon","technical report","1"
"W04_WET_INTERMEDIATE","1977","1981","Rallycross — 1967-1981","Michelin","period race report / technical feature","1"
"W04_WET_INTERMEDIATE","1960","1965","Formula 1 — early World Championship","Goodyear","technical report","1"
"W04_WET_INTERMEDIATE","1997","1999","Le Mans Prototype transition","Bridgestone/other","period race report / technical feature","1"
"W04_WET_INTERMEDIATE","1982","1986","General Racing Tire","Pirelli","technical paper","1"
"W04_WET_INTERMEDIATE","1966","1971","Trans-Am — 1966-1972","Firestone","supplier motorsport document","1"
"W04_WET_INTERMEDIATE","2002","2010","Formula Ford — 1993-2010","Dunlop","technical paper","1"
"W04_WET_INTERMEDIATE","1987","1991","Group A touring — 1982-1992","Avon","supplier motorsport document","1"
"W04_WET_INTERMEDIATE","1950","1959","Sports racing / prototypes — 1950-1963","Goodyear","supplier motorsport document","1"
"W04_WET_INTERMEDIATE","1994","1996","GT2 / GTS — 1994-2004 sanction-specific","Bridgestone/other","technical paper","1"
"W04_WET_INTERMEDIATE","1977","1981","Historic Racing Reference","Pirelli","supplier motorsport document","1"
"W04_WET_INTERMEDIATE","1997","2001","Formula 3 — 1991-2010","Dunlop","supplier motorsport document","1"
"W04_WET_INTERMEDIATE","1966","1971","Formula 1 — 3-litre/cross-ply-to-radial transition","Pirelli","supplier motorsport document","1"
"W04_WET_INTERMEDIATE","1987","1991","General Racing Tire","Dunlop","technical paper","1"
"W04_WET_INTERMEDIATE","1972","1976","IMSA GT — 1971-1981","Avon","government technical report","1"
"W04_WET_INTERMEDIATE","1950","1959","Historic Racing Reference","Michelin","technical paper","1"
"W04_WET_INTERMEDIATE","1992","1993","Group C","Goodyear","government technical report","1"
"W04_WET_INTERMEDIATE","1977","1981","Sports racing / prototypes — 1972-1981","Bridgestone/other","supplier racing document","1"
"W04_WET_INTERMEDIATE","1960","1963","Sports racing / prototypes — 1950-1963","Pirelli","government technical report","1"
"W04_WET_INTERMEDIATE","1997","2001","GT2 / GTS — 1994-2004 sanction-specific","Firestone","period technical/race article","1"
"W04_WET_INTERMEDIATE","1982","1986","Historic Racing Reference","Dunlop","government technical report","1"
"W04_WET_INTERMEDIATE","1966","1969","GT40-era endurance","Avon","period technical/race article","1"
"W04_WET_INTERMEDIATE","2002","2010","Formula 3 — 1991-2010","Michelin","government technical report","1"
"W04_WET_INTERMEDIATE","1987","1991","World Rally Championship — 1987-2001","Goodyear","technical paper","1"
"W04_WET_INTERMEDIATE","1950","1959","Touring / saloon racing — pre-1963","Pirelli","period technical/race article","1"
"W04_WET_INTERMEDIATE","1992","1996","General Tire Mechanics","Firestone","period race report / technical feature","1"
"W04_WET_INTERMEDIATE","1977","1981","NASCAR stock car — 1972-1991","Dunlop","technical report","1"
"W04_WET_INTERMEDIATE","1960","1965","Historic Racing Reference","Bridgestone/other","period race report / technical feature","1"
"W04_WET_INTERMEDIATE","1997","1969","Group 4 Sports Cars — 1966-1969","Pirelli","technical report","1"
"W04_WET_INTERMEDIATE","1982","1986","Group C","Firestone","period race report / technical feature","1"
"W04_WET_INTERMEDIATE","1966","1971","Can-Am — original","Dunlop","technical report","1"
"W04_WET_INTERMEDIATE","2005","2010","GT2 / GTS — 2005-2010 sanction-specific","Avon","period race report / technical feature","1"
"W04_WET_INTERMEDIATE","1987","1991","Historic Racing Reference","Michelin","technical report","1"
"W04_WET_INTERMEDIATE","1972","1976","Group 4 Special GT — 1970-1981","Goodyear","period race report / technical feature","1"
"W04_WET_INTERMEDIATE","1950","1955","AAA Championship Car / Indianapolis","Bridgestone/other","technical report","1"
"W04_WET_INTERMEDIATE","1994","1996","BPR Global GT","Pirelli","period race report / technical feature","1"
"W04_WET_INTERMEDIATE","1997","2001","General Tire Mechanics","Avon","technical paper","1"
"W04_WET_INTERMEDIATE","1982","1986","NASCAR stock car — 1972-1991","Michelin","supplier motorsport document","1"
"W04_WET_INTERMEDIATE","1966","1971","Historic Racing Reference","Goodyear","technical paper","1"
"W04_WET_INTERMEDIATE","2002","1969","Group 4 Sports Cars — 1966-1969","Bridgestone/other","supplier motorsport document","1"
"W04_WET_INTERMEDIATE","1987","1991","Group C","Pirelli","technical paper","1"
"W04_WET_INTERMEDIATE","1972","1976","Sports racing / prototypes — 1972-1981","Firestone","supplier motorsport document","1"
"W04_WET_INTERMEDIATE","1950","1959","Japanese GT / touring — pre-JGTC","Goodyear","technical paper","1"
"W04_WET_INTERMEDIATE","1992","1996","Historic Racing Reference","Bridgestone/other","supplier motorsport document","1"
"W04_WET_INTERMEDIATE","1977","1981","IMSA GT — 1971-1981","Pirelli","technical paper","1"
"W04_WET_INTERMEDIATE","1960","1965","USAC Championship Car / Indianapolis","Firestone","supplier motorsport document","1"
"W04_WET_INTERMEDIATE","1997","2001","FIA GT — 1997-2009","Dunlop","technical paper","1"
"W04_WET_INTERMEDIATE","1982","1984","Formula 2 — 1972-1984","Avon","supplier motorsport document","1"
"W04_WET_INTERMEDIATE","1966","1969","Group 2 / ETCC — 1963-1969","Michelin","technical paper","1"
"W04_WET_INTERMEDIATE","2002","2010","General Tire Mechanics","Goodyear","supplier racing document","1"
"W04_WET_INTERMEDIATE","1987","1991","NASCAR stock car — 1972-1991","Bridgestone/other","government technical report","1"
"W04_WET_INTERMEDIATE","1972","1976","Historic Racing Reference","Pirelli","period technical/race article","1"
"W04_WET_INTERMEDIATE","1950","1959","Touring / saloon racing — pre-1963","Firestone","government technical report","1"
"W04_WET_INTERMEDIATE","1993","1996","Formula Ford — 1993-2010","Dunlop","period technical/race article","1"
"W04_WET_INTERMEDIATE","1977","1981","Group 2 / ETCC — 1976-1981","Avon","government technical report","1"
"W04_WET_INTERMEDIATE","1960","1965","Japanese GT / touring — pre-JGTC","Michelin","period technical/race article","1"
"W04_WET_INTERMEDIATE","1997","2001","Historic Racing Reference","Goodyear","government technical report","1"
"W04_WET_INTERMEDIATE","1982","1986","IMSA GT — 1982-1993","Bridgestone/other","period technical/race article","1"
"W04_WET_INTERMEDIATE","1966","1971","USAC Championship Car / Indianapolis","Pirelli","government technical report","1"
"W04_WET_INTERMEDIATE","2002","2009","FIA GT — 1997-2009","Michelin","technical paper","1"
"W04_WET_INTERMEDIATE","1987","1991","International Formula 3000","Goodyear","government technical report","1"
"W04_WET_INTERMEDIATE","1972","1975","Group 2 / ETCC — 1970-1975","Bridgestone/other","period technical/race article","1"
"W04_WET_INTERMEDIATE","1950","1959","Formula 1 — early World Championship","Pirelli","period race report / technical feature","1"
"W04_WET_INTERMEDIATE","1993","1996","Le Mans Prototype transition","Firestone","technical report","1"
"W04_WET_INTERMEDIATE","1977","1981","General Racing Tire","Dunlop","period race report / technical feature","1"
"W04_WET_INTERMEDIATE","1960","1962","Touring / saloon racing — pre-1963","Avon","technical report","1"
"W04_WET_INTERMEDIATE","1997","2001","Formula Ford — 1993-2010","Michelin","period race report / technical feature","1"
"W04_WET_INTERMEDIATE","1982","1986","Group A touring — 1982-1992","Goodyear","technical report","1"
"W04_WET_INTERMEDIATE","1966","1971","Japanese GT / touring — pre-JGTC","Bridgestone/other","period race report / technical feature","1"
"W04_WET_INTERMEDIATE","2002","2010","Historic Racing Reference","Pirelli","technical report","1"
"W04_WET_INTERMEDIATE","1987","1991","IMSA GT — 1982-1993","Firestone","period race report / technical feature","1"
"W04_WET_INTERMEDIATE","1972","1976","USAC Championship Car / Indianapolis","Dunlop","technical report","1"
"W04_WET_INTERMEDIATE","1960","1965","Formula 1 — early World Championship","Bridgestone/other","technical paper","1"
"W04_WET_INTERMEDIATE","1997","1999","Le Mans Prototype transition","Avon","supplier motorsport document","1"
"W04_WET_INTERMEDIATE","1982","1986","General Racing Tire","Michelin","technical paper","1"
"W04_WET_INTERMEDIATE","1966","1971","Trans-Am — 1966-1972","Goodyear","supplier motorsport document","1"
"W04_WET_INTERMEDIATE","2002","2010","Formula Ford — 1993-2010","Bridgestone/other","technical paper","1"
"W04_WET_INTERMEDIATE","1987","1991","Group A touring — 1982-1992","Pirelli","supplier motorsport document","1"
"W04_WET_INTERMEDIATE","1972","1976","Japanese GT / touring — pre-JGTC","Firestone","technical paper","1"
"W04_WET_INTERMEDIATE","1950","1959","Sports racing / prototypes — 1950-1963","Dunlop","supplier motorsport document","1"
"W04_WET_INTERMEDIATE","1994","1996","GT2 / GTS — 1994-2004 sanction-specific","Avon","technical paper","1"
"W04_WET_INTERMEDIATE","1977","1981","Historic Racing Reference","Michelin","supplier motorsport document","1"
"W04_WET_INTERMEDIATE","1966","1971","Formula 1 — 3-litre/cross-ply-to-radial transition","Firestone","technical paper","1"
"W04_WET_INTERMEDIATE","2002","1993","IMSA GTP","Dunlop","government technical report","1"
"W04_WET_INTERMEDIATE","1987","1991","General Racing Tire","Avon","technical paper","1"
"W04_WET_INTERMEDIATE","1972","1976","IMSA GT — 1971-1981","Michelin","government technical report","1"
"W04_WET_INTERMEDIATE","1950","1959","Historic Racing Reference","Goodyear","technical paper","1"
"W04_WET_INTERMEDIATE","1992","1993","Group C","Dunlop","government technical report","1"
"W04_WET_INTERMEDIATE","1977","1981","Sports racing / prototypes — 1972-1981","Avon","supplier racing document","1"
"W04_WET_INTERMEDIATE","1960","1963","Sports racing / prototypes — 1950-1963","Michelin","government technical report","1"
"W04_WET_INTERMEDIATE","1997","2001","GT2 / GTS — 1994-2004 sanction-specific","Goodyear","supplier racing document","1"
"W04_WET_INTERMEDIATE","1982","1986","Historic Racing Reference","Bridgestone/other","government technical report","1"
"W04_WET_INTERMEDIATE","1966","1969","GT40-era endurance","Pirelli","period technical/race article","1"
"W04_WET_INTERMEDIATE","2002","2010","Formula 3 — 1991-2010","Firestone","government technical report","1"
"W04_WET_INTERMEDIATE","1987","1991","World Rally Championship — 1987-2001","Dunlop","period technical/race article","1"
"W04_WET_INTERMEDIATE","1972","1976","Formula 1 — 3-litre/cross-ply-to-radial transition","Avon","period race report / technical feature","1"
"W04_WET_INTERMEDIATE","1950","1959","Touring / saloon racing — pre-1963","Michelin","technical report","1"
"W04_WET_INTERMEDIATE","1992","1996","General Tire Mechanics","Goodyear","period race report / technical feature","1"
"W04_WET_INTERMEDIATE","1977","1981","NASCAR stock car — 1972-1991","Bridgestone/other","technical report","1"
"W04_WET_INTERMEDIATE","1960","1965","Historic Racing Reference","Pirelli","period race report / technical feature","1"
"W04_WET_INTERMEDIATE","1997","1969","Group 4 Sports Cars — 1966-1969","Firestone","technical report","1"
"W04_WET_INTERMEDIATE","1982","1986","Group C","Dunlop","period race report / technical feature","1"
"W04_WET_INTERMEDIATE","1966","1971","Can-Am — original","Avon","technical report","1"
"W04_WET_INTERMEDIATE","2005","2010","GT2 / GTS — 2005-2010 sanction-specific","Michelin","period race report / technical feature","1"
"W04_WET_INTERMEDIATE","1987","1991","Historic Racing Reference","Firestone","technical report","1"
"W04_WET_INTERMEDIATE","1972","1976","Group 4 Special GT — 1970-1981","Dunlop","period race report / technical feature","1"
"W04_WET_INTERMEDIATE","1950","1955","AAA Championship Car / Indianapolis","Avon","technical report","1"
"W04_WET_INTERMEDIATE","1977","1981","Formula 2 — 1972-1984","Goodyear","technical paper","1"
"W04_WET_INTERMEDIATE","1963","1965","Group 2 / ETCC — 1963-1969","Bridgestone/other","supplier motorsport document","1"
"W04_WET_INTERMEDIATE","1982","1986","NASCAR stock car — 1972-1991","Firestone","supplier motorsport document","1"
"W04_WET_INTERMEDIATE","1966","1971","Historic Racing Reference","Dunlop","technical paper","1"
"W04_WET_INTERMEDIATE","2002","1969","Group 4 Sports Cars — 1966-1969","Avon","supplier motorsport document","1"
"W04_WET_INTERMEDIATE","1972","1976","Sports racing / prototypes — 1972-1981","Goodyear","supplier motorsport document","1"
"W04_WET_INTERMEDIATE","1992","1996","Historic Racing Reference","Pirelli","supplier motorsport document","1"
"W04_WET_INTERMEDIATE","1982","1984","Formula 2 — 1972-1984","Pirelli","supplier racing document","1"
"W04_WET_INTERMEDIATE","1966","1969","Group 2 / ETCC — 1963-1969","Firestone","government technical report","1"
"W04_WET_INTERMEDIATE","2002","2010","General Tire Mechanics","Dunlop","period technical/race article","1"
"W04_WET_INTERMEDIATE","1987","1991","NASCAR stock car — 1972-1991","Avon","government technical report","1"
"W04_WET_INTERMEDIATE","1972","1976","Historic Racing Reference","Michelin","supplier racing document","1"
"W04_WET_INTERMEDIATE","1950","1959","Touring / saloon racing — pre-1963","Goodyear","government technical report","1"
"W04_WET_INTERMEDIATE","1993","1996","Formula Ford — 1993-2010","Bridgestone/other","period technical/race article","1"
"W04_WET_INTERMEDIATE","1977","1981","Group 2 / ETCC — 1976-1981","Pirelli","government technical report","1"
"W04_WET_INTERMEDIATE","1960","1965","Japanese GT / touring — pre-JGTC","Firestone","supplier racing document","1"
"W04_WET_INTERMEDIATE","1997","2001","Historic Racing Reference","Dunlop","government technical report","1"
"W04_WET_INTERMEDIATE","1982","1986","IMSA GT — 1982-1993","Avon","technical paper","1"
"W04_WET_INTERMEDIATE","2002","2009","FIA GT — 1997-2009","Goodyear","supplier racing document","1"
"W04_WET_INTERMEDIATE","1987","1991","International Formula 3000","Bridgestone/other","period race report / technical feature","1"
"W04_WET_INTERMEDIATE","1972","1975","Group 2 / ETCC — 1970-1975","Pirelli","technical report","1"
"W04_WET_INTERMEDIATE","1950","1959","Formula 1 — early World Championship","Firestone","period race report / technical feature","1"
"W04_WET_INTERMEDIATE","1993","1996","Le Mans Prototype transition","Dunlop","technical report","1"
"W04_WET_INTERMEDIATE","1977","1981","General Racing Tire","Bridgestone/other","period race report / technical feature","1"
"W04_WET_INTERMEDIATE","1960","1962","Touring / saloon racing — pre-1963","Pirelli","technical report","1"
"W04_WET_INTERMEDIATE","1997","2001","Formula Ford — 1993-2010","Firestone","period race report / technical feature","1"
"W04_WET_INTERMEDIATE","1982","1986","Group A touring — 1982-1992","Dunlop","technical report","1"
"W04_WET_INTERMEDIATE","1966","1971","Japanese GT / touring — pre-JGTC","Avon","period race report / technical feature","1"
"W04_WET_INTERMEDIATE","2002","2010","Historic Racing Reference","Michelin","technical report","1"
"W04_WET_INTERMEDIATE","1987","1991","IMSA GT — 1982-1993","Goodyear","period race report / technical feature","1"
"W04_WET_INTERMEDIATE","1972","1976","USAC Championship Car / Indianapolis","Bridgestone/other","technical report","1"
"W04_WET_INTERMEDIATE","1950","1959","Sports racing / prototypes — 1950-1963","Pirelli","period race report / technical feature","1"
"W04_WET_INTERMEDIATE","1977","1981","Rallycross — 1967-1981","Dunlop","supplier motorsport document","1"
"W04_WET_INTERMEDIATE","1960","1965","Formula 1 — early World Championship","Avon","technical paper","1"
"W04_WET_INTERMEDIATE","1997","1999","Le Mans Prototype transition","Michelin","supplier motorsport document","1"
"W04_WET_INTERMEDIATE","1982","1986","General Racing Tire","Goodyear","technical paper","1"
"W04_WET_INTERMEDIATE","1966","1971","Trans-Am — 1966-1972","Bridgestone/other","supplier motorsport document","1"
"W04_WET_INTERMEDIATE","2002","2010","Formula Ford — 1993-2010","Pirelli","technical paper","1"
"W04_WET_INTERMEDIATE","1987","1991","Group A touring — 1982-1992","Firestone","supplier motorsport document","1"
"W04_WET_INTERMEDIATE","1972","1976","Japanese GT / touring — pre-JGTC","Goodyear","technical paper","1"
"W04_WET_INTERMEDIATE","1950","1959","Sports racing / prototypes — 1950-1963","Bridgestone/other","supplier motorsport document","1"
"W04_WET_INTERMEDIATE","1994","1996","GT2 / GTS — 1994-2004 sanction-specific","Pirelli","technical paper","1"
"W04_WET_INTERMEDIATE","1977","1981","Historic Racing Reference","Firestone","supplier motorsport document","1"
"W04_WET_INTERMEDIATE","1997","2001","Formula 3 — 1991-2010","Avon","technical paper","1"
"W04_WET_INTERMEDIATE","1982","1986","World Rally Championship — 1979-1986","Michelin","government technical report","1"
"W04_WET_INTERMEDIATE","1966","1971","Formula 1 — 3-litre/cross-ply-to-radial transition","Goodyear","technical paper","1"
"W04_WET_INTERMEDIATE","2002","1993","IMSA GTP","Bridgestone/other","government technical report","1"
"W04_WET_INTERMEDIATE","1987","1991","General Racing Tire","Pirelli","technical paper","1"
"W04_WET_INTERMEDIATE","1972","1976","IMSA GT — 1971-1981","Firestone","government technical report","1"
"W05_CONSTRUCTION_MATERIALS","1992","1996","Trans-Am — 1982-2001","Goodyear","patent or technical catalog","1"
"W05_CONSTRUCTION_MATERIALS","1977","1981","Formula Ford — 1977-1981","Bridgestone/other","patent","1"
"W05_CONSTRUCTION_MATERIALS","1963","1965","Group 2 / ETCC — 1963-1969","Pirelli","patent or technical catalog","1"
"W05_CONSTRUCTION_MATERIALS","1997","1999","JGTC — 1994-1999 (GT1/GT2 terminology)","Firestone","patent","1"
"W05_CONSTRUCTION_MATERIALS","1982","1986","Historic Racing Reference","Dunlop","patent or technical catalog","1"
"W05_CONSTRUCTION_MATERIALS","1966","1970","US GT / sports racing — pre-IMSA GT","Avon","patent","1"
"W05_CONSTRUCTION_MATERIALS","2002","2003","CART / Indy-car","Michelin","patent or technical catalog","1"
"W05_CONSTRUCTION_MATERIALS","1987","1991","Group C","Goodyear","patent","1"
"W05_CONSTRUCTION_MATERIALS","1974","1976","Formula 3 — 1974-1986","Bridgestone/other","patent or technical catalog","1"
"W05_CONSTRUCTION_MATERIALS","1950","1959","International rally — pre-WRC","Pirelli","patent","1"
"W05_CONSTRUCTION_MATERIALS","1977","1981","Sports racing / prototypes — 1972-1981","Dunlop","technical paper","1"
"W05_CONSTRUCTION_MATERIALS","1960","1965","General Racing Tire","Avon","government monograph","1"
"W05_CONSTRUCTION_MATERIALS","1997","2001","Trans-Am — 1982-2001","Michelin","technical paper","1"
"W05_CONSTRUCTION_MATERIALS","1982","1986","Formula Ford — 1982-1992","Firestone","government monograph","1"
"W05_CONSTRUCTION_MATERIALS","1966","1969","Group 2 / ETCC — 1963-1969","Dunlop","technical paper","1"
"W05_CONSTRUCTION_MATERIALS","2005","2010","SUPER GT — 2005-2010","Avon","government monograph","1"
"W05_CONSTRUCTION_MATERIALS","1987","1974","Can-Am — original","Michelin","technical paper","1"
"W05_CONSTRUCTION_MATERIALS","1972","1976","Group 4 Special GT — 1970-1981","Goodyear","government monograph","1"
"W05_CONSTRUCTION_MATERIALS","1950","1959","Sports racing / prototypes — 1950-1963","Bridgestone/other","technical paper","1"
"W05_CONSTRUCTION_MATERIALS","1993","1996","Le Mans Prototype transition","Pirelli","government monograph","1"
"W05_CONSTRUCTION_MATERIALS","1977","1981","Formula 3 — 1974-1986","Firestone","technical paper","1"
"W05_CONSTRUCTION_MATERIALS","1960","1965","International rally — pre-WRC","Dunlop","government monograph","1"
"W05_CONSTRUCTION_MATERIALS","1997","2001","Formula 1 — 1990s radial slick/grooved transition","Avon","peer-reviewed paper","1"
"W05_CONSTRUCTION_MATERIALS","1982","1986","IMSA GTP","Michelin","materials technical paper","1"
"W05_CONSTRUCTION_MATERIALS","1966","1971","General Racing Tire","Goodyear","peer-reviewed paper","1"
"W05_CONSTRUCTION_MATERIALS","2002","1972","Trans-Am — 1966-1972","Bridgestone/other","materials technical paper","1"
"W05_CONSTRUCTION_MATERIALS","1987","1991","Historic Racing Reference","Pirelli","peer-reviewed paper","1"
"W05_CONSTRUCTION_MATERIALS","1972","1976","Group 4 Special GT — 1970-1981","Firestone","materials technical paper","1"
"W05_CONSTRUCTION_MATERIALS","1950","1959","Sports racing / prototypes — 1950-1963","Dunlop","peer-reviewed paper","1"
"W05_CONSTRUCTION_MATERIALS","1992","1974","Can-Am — original","Avon","materials technical paper","1"
"W05_CONSTRUCTION_MATERIALS","1977","1981","Group 4 Special GT — 1970-1981","Pirelli","peer-reviewed paper","1"
"W05_CONSTRUCTION_MATERIALS","1960","1965","Historic Racing Reference","Firestone","materials technical paper","1"
"W05_CONSTRUCTION_MATERIALS","1997","2001","FIA GT — 1997-2009","Dunlop","peer-reviewed paper","1"
"W05_CONSTRUCTION_MATERIALS","1982","1986","Formula 3 — 1974-1986","Avon","materials technical paper","1"
"W05_CONSTRUCTION_MATERIALS","1966","1971","International rally — pre-WRC","Michelin","peer-reviewed paper","1"
"W05_CONSTRUCTION_MATERIALS","1950","1959","NASCAR stock car — 1950-1971","Firestone","patent or technical catalog","1"
"W05_CONSTRUCTION_MATERIALS","1992","1996","Historic Racing Reference","Dunlop","patent","1"
"W05_CONSTRUCTION_MATERIALS","1960","1963","Sports racing / prototypes — 1950-1963","Michelin","patent","1"
"W05_CONSTRUCTION_MATERIALS","1997","1974","Can-Am — original","Goodyear","patent or technical catalog","1"
"W05_CONSTRUCTION_MATERIALS","1982","1986","IMSA GT — 1982-1993","Bridgestone/other","patent","1"
"W05_CONSTRUCTION_MATERIALS","1966","1971","Sports racing / prototypes — 1964-1971","Pirelli","patent or technical catalog","1"
"W05_CONSTRUCTION_MATERIALS","2002","2009","FIA GT — 1997-2009","Firestone","patent","1"
"W05_CONSTRUCTION_MATERIALS","1987","1991","CART / Indy-car","Dunlop","patent or technical catalog","1"
"W05_CONSTRUCTION_MATERIALS","1960","1965","NASCAR stock car — 1950-1971","Avon","technical paper","1"
"W05_CONSTRUCTION_MATERIALS","1997","2001","Historic Racing Reference","Michelin","government monograph","1"
"W05_CONSTRUCTION_MATERIALS","1982","1986","Group C","Goodyear","technical paper","1"
"W05_CONSTRUCTION_MATERIALS","2002","1974","Can-Am — original","Pirelli","technical paper","1"
"W05_CONSTRUCTION_MATERIALS","1987","1991","Japanese GT / touring — pre-JGTC","Firestone","government monograph","1"
"W05_CONSTRUCTION_MATERIALS","1972","1976","Sports racing / prototypes — 1972-1981","Dunlop","technical paper","1"
"W05_CONSTRUCTION_MATERIALS","1950","1959","US GT / sports racing — pre-IMSA GT","Avon","government monograph","1"
"W05_CONSTRUCTION_MATERIALS","1992","1996","CART / Indy-car","Michelin","technical paper","1"
"W05_CONSTRUCTION_MATERIALS","1977","1981","Group 4 Special GT — 1970-1981","Goodyear","government monograph","1"
"W05_CONSTRUCTION_MATERIALS","2000","2001","DTM — silhouette era","Pirelli","materials technical paper","1"
"W05_CONSTRUCTION_MATERIALS","1982","1986","General Tire Mechanics","Firestone","peer-reviewed paper","1"
"W05_CONSTRUCTION_MATERIALS","1966","1971","NASCAR stock car — 1950-1971","Goodyear","materials technical paper","1"
"W05_CONSTRUCTION_MATERIALS","2002","2010","Historic Racing Reference","Bridgestone/other","peer-reviewed paper","1"
"W05_CONSTRUCTION_MATERIALS","1987","1991","Trans-Am — 1982-2001","Pirelli","materials technical paper","1"
"W05_CONSTRUCTION_MATERIALS","1972","1976","Formula Ford — 1967-1976","Firestone","peer-reviewed paper","1"
"W05_CONSTRUCTION_MATERIALS","1950","1959","Touring / saloon racing — pre-1963","Dunlop","materials technical paper","1"
"W05_CONSTRUCTION_MATERIALS","1994","1996","JGTC — 1994-1999 (GT1/GT2 terminology)","Avon","peer-reviewed paper","1"
"W05_CONSTRUCTION_MATERIALS","1977","1981","Sports racing / prototypes — 1972-1981","Michelin","materials technical paper","1"
"W05_CONSTRUCTION_MATERIALS","1960","1965","US GT / sports racing — pre-IMSA GT","Goodyear","peer-reviewed paper","1"
"W05_CONSTRUCTION_MATERIALS","1997","2001","CART / Indy-car","Bridgestone/other","materials technical paper","1"
"W05_CONSTRUCTION_MATERIALS","1982","1986","Group C","Pirelli","peer-reviewed paper","1"
"W05_CONSTRUCTION_MATERIALS","1967","1971","Formula 2 — 1967-1971","Firestone","patent","1"
"W05_CONSTRUCTION_MATERIALS","2002","2010","DTM — silhouette era","Dunlop","patent or technical catalog","1"
"W05_CONSTRUCTION_MATERIALS","1987","1991","Formula 1 — turbo/radial slick era","Avon","patent","1"
"W05_CONSTRUCTION_MATERIALS","1972","1976","Sports racing / prototypes — 1972-1981","Michelin","patent or technical catalog","1"
"W05_CONSTRUCTION_MATERIALS","1950","1959","General Racing Tire","Goodyear","patent","1"
"W05_CONSTRUCTION_MATERIALS","1992","1996","Trans-Am — 1982-2001","Bridgestone/other","patent or technical catalog","1"
"W05_CONSTRUCTION_MATERIALS","1977","1981","Formula Ford — 1977-1981","Pirelli","patent","1"
"W05_CONSTRUCTION_MATERIALS","1963","1965","Group 2 / ETCC — 1963-1969","Michelin","patent or technical catalog","1"
"W05_CONSTRUCTION_MATERIALS","1997","1999","JGTC — 1994-1999 (GT1/GT2 terminology)","Goodyear","patent","1"
"W05_CONSTRUCTION_MATERIALS","1982","1986","Historic Racing Reference","Bridgestone/other","patent or technical catalog","1"
"W05_CONSTRUCTION_MATERIALS","1966","1970","US GT / sports racing — pre-IMSA GT","Pirelli","patent","1"
"W05_CONSTRUCTION_MATERIALS","2002","2003","CART / Indy-car","Firestone","patent or technical catalog","1"
"W05_CONSTRUCTION_MATERIALS","1987","1991","Group C","Dunlop","patent","1"
"W05_CONSTRUCTION_MATERIALS","1992","1996","Formula 1 — 1990s radial slick/grooved transition","Goodyear","government monograph","1"
"W05_CONSTRUCTION_MATERIALS","1977","1981","Sports racing / prototypes — 1972-1981","Bridgestone/other","technical paper","1"
"W05_CONSTRUCTION_MATERIALS","1960","1965","General Racing Tire","Pirelli","government monograph","1"
"W05_CONSTRUCTION_MATERIALS","1997","2001","Trans-Am — 1982-2001","Firestone","technical paper","1"
"W05_CONSTRUCTION_MATERIALS","1982","1986","Formula Ford — 1982-1992","Dunlop","government monograph","1"
"W05_CONSTRUCTION_MATERIALS","1966","1969","Group 2 / ETCC — 1963-1969","Avon","technical paper","1"
"W05_CONSTRUCTION_MATERIALS","2005","2010","SUPER GT — 2005-2010","Michelin","government monograph","1"
"W05_CONSTRUCTION_MATERIALS","1987","1974","Can-Am — original","Goodyear","technical paper","1"
"W05_CONSTRUCTION_MATERIALS","1972","1976","Group 4 Special GT — 1970-1981","Bridgestone/other","government monograph","1"
"W05_CONSTRUCTION_MATERIALS","1950","1959","Sports racing / prototypes — 1950-1963","Avon","technical paper","1"
"W05_CONSTRUCTION_MATERIALS","1993","1996","Le Mans Prototype transition","Michelin","government monograph","1"
"W05_CONSTRUCTION_MATERIALS","1982","1986","IMSA GTP","Firestone","materials technical paper","1"
"W05_CONSTRUCTION_MATERIALS","1966","1971","General Racing Tire","Dunlop","peer-reviewed paper","1"
"W05_CONSTRUCTION_MATERIALS","2002","1972","Trans-Am — 1966-1972","Avon","materials technical paper","1"
"W05_CONSTRUCTION_MATERIALS","1987","1991","Historic Racing Reference","Michelin","peer-reviewed paper","1"
"W05_CONSTRUCTION_MATERIALS","1992","1974","Can-Am — original","Pirelli","materials technical paper","1"
"W05_CONSTRUCTION_MATERIALS","1977","1981","Group 4 Special GT — 1970-1981","Firestone","peer-reviewed paper","1"
"W05_CONSTRUCTION_MATERIALS","1960","1965","Historic Racing Reference","Dunlop","materials technical paper","1"
"W05_CONSTRUCTION_MATERIALS","1997","2001","FIA GT — 1997-2009","Avon","peer-reviewed paper","1"
"W05_CONSTRUCTION_MATERIALS","1966","1971","International rally — pre-WRC","Goodyear","patent or technical catalog","1"
"W05_CONSTRUCTION_MATERIALS","1987","1991","Group A touring — 1982-1992","Avon","patent or technical catalog","1"
"W05_CONSTRUCTION_MATERIALS","1972","1976","General Tire Mechanics","Michelin","patent","1"
"W05_CONSTRUCTION_MATERIALS","1950","1959","NASCAR stock car — 1950-1971","Goodyear","patent or technical catalog","1"
"W05_CONSTRUCTION_MATERIALS","1992","1996","Historic Racing Reference","Bridgestone/other","patent","1"
"W05_CONSTRUCTION_MATERIALS","1960","1963","Sports racing / prototypes — 1950-1963","Firestone","patent","1"
"W05_CONSTRUCTION_MATERIALS","1997","1974","Can-Am — original","Dunlop","patent or technical catalog","1"
"W05_CONSTRUCTION_MATERIALS","1982","1986","IMSA GT — 1982-1993","Avon","patent","1"
"W05_CONSTRUCTION_MATERIALS","1966","1971","Sports racing / prototypes — 1964-1971","Michelin","patent or technical catalog","1"
"W05_CONSTRUCTION_MATERIALS","2002","2009","FIA GT — 1997-2009","Goodyear","patent","1"
"W05_CONSTRUCTION_MATERIALS","1987","1991","CART / Indy-car","Bridgestone/other","government monograph","1"
"W05_CONSTRUCTION_MATERIALS","1972","1976","Group 4 Special GT — 1970-1981","Pirelli","technical paper","1"
"W05_CONSTRUCTION_MATERIALS","1956","1959","Formula 2 — 1956-1960","Firestone","government monograph","1"
"W05_CONSTRUCTION_MATERIALS","1993","1996","DTM / ITC — Class 1","Dunlop","technical paper","1"
"W05_CONSTRUCTION_MATERIALS","1977","1981","General Tire Mechanics","Avon","government monograph","1"
"W05_CONSTRUCTION_MATERIALS","1960","1965","NASCAR stock car — 1950-1971","Michelin","technical paper","1"
"W05_CONSTRUCTION_MATERIALS","1997","2001","Historic Racing Reference","Firestone","government monograph","1"
"W05_CONSTRUCTION_MATERIALS","1982","1986","Group C","Dunlop","technical paper","1"
"W05_CONSTRUCTION_MATERIALS","2002","1974","Can-Am — original","Michelin","technical paper","1"
"W05_CONSTRUCTION_MATERIALS","1987","1991","Japanese GT / touring — pre-JGTC","Goodyear","government monograph","1"
"W05_CONSTRUCTION_MATERIALS","1972","1976","Sports racing / prototypes — 1972-1981","Bridgestone/other","technical paper","1"
"W05_CONSTRUCTION_MATERIALS","1950","1959","US GT / sports racing — pre-IMSA GT","Pirelli","government monograph","1"
"W05_CONSTRUCTION_MATERIALS","1977","1981","Group 4 Special GT — 1970-1981","Dunlop","materials technical paper","1"
"W05_CONSTRUCTION_MATERIALS","1964","1965","Formula 2 — 1964-1966","Avon","peer-reviewed paper","1"
"W05_CONSTRUCTION_MATERIALS","2000","2001","DTM — silhouette era","Michelin","materials technical paper","1"
"W05_CONSTRUCTION_MATERIALS","1982","1986","General Tire Mechanics","Goodyear","peer-reviewed paper","1"
"W05_CONSTRUCTION_MATERIALS","1966","1971","NASCAR stock car — 1950-1971","Bridgestone/other","materials technical paper","1"
"W05_CONSTRUCTION_MATERIALS","2002","2010","Historic Racing Reference","Pirelli","peer-reviewed paper","1"
"W05_CONSTRUCTION_MATERIALS","1987","1991","Trans-Am — 1982-2001","Firestone","materials technical paper","1"
"W05_CONSTRUCTION_MATERIALS","1972","1976","Formula Ford — 1967-1976","Dunlop","peer-reviewed paper","1"
"W05_CONSTRUCTION_MATERIALS","1950","1959","Touring / saloon racing — pre-1963","Avon","materials technical paper","1"
"W05_CONSTRUCTION_MATERIALS","1994","1996","JGTC — 1994-1999 (GT1/GT2 terminology)","Pirelli","peer-reviewed paper","1"
"W05_CONSTRUCTION_MATERIALS","1977","1981","Sports racing / prototypes — 1972-1981","Firestone","materials technical paper","1"
"W05_CONSTRUCTION_MATERIALS","1960","1965","US GT / sports racing — pre-IMSA GT","Dunlop","peer-reviewed paper","1"
"W05_CONSTRUCTION_MATERIALS","2002","2010","DTM — silhouette era","Bridgestone/other","patent or technical catalog","1"
"W05_CONSTRUCTION_MATERIALS","1987","1991","Formula 1 — turbo/radial slick era","Pirelli","patent","1"
"W05_CONSTRUCTION_MATERIALS","1950","1959","General Racing Tire","Dunlop","patent","1"
"W05_CONSTRUCTION_MATERIALS","1992","1996","Trans-Am — 1982-2001","Avon","patent or technical catalog","1"
"W05_CONSTRUCTION_MATERIALS","1977","1981","Formula Ford — 1977-1981","Michelin","patent","1"
"W05_CONSTRUCTION_MATERIALS","1963","1965","Group 2 / ETCC — 1963-1969","Goodyear","patent or technical catalog","1"
"W05_CONSTRUCTION_MATERIALS","1997","1999","JGTC — 1994-1999 (GT1/GT2 terminology)","Bridgestone/other","patent","1"
"W05_CONSTRUCTION_MATERIALS","1982","1986","Historic Racing Reference","Pirelli","patent or technical catalog","1"
"W05_CONSTRUCTION_MATERIALS","1966","1970","US GT / sports racing — pre-IMSA GT","Firestone","patent","1"
"W05_CONSTRUCTION_MATERIALS","1950","1959","International rally — pre-WRC","Firestone","technical paper","1"
"W05_CONSTRUCTION_MATERIALS","1992","1996","Formula 1 — 1990s radial slick/grooved transition","Dunlop","government monograph","1"
"W05_CONSTRUCTION_MATERIALS","1960","1965","General Racing Tire","Michelin","government monograph","1"
"W05_CONSTRUCTION_MATERIALS","1997","2001","Trans-Am — 1982-2001","Goodyear","technical paper","1"
"W05_CONSTRUCTION_MATERIALS","1982","1986","Formula Ford — 1982-1992","Bridgestone/other","government monograph","1"
"W05_CONSTRUCTION_MATERIALS","1966","1969","Group 2 / ETCC — 1963-1969","Pirelli","technical paper","1"
"W05_CONSTRUCTION_MATERIALS","2005","2010","SUPER GT — 2005-2010","Firestone","government monograph","1"
"W05_CONSTRUCTION_MATERIALS","1987","1974","Can-Am — original","Dunlop","technical paper","1"
"W05_CONSTRUCTION_MATERIALS","1972","1976","Group 4 Special GT — 1970-1981","Avon","government monograph","1"
"W05_CONSTRUCTION_MATERIALS","1950","1959","Sports racing / prototypes — 1950-1963","Michelin","peer-reviewed paper","1"
"W05_CONSTRUCTION_MATERIALS","1993","1996","Le Mans Prototype transition","Goodyear","materials technical paper","1"
"W05_CONSTRUCTION_MATERIALS","1977","1981","Formula 3 — 1974-1986","Bridgestone/other","peer-reviewed paper","1"
"W05_CONSTRUCTION_MATERIALS","1960","1965","International rally — pre-WRC","Pirelli","materials technical paper","1"
"W05_CONSTRUCTION_MATERIALS","1997","2001","Formula 1 — 1990s radial slick/grooved transition","Firestone","peer-reviewed paper","1"
"W05_CONSTRUCTION_MATERIALS","1982","1986","IMSA GTP","Goodyear","materials technical paper","1"
"W05_CONSTRUCTION_MATERIALS","1966","1971","General Racing Tire","Bridgestone/other","peer-reviewed paper","1"
"W05_CONSTRUCTION_MATERIALS","2002","1972","Trans-Am — 1966-1972","Pirelli","materials technical paper","1"
"W05_CONSTRUCTION_MATERIALS","1987","1991","Historic Racing Reference","Firestone","peer-reviewed paper","1"
"W05_CONSTRUCTION_MATERIALS","1992","1974","Can-Am — original","Michelin","materials technical paper","1"
"W05_CONSTRUCTION_MATERIALS","1977","1981","Group 4 Special GT — 1970-1981","Goodyear","peer-reviewed paper","1"
"W05_CONSTRUCTION_MATERIALS","1960","1965","Historic Racing Reference","Bridgestone/other","patent","1"
"W05_CONSTRUCTION_MATERIALS","1997","2001","FIA GT — 1997-2009","Pirelli","patent or technical catalog","1"
"W05_CONSTRUCTION_MATERIALS","1982","1986","Formula 3 — 1974-1986","Firestone","patent","1"
"W05_CONSTRUCTION_MATERIALS","1966","1971","International rally — pre-WRC","Dunlop","patent or technical catalog","1"
"W05_CONSTRUCTION_MATERIALS","2002","2010","Formula 1 — grooved-to-slick-return era","Avon","patent","1"
"W05_CONSTRUCTION_MATERIALS","1987","1991","Group A touring — 1982-1992","Michelin","patent or technical catalog","1"
"W05_CONSTRUCTION_MATERIALS","1972","1976","General Tire Mechanics","Goodyear","patent","1"
"W05_CONSTRUCTION_MATERIALS","1950","1959","NASCAR stock car — 1950-1971","Bridgestone/other","patent or technical catalog","1"
"W05_CONSTRUCTION_MATERIALS","1992","1996","Historic Racing Reference","Pirelli","patent","1"
"W05_CONSTRUCTION_MATERIALS","1960","1963","Sports racing / prototypes — 1950-1963","Goodyear","patent","1"
"W05_CONSTRUCTION_MATERIALS","1997","1974","Can-Am — original","Bridgestone/other","patent or technical catalog","1"
"W05_CONSTRUCTION_MATERIALS","1982","1986","IMSA GT — 1982-1993","Pirelli","patent","1"
"W05_CONSTRUCTION_MATERIALS","1972","1976","Group 4 Special GT — 1970-1981","Michelin","technical paper","1"
"W05_CONSTRUCTION_MATERIALS","1956","1959","Formula 2 — 1956-1960","Goodyear","government monograph","1"
"W05_CONSTRUCTION_MATERIALS","1993","1996","DTM / ITC — Class 1","Bridgestone/other","technical paper","1"
"W05_CONSTRUCTION_MATERIALS","1977","1981","General Tire Mechanics","Pirelli","government monograph","1"
"W05_CONSTRUCTION_MATERIALS","1960","1965","NASCAR stock car — 1950-1971","Firestone","technical paper","1"
"W05_CONSTRUCTION_MATERIALS","1997","2001","Historic Racing Reference","Dunlop","government monograph","1"
"W05_CONSTRUCTION_MATERIALS","1982","1986","Group C","Avon","technical paper","1"
"W05_CONSTRUCTION_MATERIALS","1966","1971","Sports racing / prototypes — 1964-1971","Michelin","government monograph","1"
"W05_CONSTRUCTION_MATERIALS","2002","1974","Can-Am — original","Goodyear","technical paper","1"
"W05_CONSTRUCTION_MATERIALS","1987","1991","Japanese GT / touring — pre-JGTC","Bridgestone/other","government monograph","1"
"W05_CONSTRUCTION_MATERIALS","1977","1981","Group 4 Special GT — 1970-1981","Bridgestone/other","materials technical paper","1"
"W05_CONSTRUCTION_MATERIALS","1964","1965","Formula 2 — 1964-1966","Pirelli","peer-reviewed paper","1"
"W05_CONSTRUCTION_MATERIALS","2000","2001","DTM — silhouette era","Firestone","materials technical paper","1"
"W05_CONSTRUCTION_MATERIALS","1982","1986","General Tire Mechanics","Dunlop","peer-reviewed paper","1"
"W05_CONSTRUCTION_MATERIALS","1966","1971","NASCAR stock car — 1950-1971","Avon","materials technical paper","1"
"W05_CONSTRUCTION_MATERIALS","2002","2010","Historic Racing Reference","Michelin","peer-reviewed paper","1"
"W05_CONSTRUCTION_MATERIALS","1987","1991","Trans-Am — 1982-2001","Goodyear","materials technical paper","1"
"W05_CONSTRUCTION_MATERIALS","1972","1976","Formula Ford — 1967-1976","Bridgestone/other","peer-reviewed paper","1"
"W05_CONSTRUCTION_MATERIALS","1950","1959","Touring / saloon racing — pre-1963","Pirelli","materials technical paper","1"
"W05_CONSTRUCTION_MATERIALS","1994","1996","JGTC — 1994-1999 (GT1/GT2 terminology)","Firestone","peer-reviewed paper","1"
"W05_CONSTRUCTION_MATERIALS","1960","1965","US GT / sports racing — pre-IMSA GT","Avon","patent or technical catalog","1"
"W05_CONSTRUCTION_MATERIALS","1997","2001","CART / Indy-car","Michelin","patent","1"
"W05_CONSTRUCTION_MATERIALS","1967","1971","Formula 2 — 1967-1971","Dunlop","patent","1"
"W05_CONSTRUCTION_MATERIALS","2002","2010","DTM — silhouette era","Avon","patent or technical catalog","1"
"W05_CONSTRUCTION_MATERIALS","1987","1991","Formula 1 — turbo/radial slick era","Michelin","patent","1"
"W05_CONSTRUCTION_MATERIALS","1950","1959","General Racing Tire","Bridgestone/other","patent","1"
"W05_CONSTRUCTION_MATERIALS","1992","1996","Trans-Am — 1982-2001","Pirelli","patent or technical catalog","1"
"W05_CONSTRUCTION_MATERIALS","1977","1981","Formula Ford — 1977-1981","Firestone","patent","1"
"W05_CONSTRUCTION_MATERIALS","1963","1965","Group 2 / ETCC — 1963-1969","Dunlop","patent or technical catalog","1"
"W05_CONSTRUCTION_MATERIALS","1997","1999","JGTC — 1994-1999 (GT1/GT2 terminology)","Avon","patent","1"
"W05_CONSTRUCTION_MATERIALS","1982","1986","Historic Racing Reference","Michelin","government monograph","1"
"W05_CONSTRUCTION_MATERIALS","1966","1970","US GT / sports racing — pre-IMSA GT","Goodyear","technical paper","1"
"W05_CONSTRUCTION_MATERIALS","2002","2003","CART / Indy-car","Bridgestone/other","government monograph","1"
"W05_CONSTRUCTION_MATERIALS","1987","1991","Group C","Pirelli","technical paper","1"
"W05_CONSTRUCTION_MATERIALS","1974","1976","Formula 3 — 1974-1986","Firestone","government monograph","1"
"W05_CONSTRUCTION_MATERIALS","1950","1959","International rally — pre-WRC","Dunlop","technical paper","1"
"W05_CONSTRUCTION_MATERIALS","1992","1996","Formula 1 — 1990s radial slick/grooved transition","Avon","government monograph","1"
"W05_CONSTRUCTION_MATERIALS","1960","1965","General Racing Tire","Firestone","government monograph","1"
"W05_CONSTRUCTION_MATERIALS","1997","2001","Trans-Am — 1982-2001","Dunlop","technical paper","1"
"W05_CONSTRUCTION_MATERIALS","1982","1986","Formula Ford — 1982-1992","Avon","government monograph","1"
"W05_CONSTRUCTION_MATERIALS","1966","1969","Group 2 / ETCC — 1963-1969","Michelin","technical paper","1"
"W05_CONSTRUCTION_MATERIALS","2005","2010","SUPER GT — 2005-2010","Goodyear","government monograph","1"
"W05_CONSTRUCTION_MATERIALS","1993","1996","Le Mans Prototype transition","Dunlop","materials technical paper","1"
"W05_CONSTRUCTION_MATERIALS","1977","1981","Formula 3 — 1974-1986","Avon","peer-reviewed paper","1"
"W05_CONSTRUCTION_MATERIALS","1960","1965","International rally — pre-WRC","Michelin","materials technical paper","1"
"W05_CONSTRUCTION_MATERIALS","1997","2001","Formula 1 — 1990s radial slick/grooved transition","Goodyear","peer-reviewed paper","1"
"W05_CONSTRUCTION_MATERIALS","1982","1986","IMSA GTP","Bridgestone/other","materials technical paper","1"
"W05_CONSTRUCTION_MATERIALS","1966","1971","General Racing Tire","Pirelli","peer-reviewed paper","1"
"W05_CONSTRUCTION_MATERIALS","2002","1972","Trans-Am — 1966-1972","Firestone","materials technical paper","1"
"W05_CONSTRUCTION_MATERIALS","1987","1991","Historic Racing Reference","Dunlop","peer-reviewed paper","1"
"W05_CONSTRUCTION_MATERIALS","1972","1976","Group 4 Special GT — 1970-1981","Avon","materials technical paper","1"
"W05_CONSTRUCTION_MATERIALS","1997","2001","FIA GT — 1997-2009","Michelin","patent or technical catalog","1"
"W05_CONSTRUCTION_MATERIALS","1982","1986","Formula 3 — 1974-1986","Goodyear","patent","1"
"W05_CONSTRUCTION_MATERIALS","1966","1971","International rally — pre-WRC","Bridgestone/other","patent or technical catalog","1"
"W05_CONSTRUCTION_MATERIALS","2002","2010","Formula 1 — grooved-to-slick-return era","Pirelli","patent","1"
"W05_CONSTRUCTION_MATERIALS","1987","1991","Group A touring — 1982-1992","Firestone","patent or technical catalog","1"
"W05_CONSTRUCTION_MATERIALS","1972","1976","General Tire Mechanics","Dunlop","patent","1"
"W05_CONSTRUCTION_MATERIALS","1950","1959","NASCAR stock car — 1950-1971","Avon","patent or technical catalog","1"
"W05_CONSTRUCTION_MATERIALS","1992","1996","Historic Racing Reference","Michelin","patent","1"
"W05_CONSTRUCTION_MATERIALS","1960","1963","Sports racing / prototypes — 1950-1963","Bridgestone/other","patent","1"
"W05_CONSTRUCTION_MATERIALS","1982","1986","IMSA GT — 1982-1993","Firestone","technical paper","1"
"W05_CONSTRUCTION_MATERIALS","1966","1971","Sports racing / prototypes — 1964-1971","Dunlop","government monograph","1"
"W05_CONSTRUCTION_MATERIALS","2002","2009","FIA GT — 1997-2009","Bridgestone/other","technical paper","1"
"W05_CONSTRUCTION_MATERIALS","1987","1991","CART / Indy-car","Pirelli","government monograph","1"
"W05_CONSTRUCTION_MATERIALS","1956","1959","Formula 2 — 1956-1960","Dunlop","government monograph","1"
"W05_CONSTRUCTION_MATERIALS","1993","1996","DTM / ITC — Class 1","Avon","technical paper","1"
"W05_CONSTRUCTION_MATERIALS","1977","1981","General Tire Mechanics","Michelin","government monograph","1"
"W05_CONSTRUCTION_MATERIALS","1960","1965","NASCAR stock car — 1950-1971","Goodyear","technical paper","1"
"W05_CONSTRUCTION_MATERIALS","1997","2001","Historic Racing Reference","Bridgestone/other","government monograph","1"
"W05_CONSTRUCTION_MATERIALS","1982","1986","Group C","Pirelli","technical paper","1"
"W05_CONSTRUCTION_MATERIALS","2002","1974","Can-Am — original","Dunlop","peer-reviewed paper","1"
"W05_CONSTRUCTION_MATERIALS","1987","1991","Japanese GT / touring — pre-JGTC","Avon","materials technical paper","1"
"W05_CONSTRUCTION_MATERIALS","1972","1976","Sports racing / prototypes — 1972-1981","Michelin","peer-reviewed paper","1"
"W05_CONSTRUCTION_MATERIALS","1950","1959","US GT / sports racing — pre-IMSA GT","Goodyear","materials technical paper","1"
"W05_CONSTRUCTION_MATERIALS","1992","1996","CART / Indy-car","Bridgestone/other","peer-reviewed paper","1"
"W05_CONSTRUCTION_MATERIALS","1977","1981","Group 4 Special GT — 1970-1981","Pirelli","materials technical paper","1"
"W05_CONSTRUCTION_MATERIALS","1964","1965","Formula 2 — 1964-1966","Firestone","peer-reviewed paper","1"
"W05_CONSTRUCTION_MATERIALS","2000","2001","DTM — silhouette era","Goodyear","materials technical paper","1"
"W05_CONSTRUCTION_MATERIALS","1982","1986","General Tire Mechanics","Bridgestone/other","peer-reviewed paper","1"
"W05_CONSTRUCTION_MATERIALS","1966","1971","NASCAR stock car — 1950-1971","Pirelli","materials technical paper","1"
"W05_CONSTRUCTION_MATERIALS","2002","2010","Historic Racing Reference","Firestone","peer-reviewed paper","1"
"W05_CONSTRUCTION_MATERIALS","1987","1991","Trans-Am — 1982-2001","Dunlop","materials technical paper","1"
"W05_CONSTRUCTION_MATERIALS","1972","1976","Formula Ford — 1967-1976","Avon","peer-reviewed paper","1"
"W05_CONSTRUCTION_MATERIALS","1977","1981","Sports racing / prototypes — 1972-1981","Bridgestone/other","patent","1"
"W05_CONSTRUCTION_MATERIALS","1960","1965","US GT / sports racing — pre-IMSA GT","Pirelli","patent or technical catalog","1"
"W05_CONSTRUCTION_MATERIALS","1997","2001","CART / Indy-car","Firestone","patent","1"
"W05_CONSTRUCTION_MATERIALS","1982","1986","Group C","Dunlop","patent or technical catalog","1"
"W05_CONSTRUCTION_MATERIALS","1967","1971","Formula 2 — 1967-1971","Avon","patent","1"
"W05_CONSTRUCTION_MATERIALS","2002","2010","DTM — silhouette era","Michelin","patent or technical catalog","1"
"W05_CONSTRUCTION_MATERIALS","1987","1991","Formula 1 — turbo/radial slick era","Goodyear","patent","1"
"W05_CONSTRUCTION_MATERIALS","1972","1976","Sports racing / prototypes — 1972-1981","Bridgestone/other","patent or technical catalog","1"
"W05_CONSTRUCTION_MATERIALS","1950","1959","General Racing Tire","Pirelli","patent","1"
"W05_CONSTRUCTION_MATERIALS","1992","1996","Trans-Am — 1982-2001","Michelin","patent or technical catalog","1"
"W05_CONSTRUCTION_MATERIALS","1977","1981","Formula Ford — 1977-1981","Goodyear","patent","1"
"W05_CONSTRUCTION_MATERIALS","1966","1970","US GT / sports racing — pre-IMSA GT","Dunlop","technical paper","1"
"W05_CONSTRUCTION_MATERIALS","2002","2003","CART / Indy-car","Avon","government monograph","1"
"W05_CONSTRUCTION_MATERIALS","1987","1991","Group C","Michelin","technical paper","1"
"W05_CONSTRUCTION_MATERIALS","1974","1976","Formula 3 — 1974-1986","Goodyear","government monograph","1"
"W05_CONSTRUCTION_MATERIALS","1950","1959","International rally — pre-WRC","Bridgestone/other","technical paper","1"
"W05_CONSTRUCTION_MATERIALS","1992","1996","Formula 1 — 1990s radial slick/grooved transition","Pirelli","government monograph","1"
"W05_CONSTRUCTION_MATERIALS","1977","1981","Sports racing / prototypes — 1972-1981","Firestone","technical paper","1"
"W05_CONSTRUCTION_MATERIALS","1960","1965","General Racing Tire","Dunlop","government monograph","1"
"W05_CONSTRUCTION_MATERIALS","1997","2001","Trans-Am — 1982-2001","Avon","technical paper","1"
"W05_CONSTRUCTION_MATERIALS","1982","1986","Formula Ford — 1982-1992","Michelin","government monograph","1"
"W05_CONSTRUCTION_MATERIALS","2005","2010","SUPER GT — 2005-2010","Bridgestone/other","materials technical paper","1"
"W05_CONSTRUCTION_MATERIALS","1972","1976","Group 4 Special GT — 1970-1981","Michelin","materials technical paper","1"
"W05_CONSTRUCTION_MATERIALS","1950","1959","Sports racing / prototypes — 1950-1963","Goodyear","peer-reviewed paper","1"
"W05_CONSTRUCTION_MATERIALS","1993","1996","Le Mans Prototype transition","Bridgestone/other","materials technical paper","1"
"W05_CONSTRUCTION_MATERIALS","1977","1981","Formula 3 — 1974-1986","Pirelli","peer-reviewed paper","1"
"W05_CONSTRUCTION_MATERIALS","1960","1965","International rally — pre-WRC","Firestone","materials technical paper","1"
"W05_CONSTRUCTION_MATERIALS","1997","2001","Formula 1 — 1990s radial slick/grooved transition","Dunlop","peer-reviewed paper","1"
"W05_CONSTRUCTION_MATERIALS","1982","1986","IMSA GTP","Avon","materials technical paper","1"
"W05_CONSTRUCTION_MATERIALS","1966","1971","General Racing Tire","Michelin","peer-reviewed paper","1"
"W05_CONSTRUCTION_MATERIALS","2002","1972","Trans-Am — 1966-1972","Goodyear","materials technical paper","1"
"W05_CONSTRUCTION_MATERIALS","1987","1991","Historic Racing Reference","Bridgestone/other","peer-reviewed paper","1"
"W05_CONSTRUCTION_MATERIALS","1972","1976","Group 4 Special GT — 1970-1981","Pirelli","patent","1"
"W05_CONSTRUCTION_MATERIALS","1950","1959","Sports racing / prototypes — 1950-1963","Firestone","patent or technical catalog","1"
"W05_CONSTRUCTION_MATERIALS","1992","1974","Can-Am — original","Dunlop","patent","1"
"W05_CONSTRUCTION_MATERIALS","1960","1965","Historic Racing Reference","Michelin","patent","1"
"W05_CONSTRUCTION_MATERIALS","1997","2001","FIA GT — 1997-2009","Goodyear","patent or technical catalog","1"
"W05_CONSTRUCTION_MATERIALS","1982","1986","Formula 3 — 1974-1986","Dunlop","patent","1"
"W05_CONSTRUCTION_MATERIALS","1966","1971","International rally — pre-WRC","Avon","patent or technical catalog","1"
"W05_CONSTRUCTION_MATERIALS","2002","2010","Formula 1 — grooved-to-slick-return era","Michelin","patent","1"
"W05_CONSTRUCTION_MATERIALS","1987","1991","Group A touring — 1982-1992","Goodyear","patent or technical catalog","1"
"W05_CONSTRUCTION_MATERIALS","1972","1976","General Tire Mechanics","Bridgestone/other","patent","1"
"W05_CONSTRUCTION_MATERIALS","1950","1959","NASCAR stock car — 1950-1971","Pirelli","patent or technical catalog","1"
"W05_CONSTRUCTION_MATERIALS","1992","1996","Historic Racing Reference","Firestone","patent","1"
"W05_CONSTRUCTION_MATERIALS","1960","1963","Sports racing / prototypes — 1950-1963","Avon","technical paper","1"
"W05_CONSTRUCTION_MATERIALS","1997","1974","Can-Am — original","Michelin","government monograph","1"
"W05_CONSTRUCTION_MATERIALS","1982","1986","IMSA GT — 1982-1993","Goodyear","technical paper","1"
"W05_CONSTRUCTION_MATERIALS","2002","2009","FIA GT — 1997-2009","Pirelli","technical paper","1"
"W05_CONSTRUCTION_MATERIALS","1987","1991","CART / Indy-car","Firestone","government monograph","1"
"W05_CONSTRUCTION_MATERIALS","1972","1976","Group 4 Special GT — 1970-1981","Dunlop","technical paper","1"
"W05_CONSTRUCTION_MATERIALS","1956","1959","Formula 2 — 1956-1960","Avon","government monograph","1"
"W05_CONSTRUCTION_MATERIALS","1993","1996","DTM / ITC — Class 1","Michelin","technical paper","1"
"W05_CONSTRUCTION_MATERIALS","1977","1981","General Tire Mechanics","Firestone","government monograph","1"
"W05_CONSTRUCTION_MATERIALS","1960","1965","NASCAR stock car — 1950-1971","Dunlop","technical paper","1"
"W05_CONSTRUCTION_MATERIALS","1997","2001","Historic Racing Reference","Avon","government monograph","1"
"W05_CONSTRUCTION_MATERIALS","1987","1991","Japanese GT / touring — pre-JGTC","Pirelli","materials technical paper","1"
"W05_CONSTRUCTION_MATERIALS","1972","1976","Sports racing / prototypes — 1972-1981","Firestone","peer-reviewed paper","1"
"W05_CONSTRUCTION_MATERIALS","1950","1959","US GT / sports racing — pre-IMSA GT","Dunlop","materials technical paper","1"
"W05_CONSTRUCTION_MATERIALS","1992","1996","CART / Indy-car","Avon","peer-reviewed paper","1"
"W05_CONSTRUCTION_MATERIALS","1977","1981","Group 4 Special GT — 1970-1981","Michelin","materials technical paper","1"
"W05_CONSTRUCTION_MATERIALS","1964","1965","Formula 2 — 1964-1966","Goodyear","peer-reviewed paper","1"
"W05_CONSTRUCTION_MATERIALS","2000","2001","DTM — silhouette era","Bridgestone/other","materials technical paper","1"
"W05_CONSTRUCTION_MATERIALS","1982","1986","General Tire Mechanics","Pirelli","peer-reviewed paper","1"
"W05_CONSTRUCTION_MATERIALS","1966","1971","NASCAR stock car — 1950-1971","Firestone","materials technical paper","1"
"W05_CONSTRUCTION_MATERIALS","2002","2010","Historic Racing Reference","Dunlop","peer-reviewed paper","1"
"W05_CONSTRUCTION_MATERIALS","1994","1996","JGTC — 1994-1999 (GT1/GT2 terminology)","Dunlop","patent or technical catalog","1"
"W05_CONSTRUCTION_MATERIALS","1977","1981","Sports racing / prototypes — 1972-1981","Avon","patent","1"
"W05_CONSTRUCTION_MATERIALS","1960","1965","US GT / sports racing — pre-IMSA GT","Michelin","patent or technical catalog","1"
"W05_CONSTRUCTION_MATERIALS","1997","2001","CART / Indy-car","Goodyear","patent","1"
"W05_CONSTRUCTION_MATERIALS","1982","1986","Group C","Bridgestone/other","patent or technical catalog","1"
"W05_CONSTRUCTION_MATERIALS","1967","1971","Formula 2 — 1967-1971","Pirelli","patent","1"
"W05_CONSTRUCTION_MATERIALS","2002","2010","DTM — silhouette era","Firestone","patent or technical catalog","1"
"W05_CONSTRUCTION_MATERIALS","1992","1996","Trans-Am — 1982-2001","Goodyear","government monograph","1"
"W05_CONSTRUCTION_MATERIALS","1977","1981","Formula Ford — 1977-1981","Bridgestone/other","technical paper","1"
"W05_CONSTRUCTION_MATERIALS","1963","1965","Group 2 / ETCC — 1963-1969","Pirelli","government monograph","1"
"W05_CONSTRUCTION_MATERIALS","1997","1999","JGTC — 1994-1999 (GT1/GT2 terminology)","Firestone","technical paper","1"
"W05_CONSTRUCTION_MATERIALS","1982","1986","Historic Racing Reference","Dunlop","government monograph","1"
"W05_CONSTRUCTION_MATERIALS","1966","1970","US GT / sports racing — pre-IMSA GT","Bridgestone/other","technical paper","1"
"W05_CONSTRUCTION_MATERIALS","2002","2003","CART / Indy-car","Pirelli","government monograph","1"
"W05_CONSTRUCTION_MATERIALS","1987","1991","Group C","Firestone","technical paper","1"
"W05_CONSTRUCTION_MATERIALS","1974","1976","Formula 3 — 1974-1986","Dunlop","government monograph","1"
"W05_CONSTRUCTION_MATERIALS","1950","1959","International rally — pre-WRC","Avon","technical paper","1"
"W05_CONSTRUCTION_MATERIALS","1992","1996","Formula 1 — 1990s radial slick/grooved transition","Michelin","government monograph","1"
"W05_CONSTRUCTION_MATERIALS","1977","1981","Sports racing / prototypes — 1972-1981","Goodyear","technical paper","1"
"W05_CONSTRUCTION_MATERIALS","1960","1965","General Racing Tire","Bridgestone/other","government monograph","1"
"W05_CONSTRUCTION_MATERIALS","1997","2001","Trans-Am — 1982-2001","Pirelli","peer-reviewed paper","1"
"W05_CONSTRUCTION_MATERIALS","1982","1986","Formula Ford — 1982-1992","Firestone","materials technical paper","1"
"W05_CONSTRUCTION_MATERIALS","1966","1969","Group 2 / ETCC — 1963-1969","Dunlop","peer-reviewed paper","1"
"W05_CONSTRUCTION_MATERIALS","2005","2010","SUPER GT — 2005-2010","Avon","materials technical paper","1"
"W05_CONSTRUCTION_MATERIALS","1987","1974","Can-Am — original","Michelin","peer-reviewed paper","1"
"W05_CONSTRUCTION_MATERIALS","1993","1996","Le Mans Prototype transition","Pirelli","materials technical paper","1"
"W05_CONSTRUCTION_MATERIALS","1977","1981","Formula 3 — 1974-1986","Firestone","peer-reviewed paper","1"
"W05_CONSTRUCTION_MATERIALS","1960","1965","International rally — pre-WRC","Goodyear","materials technical paper","1"
"W05_CONSTRUCTION_MATERIALS","1997","2001","Formula 1 — 1990s radial slick/grooved transition","Bridgestone/other","peer-reviewed paper","1"
"W05_CONSTRUCTION_MATERIALS","1982","1986","IMSA GTP","Pirelli","materials technical paper","1"
"W05_CONSTRUCTION_MATERIALS","1966","1971","General Racing Tire","Firestone","peer-reviewed paper","1"
"W05_CONSTRUCTION_MATERIALS","1992","1974","Can-Am — original","Bridgestone/other","patent","1"
"W05_CONSTRUCTION_MATERIALS","1960","1965","Historic Racing Reference","Firestone","patent","1"
"W05_CONSTRUCTION_MATERIALS","1997","2001","FIA GT — 1997-2009","Dunlop","patent or technical catalog","1"
"W05_CONSTRUCTION_MATERIALS","1982","1986","Formula 3 — 1974-1986","Avon","patent","1"
"W05_CONSTRUCTION_MATERIALS","1966","1971","International rally — pre-WRC","Michelin","patent or technical catalog","1"
"W05_CONSTRUCTION_MATERIALS","1960","1963","Sports racing / prototypes — 1950-1963","Pirelli","technical paper","1"
"W05_CONSTRUCTION_MATERIALS","1997","1974","Can-Am — original","Firestone","government monograph","1"
"W05_CONSTRUCTION_MATERIALS","1982","1986","IMSA GT — 1982-1993","Dunlop","technical paper","1"
"W05_CONSTRUCTION_MATERIALS","2002","2009","FIA GT — 1997-2009","Michelin","technical paper","1"
"W05_CONSTRUCTION_MATERIALS","1987","1991","CART / Indy-car","Goodyear","government monograph","1"
"W05_CONSTRUCTION_MATERIALS","1972","1976","Group 4 Special GT — 1970-1981","Bridgestone/other","technical paper","1"
"W05_CONSTRUCTION_MATERIALS","1997","2001","Historic Racing Reference","Michelin","materials technical paper","1"
"W05_CONSTRUCTION_MATERIALS","1982","1986","Group C","Goodyear","peer-reviewed paper","1"
"W05_CONSTRUCTION_MATERIALS","1966","1971","Sports racing / prototypes — 1964-1971","Bridgestone/other","materials technical paper","1"
"W05_CONSTRUCTION_MATERIALS","2002","1974","Can-Am — original","Avon","peer-reviewed paper","1"
"W05_CONSTRUCTION_MATERIALS","1987","1991","Japanese GT / touring — pre-JGTC","Michelin","materials technical paper","1"
"W05_CONSTRUCTION_MATERIALS","1972","1976","Sports racing / prototypes — 1972-1981","Goodyear","peer-reviewed paper","1"
"W05_CONSTRUCTION_MATERIALS","1950","1959","US GT / sports racing — pre-IMSA GT","Bridgestone/other","materials technical paper","1"
"W05_CONSTRUCTION_MATERIALS","1992","1996","CART / Indy-car","Pirelli","peer-reviewed paper","1"
"W05_CONSTRUCTION_MATERIALS","1977","1981","Group 4 Special GT — 1970-1981","Firestone","materials technical paper","1"
"W05_CONSTRUCTION_MATERIALS","1964","1965","Formula 2 — 1964-1966","Dunlop","peer-reviewed paper","1"
"W05_CONSTRUCTION_MATERIALS","2000","2001","DTM — silhouette era","Avon","materials technical paper","1"
"W05_CONSTRUCTION_MATERIALS","1982","1986","General Tire Mechanics","Michelin","peer-reviewed paper","1"
"W05_CONSTRUCTION_MATERIALS","1966","1971","NASCAR stock car — 1950-1971","Goodyear","patent","1"
"W05_CONSTRUCTION_MATERIALS","2002","2010","Historic Racing Reference","Bridgestone/other","patent or technical catalog","1"
"W05_CONSTRUCTION_MATERIALS","1987","1991","Trans-Am — 1982-2001","Pirelli","patent","1"
"W05_CONSTRUCTION_MATERIALS","1972","1976","Formula Ford — 1967-1976","Firestone","patent or technical catalog","1"
"W05_CONSTRUCTION_MATERIALS","1950","1959","Touring / saloon racing — pre-1963","Dunlop","patent","1"
"W05_CONSTRUCTION_MATERIALS","1994","1996","JGTC — 1994-1999 (GT1/GT2 terminology)","Avon","patent or technical catalog","1"
"W05_CONSTRUCTION_MATERIALS","1977","1981","Sports racing / prototypes — 1972-1981","Michelin","patent","1"
"W05_CONSTRUCTION_MATERIALS","1960","1965","US GT / sports racing — pre-IMSA GT","Goodyear","patent or technical catalog","1"
"W05_CONSTRUCTION_MATERIALS","1997","2001","CART / Indy-car","Dunlop","patent","1"
"W05_CONSTRUCTION_MATERIALS","1982","1986","Group C","Avon","patent or technical catalog","1"
"W05_CONSTRUCTION_MATERIALS","1967","1971","Formula 2 — 1967-1971","Michelin","patent","1"
"W05_CONSTRUCTION_MATERIALS","2002","2010","DTM — silhouette era","Goodyear","patent or technical catalog","1"
"W05_CONSTRUCTION_MATERIALS","1987","1991","Formula 1 — turbo/radial slick era","Bridgestone/other","patent","1"
"W05_CONSTRUCTION_MATERIALS","1977","1981","Formula Ford — 1977-1981","Avon","technical paper","1"
"W05_CONSTRUCTION_MATERIALS","1963","1965","Group 2 / ETCC — 1963-1969","Michelin","government monograph","1"
"W05_CONSTRUCTION_MATERIALS","1997","1999","JGTC — 1994-1999 (GT1/GT2 terminology)","Goodyear","technical paper","1"
"W05_CONSTRUCTION_MATERIALS","1982","1986","Historic Racing Reference","Bridgestone/other","government monograph","1"
"W05_CONSTRUCTION_MATERIALS","1966","1970","US GT / sports racing — pre-IMSA GT","Pirelli","technical paper","1"
"W05_CONSTRUCTION_MATERIALS","2002","2003","CART / Indy-car","Firestone","government monograph","1"
"W05_CONSTRUCTION_MATERIALS","1987","1991","Group C","Dunlop","technical paper","1"
"W05_CONSTRUCTION_MATERIALS","1982","1986","Formula Ford — 1982-1992","Goodyear","materials technical paper","1"
"W05_CONSTRUCTION_MATERIALS","1966","1969","Group 2 / ETCC — 1963-1969","Bridgestone/other","peer-reviewed paper","1"
"W05_CONSTRUCTION_MATERIALS","2005","2010","SUPER GT — 2005-2010","Pirelli","materials technical paper","1"
"W05_CONSTRUCTION_MATERIALS","1987","1974","Can-Am — original","Firestone","peer-reviewed paper","1"
"W05_CONSTRUCTION_MATERIALS","1993","1996","Le Mans Prototype transition","Michelin","materials technical paper","1"
"W05_CONSTRUCTION_MATERIALS","1966","1971","General Racing Tire","Dunlop","patent or technical catalog","1"
"W05_CONSTRUCTION_MATERIALS","2002","1972","Trans-Am — 1966-1972","Avon","patent","1"
"W05_CONSTRUCTION_MATERIALS","1987","1991","Historic Racing Reference","Pirelli","patent or technical catalog","1"
"W05_CONSTRUCTION_MATERIALS","1992","1974","Can-Am — original","Avon","patent","1"
"W05_CONSTRUCTION_MATERIALS","1960","1965","Historic Racing Reference","Goodyear","patent","1"
"W05_CONSTRUCTION_MATERIALS","1997","2001","FIA GT — 1997-2009","Bridgestone/other","patent or technical catalog","1"
"W05_CONSTRUCTION_MATERIALS","1982","1986","Formula 3 — 1974-1986","Pirelli","patent","1"
"W05_CONSTRUCTION_MATERIALS","1966","1971","International rally — pre-WRC","Firestone","patent or technical catalog","1"
"W05_CONSTRUCTION_MATERIALS","1987","1991","Group A touring — 1982-1992","Avon","government monograph","1"
"W05_CONSTRUCTION_MATERIALS","1972","1976","General Tire Mechanics","Michelin","technical paper","1"
"W05_CONSTRUCTION_MATERIALS","1950","1959","NASCAR stock car — 1950-1971","Goodyear","government monograph","1"
"W05_CONSTRUCTION_MATERIALS","1992","1996","Historic Racing Reference","Bridgestone/other","technical paper","1"
"W05_CONSTRUCTION_MATERIALS","1977","1981","Group 4 Special GT — 1970-1981","Pirelli","government monograph","1"
"W05_CONSTRUCTION_MATERIALS","1960","1963","Sports racing / prototypes — 1950-1963","Firestone","technical paper","1"
"W05_CONSTRUCTION_MATERIALS","1997","1974","Can-Am — original","Dunlop","government monograph","1"
"W05_CONSTRUCTION_MATERIALS","1982","1986","IMSA GT — 1982-1993","Bridgestone/other","technical paper","1"
"W05_CONSTRUCTION_MATERIALS","1966","1971","Sports racing / prototypes — 1964-1971","Pirelli","government monograph","1"
"W05_CONSTRUCTION_MATERIALS","2002","2009","FIA GT — 1997-2009","Firestone","technical paper","1"
"W05_CONSTRUCTION_MATERIALS","1987","1991","CART / Indy-car","Dunlop","government monograph","1"
"W05_CONSTRUCTION_MATERIALS","1972","1976","Group 4 Special GT — 1970-1981","Avon","technical paper","1"
"W05_CONSTRUCTION_MATERIALS","1956","1959","Formula 2 — 1956-1960","Michelin","government monograph","1"
"W05_CONSTRUCTION_MATERIALS","1960","1965","NASCAR stock car — 1950-1971","Pirelli","peer-reviewed paper","1"
"W05_CONSTRUCTION_MATERIALS","1997","2001","Historic Racing Reference","Firestone","materials technical paper","1"
"W05_CONSTRUCTION_MATERIALS","1982","1986","Group C","Dunlop","peer-reviewed paper","1"
"W05_CONSTRUCTION_MATERIALS","2002","1974","Can-Am — original","Michelin","peer-reviewed paper","1"
"W05_CONSTRUCTION_MATERIALS","1987","1991","Japanese GT / touring — pre-JGTC","Goodyear","materials technical paper","1"
"W05_CONSTRUCTION_MATERIALS","1972","1976","Sports racing / prototypes — 1972-1981","Bridgestone/other","peer-reviewed paper","1"
"W05_CONSTRUCTION_MATERIALS","1950","1959","US GT / sports racing — pre-IMSA GT","Pirelli","materials technical paper","1"
"W05_CONSTRUCTION_MATERIALS","1977","1981","Group 4 Special GT — 1970-1981","Goodyear","materials technical paper","1"
"W05_CONSTRUCTION_MATERIALS","2002","2010","Historic Racing Reference","Avon","patent or technical catalog","1"
"W05_CONSTRUCTION_MATERIALS","1987","1991","Trans-Am — 1982-2001","Michelin","patent","1"
"W05_CONSTRUCTION_MATERIALS","1972","1976","Formula Ford — 1967-1976","Goodyear","patent or technical catalog","1"
"W05_CONSTRUCTION_MATERIALS","1950","1959","Touring / saloon racing — pre-1963","Bridgestone/other","patent","1"
"W05_CONSTRUCTION_MATERIALS","1994","1996","JGTC — 1994-1999 (GT1/GT2 terminology)","Pirelli","patent or technical catalog","1"
"W05_CONSTRUCTION_MATERIALS","1977","1981","Sports racing / prototypes — 1972-1981","Firestone","patent","1"
"W05_CONSTRUCTION_MATERIALS","1960","1965","US GT / sports racing — pre-IMSA GT","Dunlop","patent or technical catalog","1"
"W05_CONSTRUCTION_MATERIALS","2002","2010","DTM — silhouette era","Bridgestone/other","government monograph","1"
"W05_CONSTRUCTION_MATERIALS","1987","1991","Formula 1 — turbo/radial slick era","Pirelli","technical paper","1"
"W05_CONSTRUCTION_MATERIALS","1950","1959","General Racing Tire","Goodyear","technical paper","1"
"W05_CONSTRUCTION_MATERIALS","1992","1996","Trans-Am — 1982-2001","Bridgestone/other","government monograph","1"
"W05_CONSTRUCTION_MATERIALS","1977","1981","Formula Ford — 1977-1981","Pirelli","technical paper","1"
"W05_CONSTRUCTION_MATERIALS","1963","1965","Group 2 / ETCC — 1963-1969","Firestone","government monograph","1"
"W05_CONSTRUCTION_MATERIALS","1997","1999","JGTC — 1994-1999 (GT1/GT2 terminology)","Dunlop","technical paper","1"
"W05_CONSTRUCTION_MATERIALS","1982","1986","Historic Racing Reference","Avon","government monograph","1"
"W05_CONSTRUCTION_MATERIALS","1966","1970","US GT / sports racing — pre-IMSA GT","Michelin","technical paper","1"
"W05_CONSTRUCTION_MATERIALS","2002","2003","CART / Indy-car","Goodyear","government monograph","1"
"W05_CONSTRUCTION_MATERIALS","1950","1959","International rally — pre-WRC","Firestone","peer-reviewed paper","1"
"W05_CONSTRUCTION_MATERIALS","1992","1996","Formula 1 — 1990s radial slick/grooved transition","Dunlop","materials technical paper","1"
"W05_CONSTRUCTION_MATERIALS","1977","1981","Sports racing / prototypes — 1972-1981","Avon","peer-reviewed paper","1"
"W05_CONSTRUCTION_MATERIALS","1960","1965","General Racing Tire","Michelin","materials technical paper","1"
"W05_CONSTRUCTION_MATERIALS","1997","2001","Trans-Am — 1982-2001","Goodyear","peer-reviewed paper","1"
"W05_CONSTRUCTION_MATERIALS","1982","1986","Formula Ford — 1982-1992","Bridgestone/other","materials technical paper","1"
"W05_CONSTRUCTION_MATERIALS","1966","1969","Group 2 / ETCC — 1963-1969","Avon","peer-reviewed paper","1"
"W05_CONSTRUCTION_MATERIALS","2005","2010","SUPER GT — 2005-2010","Michelin","materials technical paper","1"
"W05_CONSTRUCTION_MATERIALS","1987","1974","Can-Am — original","Goodyear","peer-reviewed paper","1"
"W05_CONSTRUCTION_MATERIALS","1972","1976","Group 4 Special GT — 1970-1981","Bridgestone/other","materials technical paper","1"
"W05_CONSTRUCTION_MATERIALS","1993","1996","Le Mans Prototype transition","Firestone","materials technical paper","1"
"W05_CONSTRUCTION_MATERIALS","1977","1981","Formula 3 — 1974-1986","Dunlop","peer-reviewed paper","1"
"W05_CONSTRUCTION_MATERIALS","1997","2001","Formula 1 — 1990s radial slick/grooved transition","Michelin","patent or technical catalog","1"
"W05_CONSTRUCTION_MATERIALS","1982","1986","IMSA GTP","Goodyear","patent","1"
"W05_CONSTRUCTION_MATERIALS","1966","1971","General Racing Tire","Bridgestone/other","patent or technical catalog","1"
"W05_CONSTRUCTION_MATERIALS","2002","1972","Trans-Am — 1966-1972","Pirelli","patent","1"
"W05_CONSTRUCTION_MATERIALS","1987","1991","Historic Racing Reference","Firestone","patent or technical catalog","1"
"W05_CONSTRUCTION_MATERIALS","1972","1976","Group 4 Special GT — 1970-1981","Dunlop","patent","1"
"W05_CONSTRUCTION_MATERIALS","1950","1959","Sports racing / prototypes — 1950-1963","Avon","patent or technical catalog","1"
"W05_CONSTRUCTION_MATERIALS","1992","1974","Can-Am — original","Michelin","patent","1"
"W05_CONSTRUCTION_MATERIALS","1960","1965","Historic Racing Reference","Dunlop","patent","1"
"W05_CONSTRUCTION_MATERIALS","1997","2001","FIA GT — 1997-2009","Avon","patent or technical catalog","1"
"W05_CONSTRUCTION_MATERIALS","1987","1991","Group A touring — 1982-1992","Pirelli","government monograph","1"
"W05_CONSTRUCTION_MATERIALS","1972","1976","General Tire Mechanics","Firestone","technical paper","1"
"W05_CONSTRUCTION_MATERIALS","1950","1959","NASCAR stock car — 1950-1971","Dunlop","government monograph","1"
"W05_CONSTRUCTION_MATERIALS","1992","1996","Historic Racing Reference","Avon","technical paper","1"
"W05_CONSTRUCTION_MATERIALS","1960","1963","Sports racing / prototypes — 1950-1963","Goodyear","technical paper","1"
"W05_CONSTRUCTION_MATERIALS","1997","1974","Can-Am — original","Bridgestone/other","government monograph","1"
"W05_CONSTRUCTION_MATERIALS","1982","1986","IMSA GT — 1982-1993","Pirelli","technical paper","1"
"W05_CONSTRUCTION_MATERIALS","1972","1976","Group 4 Special GT — 1970-1981","Michelin","peer-reviewed paper","1"
"W05_CONSTRUCTION_MATERIALS","1956","1959","Formula 2 — 1956-1960","Firestone","materials technical paper","1"
"W05_CONSTRUCTION_MATERIALS","1993","1996","DTM / ITC — Class 1","Dunlop","peer-reviewed paper","1"
"W05_CONSTRUCTION_MATERIALS","1977","1981","General Tire Mechanics","Avon","materials technical paper","1"
"W05_CONSTRUCTION_MATERIALS","1960","1965","NASCAR stock car — 1950-1971","Michelin","peer-reviewed paper","1"
"W05_CONSTRUCTION_MATERIALS","1997","2001","Historic Racing Reference","Goodyear","materials technical paper","1"
"W05_CONSTRUCTION_MATERIALS","1982","1986","Group C","Bridgestone/other","peer-reviewed paper","1"
"W05_CONSTRUCTION_MATERIALS","2002","1974","Can-Am — original","Firestone","peer-reviewed paper","1"
"W05_CONSTRUCTION_MATERIALS","1987","1991","Japanese GT / touring — pre-JGTC","Dunlop","materials technical paper","1"
"W05_CONSTRUCTION_MATERIALS","1977","1981","Group 4 Special GT — 1970-1981","Bridgestone/other","patent","1"
"W05_CONSTRUCTION_MATERIALS","1964","1965","Formula 2 — 1964-1966","Pirelli","patent or technical catalog","1"
"W05_CONSTRUCTION_MATERIALS","2000","2001","DTM — silhouette era","Firestone","patent","1"
"W05_CONSTRUCTION_MATERIALS","1982","1986","General Tire Mechanics","Dunlop","patent or technical catalog","1"
"W05_CONSTRUCTION_MATERIALS","1966","1971","NASCAR stock car — 1950-1971","Avon","patent","1"
"W05_CONSTRUCTION_MATERIALS","2002","2010","Historic Racing Reference","Pirelli","patent or technical catalog","1"
"W05_CONSTRUCTION_MATERIALS","1987","1991","Trans-Am — 1982-2001","Firestone","patent","1"
"W05_CONSTRUCTION_MATERIALS","1972","1976","Formula Ford — 1967-1976","Dunlop","patent or technical catalog","1"
"W05_CONSTRUCTION_MATERIALS","1950","1959","Touring / saloon racing — pre-1963","Avon","patent","1"
"W05_CONSTRUCTION_MATERIALS","1994","1996","JGTC — 1994-1999 (GT1/GT2 terminology)","Michelin","patent or technical catalog","1"
"W05_CONSTRUCTION_MATERIALS","1977","1981","Sports racing / prototypes — 1972-1981","Goodyear","patent","1"
"W05_CONSTRUCTION_MATERIALS","1960","1965","US GT / sports racing — pre-IMSA GT","Bridgestone/other","patent or technical catalog","1"
"W05_CONSTRUCTION_MATERIALS","1997","2001","CART / Indy-car","Pirelli","patent","1"
"W05_CONSTRUCTION_MATERIALS","1982","1986","Group C","Firestone","government monograph","1"
"W05_CONSTRUCTION_MATERIALS","1967","1971","Formula 2 — 1967-1971","Dunlop","technical paper","1"
"W05_CONSTRUCTION_MATERIALS","2002","2010","DTM — silhouette era","Avon","government monograph","1"
"W05_CONSTRUCTION_MATERIALS","1987","1991","Formula 1 — turbo/radial slick era","Michelin","technical paper","1"
"W05_CONSTRUCTION_MATERIALS","1972","1976","Sports racing / prototypes — 1972-1981","Goodyear","government monograph","1"
"W05_CONSTRUCTION_MATERIALS","1950","1959","General Racing Tire","Bridgestone/other","technical paper","1"
"W05_CONSTRUCTION_MATERIALS","1992","1996","Trans-Am — 1982-2001","Pirelli","government monograph","1"
"W05_CONSTRUCTION_MATERIALS","1977","1981","Formula Ford — 1977-1981","Firestone","technical paper","1"
"W05_CONSTRUCTION_MATERIALS","1963","1965","Group 2 / ETCC — 1963-1969","Dunlop","government monograph","1"
"W05_CONSTRUCTION_MATERIALS","1997","1999","JGTC — 1994-1999 (GT1/GT2 terminology)","Bridgestone/other","technical paper","1"
"W05_CONSTRUCTION_MATERIALS","1982","1986","Historic Racing Reference","Pirelli","government monograph","1"
"W05_CONSTRUCTION_MATERIALS","1966","1970","US GT / sports racing — pre-IMSA GT","Firestone","technical paper","1"
"W05_CONSTRUCTION_MATERIALS","1987","1991","Group C","Avon","peer-reviewed paper","1"
"W05_CONSTRUCTION_MATERIALS","1974","1976","Formula 3 — 1974-1986","Michelin","materials technical paper","1"
"W05_CONSTRUCTION_MATERIALS","1950","1959","International rally — pre-WRC","Goodyear","peer-reviewed paper","1"
"W05_CONSTRUCTION_MATERIALS","1992","1996","Formula 1 — 1990s radial slick/grooved transition","Bridgestone/other","materials technical paper","1"
"W05_CONSTRUCTION_MATERIALS","1977","1981","Sports racing / prototypes — 1972-1981","Pirelli","peer-reviewed paper","1"
"W05_CONSTRUCTION_MATERIALS","1960","1965","General Racing Tire","Firestone","materials technical paper","1"
"W05_CONSTRUCTION_MATERIALS","1997","2001","Trans-Am — 1982-2001","Dunlop","peer-reviewed paper","1"
"W05_CONSTRUCTION_MATERIALS","1982","1986","Formula Ford — 1982-1992","Avon","materials technical paper","1"
"W05_CONSTRUCTION_MATERIALS","1966","1969","Group 2 / ETCC — 1963-1969","Michelin","peer-reviewed paper","1"
"W05_CONSTRUCTION_MATERIALS","2005","2010","SUPER GT — 2005-2010","Goodyear","materials technical paper","1"
"W05_CONSTRUCTION_MATERIALS","1993","1996","Le Mans Prototype transition","Goodyear","patent","1"
"W05_CONSTRUCTION_MATERIALS","1977","1981","Formula 3 — 1974-1986","Bridgestone/other","patent or technical catalog","1"
"W05_CONSTRUCTION_MATERIALS","1960","1965","International rally — pre-WRC","Pirelli","patent","1"
"W05_CONSTRUCTION_MATERIALS","1997","2001","Formula 1 — 1990s radial slick/grooved transition","Firestone","patent or technical catalog","1"
"W05_CONSTRUCTION_MATERIALS","1982","1986","IMSA GTP","Dunlop","patent","1"
"W05_CONSTRUCTION_MATERIALS","1966","1971","General Racing Tire","Avon","patent or technical catalog","1"
"W05_CONSTRUCTION_MATERIALS","2002","1972","Trans-Am — 1966-1972","Michelin","patent","1"
"W05_CONSTRUCTION_MATERIALS","1987","1991","Historic Racing Reference","Goodyear","patent or technical catalog","1"
"W05_CONSTRUCTION_MATERIALS","1997","2001","FIA GT — 1997-2009","Michelin","government monograph","1"
"W05_CONSTRUCTION_MATERIALS","1982","1986","Formula 3 — 1974-1986","Goodyear","technical paper","1"
"W05_CONSTRUCTION_MATERIALS","1966","1971","International rally — pre-WRC","Bridgestone/other","government monograph","1"
"W05_CONSTRUCTION_MATERIALS","2002","2010","Formula 1 — grooved-to-slick-return era","Pirelli","technical paper","1"
"W05_CONSTRUCTION_MATERIALS","1987","1991","Group A touring — 1982-1992","Michelin","government monograph","1"
"W05_CONSTRUCTION_MATERIALS","1972","1976","General Tire Mechanics","Goodyear","technical paper","1"
"W05_CONSTRUCTION_MATERIALS","1950","1959","NASCAR stock car — 1950-1971","Bridgestone/other","government monograph","1"
"W05_CONSTRUCTION_MATERIALS","1992","1996","Historic Racing Reference","Pirelli","technical paper","1"
"W05_CONSTRUCTION_MATERIALS","1960","1963","Sports racing / prototypes — 1950-1963","Dunlop","technical paper","1"
"W05_CONSTRUCTION_MATERIALS","1997","1974","Can-Am — original","Avon","government monograph","1"
"W05_CONSTRUCTION_MATERIALS","1982","1986","IMSA GT — 1982-1993","Michelin","technical paper","1"
"W05_CONSTRUCTION_MATERIALS","1966","1971","Sports racing / prototypes — 1964-1971","Goodyear","government monograph","1"
"W05_CONSTRUCTION_MATERIALS","2002","2009","FIA GT — 1997-2009","Bridgestone/other","peer-reviewed paper","1"
"W05_CONSTRUCTION_MATERIALS","1987","1991","CART / Indy-car","Pirelli","materials technical paper","1"
"W05_CONSTRUCTION_MATERIALS","1972","1976","Group 4 Special GT — 1970-1981","Firestone","peer-reviewed paper","1"
"W05_CONSTRUCTION_MATERIALS","1956","1959","Formula 2 — 1956-1960","Dunlop","materials technical paper","1"
"W05_CONSTRUCTION_MATERIALS","1993","1996","DTM / ITC — Class 1","Avon","peer-reviewed paper","1"
"W05_CONSTRUCTION_MATERIALS","1977","1981","General Tire Mechanics","Michelin","materials technical paper","1"
"W05_CONSTRUCTION_MATERIALS","1960","1965","NASCAR stock car — 1950-1971","Goodyear","peer-reviewed paper","1"
"W05_CONSTRUCTION_MATERIALS","1997","2001","Historic Racing Reference","Bridgestone/other","materials technical paper","1"
"W05_CONSTRUCTION_MATERIALS","1982","1986","Group C","Avon","peer-reviewed paper","1"
"W05_CONSTRUCTION_MATERIALS","1966","1971","Sports racing / prototypes — 1964-1971","Michelin","materials technical paper","1"
"W05_CONSTRUCTION_MATERIALS","2002","1974","Can-Am — original","Goodyear","peer-reviewed paper","1"
"W05_CONSTRUCTION_MATERIALS","1987","1991","Japanese GT / touring — pre-JGTC","Bridgestone/other","materials technical paper","1"
"W05_CONSTRUCTION_MATERIALS","1972","1976","Sports racing / prototypes — 1972-1981","Pirelli","peer-reviewed paper","1"
"W05_CONSTRUCTION_MATERIALS","1950","1959","US GT / sports racing — pre-IMSA GT","Firestone","patent","1"
"W05_CONSTRUCTION_MATERIALS","1992","1996","CART / Indy-car","Dunlop","patent or technical catalog","1"
"W05_CONSTRUCTION_MATERIALS","1977","1981","Group 4 Special GT — 1970-1981","Avon","patent","1"
"W05_CONSTRUCTION_MATERIALS","1964","1965","Formula 2 — 1964-1966","Michelin","patent or technical catalog","1"
"W05_CONSTRUCTION_MATERIALS","2000","2001","DTM — silhouette era","Goodyear","patent","1"
"W05_CONSTRUCTION_MATERIALS","1982","1986","General Tire Mechanics","Bridgestone/other","patent or technical catalog","1"
"W05_CONSTRUCTION_MATERIALS","1966","1971","NASCAR stock car — 1950-1971","Pirelli","patent","1"
"W05_CONSTRUCTION_MATERIALS","2002","2010","Historic Racing Reference","Firestone","patent or technical catalog","1"
"W05_CONSTRUCTION_MATERIALS","1987","1991","Trans-Am — 1982-2001","Dunlop","patent","1"
"W05_CONSTRUCTION_MATERIALS","1972","1976","Formula Ford — 1967-1976","Avon","patent or technical catalog","1"
"W05_CONSTRUCTION_MATERIALS","1960","1965","US GT / sports racing — pre-IMSA GT","Avon","government monograph","1"
"W05_CONSTRUCTION_MATERIALS","1997","2001","CART / Indy-car","Michelin","technical paper","1"
"W05_CONSTRUCTION_MATERIALS","1982","1986","Group C","Goodyear","government monograph","1"
"W05_CONSTRUCTION_MATERIALS","1967","1971","Formula 2 — 1967-1971","Bridgestone/other","technical paper","1"
"W05_CONSTRUCTION_MATERIALS","2002","2010","DTM — silhouette era","Pirelli","government monograph","1"
"W05_CONSTRUCTION_MATERIALS","1987","1991","Formula 1 — turbo/radial slick era","Firestone","technical paper","1"
"W05_CONSTRUCTION_MATERIALS","1972","1976","Sports racing / prototypes — 1972-1981","Dunlop","government monograph","1"
"W05_CONSTRUCTION_MATERIALS","1950","1959","General Racing Tire","Avon","technical paper","1"
"W05_CONSTRUCTION_MATERIALS","1992","1996","Trans-Am — 1982-2001","Michelin","government monograph","1"
"W05_CONSTRUCTION_MATERIALS","1977","1981","Formula Ford — 1977-1981","Goodyear","technical paper","1"
"W05_CONSTRUCTION_MATERIALS","1966","1970","US GT / sports racing — pre-IMSA GT","Dunlop","peer-reviewed paper","1"
"W05_CONSTRUCTION_MATERIALS","2002","2003","CART / Indy-car","Avon","materials technical paper","1"
"W05_CONSTRUCTION_MATERIALS","1987","1991","Group C","Michelin","peer-reviewed paper","1"
"W05_CONSTRUCTION_MATERIALS","1974","1976","Formula 3 — 1974-1986","Firestone","materials technical paper","1"
"W05_CONSTRUCTION_MATERIALS","1950","1959","International rally — pre-WRC","Dunlop","peer-reviewed paper","1"
"W05_CONSTRUCTION_MATERIALS","1992","1996","Formula 1 — 1990s radial slick/grooved transition","Avon","materials technical paper","1"
"W05_CONSTRUCTION_MATERIALS","1977","1981","Sports racing / prototypes — 1972-1981","Michelin","peer-reviewed paper","1"
"W05_CONSTRUCTION_MATERIALS","1960","1965","General Racing Tire","Goodyear","materials technical paper","1"
"W05_CONSTRUCTION_MATERIALS","1997","2001","Trans-Am — 1982-2001","Bridgestone/other","peer-reviewed paper","1"
"W05_CONSTRUCTION_MATERIALS","1982","1986","Formula Ford — 1982-1992","Pirelli","materials technical paper","1"
"W05_CONSTRUCTION_MATERIALS","1966","1969","Group 2 / ETCC — 1963-1969","Firestone","peer-reviewed paper","1"
"W05_CONSTRUCTION_MATERIALS","2005","2010","SUPER GT — 2005-2010","Dunlop","materials technical paper","1"
"W05_CONSTRUCTION_MATERIALS","1993","1996","Le Mans Prototype transition","Bridgestone/other","patent","1"
"W05_CONSTRUCTION_MATERIALS","1977","1981","Formula 3 — 1974-1986","Pirelli","patent or technical catalog","1"
"W05_CONSTRUCTION_MATERIALS","1960","1965","International rally — pre-WRC","Firestone","patent","1"
"W05_CONSTRUCTION_MATERIALS","1997","2001","Formula 1 — 1990s radial slick/grooved transition","Dunlop","patent or technical catalog","1"
"W05_CONSTRUCTION_MATERIALS","1982","1986","IMSA GTP","Avon","patent","1"
"W05_CONSTRUCTION_MATERIALS","1966","1971","General Racing Tire","Pirelli","patent or technical catalog","1"
"W05_CONSTRUCTION_MATERIALS","2002","1972","Trans-Am — 1966-1972","Firestone","patent","1"
"W05_CONSTRUCTION_MATERIALS","1987","1991","Historic Racing Reference","Dunlop","patent or technical catalog","1"
"W05_CONSTRUCTION_MATERIALS","1972","1976","Group 4 Special GT — 1970-1981","Avon","patent","1"
"W05_CONSTRUCTION_MATERIALS","1950","1959","Sports racing / prototypes — 1950-1963","Michelin","patent or technical catalog","1"
"W05_CONSTRUCTION_MATERIALS","1992","1974","Can-Am — original","Goodyear","patent","1"
"W05_CONSTRUCTION_MATERIALS","1960","1965","Historic Racing Reference","Pirelli","technical paper","1"
"W05_CONSTRUCTION_MATERIALS","1997","2001","FIA GT — 1997-2009","Firestone","government monograph","1"
"W05_CONSTRUCTION_MATERIALS","1982","1986","Formula 3 — 1974-1986","Dunlop","technical paper","1"
"W05_CONSTRUCTION_MATERIALS","1966","1971","International rally — pre-WRC","Avon","government monograph","1"
"W05_CONSTRUCTION_MATERIALS","2002","2010","Formula 1 — grooved-to-slick-return era","Michelin","technical paper","1"
"W05_CONSTRUCTION_MATERIALS","1987","1991","Group A touring — 1982-1992","Goodyear","government monograph","1"
"W05_CONSTRUCTION_MATERIALS","1972","1976","General Tire Mechanics","Bridgestone/other","technical paper","1"
"W05_CONSTRUCTION_MATERIALS","1950","1959","NASCAR stock car — 1950-1971","Pirelli","government monograph","1"
"W05_CONSTRUCTION_MATERIALS","1992","1996","Historic Racing Reference","Firestone","technical paper","1"
"W05_CONSTRUCTION_MATERIALS","1960","1963","Sports racing / prototypes — 1950-1963","Bridgestone/other","technical paper","1"
"W05_CONSTRUCTION_MATERIALS","1982","1986","IMSA GT — 1982-1993","Firestone","peer-reviewed paper","1"
"W05_CONSTRUCTION_MATERIALS","1966","1971","Sports racing / prototypes — 1964-1971","Dunlop","materials technical paper","1"
"W05_CONSTRUCTION_MATERIALS","2002","2009","FIA GT — 1997-2009","Avon","peer-reviewed paper","1"
"W05_CONSTRUCTION_MATERIALS","1987","1991","CART / Indy-car","Michelin","materials technical paper","1"
"W05_CONSTRUCTION_MATERIALS","1972","1976","Group 4 Special GT — 1970-1981","Goodyear","peer-reviewed paper","1"
"W05_CONSTRUCTION_MATERIALS","1956","1959","Formula 2 — 1956-1960","Bridgestone/other","materials technical paper","1"
"W05_CONSTRUCTION_MATERIALS","1993","1996","DTM / ITC — Class 1","Pirelli","peer-reviewed paper","1"
"W05_CONSTRUCTION_MATERIALS","1977","1981","General Tire Mechanics","Firestone","materials technical paper","1"
"W05_CONSTRUCTION_MATERIALS","1960","1965","NASCAR stock car — 1950-1971","Dunlop","peer-reviewed paper","1"
"W05_CONSTRUCTION_MATERIALS","1997","2001","Historic Racing Reference","Avon","materials technical paper","1"
"W05_CONSTRUCTION_MATERIALS","1987","1991","Japanese GT / touring — pre-JGTC","Pirelli","patent","1"
"W05_CONSTRUCTION_MATERIALS","1950","1959","US GT / sports racing — pre-IMSA GT","Goodyear","patent","1"
"W05_CONSTRUCTION_MATERIALS","1992","1996","CART / Indy-car","Bridgestone/other","patent or technical catalog","1"
"W05_CONSTRUCTION_MATERIALS","1977","1981","Group 4 Special GT — 1970-1981","Pirelli","patent","1"
"W05_CONSTRUCTION_MATERIALS","1964","1965","Formula 2 — 1964-1966","Firestone","patent or technical catalog","1"
"W05_CONSTRUCTION_MATERIALS","2000","2001","DTM — silhouette era","Dunlop","patent","1"
"W05_CONSTRUCTION_MATERIALS","1982","1986","General Tire Mechanics","Avon","patent or technical catalog","1"
"W05_CONSTRUCTION_MATERIALS","1966","1971","NASCAR stock car — 1950-1971","Michelin","patent","1"
"W05_CONSTRUCTION_MATERIALS","2002","2010","Historic Racing Reference","Goodyear","patent or technical catalog","1"
"W05_CONSTRUCTION_MATERIALS","1987","1991","Trans-Am — 1982-2001","Bridgestone/other","patent","1"
"W05_CONSTRUCTION_MATERIALS","1994","1996","JGTC — 1994-1999 (GT1/GT2 terminology)","Dunlop","government monograph","1"
"W05_CONSTRUCTION_MATERIALS","1960","1965","US GT / sports racing — pre-IMSA GT","Michelin","government monograph","1"
"W05_CONSTRUCTION_MATERIALS","1997","2001","CART / Indy-car","Goodyear","technical paper","1"
"W05_CONSTRUCTION_MATERIALS","1982","1986","Group C","Bridgestone/other","government monograph","1"
"W05_CONSTRUCTION_MATERIALS","1967","1971","Formula 2 — 1967-1971","Pirelli","technical paper","1"
"W05_CONSTRUCTION_MATERIALS","2002","2010","DTM — silhouette era","Michelin","government monograph","1"
"W05_CONSTRUCTION_MATERIALS","1987","1991","Formula 1 — turbo/radial slick era","Goodyear","technical paper","1"
"W05_CONSTRUCTION_MATERIALS","1972","1976","Sports racing / prototypes — 1972-1981","Bridgestone/other","government monograph","1"
"W05_CONSTRUCTION_MATERIALS","1950","1959","General Racing Tire","Pirelli","technical paper","1"
"W05_CONSTRUCTION_MATERIALS","1992","1996","Trans-Am — 1982-2001","Firestone","government monograph","1"
"W05_CONSTRUCTION_MATERIALS","1977","1981","Formula Ford — 1977-1981","Dunlop","technical paper","1"
"W05_CONSTRUCTION_MATERIALS","1963","1965","Group 2 / ETCC — 1963-1969","Avon","government monograph","1"
"W05_CONSTRUCTION_MATERIALS","1997","1999","JGTC — 1994-1999 (GT1/GT2 terminology)","Michelin","peer-reviewed paper","1"
"W05_CONSTRUCTION_MATERIALS","1982","1986","Historic Racing Reference","Goodyear","materials technical paper","1"
"W05_CONSTRUCTION_MATERIALS","1966","1970","US GT / sports racing — pre-IMSA GT","Bridgestone/other","peer-reviewed paper","1"
"W05_CONSTRUCTION_MATERIALS","2002","2003","CART / Indy-car","Pirelli","materials technical paper","1"
"W05_CONSTRUCTION_MATERIALS","1987","1991","Group C","Firestone","peer-reviewed paper","1"
"W05_CONSTRUCTION_MATERIALS","1974","1976","Formula 3 — 1974-1986","Dunlop","materials technical paper","1"
"W05_CONSTRUCTION_MATERIALS","1950","1959","International rally — pre-WRC","Avon","peer-reviewed paper","1"
"W05_CONSTRUCTION_MATERIALS","1992","1996","Formula 1 — 1990s radial slick/grooved transition","Michelin","materials technical paper","1"
"W05_CONSTRUCTION_MATERIALS","1977","1981","Sports racing / prototypes — 1972-1981","Goodyear","peer-reviewed paper","1"
"W05_CONSTRUCTION_MATERIALS","1960","1965","General Racing Tire","Bridgestone/other","materials technical paper","1"
"W05_CONSTRUCTION_MATERIALS","1997","2001","Trans-Am — 1982-2001","Avon","peer-reviewed paper","1"
"W05_CONSTRUCTION_MATERIALS","1982","1986","Formula Ford — 1982-1992","Michelin","materials technical paper","1"
"W05_CONSTRUCTION_MATERIALS","2005","2010","SUPER GT — 2005-2010","Bridgestone/other","patent","1"
"W05_CONSTRUCTION_MATERIALS","1987","1974","Can-Am — original","Pirelli","patent or technical catalog","1"
"W05_CONSTRUCTION_MATERIALS","1993","1996","Le Mans Prototype transition","Avon","patent","1"
"W05_CONSTRUCTION_MATERIALS","1977","1981","Formula 3 — 1974-1986","Michelin","patent or technical catalog","1"
"W05_CONSTRUCTION_MATERIALS","1960","1965","International rally — pre-WRC","Goodyear","patent","1"
"W05_CONSTRUCTION_MATERIALS","1997","2001","Formula 1 — 1990s radial slick/grooved transition","Bridgestone/other","patent or technical catalog","1"
"W05_CONSTRUCTION_MATERIALS","1982","1986","IMSA GTP","Pirelli","patent","1"
"W05_CONSTRUCTION_MATERIALS","1966","1971","General Racing Tire","Firestone","patent or technical catalog","1"
"W05_CONSTRUCTION_MATERIALS","1950","1959","Sports racing / prototypes — 1950-1963","Goodyear","government monograph","1"
"W05_CONSTRUCTION_MATERIALS","1992","1974","Can-Am — original","Dunlop","technical paper","1"
"W05_CONSTRUCTION_MATERIALS","1977","1981","Group 4 Special GT — 1970-1981","Avon","government monograph","1"
"W05_CONSTRUCTION_MATERIALS","1960","1965","Historic Racing Reference","Michelin","technical paper","1"
"W05_CONSTRUCTION_MATERIALS","1997","2001","FIA GT — 1997-2009","Goodyear","government monograph","1"
"W05_CONSTRUCTION_MATERIALS","1982","1986","Formula 3 — 1974-1986","Bridgestone/other","technical paper","1"
"W05_CONSTRUCTION_MATERIALS","1966","1971","International rally — pre-WRC","Pirelli","government monograph","1"
"W05_CONSTRUCTION_MATERIALS","2002","2010","Formula 1 — grooved-to-slick-return era","Firestone","technical paper","1"
"W05_CONSTRUCTION_MATERIALS","1987","1991","Group A touring — 1982-1992","Dunlop","government monograph","1"
"W05_CONSTRUCTION_MATERIALS","1972","1976","General Tire Mechanics","Avon","technical paper","1"
"W05_CONSTRUCTION_MATERIALS","1960","1963","Sports racing / prototypes — 1950-1963","Pirelli","peer-reviewed paper","1"
"W05_CONSTRUCTION_MATERIALS","1997","1974","Can-Am — original","Firestone","materials technical paper","1"
"W05_CONSTRUCTION_MATERIALS","1982","1986","IMSA GT — 1982-1993","Dunlop","peer-reviewed paper","1"
"W05_CONSTRUCTION_MATERIALS","2002","2009","FIA GT — 1997-2009","Michelin","peer-reviewed paper","1"
"W05_CONSTRUCTION_MATERIALS","1987","1991","CART / Indy-car","Firestone","materials technical paper","1"
"W05_CONSTRUCTION_MATERIALS","1972","1976","Group 4 Special GT — 1970-1981","Dunlop","peer-reviewed paper","1"
"W05_CONSTRUCTION_MATERIALS","1956","1959","Formula 2 — 1956-1960","Avon","materials technical paper","1"
"W05_CONSTRUCTION_MATERIALS","1993","1996","DTM / ITC — Class 1","Michelin","peer-reviewed paper","1"
"W05_CONSTRUCTION_MATERIALS","1977","1981","General Tire Mechanics","Goodyear","materials technical paper","1"
"W05_CONSTRUCTION_MATERIALS","1960","1965","NASCAR stock car — 1950-1971","Bridgestone/other","peer-reviewed paper","1"
"W05_CONSTRUCTION_MATERIALS","1997","2001","Historic Racing Reference","Pirelli","materials technical paper","1"
"W05_CONSTRUCTION_MATERIALS","1982","1986","Group C","Firestone","peer-reviewed paper","1"
"W05_CONSTRUCTION_MATERIALS","1966","1971","Sports racing / prototypes — 1964-1971","Dunlop","patent","1"
"W05_CONSTRUCTION_MATERIALS","2002","1974","Can-Am — original","Avon","patent or technical catalog","1"
"W05_CONSTRUCTION_MATERIALS","1987","1991","Japanese GT / touring — pre-JGTC","Michelin","patent","1"
"W05_CONSTRUCTION_MATERIALS","1950","1959","US GT / sports racing — pre-IMSA GT","Bridgestone/other","patent","1"
"W05_CONSTRUCTION_MATERIALS","1992","1996","CART / Indy-car","Pirelli","patent or technical catalog","1"
"W05_CONSTRUCTION_MATERIALS","1977","1981","Group 4 Special GT — 1970-1981","Firestone","patent","1"
"W05_CONSTRUCTION_MATERIALS","1964","1965","Formula 2 — 1964-1966","Dunlop","patent or technical catalog","1"
"W05_CONSTRUCTION_MATERIALS","2000","2001","DTM — silhouette era","Avon","patent","1"
"W05_CONSTRUCTION_MATERIALS","1982","1986","General Tire Mechanics","Pirelli","patent or technical catalog","1"
"W05_CONSTRUCTION_MATERIALS","1966","1971","NASCAR stock car — 1950-1971","Firestone","patent","1"
"W05_CONSTRUCTION_MATERIALS","2002","2010","Historic Racing Reference","Dunlop","patent or technical catalog","1"
"W05_CONSTRUCTION_MATERIALS","1972","1976","Formula Ford — 1967-1976","Michelin","government monograph","1"
"W05_CONSTRUCTION_MATERIALS","1950","1959","Touring / saloon racing — pre-1963","Goodyear","technical paper","1"
"W05_CONSTRUCTION_MATERIALS","1994","1996","JGTC — 1994-1999 (GT1/GT2 terminology)","Bridgestone/other","government monograph","1"
"W05_CONSTRUCTION_MATERIALS","1977","1981","Sports racing / prototypes — 1972-1981","Pirelli","technical paper","1"
"W05_CONSTRUCTION_MATERIALS","1960","1965","US GT / sports racing — pre-IMSA GT","Firestone","government monograph","1"
"W05_CONSTRUCTION_MATERIALS","1997","2001","CART / Indy-car","Dunlop","technical paper","1"
"W05_CONSTRUCTION_MATERIALS","1982","1986","Group C","Avon","government monograph","1"
"W05_CONSTRUCTION_MATERIALS","1967","1971","Formula 2 — 1967-1971","Michelin","technical paper","1"
"W05_CONSTRUCTION_MATERIALS","2002","2010","DTM — silhouette era","Goodyear","government monograph","1"
"W05_CONSTRUCTION_MATERIALS","1987","1991","Formula 1 — turbo/radial slick era","Bridgestone/other","technical paper","1"
"W05_CONSTRUCTION_MATERIALS","1977","1981","Formula Ford — 1977-1981","Bridgestone/other","peer-reviewed paper","1"
"W05_CONSTRUCTION_MATERIALS","1963","1965","Group 2 / ETCC — 1963-1969","Pirelli","materials technical paper","1"
"W05_CONSTRUCTION_MATERIALS","1997","1999","JGTC — 1994-1999 (GT1/GT2 terminology)","Firestone","peer-reviewed paper","1"
"W05_CONSTRUCTION_MATERIALS","1982","1986","Historic Racing Reference","Dunlop","materials technical paper","1"
"W05_CONSTRUCTION_MATERIALS","1966","1970","US GT / sports racing — pre-IMSA GT","Avon","peer-reviewed paper","1"
"W05_CONSTRUCTION_MATERIALS","2002","2003","CART / Indy-car","Michelin","materials technical paper","1"
"W05_CONSTRUCTION_MATERIALS","1987","1991","Group C","Goodyear","peer-reviewed paper","1"
"W05_CONSTRUCTION_MATERIALS","1974","1976","Formula 3 — 1974-1986","Bridgestone/other","materials technical paper","1"
"W05_CONSTRUCTION_MATERIALS","1950","1959","International rally — pre-WRC","Pirelli","peer-reviewed paper","1"
"W05_CONSTRUCTION_MATERIALS","1992","1996","Formula 1 — 1990s radial slick/grooved transition","Firestone","materials technical paper","1"
"W05_CONSTRUCTION_MATERIALS","1982","1986","Formula Ford — 1982-1992","Goodyear","patent","1"
"W05_CONSTRUCTION_MATERIALS","1966","1969","Group 2 / ETCC — 1963-1969","Bridgestone/other","patent or technical catalog","1"
"W05_CONSTRUCTION_MATERIALS","2005","2010","SUPER GT — 2005-2010","Pirelli","patent","1"
"W05_CONSTRUCTION_MATERIALS","1987","1974","Can-Am — original","Firestone","patent or technical catalog","1"
"W05_CONSTRUCTION_MATERIALS","1972","1976","Group 4 Special GT — 1970-1981","Goodyear","patent","1"
"W05_CONSTRUCTION_MATERIALS","1950","1959","Sports racing / prototypes — 1950-1963","Bridgestone/other","patent or technical catalog","1"
"W05_CONSTRUCTION_MATERIALS","1993","1996","Le Mans Prototype transition","Pirelli","patent","1"
"W05_CONSTRUCTION_MATERIALS","1977","1981","Formula 3 — 1974-1986","Firestone","patent or technical catalog","1"
"W05_CONSTRUCTION_MATERIALS","1960","1965","International rally — pre-WRC","Dunlop","patent","1"
"W05_CONSTRUCTION_MATERIALS","1997","2001","Formula 1 — 1990s radial slick/grooved transition","Avon","patent or technical catalog","1"
"W05_CONSTRUCTION_MATERIALS","1982","1986","IMSA GTP","Michelin","patent","1"
"W05_CONSTRUCTION_MATERIALS","1966","1971","General Racing Tire","Goodyear","patent or technical catalog","1"
"W05_CONSTRUCTION_MATERIALS","2002","1972","Trans-Am — 1966-1972","Bridgestone/other","patent","1"
"W05_CONSTRUCTION_MATERIALS","1987","1991","Historic Racing Reference","Pirelli","government monograph","1"
"W05_CONSTRUCTION_MATERIALS","1950","1959","Sports racing / prototypes — 1950-1963","Dunlop","government monograph","1"
"W05_CONSTRUCTION_MATERIALS","1992","1974","Can-Am — original","Avon","technical paper","1"
"W05_CONSTRUCTION_MATERIALS","1960","1965","Historic Racing Reference","Goodyear","technical paper","1"
"W05_CONSTRUCTION_MATERIALS","1997","2001","FIA GT — 1997-2009","Bridgestone/other","government monograph","1"
"W05_CONSTRUCTION_MATERIALS","1982","1986","Formula 3 — 1974-1986","Pirelli","technical paper","1"
"W05_CONSTRUCTION_MATERIALS","1966","1971","International rally — pre-WRC","Michelin","government monograph","1"
"W05_CONSTRUCTION_MATERIALS","2002","2010","Formula 1 — grooved-to-slick-return era","Goodyear","technical paper","1"
"W05_CONSTRUCTION_MATERIALS","1987","1991","Group A touring — 1982-1992","Bridgestone/other","government monograph","1"
"W05_CONSTRUCTION_MATERIALS","1972","1976","General Tire Mechanics","Pirelli","technical paper","1"
"W05_CONSTRUCTION_MATERIALS","1950","1959","NASCAR stock car — 1950-1971","Firestone","government monograph","1"
"W05_CONSTRUCTION_MATERIALS","1992","1996","Historic Racing Reference","Dunlop","peer-reviewed paper","1"
"W05_CONSTRUCTION_MATERIALS","1977","1981","Group 4 Special GT — 1970-1981","Avon","materials technical paper","1"
"W05_CONSTRUCTION_MATERIALS","1960","1963","Sports racing / prototypes — 1950-1963","Michelin","peer-reviewed paper","1"
"W05_CONSTRUCTION_MATERIALS","1997","1974","Can-Am — original","Goodyear","materials technical paper","1"
"W05_CONSTRUCTION_MATERIALS","1982","1986","IMSA GT — 1982-1993","Bridgestone/other","peer-reviewed paper","1"
"W05_CONSTRUCTION_MATERIALS","2002","2009","FIA GT — 1997-2009","Firestone","peer-reviewed paper","1"
"W05_CONSTRUCTION_MATERIALS","1987","1991","CART / Indy-car","Dunlop","materials technical paper","1"
"W05_CONSTRUCTION_MATERIALS","1972","1976","Group 4 Special GT — 1970-1981","Avon","peer-reviewed paper","1"
"W05_CONSTRUCTION_MATERIALS","1956","1959","Formula 2 — 1956-1960","Michelin","materials technical paper","1"
"W05_CONSTRUCTION_MATERIALS","1997","2001","Historic Racing Reference","Michelin","patent","1"
"W05_CONSTRUCTION_MATERIALS","1966","1971","Sports racing / prototypes — 1964-1971","Bridgestone/other","patent","1"
"W05_CONSTRUCTION_MATERIALS","2002","1974","Can-Am — original","Pirelli","patent or technical catalog","1"
"W05_CONSTRUCTION_MATERIALS","1987","1991","Japanese GT / touring — pre-JGTC","Firestone","patent","1"
"W05_CONSTRUCTION_MATERIALS","1972","1976","Sports racing / prototypes — 1972-1981","Dunlop","patent or technical catalog","1"
"W05_CONSTRUCTION_MATERIALS","1950","1959","US GT / sports racing — pre-IMSA GT","Avon","patent","1"
"W05_CONSTRUCTION_MATERIALS","1992","1996","CART / Indy-car","Michelin","patent or technical catalog","1"
"W05_CONSTRUCTION_MATERIALS","1977","1981","Group 4 Special GT — 1970-1981","Goodyear","patent","1"
"W05_CONSTRUCTION_MATERIALS","1964","1965","Formula 2 — 1964-1966","Bridgestone/other","patent or technical catalog","1"
"W05_CONSTRUCTION_MATERIALS","2002","2010","Historic Racing Reference","Avon","government monograph","1"
"W05_CONSTRUCTION_MATERIALS","1987","1991","Trans-Am — 1982-2001","Michelin","technical paper","1"
"W05_CONSTRUCTION_MATERIALS","1972","1976","Formula Ford — 1967-1976","Goodyear","government monograph","1"
"W05_CONSTRUCTION_MATERIALS","1950","1959","Touring / saloon racing — pre-1963","Dunlop","technical paper","1"
"W05_CONSTRUCTION_MATERIALS","1994","1996","JGTC — 1994-1999 (GT1/GT2 terminology)","Avon","government monograph","1"
"W05_CONSTRUCTION_MATERIALS","1960","1965","US GT / sports racing — pre-IMSA GT","Goodyear","government monograph","1"
"W05_CONSTRUCTION_MATERIALS","1997","2001","CART / Indy-car","Bridgestone/other","technical paper","1"
"W05_CONSTRUCTION_MATERIALS","1982","1986","Group C","Pirelli","government monograph","1"
"W05_CONSTRUCTION_MATERIALS","1967","1971","Formula 2 — 1967-1971","Firestone","technical paper","1"
"W05_CONSTRUCTION_MATERIALS","2002","2010","DTM — silhouette era","Dunlop","government monograph","1"
"W05_CONSTRUCTION_MATERIALS","1987","1991","Formula 1 — turbo/radial slick era","Avon","technical paper","1"
"W05_CONSTRUCTION_MATERIALS","1950","1959","General Racing Tire","Goodyear","peer-reviewed paper","1"
"W05_CONSTRUCTION_MATERIALS","1992","1996","Trans-Am — 1982-2001","Bridgestone/other","materials technical paper","1"
"W05_CONSTRUCTION_MATERIALS","1977","1981","Formula Ford — 1977-1981","Pirelli","peer-reviewed paper","1"
"W05_CONSTRUCTION_MATERIALS","1963","1965","Group 2 / ETCC — 1963-1969","Firestone","materials technical paper","1"
"W05_CONSTRUCTION_MATERIALS","1997","1999","JGTC — 1994-1999 (GT1/GT2 terminology)","Dunlop","peer-reviewed paper","1"
"W05_CONSTRUCTION_MATERIALS","1982","1986","Historic Racing Reference","Avon","materials technical paper","1"
"W05_CONSTRUCTION_MATERIALS","1966","1970","US GT / sports racing — pre-IMSA GT","Michelin","peer-reviewed paper","1"
"W05_CONSTRUCTION_MATERIALS","2002","2003","CART / Indy-car","Firestone","materials technical paper","1"
"W05_CONSTRUCTION_MATERIALS","1987","1991","Group C","Dunlop","peer-reviewed paper","1"
"W05_CONSTRUCTION_MATERIALS","1974","1976","Formula 3 — 1974-1986","Avon","materials technical paper","1"
"W05_CONSTRUCTION_MATERIALS","1950","1959","International rally — pre-WRC","Michelin","peer-reviewed paper","1"
"W05_CONSTRUCTION_MATERIALS","1992","1996","Formula 1 — 1990s radial slick/grooved transition","Goodyear","materials technical paper","1"
"W05_CONSTRUCTION_MATERIALS","1977","1981","Sports racing / prototypes — 1972-1981","Bridgestone/other","peer-reviewed paper","1"
"W05_CONSTRUCTION_MATERIALS","1960","1965","General Racing Tire","Pirelli","patent","1"
"W05_CONSTRUCTION_MATERIALS","1997","2001","Trans-Am — 1982-2001","Firestone","patent or technical catalog","1"
"W05_CONSTRUCTION_MATERIALS","1982","1986","Formula Ford — 1982-1992","Dunlop","patent","1"
"W05_CONSTRUCTION_MATERIALS","1966","1969","Group 2 / ETCC — 1963-1969","Avon","patent or technical catalog","1"
"W05_CONSTRUCTION_MATERIALS","2005","2010","SUPER GT — 2005-2010","Michelin","patent","1"
"W05_CONSTRUCTION_MATERIALS","1987","1974","Can-Am — original","Goodyear","patent or technical catalog","1"
"W05_CONSTRUCTION_MATERIALS","1993","1996","Le Mans Prototype transition","Firestone","patent","1"
"W05_CONSTRUCTION_MATERIALS","1977","1981","Formula 3 — 1974-1986","Dunlop","patent or technical catalog","1"
"W05_CONSTRUCTION_MATERIALS","1997","2001","Formula 1 — 1990s radial slick/grooved transition","Pirelli","patent or technical catalog","1"
"W05_CONSTRUCTION_MATERIALS","1966","1971","General Racing Tire","Dunlop","government monograph","1"
"W05_CONSTRUCTION_MATERIALS","2002","1972","Trans-Am — 1966-1972","Avon","technical paper","1"
"W05_CONSTRUCTION_MATERIALS","1987","1991","Historic Racing Reference","Michelin","government monograph","1"
"W05_CONSTRUCTION_MATERIALS","1972","1976","Group 4 Special GT — 1970-1981","Goodyear","technical paper","1"
"W05_CONSTRUCTION_MATERIALS","1950","1959","Sports racing / prototypes — 1950-1963","Bridgestone/other","government monograph","1"
"W05_CONSTRUCTION_MATERIALS","1992","1974","Can-Am — original","Pirelli","technical paper","1"
"W05_CONSTRUCTION_MATERIALS","1960","1965","Historic Racing Reference","Dunlop","technical paper","1"
"W05_CONSTRUCTION_MATERIALS","1997","2001","FIA GT — 1997-2009","Avon","government monograph","1"
"W05_CONSTRUCTION_MATERIALS","1982","1986","Formula 3 — 1974-1986","Michelin","technical paper","1"
"W06_SUPPLIER_COMPOUNDS","1972","1976","IMSA GT — 1971-1981","Goodyear","entry list/program","1"
"W06_SUPPLIER_COMPOUNDS","1950","1959","Club single-seater — pre-Formula Ford","Bridgestone/other","period race report / technical feature","1"
"W06_SUPPLIER_COMPOUNDS","1993","1996","Group A / production touring — 1993-2001","Pirelli","entry list/program","1"
"W06_SUPPLIER_COMPOUNDS","1977","1981","Japanese GT / touring — pre-JGTC","Firestone","period race report / technical feature","1"
"W06_SUPPLIER_COMPOUNDS","1960","1965","Historic Racing Reference","Dunlop","entry list/program","1"
"W06_SUPPLIER_COMPOUNDS","1997","2001","IMSA GT/GTS — 1994-2001","Avon","period race report / technical feature","1"
"W06_SUPPLIER_COMPOUNDS","1982","1986","CART / Indy-car","Michelin","entry list/program","1"
"W06_SUPPLIER_COMPOUNDS","1966","1969","GT40-era endurance","Goodyear","period race report / technical feature","1"
"W06_SUPPLIER_COMPOUNDS","2002","2010","Formula 3 — 1991-2010","Bridgestone/other","entry list/program","1"
"W06_SUPPLIER_COMPOUNDS","1987","1991","World Rally Championship — 1987-2001","Pirelli","period race report / technical feature","1"
"W06_SUPPLIER_COMPOUNDS","1950","1959","Sports racing / prototypes — 1950-1963","Dunlop","supplier catalog/manual","1"
"W06_SUPPLIER_COMPOUNDS","1992","1996","General Racing Tire","Avon","event/regulatory bulletin","1"
"W06_SUPPLIER_COMPOUNDS","1977","1981","Trans-Am — 1973-1981","Michelin","supplier catalog/manual","1"
"W06_SUPPLIER_COMPOUNDS","1960","1965","Club single-seater — pre-Formula Ford","Firestone","event/regulatory bulletin","1"
"W06_SUPPLIER_COMPOUNDS","1997","2001","Group A / production touring — 1993-2001","Dunlop","supplier catalog/manual","1"
"W06_SUPPLIER_COMPOUNDS","1982","1986","Japanese GT / touring — pre-JGTC","Avon","event/regulatory bulletin","1"
"W06_SUPPLIER_COMPOUNDS","1966","1971","Can-Am — original","Michelin","supplier catalog/manual","1"
"W06_SUPPLIER_COMPOUNDS","2005","2010","GT2 / GTS — 2005-2010 sanction-specific","Goodyear","event/regulatory bulletin","1"
"W06_SUPPLIER_COMPOUNDS","1987","1991","Historic Racing Reference","Bridgestone/other","supplier catalog/manual","1"
"W06_SUPPLIER_COMPOUNDS","1972","1976","Group 4 Special GT — 1970-1981","Pirelli","event/regulatory bulletin","1"
"W06_SUPPLIER_COMPOUNDS","1958","1959","Formula Junior","Firestone","supplier catalog/manual","1"
"W06_SUPPLIER_COMPOUNDS","1992","1996","World Rally Championship — 1987-2001","Dunlop","event/regulatory bulletin","1"
"W06_SUPPLIER_COMPOUNDS","1977","1981","Formula 1 — 3-litre/cross-ply-to-radial transition","Avon","supplier technical/press document","1"
"W06_SUPPLIER_COMPOUNDS","1960","1963","Sports racing / prototypes — 1950-1963","Michelin","period technical/race article","1"
"W06_SUPPLIER_COMPOUNDS","1997","2001","General Racing Tire","Goodyear","supplier technical/press document","1"
"W06_SUPPLIER_COMPOUNDS","1982","1986","Trans-Am — 1982-2001","Bridgestone/other","period technical/race article","1"
"W06_SUPPLIER_COMPOUNDS","1966","1971","Historic Racing Reference","Pirelli","supplier technical/press document","1"
"W06_SUPPLIER_COMPOUNDS","2002","1969","Group 4 Sports Cars — 1966-1969","Firestone","period technical/race article","1"
"W06_SUPPLIER_COMPOUNDS","1987","1991","Group C","Dunlop","supplier technical/press document","1"
"W06_SUPPLIER_COMPOUNDS","1972","1976","Sports racing / prototypes — 1972-1981","Avon","period technical/race article","1"
"W06_SUPPLIER_COMPOUNDS","1950","1959","US GT / sports racing — pre-IMSA GT","Pirelli","supplier technical/press document","1"
"W06_SUPPLIER_COMPOUNDS","1992","1996","Historic Racing Reference","Firestone","period technical/race article","1"
"W06_SUPPLIER_COMPOUNDS","1977","1981","Group 4 Special GT — 1970-1981","Dunlop","supplier technical/press document","1"
"W06_SUPPLIER_COMPOUNDS","1960","1963","Formula Junior","Avon","period technical/race article","1"
"W06_SUPPLIER_COMPOUNDS","1997","2001","World Rally Championship — 1987-2001","Michelin","supplier technical/press document","1"
"W06_SUPPLIER_COMPOUNDS","1987","1991","NASCAR stock car — 1972-1991","Firestone","entry list/program","1"
"W06_SUPPLIER_COMPOUNDS","1972","1976","Historic Racing Reference","Dunlop","period race report / technical feature","1"
"W06_SUPPLIER_COMPOUNDS","1950","1959","Sports racing / prototypes — 1950-1963","Avon","entry list/program","1"
"W06_SUPPLIER_COMPOUNDS","1993","1996","Le Mans Prototype transition","Michelin","period race report / technical feature","1"
"W06_SUPPLIER_COMPOUNDS","1977","1981","Can-Am — revival","Goodyear","entry list/program","1"
"W06_SUPPLIER_COMPOUNDS","1960","1965","US GT / sports racing — pre-IMSA GT","Bridgestone/other","period race report / technical feature","1"
"W06_SUPPLIER_COMPOUNDS","1997","2001","Historic Racing Reference","Pirelli","entry list/program","1"
"W06_SUPPLIER_COMPOUNDS","1982","1986","Group C","Firestone","period race report / technical feature","1"
"W06_SUPPLIER_COMPOUNDS","1966","1971","USAC Championship Car / Indianapolis","Dunlop","entry list/program","1"
"W06_SUPPLIER_COMPOUNDS","2002","2009","FIA GT — 1997-2009","Bridgestone/other","period race report / technical feature","1"
"W06_SUPPLIER_COMPOUNDS","1992","1996","NASCAR stock car — 1992-2010","Avon","supplier catalog/manual","1"
"W06_SUPPLIER_COMPOUNDS","1977","1981","Historic Racing Reference","Michelin","event/regulatory bulletin","1"
"W06_SUPPLIER_COMPOUNDS","1960","1963","Sports racing / prototypes — 1950-1963","Goodyear","supplier catalog/manual","1"
"W06_SUPPLIER_COMPOUNDS","1997","1999","Le Mans Prototype transition","Bridgestone/other","event/regulatory bulletin","1"
"W06_SUPPLIER_COMPOUNDS","1982","1986","Can-Am — revival","Pirelli","supplier catalog/manual","1"
"W06_SUPPLIER_COMPOUNDS","1966","1971","Japanese GT / touring — pre-JGTC","Firestone","event/regulatory bulletin","1"
"W06_SUPPLIER_COMPOUNDS","2002","2010","Historic Racing Reference","Dunlop","supplier catalog/manual","1"
"W06_SUPPLIER_COMPOUNDS","1987","1991","IMSA GT — 1982-1993","Avon","event/regulatory bulletin","1"
"W06_SUPPLIER_COMPOUNDS","1972","1976","USAC Championship Car / Indianapolis","Michelin","supplier catalog/manual","1"
"W06_SUPPLIER_COMPOUNDS","1950","1959","Sports racing / prototypes — 1950-1963","Goodyear","event/regulatory bulletin","1"
"W06_SUPPLIER_COMPOUNDS","1977","1981","Group 2 / ETCC — 1976-1981","Pirelli","period technical/race article","1"
"W06_SUPPLIER_COMPOUNDS","1960","1965","General Tire Mechanics","Firestone","supplier technical/press document","1"
"W06_SUPPLIER_COMPOUNDS","1997","2001","NASCAR stock car — 1992-2010","Goodyear","period technical/race article","1"
"W06_SUPPLIER_COMPOUNDS","1982","1986","Historic Racing Reference","Bridgestone/other","supplier technical/press document","1"
"W06_SUPPLIER_COMPOUNDS","1966","1971","Trans-Am — 1966-1972","Pirelli","period technical/race article","1"
"W06_SUPPLIER_COMPOUNDS","2002","2010","Formula Ford — 1993-2010","Firestone","supplier technical/press document","1"
"W06_SUPPLIER_COMPOUNDS","1987","1991","Group A touring — 1982-1992","Dunlop","period technical/race article","1"
"W06_SUPPLIER_COMPOUNDS","1972","1976","Japanese GT / touring — pre-JGTC","Avon","supplier technical/press document","1"
"W06_SUPPLIER_COMPOUNDS","1994","1996","IMSA GT/GTS — 1994-2001","Goodyear","supplier technical/press document","1"
"W06_SUPPLIER_COMPOUNDS","1979","1981","CART / Indy-car","Bridgestone/other","period technical/race article","1"
"W06_SUPPLIER_COMPOUNDS","1960","1963","Sports racing / prototypes — 1950-1963","Pirelli","supplier technical/press document","1"
"W06_SUPPLIER_COMPOUNDS","1997","2001","International Formula 3000","Firestone","period race report / technical feature","1"
"W06_SUPPLIER_COMPOUNDS","1982","1986","Group A touring — 1982-1992","Dunlop","entry list/program","1"
"W06_SUPPLIER_COMPOUNDS","1966","1971","Formula 1 — 3-litre/cross-ply-to-radial transition","Avon","period race report / technical feature","1"
"W06_SUPPLIER_COMPOUNDS","2002","1993","IMSA GTP","Michelin","entry list/program","1"
"W06_SUPPLIER_COMPOUNDS","1987","1991","General Racing Tire","Goodyear","period race report / technical feature","1"
"W06_SUPPLIER_COMPOUNDS","1972","1976","IMSA GT — 1971-1981","Bridgestone/other","entry list/program","1"
"W06_SUPPLIER_COMPOUNDS","1950","1959","Club single-seater — pre-Formula Ford","Pirelli","period race report / technical feature","1"
"W06_SUPPLIER_COMPOUNDS","1993","1996","Group A / production touring — 1993-2001","Michelin","entry list/program","1"
"W06_SUPPLIER_COMPOUNDS","1977","1981","Japanese GT / touring — pre-JGTC","Goodyear","period race report / technical feature","1"
"W06_SUPPLIER_COMPOUNDS","1960","1965","Historic Racing Reference","Bridgestone/other","entry list/program","1"
"W06_SUPPLIER_COMPOUNDS","1997","2001","IMSA GT/GTS — 1994-2001","Pirelli","period race report / technical feature","1"
"W06_SUPPLIER_COMPOUNDS","1982","1986","CART / Indy-car","Firestone","entry list/program","1"
"W06_SUPPLIER_COMPOUNDS","1966","1969","GT40-era endurance","Dunlop","period race report / technical feature","1"
"W06_SUPPLIER_COMPOUNDS","1972","1976","Formula 1 — 3-litre/cross-ply-to-radial transition","Goodyear","event/regulatory bulletin","1"
"W06_SUPPLIER_COMPOUNDS","1950","1959","Sports racing / prototypes — 1950-1963","Bridgestone/other","supplier catalog/manual","1"
"W06_SUPPLIER_COMPOUNDS","1992","1996","General Racing Tire","Pirelli","event/regulatory bulletin","1"
"W06_SUPPLIER_COMPOUNDS","1977","1981","Trans-Am — 1973-1981","Firestone","supplier catalog/manual","1"
"W06_SUPPLIER_COMPOUNDS","1960","1965","Club single-seater — pre-Formula Ford","Dunlop","event/regulatory bulletin","1"
"W06_SUPPLIER_COMPOUNDS","1997","2001","Group A / production touring — 1993-2001","Avon","supplier catalog/manual","1"
"W06_SUPPLIER_COMPOUNDS","1982","1986","Japanese GT / touring — pre-JGTC","Michelin","event/regulatory bulletin","1"
"W06_SUPPLIER_COMPOUNDS","1966","1971","Can-Am — original","Goodyear","supplier catalog/manual","1"
"W06_SUPPLIER_COMPOUNDS","2005","2010","GT2 / GTS — 2005-2010 sanction-specific","Bridgestone/other","event/regulatory bulletin","1"
"W06_SUPPLIER_COMPOUNDS","1987","1991","Historic Racing Reference","Avon","supplier catalog/manual","1"
"W06_SUPPLIER_COMPOUNDS","1972","1976","Group 4 Special GT — 1970-1981","Michelin","event/regulatory bulletin","1"
"W06_SUPPLIER_COMPOUNDS","1960","1963","Sports racing / prototypes — 1950-1963","Firestone","period technical/race article","1"
"W06_SUPPLIER_COMPOUNDS","1997","2001","General Racing Tire","Dunlop","supplier technical/press document","1"
"W06_SUPPLIER_COMPOUNDS","1982","1986","Trans-Am — 1982-2001","Avon","period technical/race article","1"
"W06_SUPPLIER_COMPOUNDS","1966","1971","Historic Racing Reference","Michelin","supplier technical/press document","1"
"W06_SUPPLIER_COMPOUNDS","2002","1969","Group 4 Sports Cars — 1966-1969","Goodyear","period technical/race article","1"
"W06_SUPPLIER_COMPOUNDS","1987","1991","Group C","Bridgestone/other","supplier technical/press document","1"
"W06_SUPPLIER_COMPOUNDS","1972","1976","Sports racing / prototypes — 1972-1981","Pirelli","period technical/race article","1"
"W06_SUPPLIER_COMPOUNDS","1950","1959","US GT / sports racing — pre-IMSA GT","Firestone","supplier technical/press document","1"
"W06_SUPPLIER_COMPOUNDS","1992","1996","Historic Racing Reference","Dunlop","period technical/race article","1"
"W06_SUPPLIER_COMPOUNDS","1977","1981","Group 4 Special GT — 1970-1981","Avon","supplier technical/press document","1"
"W06_SUPPLIER_COMPOUNDS","1997","2001","World Rally Championship — 1987-2001","Goodyear","entry list/program","1"
"W06_SUPPLIER_COMPOUNDS","1966","1969","Group 2 / ETCC — 1963-1969","Avon","entry list/program","1"
"W06_SUPPLIER_COMPOUNDS","2002","2010","General Tire Mechanics","Michelin","period race report / technical feature","1"
"W06_SUPPLIER_COMPOUNDS","1987","1991","NASCAR stock car — 1972-1991","Goodyear","entry list/program","1"
"W06_SUPPLIER_COMPOUNDS","1972","1976","Historic Racing Reference","Bridgestone/other","period race report / technical feature","1"
"W06_SUPPLIER_COMPOUNDS","1950","1959","Sports racing / prototypes — 1950-1963","Pirelli","entry list/program","1"
"W06_SUPPLIER_COMPOUNDS","1993","1996","Le Mans Prototype transition","Firestone","period race report / technical feature","1"
"W06_SUPPLIER_COMPOUNDS","1977","1981","Can-Am — revival","Dunlop","entry list/program","1"
"W06_SUPPLIER_COMPOUNDS","1960","1965","US GT / sports racing — pre-IMSA GT","Avon","period race report / technical feature","1"
"W06_SUPPLIER_COMPOUNDS","1997","2001","Historic Racing Reference","Michelin","entry list/program","1"
"W06_SUPPLIER_COMPOUNDS","1982","1986","Group C","Goodyear","period race report / technical feature","1"
"W06_SUPPLIER_COMPOUNDS","1966","1971","USAC Championship Car / Indianapolis","Bridgestone/other","event/regulatory bulletin","1"
"W06_SUPPLIER_COMPOUNDS","2002","2009","FIA GT — 1997-2009","Pirelli","supplier catalog/manual","1"
"W06_SUPPLIER_COMPOUNDS","1987","1991","International Formula 3000","Firestone","event/regulatory bulletin","1"
"W06_SUPPLIER_COMPOUNDS","1972","1975","Group 2 / ETCC — 1970-1975","Dunlop","supplier catalog/manual","1"
"W06_SUPPLIER_COMPOUNDS","1950","1959","General Tire Mechanics","Avon","event/regulatory bulletin","1"
"W06_SUPPLIER_COMPOUNDS","1992","1996","NASCAR stock car — 1992-2010","Michelin","supplier catalog/manual","1"
"W06_SUPPLIER_COMPOUNDS","1977","1981","Historic Racing Reference","Firestone","event/regulatory bulletin","1"
"W06_SUPPLIER_COMPOUNDS","1960","1963","Sports racing / prototypes — 1950-1963","Dunlop","supplier catalog/manual","1"
"W06_SUPPLIER_COMPOUNDS","1997","1999","Le Mans Prototype transition","Avon","event/regulatory bulletin","1"
"W06_SUPPLIER_COMPOUNDS","1982","1986","Can-Am — revival","Michelin","supplier catalog/manual","1"
"W06_SUPPLIER_COMPOUNDS","1966","1971","Japanese GT / touring — pre-JGTC","Goodyear","event/regulatory bulletin","1"
"W06_SUPPLIER_COMPOUNDS","2002","2010","Historic Racing Reference","Bridgestone/other","supplier catalog/manual","1"
"W06_SUPPLIER_COMPOUNDS","1987","1991","IMSA GT — 1982-1993","Pirelli","event/regulatory bulletin","1"
"W06_SUPPLIER_COMPOUNDS","1950","1959","Sports racing / prototypes — 1950-1963","Dunlop","period technical/race article","1"
"W06_SUPPLIER_COMPOUNDS","1992","1996","International Formula 3000","Avon","supplier technical/press document","1"
"W06_SUPPLIER_COMPOUNDS","1977","1981","Group 2 / ETCC — 1976-1981","Michelin","period technical/race article","1"
"W06_SUPPLIER_COMPOUNDS","1960","1965","General Tire Mechanics","Goodyear","supplier technical/press document","1"
"W06_SUPPLIER_COMPOUNDS","1997","2001","NASCAR stock car — 1992-2010","Bridgestone/other","period technical/race article","1"
"W06_SUPPLIER_COMPOUNDS","1982","1986","Historic Racing Reference","Pirelli","supplier technical/press document","1"
"W06_SUPPLIER_COMPOUNDS","1966","1971","Trans-Am — 1966-1972","Firestone","period technical/race article","1"
"W06_SUPPLIER_COMPOUNDS","2002","2010","Formula Ford — 1993-2010","Dunlop","supplier technical/press document","1"
"W06_SUPPLIER_COMPOUNDS","1987","1991","Group A touring — 1982-1992","Avon","period technical/race article","1"
"W06_SUPPLIER_COMPOUNDS","1972","1976","Japanese GT / touring — pre-JGTC","Pirelli","supplier technical/press document","1"
"W06_SUPPLIER_COMPOUNDS","1994","1996","IMSA GT/GTS — 1994-2001","Dunlop","supplier technical/press document","1"
"W06_SUPPLIER_COMPOUNDS","1982","1986","Group A touring — 1982-1992","Bridgestone/other","entry list/program","1"
"W06_SUPPLIER_COMPOUNDS","1966","1971","Formula 1 — 3-litre/cross-ply-to-radial transition","Pirelli","period race report / technical feature","1"
"W06_SUPPLIER_COMPOUNDS","2002","1993","IMSA GTP","Firestone","entry list/program","1"
"W06_SUPPLIER_COMPOUNDS","1987","1991","General Racing Tire","Dunlop","period race report / technical feature","1"
"W06_SUPPLIER_COMPOUNDS","1972","1976","IMSA GT — 1971-1981","Avon","entry list/program","1"
"W06_SUPPLIER_COMPOUNDS","1950","1959","Club single-seater — pre-Formula Ford","Michelin","period race report / technical feature","1"
"W06_SUPPLIER_COMPOUNDS","1993","1996","Group A / production touring — 1993-2001","Goodyear","entry list/program","1"
"W06_SUPPLIER_COMPOUNDS","1977","1981","Japanese GT / touring — pre-JGTC","Bridgestone/other","period race report / technical feature","1"
"W06_SUPPLIER_COMPOUNDS","1960","1965","Historic Racing Reference","Pirelli","entry list/program","1"
"W06_SUPPLIER_COMPOUNDS","1997","2001","IMSA GT/GTS — 1994-2001","Firestone","period race report / technical feature","1"
"W06_SUPPLIER_COMPOUNDS","1987","1991","World Rally Championship — 1987-2001","Firestone","supplier catalog/manual","1"
"W06_SUPPLIER_COMPOUNDS","1972","1976","Formula 1 — 3-litre/cross-ply-to-radial transition","Dunlop","event/regulatory bulletin","1"
"W06_SUPPLIER_COMPOUNDS","1992","1996","General Racing Tire","Michelin","event/regulatory bulletin","1"
"W06_SUPPLIER_COMPOUNDS","1977","1981","Trans-Am — 1973-1981","Goodyear","supplier catalog/manual","1"
"W06_SUPPLIER_COMPOUNDS","1960","1965","Club single-seater — pre-Formula Ford","Bridgestone/other","event/regulatory bulletin","1"
"W06_SUPPLIER_COMPOUNDS","1997","2001","Group A / production touring — 1993-2001","Pirelli","supplier catalog/manual","1"
"W06_SUPPLIER_COMPOUNDS","1982","1986","Japanese GT / touring — pre-JGTC","Firestone","event/regulatory bulletin","1"
"W06_SUPPLIER_COMPOUNDS","1966","1971","Can-Am — original","Dunlop","supplier catalog/manual","1"
"W06_SUPPLIER_COMPOUNDS","2005","2010","GT2 / GTS — 2005-2010 sanction-specific","Avon","event/regulatory bulletin","1"
"W06_SUPPLIER_COMPOUNDS","1987","1991","Historic Racing Reference","Michelin","supplier technical/press document","1"
"W06_SUPPLIER_COMPOUNDS","1972","1976","Group 4 Special GT — 1970-1981","Goodyear","period technical/race article","1"
"W06_SUPPLIER_COMPOUNDS","1958","1959","Formula Junior","Bridgestone/other","supplier technical/press document","1"
"W06_SUPPLIER_COMPOUNDS","1992","1996","World Rally Championship — 1987-2001","Pirelli","period technical/race article","1"
"W06_SUPPLIER_COMPOUNDS","1977","1981","Formula 1 — 3-litre/cross-ply-to-radial transition","Firestone","supplier technical/press document","1"
"W06_SUPPLIER_COMPOUNDS","1960","1963","Sports racing / prototypes — 1950-1963","Goodyear","period technical/race article","1"
"W06_SUPPLIER_COMPOUNDS","1997","2001","General Racing Tire","Bridgestone/other","supplier technical/press document","1"
"W06_SUPPLIER_COMPOUNDS","1982","1986","Trans-Am — 1982-2001","Pirelli","period technical/race article","1"
"W06_SUPPLIER_COMPOUNDS","1966","1971","Historic Racing Reference","Firestone","supplier technical/press document","1"
"W06_SUPPLIER_COMPOUNDS","2002","1969","Group 4 Sports Cars — 1966-1969","Dunlop","period technical/race article","1"
"W06_SUPPLIER_COMPOUNDS","1987","1991","Group C","Avon","supplier technical/press document","1"
"W06_SUPPLIER_COMPOUNDS","1972","1976","Sports racing / prototypes — 1972-1981","Michelin","period technical/race article","1"
"W06_SUPPLIER_COMPOUNDS","1950","1959","US GT / sports racing — pre-IMSA GT","Goodyear","supplier technical/press document","1"
"W06_SUPPLIER_COMPOUNDS","1992","1996","Historic Racing Reference","Bridgestone/other","period race report / technical feature","1"
"W06_SUPPLIER_COMPOUNDS","1977","1981","Group 4 Special GT — 1970-1981","Pirelli","entry list/program","1"
"W06_SUPPLIER_COMPOUNDS","1960","1963","Formula Junior","Firestone","period race report / technical feature","1"
"W06_SUPPLIER_COMPOUNDS","1997","2001","World Rally Championship — 1987-2001","Dunlop","entry list/program","1"
"W06_SUPPLIER_COMPOUNDS","1982","1986","Formula 1 — turbo/radial slick era","Avon","period race report / technical feature","1"
"W06_SUPPLIER_COMPOUNDS","1966","1969","Group 2 / ETCC — 1963-1969","Michelin","entry list/program","1"
"W06_SUPPLIER_COMPOUNDS","2002","2010","General Tire Mechanics","Goodyear","period race report / technical feature","1"
"W06_SUPPLIER_COMPOUNDS","1987","1991","NASCAR stock car — 1972-1991","Bridgestone/other","entry list/program","1"
"W06_SUPPLIER_COMPOUNDS","1972","1976","Historic Racing Reference","Pirelli","period race report / technical feature","1"
"W06_SUPPLIER_COMPOUNDS","1950","1959","Sports racing / prototypes — 1950-1963","Michelin","entry list/program","1"
"W06_SUPPLIER_COMPOUNDS","1993","1996","Le Mans Prototype transition","Goodyear","period race report / technical feature","1"
"W06_SUPPLIER_COMPOUNDS","1977","1981","Can-Am — revival","Bridgestone/other","entry list/program","1"
"W06_SUPPLIER_COMPOUNDS","1960","1965","US GT / sports racing — pre-IMSA GT","Pirelli","period race report / technical feature","1"
"W06_SUPPLIER_COMPOUNDS","2002","2009","FIA GT — 1997-2009","Michelin","supplier catalog/manual","1"
"W06_SUPPLIER_COMPOUNDS","1987","1991","International Formula 3000","Goodyear","event/regulatory bulletin","1"
"W06_SUPPLIER_COMPOUNDS","1972","1975","Group 2 / ETCC — 1970-1975","Bridgestone/other","supplier catalog/manual","1"
"W06_SUPPLIER_COMPOUNDS","1950","1959","General Tire Mechanics","Pirelli","event/regulatory bulletin","1"
"W06_SUPPLIER_COMPOUNDS","1992","1996","NASCAR stock car — 1992-2010","Firestone","supplier catalog/manual","1"
"W06_SUPPLIER_COMPOUNDS","1977","1981","Historic Racing Reference","Dunlop","event/regulatory bulletin","1"
"W06_SUPPLIER_COMPOUNDS","1960","1963","Sports racing / prototypes — 1950-1963","Avon","supplier catalog/manual","1"
"W06_SUPPLIER_COMPOUNDS","1997","1999","Le Mans Prototype transition","Michelin","event/regulatory bulletin","1"
"W06_SUPPLIER_COMPOUNDS","1982","1986","Can-Am — revival","Goodyear","supplier catalog/manual","1"
"W06_SUPPLIER_COMPOUNDS","1966","1971","Japanese GT / touring — pre-JGTC","Bridgestone/other","event/regulatory bulletin","1"
"W06_SUPPLIER_COMPOUNDS","1950","1959","Sports racing / prototypes — 1950-1963","Bridgestone/other","period technical/race article","1"
"W06_SUPPLIER_COMPOUNDS","1992","1996","International Formula 3000","Pirelli","supplier technical/press document","1"
"W06_SUPPLIER_COMPOUNDS","1977","1981","Group 2 / ETCC — 1976-1981","Firestone","period technical/race article","1"
"W06_SUPPLIER_COMPOUNDS","1960","1965","General Tire Mechanics","Dunlop","supplier technical/press document","1"
"W06_SUPPLIER_COMPOUNDS","1997","2001","NASCAR stock car — 1992-2010","Avon","period technical/race article","1"
"W06_SUPPLIER_COMPOUNDS","1982","1986","Historic Racing Reference","Michelin","supplier technical/press document","1"
"W06_SUPPLIER_COMPOUNDS","1966","1971","Trans-Am — 1966-1972","Goodyear","period technical/race article","1"
"W06_SUPPLIER_COMPOUNDS","2002","2010","Formula Ford — 1993-2010","Bridgestone/other","supplier technical/press document","1"
"W06_SUPPLIER_COMPOUNDS","1987","1991","Group A touring — 1982-1992","Pirelli","period technical/race article","1"
"W06_SUPPLIER_COMPOUNDS","1972","1976","Japanese GT / touring — pre-JGTC","Firestone","supplier technical/press document","1"
"W06_SUPPLIER_COMPOUNDS","1994","1996","IMSA GT/GTS — 1994-2001","Avon","entry list/program","1"
"W06_SUPPLIER_COMPOUNDS","1979","1981","CART / Indy-car","Michelin","period race report / technical feature","1"
"W06_SUPPLIER_COMPOUNDS","1960","1963","Sports racing / prototypes — 1950-1963","Goodyear","entry list/program","1"
"W06_SUPPLIER_COMPOUNDS","1997","2001","International Formula 3000","Dunlop","period race report / technical feature","1"
"W06_SUPPLIER_COMPOUNDS","1982","1986","Group A touring — 1982-1992","Avon","entry list/program","1"
"W06_SUPPLIER_COMPOUNDS","1966","1971","Formula 1 — 3-litre/cross-ply-to-radial transition","Michelin","period race report / technical feature","1"
"W06_SUPPLIER_COMPOUNDS","2002","1993","IMSA GTP","Goodyear","entry list/program","1"
"W06_SUPPLIER_COMPOUNDS","1987","1991","General Racing Tire","Bridgestone/other","period race report / technical feature","1"
"W06_SUPPLIER_COMPOUNDS","1972","1976","IMSA GT — 1971-1981","Pirelli","entry list/program","1"
"W06_SUPPLIER_COMPOUNDS","1950","1959","Club single-seater — pre-Formula Ford","Firestone","period race report / technical feature","1"
"W06_SUPPLIER_COMPOUNDS","1993","1996","Group A / production touring — 1993-2001","Dunlop","entry list/program","1"
"W06_SUPPLIER_COMPOUNDS","1977","1981","Japanese GT / touring — pre-JGTC","Avon","period race report / technical feature","1"
"W06_SUPPLIER_COMPOUNDS","1960","1965","Historic Racing Reference","Michelin","event/regulatory bulletin","1"
"W06_SUPPLIER_COMPOUNDS","1997","2001","IMSA GT/GTS — 1994-2001","Goodyear","supplier catalog/manual","1"
"W06_SUPPLIER_COMPOUNDS","1982","1986","CART / Indy-car","Bridgestone/other","event/regulatory bulletin","1"
"W06_SUPPLIER_COMPOUNDS","1966","1969","GT40-era endurance","Pirelli","supplier catalog/manual","1"
"W06_SUPPLIER_COMPOUNDS","2002","2010","Formula 3 — 1991-2010","Firestone","event/regulatory bulletin","1"
"W06_SUPPLIER_COMPOUNDS","1987","1991","World Rally Championship — 1987-2001","Dunlop","supplier catalog/manual","1"
"W06_SUPPLIER_COMPOUNDS","1972","1976","Formula 1 — 3-litre/cross-ply-to-radial transition","Avon","event/regulatory bulletin","1"
"W06_SUPPLIER_COMPOUNDS","1950","1959","Sports racing / prototypes — 1950-1963","Michelin","supplier catalog/manual","1"
"W06_SUPPLIER_COMPOUNDS","1992","1996","General Racing Tire","Firestone","event/regulatory bulletin","1"
"W06_SUPPLIER_COMPOUNDS","1977","1981","Trans-Am — 1973-1981","Dunlop","supplier catalog/manual","1"
"W06_SUPPLIER_COMPOUNDS","1960","1965","Club single-seater — pre-Formula Ford","Avon","event/regulatory bulletin","1"
"W06_SUPPLIER_COMPOUNDS","1997","2001","Group A / production touring — 1993-2001","Michelin","supplier catalog/manual","1"
"W06_SUPPLIER_COMPOUNDS","1982","1986","Japanese GT / touring — pre-JGTC","Goodyear","event/regulatory bulletin","1"
"W06_SUPPLIER_COMPOUNDS","1972","1976","Group 4 Special GT — 1970-1981","Dunlop","period technical/race article","1"
"W06_SUPPLIER_COMPOUNDS","1958","1959","Formula Junior","Avon","supplier technical/press document","1"
"W06_SUPPLIER_COMPOUNDS","1992","1996","World Rally Championship — 1987-2001","Michelin","period technical/race article","1"
"W06_SUPPLIER_COMPOUNDS","1977","1981","Formula 1 — 3-litre/cross-ply-to-radial transition","Goodyear","supplier technical/press document","1"
"W06_SUPPLIER_COMPOUNDS","1960","1963","Sports racing / prototypes — 1950-1963","Bridgestone/other","period technical/race article","1"
"W06_SUPPLIER_COMPOUNDS","1997","2001","General Racing Tire","Pirelli","supplier technical/press document","1"
"W06_SUPPLIER_COMPOUNDS","1982","1986","Trans-Am — 1982-2001","Firestone","period technical/race article","1"
"W06_SUPPLIER_COMPOUNDS","1966","1971","Historic Racing Reference","Dunlop","supplier technical/press document","1"
"W06_SUPPLIER_COMPOUNDS","2002","1969","Group 4 Sports Cars — 1966-1969","Avon","period technical/race article","1"
"W06_SUPPLIER_COMPOUNDS","1987","1991","Group C","Pirelli","supplier technical/press document","1"
"W06_SUPPLIER_COMPOUNDS","1977","1981","Group 4 Special GT — 1970-1981","Michelin","entry list/program","1"
"W06_SUPPLIER_COMPOUNDS","1960","1963","Formula Junior","Goodyear","period race report / technical feature","1"
"W06_SUPPLIER_COMPOUNDS","1997","2001","World Rally Championship — 1987-2001","Bridgestone/other","entry list/program","1"
"W06_SUPPLIER_COMPOUNDS","1982","1986","Formula 1 — turbo/radial slick era","Pirelli","period race report / technical feature","1"
"W06_SUPPLIER_COMPOUNDS","1966","1969","Group 2 / ETCC — 1963-1969","Firestone","entry list/program","1"
"W06_SUPPLIER_COMPOUNDS","2002","2010","General Tire Mechanics","Dunlop","period race report / technical feature","1"
"W06_SUPPLIER_COMPOUNDS","1987","1991","NASCAR stock car — 1972-1991","Avon","entry list/program","1"
"W06_SUPPLIER_COMPOUNDS","1972","1976","Historic Racing Reference","Michelin","period race report / technical feature","1"
"W06_SUPPLIER_COMPOUNDS","1950","1959","Sports racing / prototypes — 1950-1963","Goodyear","entry list/program","1"
"W06_SUPPLIER_COMPOUNDS","1993","1996","Le Mans Prototype transition","Bridgestone/other","period race report / technical feature","1"
"W06_SUPPLIER_COMPOUNDS","1960","1965","US GT / sports racing — pre-IMSA GT","Firestone","supplier catalog/manual","1"
"W06_SUPPLIER_COMPOUNDS","1997","2001","Historic Racing Reference","Dunlop","event/regulatory bulletin","1"
"W06_SUPPLIER_COMPOUNDS","1982","1986","Group C","Bridgestone/other","supplier catalog/manual","1"
"W06_SUPPLIER_COMPOUNDS","1966","1971","USAC Championship Car / Indianapolis","Pirelli","event/regulatory bulletin","1"
"W06_SUPPLIER_COMPOUNDS","2002","2009","FIA GT — 1997-2009","Firestone","supplier catalog/manual","1"
"W06_SUPPLIER_COMPOUNDS","1987","1991","International Formula 3000","Dunlop","event/regulatory bulletin","1"
"W06_SUPPLIER_COMPOUNDS","1972","1975","Group 2 / ETCC — 1970-1975","Avon","supplier catalog/manual","1"
"W06_SUPPLIER_COMPOUNDS","1950","1959","General Tire Mechanics","Michelin","event/regulatory bulletin","1"
"W06_SUPPLIER_COMPOUNDS","1992","1996","NASCAR stock car — 1992-2010","Goodyear","supplier catalog/manual","1"
"W06_SUPPLIER_COMPOUNDS","1977","1981","Historic Racing Reference","Bridgestone/other","event/regulatory bulletin","1"
"W06_SUPPLIER_COMPOUNDS","1960","1963","Sports racing / prototypes — 1950-1963","Pirelli","supplier catalog/manual","1"
"W06_SUPPLIER_COMPOUNDS","1997","1999","Le Mans Prototype transition","Firestone","event/regulatory bulletin","1"
"W06_SUPPLIER_COMPOUNDS","1982","1986","Can-Am — revival","Dunlop","supplier technical/press document","1"
"W06_SUPPLIER_COMPOUNDS","1966","1971","Japanese GT / touring — pre-JGTC","Avon","period technical/race article","1"
"W06_SUPPLIER_COMPOUNDS","2002","2010","Historic Racing Reference","Michelin","supplier technical/press document","1"
"W06_SUPPLIER_COMPOUNDS","1987","1991","IMSA GT — 1982-1993","Goodyear","period technical/race article","1"
"W06_SUPPLIER_COMPOUNDS","1972","1976","USAC Championship Car / Indianapolis","Bridgestone/other","supplier technical/press document","1"
"W06_SUPPLIER_COMPOUNDS","1950","1959","Sports racing / prototypes — 1950-1963","Pirelli","period technical/race article","1"
"W06_SUPPLIER_COMPOUNDS","1992","1996","International Formula 3000","Firestone","supplier technical/press document","1"
"W06_SUPPLIER_COMPOUNDS","1977","1981","Group 2 / ETCC — 1976-1981","Goodyear","period technical/race article","1"
"W06_SUPPLIER_COMPOUNDS","1960","1965","General Tire Mechanics","Bridgestone/other","supplier technical/press document","1"
"W06_SUPPLIER_COMPOUNDS","1997","2001","NASCAR stock car — 1992-2010","Pirelli","period technical/race article","1"
"W06_SUPPLIER_COMPOUNDS","1982","1986","Historic Racing Reference","Firestone","supplier technical/press document","1"
"W06_SUPPLIER_COMPOUNDS","1966","1971","Trans-Am — 1966-1972","Dunlop","period technical/race article","1"
"W06_SUPPLIER_COMPOUNDS","2002","2010","Formula Ford — 1993-2010","Avon","supplier technical/press document","1"
"W06_SUPPLIER_COMPOUNDS","1994","1996","IMSA GT/GTS — 1994-2001","Pirelli","entry list/program","1"
"W06_SUPPLIER_COMPOUNDS","1979","1981","CART / Indy-car","Firestone","period race report / technical feature","1"
"W06_SUPPLIER_COMPOUNDS","1960","1963","Sports racing / prototypes — 1950-1963","Dunlop","entry list/program","1"
"W06_SUPPLIER_COMPOUNDS","1997","2001","International Formula 3000","Avon","period race report / technical feature","1"
"W06_SUPPLIER_COMPOUNDS","1982","1986","Group A touring — 1982-1992","Michelin","entry list/program","1"
"W06_SUPPLIER_COMPOUNDS","1966","1971","Formula 1 — 3-litre/cross-ply-to-radial transition","Goodyear","period race report / technical feature","1"
"W06_SUPPLIER_COMPOUNDS","2002","1993","IMSA GTP","Bridgestone/other","entry list/program","1"
"W06_SUPPLIER_COMPOUNDS","1987","1991","General Racing Tire","Pirelli","period race report / technical feature","1"
"W06_SUPPLIER_COMPOUNDS","1972","1976","IMSA GT — 1971-1981","Michelin","entry list/program","1"
"W06_SUPPLIER_COMPOUNDS","1950","1959","Club single-seater — pre-Formula Ford","Goodyear","period race report / technical feature","1"
"W06_SUPPLIER_COMPOUNDS","1997","2001","IMSA GT/GTS — 1994-2001","Dunlop","supplier catalog/manual","1"
"W06_SUPPLIER_COMPOUNDS","1982","1986","CART / Indy-car","Avon","event/regulatory bulletin","1"
"W06_SUPPLIER_COMPOUNDS","1966","1969","GT40-era endurance","Michelin","supplier catalog/manual","1"
"W06_SUPPLIER_COMPOUNDS","2002","2010","Formula 3 — 1991-2010","Goodyear","event/regulatory bulletin","1"
"W06_SUPPLIER_COMPOUNDS","1987","1991","World Rally Championship — 1987-2001","Bridgestone/other","supplier catalog/manual","1"
"W06_SUPPLIER_COMPOUNDS","1972","1976","Formula 1 — 3-litre/cross-ply-to-radial transition","Pirelli","event/regulatory bulletin","1"
"W06_SUPPLIER_COMPOUNDS","1950","1959","Sports racing / prototypes — 1950-1963","Firestone","supplier catalog/manual","1"
"W06_SUPPLIER_COMPOUNDS","1992","1996","General Racing Tire","Dunlop","event/regulatory bulletin","1"
"W06_SUPPLIER_COMPOUNDS","1977","1981","Trans-Am — 1973-1981","Avon","supplier catalog/manual","1"
"W06_SUPPLIER_COMPOUNDS","1960","1965","Club single-seater — pre-Formula Ford","Michelin","event/regulatory bulletin","1"
"W06_SUPPLIER_COMPOUNDS","1982","1986","Japanese GT / touring — pre-JGTC","Bridgestone/other","period technical/race article","1"
"W06_SUPPLIER_COMPOUNDS","2005","2010","GT2 / GTS — 2005-2010 sanction-specific","Michelin","period technical/race article","1"
"W06_SUPPLIER_COMPOUNDS","1987","1991","Historic Racing Reference","Goodyear","supplier technical/press document","1"
"W06_SUPPLIER_COMPOUNDS","1972","1976","Group 4 Special GT — 1970-1981","Bridgestone/other","period technical/race article","1"
"W06_SUPPLIER_COMPOUNDS","1958","1959","Formula Junior","Pirelli","supplier technical/press document","1"
"W06_SUPPLIER_COMPOUNDS","1992","1996","World Rally Championship — 1987-2001","Firestone","period technical/race article","1"
"W06_SUPPLIER_COMPOUNDS","1977","1981","Formula 1 — 3-litre/cross-ply-to-radial transition","Dunlop","supplier technical/press document","1"
"W06_SUPPLIER_COMPOUNDS","1960","1963","Sports racing / prototypes — 1950-1963","Avon","period technical/race article","1"
"W06_SUPPLIER_COMPOUNDS","1997","2001","General Racing Tire","Michelin","supplier technical/press document","1"
"W06_SUPPLIER_COMPOUNDS","1982","1986","Trans-Am — 1982-2001","Goodyear","period technical/race article","1"
"W06_SUPPLIER_COMPOUNDS","1966","1971","Historic Racing Reference","Bridgestone/other","supplier technical/press document","1"
"W06_SUPPLIER_COMPOUNDS","2002","1969","Group 4 Sports Cars — 1966-1969","Pirelli","period race report / technical feature","1"
"W06_SUPPLIER_COMPOUNDS","1987","1991","Group C","Firestone","entry list/program","1"
"W06_SUPPLIER_COMPOUNDS","1972","1976","Sports racing / prototypes — 1972-1981","Dunlop","period race report / technical feature","1"
"W06_SUPPLIER_COMPOUNDS","1950","1959","US GT / sports racing — pre-IMSA GT","Avon","entry list/program","1"
"W06_SUPPLIER_COMPOUNDS","1992","1996","Historic Racing Reference","Michelin","period race report / technical feature","1"
"W06_SUPPLIER_COMPOUNDS","1977","1981","Group 4 Special GT — 1970-1981","Goodyear","entry list/program","1"
"W06_SUPPLIER_COMPOUNDS","1960","1963","Formula Junior","Dunlop","period race report / technical feature","1"
"W06_SUPPLIER_COMPOUNDS","1997","2001","World Rally Championship — 1987-2001","Avon","entry list/program","1"
"W06_SUPPLIER_COMPOUNDS","1982","1986","Formula 1 — turbo/radial slick era","Michelin","period race report / technical feature","1"
"W06_SUPPLIER_COMPOUNDS","1966","1969","Group 2 / ETCC — 1963-1969","Goodyear","entry list/program","1"
"W06_SUPPLIER_COMPOUNDS","2002","2010","General Tire Mechanics","Bridgestone/other","period race report / technical feature","1"
"W06_SUPPLIER_COMPOUNDS","1987","1991","NASCAR stock car — 1972-1991","Pirelli","entry list/program","1"
"W06_SUPPLIER_COMPOUNDS","1972","1976","Historic Racing Reference","Firestone","period race report / technical feature","1"
"W06_SUPPLIER_COMPOUNDS","1993","1996","Le Mans Prototype transition","Avon","supplier catalog/manual","1"
"W06_SUPPLIER_COMPOUNDS","1977","1981","Can-Am — revival","Michelin","event/regulatory bulletin","1"
"W06_SUPPLIER_COMPOUNDS","1960","1965","US GT / sports racing — pre-IMSA GT","Goodyear","supplier catalog/manual","1"
"W06_SUPPLIER_COMPOUNDS","1997","2001","Historic Racing Reference","Bridgestone/other","event/regulatory bulletin","1"
"W06_SUPPLIER_COMPOUNDS","1982","1986","Group C","Pirelli","supplier catalog/manual","1"
"W06_SUPPLIER_COMPOUNDS","1966","1971","USAC Championship Car / Indianapolis","Firestone","event/regulatory bulletin","1"
"W06_SUPPLIER_COMPOUNDS","2002","2009","FIA GT — 1997-2009","Dunlop","supplier catalog/manual","1"
"W06_SUPPLIER_COMPOUNDS","1987","1991","International Formula 3000","Avon","event/regulatory bulletin","1"
"W06_SUPPLIER_COMPOUNDS","1972","1975","Group 2 / ETCC — 1970-1975","Michelin","supplier catalog/manual","1"
"W06_SUPPLIER_COMPOUNDS","1950","1959","General Tire Mechanics","Firestone","event/regulatory bulletin","1"
"W06_SUPPLIER_COMPOUNDS","1992","1996","NASCAR stock car — 1992-2010","Dunlop","supplier catalog/manual","1"
"W06_SUPPLIER_COMPOUNDS","1977","1981","Historic Racing Reference","Avon","event/regulatory bulletin","1"
"W06_SUPPLIER_COMPOUNDS","1966","1971","Japanese GT / touring — pre-JGTC","Pirelli","period technical/race article","1"
"W06_SUPPLIER_COMPOUNDS","2002","2010","Historic Racing Reference","Firestone","supplier technical/press document","1"
"W06_SUPPLIER_COMPOUNDS","1987","1991","IMSA GT — 1982-1993","Dunlop","period technical/race article","1"
"W06_SUPPLIER_COMPOUNDS","1972","1976","USAC Championship Car / Indianapolis","Avon","supplier technical/press document","1"
"W06_SUPPLIER_COMPOUNDS","1992","1996","International Formula 3000","Goodyear","supplier technical/press document","1"
"W06_SUPPLIER_COMPOUNDS","1977","1981","Group 2 / ETCC — 1976-1981","Bridgestone/other","period technical/race article","1"
"W06_SUPPLIER_COMPOUNDS","1960","1965","General Tire Mechanics","Pirelli","supplier technical/press document","1"
"W06_SUPPLIER_COMPOUNDS","1997","2001","NASCAR stock car — 1992-2010","Firestone","period technical/race article","1"
"W06_SUPPLIER_COMPOUNDS","1982","1986","Historic Racing Reference","Dunlop","supplier technical/press document","1"
"W06_SUPPLIER_COMPOUNDS","1972","1976","Japanese GT / touring — pre-JGTC","Dunlop","entry list/program","1"
"W06_SUPPLIER_COMPOUNDS","1994","1996","IMSA GT/GTS — 1994-2001","Michelin","entry list/program","1"
"W06_SUPPLIER_COMPOUNDS","1979","1981","CART / Indy-car","Goodyear","period race report / technical feature","1"
"W06_SUPPLIER_COMPOUNDS","1960","1963","Sports racing / prototypes — 1950-1963","Bridgestone/other","entry list/program","1"
"W06_SUPPLIER_COMPOUNDS","1997","2001","International Formula 3000","Pirelli","period race report / technical feature","1"
"W06_SUPPLIER_COMPOUNDS","1982","1986","Group A touring — 1982-1992","Firestone","entry list/program","1"
"W06_SUPPLIER_COMPOUNDS","1972","1976","IMSA GT — 1971-1981","Goodyear","event/regulatory bulletin","1"
"W06_SUPPLIER_COMPOUNDS","1950","1959","Club single-seater — pre-Formula Ford","Bridgestone/other","supplier catalog/manual","1"
"W06_SUPPLIER_COMPOUNDS","1993","1996","Group A / production touring — 1993-2001","Pirelli","event/regulatory bulletin","1"
"W06_SUPPLIER_COMPOUNDS","1977","1981","Japanese GT / touring — pre-JGTC","Firestone","supplier catalog/manual","1"
"W06_SUPPLIER_COMPOUNDS","1960","1965","Historic Racing Reference","Dunlop","event/regulatory bulletin","1"
"W06_SUPPLIER_COMPOUNDS","1997","2001","IMSA GT/GTS — 1994-2001","Bridgestone/other","supplier catalog/manual","1"
"W06_SUPPLIER_COMPOUNDS","1982","1986","CART / Indy-car","Pirelli","event/regulatory bulletin","1"
"W06_SUPPLIER_COMPOUNDS","1966","1969","GT40-era endurance","Firestone","supplier catalog/manual","1"
"W06_SUPPLIER_COMPOUNDS","2002","2010","Formula 3 — 1991-2010","Dunlop","event/regulatory bulletin","1"
"W06_SUPPLIER_COMPOUNDS","1987","1991","World Rally Championship — 1987-2001","Avon","supplier catalog/manual","1"
"W06_SUPPLIER_COMPOUNDS","1972","1976","Formula 1 — 3-litre/cross-ply-to-radial transition","Michelin","event/regulatory bulletin","1"
"W06_SUPPLIER_COMPOUNDS","1950","1959","Sports racing / prototypes — 1950-1963","Goodyear","supplier catalog/manual","1"
"W06_SUPPLIER_COMPOUNDS","1992","1996","General Racing Tire","Bridgestone/other","event/regulatory bulletin","1"
"W06_SUPPLIER_COMPOUNDS","1977","1981","Trans-Am — 1973-1981","Pirelli","supplier technical/press document","1"
"W06_SUPPLIER_COMPOUNDS","1960","1965","Club single-seater — pre-Formula Ford","Firestone","period technical/race article","1"
"W06_SUPPLIER_COMPOUNDS","1997","2001","Group A / production touring — 1993-2001","Dunlop","supplier technical/press document","1"
"W06_SUPPLIER_COMPOUNDS","1982","1986","Japanese GT / touring — pre-JGTC","Avon","period technical/race article","1"
"W06_SUPPLIER_COMPOUNDS","1966","1971","Can-Am — original","Michelin","supplier technical/press document","1"
"W06_SUPPLIER_COMPOUNDS","2005","2010","GT2 / GTS — 2005-2010 sanction-specific","Goodyear","period technical/race article","1"
"W06_SUPPLIER_COMPOUNDS","1987","1991","Historic Racing Reference","Bridgestone/other","supplier technical/press document","1"
"W06_SUPPLIER_COMPOUNDS","1972","1976","Group 4 Special GT — 1970-1981","Pirelli","period technical/race article","1"
"W06_SUPPLIER_COMPOUNDS","1958","1959","Formula Junior","Firestone","supplier technical/press document","1"
"W06_SUPPLIER_COMPOUNDS","1992","1996","World Rally Championship — 1987-2001","Goodyear","period technical/race article","1"
"W06_SUPPLIER_COMPOUNDS","1977","1981","Formula 1 — 3-litre/cross-ply-to-radial transition","Bridgestone/other","supplier technical/press document","1"
"W06_SUPPLIER_COMPOUNDS","1960","1963","Sports racing / prototypes — 1950-1963","Pirelli","period technical/race article","1"
"W06_SUPPLIER_COMPOUNDS","1997","2001","General Racing Tire","Firestone","supplier technical/press document","1"
"W06_SUPPLIER_COMPOUNDS","1987","1991","Group C","Goodyear","entry list/program","1"
"W06_SUPPLIER_COMPOUNDS","1972","1976","Sports racing / prototypes — 1972-1981","Bridgestone/other","period race report / technical feature","1"
"W06_SUPPLIER_COMPOUNDS","1950","1959","US GT / sports racing — pre-IMSA GT","Pirelli","entry list/program","1"
"W06_SUPPLIER_COMPOUNDS","1992","1996","Historic Racing Reference","Firestone","period race report / technical feature","1"
"W06_SUPPLIER_COMPOUNDS","1977","1981","Group 4 Special GT — 1970-1981","Dunlop","entry list/program","1"
"W06_SUPPLIER_COMPOUNDS","1960","1963","Formula Junior","Avon","period race report / technical feature","1"
"W06_SUPPLIER_COMPOUNDS","1997","2001","World Rally Championship — 1987-2001","Michelin","entry list/program","1"
"W06_SUPPLIER_COMPOUNDS","1993","1996","Le Mans Prototype transition","Pirelli","supplier catalog/manual","1"
"W06_SUPPLIER_COMPOUNDS","1977","1981","Can-Am — revival","Firestone","event/regulatory bulletin","1"
"W06_SUPPLIER_COMPOUNDS","1960","1965","US GT / sports racing — pre-IMSA GT","Dunlop","supplier catalog/manual","1"
"W06_SUPPLIER_COMPOUNDS","1997","2001","Historic Racing Reference","Avon","event/regulatory bulletin","1"
"W06_SUPPLIER_COMPOUNDS","1982","1986","Group C","Michelin","supplier catalog/manual","1"
"W06_SUPPLIER_COMPOUNDS","1966","1971","USAC Championship Car / Indianapolis","Goodyear","event/regulatory bulletin","1"
"W06_SUPPLIER_COMPOUNDS","2002","2009","FIA GT — 1997-2009","Bridgestone/other","supplier catalog/manual","1"
"W06_SUPPLIER_COMPOUNDS","1992","1996","NASCAR stock car — 1992-2010","Avon","supplier technical/press document","1"
"W06_SUPPLIER_COMPOUNDS","1977","1981","Historic Racing Reference","Michelin","period technical/race article","1"
"W06_SUPPLIER_COMPOUNDS","1960","1963","Sports racing / prototypes — 1950-1963","Goodyear","supplier technical/press document","1"
"W06_SUPPLIER_COMPOUNDS","1997","1999","Le Mans Prototype transition","Bridgestone/other","period technical/race article","1"
"W06_SUPPLIER_COMPOUNDS","1982","1986","Can-Am — revival","Avon","supplier technical/press document","1"
"W06_SUPPLIER_COMPOUNDS","1966","1971","Japanese GT / touring — pre-JGTC","Michelin","period technical/race article","1"
"W06_SUPPLIER_COMPOUNDS","2002","2010","Historic Racing Reference","Goodyear","supplier technical/press document","1"
"W06_SUPPLIER_COMPOUNDS","1987","1991","IMSA GT — 1982-1993","Bridgestone/other","period technical/race article","1"
"W06_SUPPLIER_COMPOUNDS","1972","1976","USAC Championship Car / Indianapolis","Pirelli","supplier technical/press document","1"
"W06_SUPPLIER_COMPOUNDS","1992","1996","International Formula 3000","Dunlop","supplier technical/press document","1"
"W06_SUPPLIER_COMPOUNDS","1977","1981","Group 2 / ETCC — 1976-1981","Avon","period technical/race article","1"
"W06_SUPPLIER_COMPOUNDS","1960","1965","General Tire Mechanics","Michelin","supplier technical/press document","1"
"W06_SUPPLIER_COMPOUNDS","1997","2001","NASCAR stock car — 1992-2010","Goodyear","period race report / technical feature","1"
"W06_SUPPLIER_COMPOUNDS","1982","1986","Historic Racing Reference","Bridgestone/other","entry list/program","1"
"W06_SUPPLIER_COMPOUNDS","1966","1971","Trans-Am — 1966-1972","Pirelli","period race report / technical feature","1"
"W06_SUPPLIER_COMPOUNDS","2002","2010","Formula Ford — 1993-2010","Firestone","entry list/program","1"
"W06_SUPPLIER_COMPOUNDS","1987","1991","Group A touring — 1982-1992","Dunlop","period race report / technical feature","1"
"W06_SUPPLIER_COMPOUNDS","1972","1976","Japanese GT / touring — pre-JGTC","Avon","entry list/program","1"
"W06_SUPPLIER_COMPOUNDS","1950","1959","Sports racing / prototypes — 1950-1963","Michelin","period race report / technical feature","1"
"W06_SUPPLIER_COMPOUNDS","1994","1996","IMSA GT/GTS — 1994-2001","Goodyear","entry list/program","1"
"W06_SUPPLIER_COMPOUNDS","1979","1981","CART / Indy-car","Dunlop","period race report / technical feature","1"
"W06_SUPPLIER_COMPOUNDS","1960","1963","Sports racing / prototypes — 1950-1963","Avon","entry list/program","1"
"W06_SUPPLIER_COMPOUNDS","1997","2001","International Formula 3000","Michelin","period race report / technical feature","1"
"W06_SUPPLIER_COMPOUNDS","1982","1986","Group A touring — 1982-1992","Goodyear","entry list/program","1"
"W06_SUPPLIER_COMPOUNDS","1966","1971","Formula 1 — 3-litre/cross-ply-to-radial transition","Bridgestone/other","period race report / technical feature","1"
"W06_SUPPLIER_COMPOUNDS","1950","1959","Club single-seater — pre-Formula Ford","Avon","supplier catalog/manual","1"
"W06_SUPPLIER_COMPOUNDS","1993","1996","Group A / production touring — 1993-2001","Michelin","event/regulatory bulletin","1"
"W06_SUPPLIER_COMPOUNDS","1977","1981","Japanese GT / touring — pre-JGTC","Goodyear","supplier catalog/manual","1"
"W06_SUPPLIER_COMPOUNDS","1960","1965","Historic Racing Reference","Bridgestone/other","event/regulatory bulletin","1"
"W06_SUPPLIER_COMPOUNDS","1997","2001","IMSA GT/GTS — 1994-2001","Pirelli","supplier catalog/manual","1"
"W06_SUPPLIER_COMPOUNDS","1982","1986","CART / Indy-car","Firestone","event/regulatory bulletin","1"
"W06_SUPPLIER_COMPOUNDS","1966","1969","GT40-era endurance","Dunlop","supplier catalog/manual","1"
"W06_SUPPLIER_COMPOUNDS","1960","1965","Club single-seater — pre-Formula Ford","Goodyear","period technical/race article","1"
"W06_SUPPLIER_COMPOUNDS","1997","2001","Group A / production touring — 1993-2001","Bridgestone/other","supplier technical/press document","1"
"W06_SUPPLIER_COMPOUNDS","1982","1986","Japanese GT / touring — pre-JGTC","Pirelli","period technical/race article","1"
"W06_SUPPLIER_COMPOUNDS","1966","1971","Can-Am — original","Firestone","supplier technical/press document","1"
"W06_SUPPLIER_COMPOUNDS","2005","2010","GT2 / GTS — 2005-2010 sanction-specific","Dunlop","period technical/race article","1"
"W06_SUPPLIER_COMPOUNDS","1987","1991","Historic Racing Reference","Avon","supplier technical/press document","1"
"W06_SUPPLIER_COMPOUNDS","1972","1976","Group 4 Special GT — 1970-1981","Michelin","period technical/race article","1"
"W06_SUPPLIER_COMPOUNDS","1960","1963","Sports racing / prototypes — 1950-1963","Firestone","period race report / technical feature","1"
"W06_SUPPLIER_COMPOUNDS","1997","2001","General Racing Tire","Dunlop","entry list/program","1"
"W06_SUPPLIER_COMPOUNDS","1982","1986","Trans-Am — 1982-2001","Avon","period race report / technical feature","1"
"W06_SUPPLIER_COMPOUNDS","1966","1971","Historic Racing Reference","Pirelli","entry list/program","1"
"W06_SUPPLIER_COMPOUNDS","2002","1969","Group 4 Sports Cars — 1966-1969","Firestone","period race report / technical feature","1"
"W06_SUPPLIER_COMPOUNDS","1987","1991","Group C","Dunlop","entry list/program","1"
"W06_SUPPLIER_COMPOUNDS","1972","1976","Sports racing / prototypes — 1972-1981","Avon","period race report / technical feature","1"
"W06_SUPPLIER_COMPOUNDS","1950","1959","US GT / sports racing — pre-IMSA GT","Michelin","entry list/program","1"
"W06_SUPPLIER_COMPOUNDS","1992","1996","Historic Racing Reference","Goodyear","period race report / technical feature","1"
"W06_SUPPLIER_COMPOUNDS","1977","1981","Group 4 Special GT — 1970-1981","Bridgestone/other","entry list/program","1"
"W06_SUPPLIER_COMPOUNDS","1960","1963","Formula Junior","Pirelli","period race report / technical feature","1"
"W06_SUPPLIER_COMPOUNDS","1997","2001","World Rally Championship — 1987-2001","Firestone","entry list/program","1"
"W06_SUPPLIER_COMPOUNDS","1966","1969","Group 2 / ETCC — 1963-1969","Avon","event/regulatory bulletin","1"
"W06_SUPPLIER_COMPOUNDS","2002","2010","General Tire Mechanics","Michelin","supplier catalog/manual","1"
"W06_SUPPLIER_COMPOUNDS","1987","1991","NASCAR stock car — 1972-1991","Goodyear","event/regulatory bulletin","1"
"W06_SUPPLIER_COMPOUNDS","1972","1976","Historic Racing Reference","Bridgestone/other","supplier catalog/manual","1"
"W06_SUPPLIER_COMPOUNDS","1950","1959","Sports racing / prototypes — 1950-1963","Pirelli","event/regulatory bulletin","1"
"W06_SUPPLIER_COMPOUNDS","1993","1996","Le Mans Prototype transition","Firestone","supplier catalog/manual","1"
"W06_SUPPLIER_COMPOUNDS","1977","1981","Can-Am — revival","Dunlop","event/regulatory bulletin","1"
"W06_SUPPLIER_COMPOUNDS","1960","1965","US GT / sports racing — pre-IMSA GT","Bridgestone/other","supplier catalog/manual","1"
"W06_SUPPLIER_COMPOUNDS","1997","2001","Historic Racing Reference","Pirelli","event/regulatory bulletin","1"
"W06_SUPPLIER_COMPOUNDS","1982","1986","Group C","Firestone","supplier catalog/manual","1"
"W06_SUPPLIER_COMPOUNDS","1966","1971","USAC Championship Car / Indianapolis","Dunlop","event/regulatory bulletin","1"
"W06_SUPPLIER_COMPOUNDS","2002","2009","FIA GT — 1997-2009","Avon","supplier catalog/manual","1"
"W06_SUPPLIER_COMPOUNDS","1987","1991","International Formula 3000","Michelin","event/regulatory bulletin","1"
"W06_SUPPLIER_COMPOUNDS","1972","1975","Group 2 / ETCC — 1970-1975","Goodyear","supplier technical/press document","1"
"W06_SUPPLIER_COMPOUNDS","1950","1959","General Tire Mechanics","Bridgestone/other","period technical/race article","1"
"W06_SUPPLIER_COMPOUNDS","1992","1996","NASCAR stock car — 1992-2010","Pirelli","supplier technical/press document","1"
"W06_SUPPLIER_COMPOUNDS","1977","1981","Historic Racing Reference","Firestone","period technical/race article","1"
"W06_SUPPLIER_COMPOUNDS","1960","1963","Sports racing / prototypes — 1950-1963","Dunlop","supplier technical/press document","1"
"W06_SUPPLIER_COMPOUNDS","1997","1999","Le Mans Prototype transition","Avon","period technical/race article","1"
"W06_SUPPLIER_COMPOUNDS","1982","1986","Can-Am — revival","Michelin","supplier technical/press document","1"
"W06_SUPPLIER_COMPOUNDS","1966","1971","Japanese GT / touring — pre-JGTC","Goodyear","period technical/race article","1"
"W06_SUPPLIER_COMPOUNDS","2002","2010","Historic Racing Reference","Bridgestone/other","supplier technical/press document","1"
"W06_SUPPLIER_COMPOUNDS","1987","1991","IMSA GT — 1982-1993","Pirelli","period technical/race article","1"
"W06_SUPPLIER_COMPOUNDS","1950","1959","Sports racing / prototypes — 1950-1963","Goodyear","period technical/race article","1"
"W06_SUPPLIER_COMPOUNDS","1977","1981","Group 2 / ETCC — 1976-1981","Pirelli","period race report / technical feature","1"
"W06_SUPPLIER_COMPOUNDS","1960","1965","General Tire Mechanics","Firestone","entry list/program","1"
"W06_SUPPLIER_COMPOUNDS","1997","2001","NASCAR stock car — 1992-2010","Dunlop","period race report / technical feature","1"
"W06_SUPPLIER_COMPOUNDS","1982","1986","Historic Racing Reference","Avon","entry list/program","1"
"W06_SUPPLIER_COMPOUNDS","1966","1971","Trans-Am — 1966-1972","Michelin","period race report / technical feature","1"
"W06_SUPPLIER_COMPOUNDS","2002","2010","Formula Ford — 1993-2010","Goodyear","entry list/program","1"
"W06_SUPPLIER_COMPOUNDS","1987","1991","Group A touring — 1982-1992","Bridgestone/other","period race report / technical feature","1"
"W06_SUPPLIER_COMPOUNDS","1972","1976","Japanese GT / touring — pre-JGTC","Pirelli","entry list/program","1"
"W06_SUPPLIER_COMPOUNDS","1994","1996","IMSA GT/GTS — 1994-2001","Dunlop","entry list/program","1"
"W06_SUPPLIER_COMPOUNDS","1982","1986","Group A touring — 1982-1992","Bridgestone/other","event/regulatory bulletin","1"
"W06_SUPPLIER_COMPOUNDS","1966","1971","Formula 1 — 3-litre/cross-ply-to-radial transition","Pirelli","supplier catalog/manual","1"
"W06_SUPPLIER_COMPOUNDS","2002","1993","IMSA GTP","Michelin","event/regulatory bulletin","1"
"W06_SUPPLIER_COMPOUNDS","1987","1991","General Racing Tire","Goodyear","supplier catalog/manual","1"
"W06_SUPPLIER_COMPOUNDS","1972","1976","IMSA GT — 1971-1981","Bridgestone/other","event/regulatory bulletin","1"
"W06_SUPPLIER_COMPOUNDS","1950","1959","Club single-seater — pre-Formula Ford","Pirelli","supplier catalog/manual","1"
"W06_SUPPLIER_COMPOUNDS","1993","1996","Group A / production touring — 1993-2001","Firestone","event/regulatory bulletin","1"
"W06_SUPPLIER_COMPOUNDS","1977","1981","Japanese GT / touring — pre-JGTC","Dunlop","supplier catalog/manual","1"
"W06_SUPPLIER_COMPOUNDS","1960","1965","Historic Racing Reference","Avon","event/regulatory bulletin","1"
"W06_SUPPLIER_COMPOUNDS","1997","2001","IMSA GT/GTS — 1994-2001","Michelin","supplier catalog/manual","1"
"W06_SUPPLIER_COMPOUNDS","1982","1986","CART / Indy-car","Goodyear","event/regulatory bulletin","1"
"W06_SUPPLIER_COMPOUNDS","1987","1991","World Rally Championship — 1987-2001","Firestone","supplier technical/press document","1"
"W06_SUPPLIER_COMPOUNDS","1972","1976","Formula 1 — 3-litre/cross-ply-to-radial transition","Dunlop","period technical/race article","1"
"W06_SUPPLIER_COMPOUNDS","1950","1959","Sports racing / prototypes — 1950-1963","Avon","supplier technical/press document","1"
"W06_SUPPLIER_COMPOUNDS","1992","1996","General Racing Tire","Michelin","period technical/race article","1"
"W06_SUPPLIER_COMPOUNDS","1977","1981","Trans-Am — 1973-1981","Goodyear","supplier technical/press document","1"
"W06_SUPPLIER_COMPOUNDS","1960","1965","Club single-seater — pre-Formula Ford","Bridgestone/other","period technical/race article","1"
"W06_SUPPLIER_COMPOUNDS","1997","2001","Group A / production touring — 1993-2001","Avon","supplier technical/press document","1"
"W06_SUPPLIER_COMPOUNDS","1982","1986","Japanese GT / touring — pre-JGTC","Michelin","period technical/race article","1"
"W06_SUPPLIER_COMPOUNDS","1966","1971","Can-Am — original","Goodyear","supplier technical/press document","1"
"W06_SUPPLIER_COMPOUNDS","2005","2010","GT2 / GTS — 2005-2010 sanction-specific","Bridgestone/other","period technical/race article","1"
"W06_SUPPLIER_COMPOUNDS","1987","1991","Historic Racing Reference","Pirelli","supplier technical/press document","1"
"W06_SUPPLIER_COMPOUNDS","1972","1976","Group 4 Special GT — 1970-1981","Firestone","period technical/race article","1"
"W06_SUPPLIER_COMPOUNDS","1958","1959","Formula Junior","Dunlop","supplier technical/press document","1"
"W06_SUPPLIER_COMPOUNDS","1992","1996","World Rally Championship — 1987-2001","Avon","period race report / technical feature","1"
"W06_SUPPLIER_COMPOUNDS","1977","1981","Formula 1 — 3-litre/cross-ply-to-radial transition","Michelin","entry list/program","1"
"W06_SUPPLIER_COMPOUNDS","1960","1963","Sports racing / prototypes — 1950-1963","Goodyear","period race report / technical feature","1"
"W06_SUPPLIER_COMPOUNDS","1997","2001","General Racing Tire","Bridgestone/other","entry list/program","1"
"W06_SUPPLIER_COMPOUNDS","1982","1986","Trans-Am — 1982-2001","Pirelli","period race report / technical feature","1"
"W06_SUPPLIER_COMPOUNDS","1966","1971","Historic Racing Reference","Firestone","entry list/program","1"
"W06_SUPPLIER_COMPOUNDS","2002","1969","Group 4 Sports Cars — 1966-1969","Dunlop","period race report / technical feature","1"
"W06_SUPPLIER_COMPOUNDS","1987","1991","Group C","Avon","entry list/program","1"
"W06_SUPPLIER_COMPOUNDS","1972","1976","Sports racing / prototypes — 1972-1981","Michelin","period race report / technical feature","1"
"W06_SUPPLIER_COMPOUNDS","1950","1959","US GT / sports racing — pre-IMSA GT","Goodyear","entry list/program","1"
"W06_SUPPLIER_COMPOUNDS","1992","1996","Historic Racing Reference","Dunlop","period race report / technical feature","1"
"W06_SUPPLIER_COMPOUNDS","1977","1981","Group 4 Special GT — 1970-1981","Avon","entry list/program","1"
"W06_SUPPLIER_COMPOUNDS","1997","2001","World Rally Championship — 1987-2001","Goodyear","event/regulatory bulletin","1"
"W06_SUPPLIER_COMPOUNDS","1982","1986","Formula 1 — turbo/radial slick era","Bridgestone/other","supplier catalog/manual","1"
"W06_SUPPLIER_COMPOUNDS","1966","1969","Group 2 / ETCC — 1963-1969","Pirelli","event/regulatory bulletin","1"
"W06_SUPPLIER_COMPOUNDS","2002","2010","General Tire Mechanics","Firestone","supplier catalog/manual","1"
"W06_SUPPLIER_COMPOUNDS","1987","1991","NASCAR stock car — 1972-1991","Dunlop","event/regulatory bulletin","1"
"W06_SUPPLIER_COMPOUNDS","1972","1976","Historic Racing Reference","Avon","supplier catalog/manual","1"
"W06_SUPPLIER_COMPOUNDS","1950","1959","Sports racing / prototypes — 1950-1963","Michelin","event/regulatory bulletin","1"
"W06_SUPPLIER_COMPOUNDS","1993","1996","Le Mans Prototype transition","Goodyear","supplier catalog/manual","1"
"W06_SUPPLIER_COMPOUNDS","1977","1981","Can-Am — revival","Bridgestone/other","event/regulatory bulletin","1"
"W06_SUPPLIER_COMPOUNDS","1960","1965","US GT / sports racing — pre-IMSA GT","Pirelli","supplier catalog/manual","1"
"W06_SUPPLIER_COMPOUNDS","2002","2009","FIA GT — 1997-2009","Michelin","supplier technical/press document","1"
"W06_SUPPLIER_COMPOUNDS","1987","1991","International Formula 3000","Firestone","period technical/race article","1"
"W06_SUPPLIER_COMPOUNDS","1972","1975","Group 2 / ETCC — 1970-1975","Dunlop","supplier technical/press document","1"
"W06_SUPPLIER_COMPOUNDS","1950","1959","General Tire Mechanics","Avon","period technical/race article","1"
"W06_SUPPLIER_COMPOUNDS","1992","1996","NASCAR stock car — 1992-2010","Michelin","supplier technical/press document","1"
"W06_SUPPLIER_COMPOUNDS","1977","1981","Historic Racing Reference","Goodyear","period technical/race article","1"
"W06_SUPPLIER_COMPOUNDS","1960","1963","Sports racing / prototypes — 1950-1963","Bridgestone/other","supplier technical/press document","1"
"W06_SUPPLIER_COMPOUNDS","1997","1999","Le Mans Prototype transition","Pirelli","period technical/race article","1"
"W06_SUPPLIER_COMPOUNDS","1982","1986","Can-Am — revival","Firestone","supplier technical/press document","1"
"W06_SUPPLIER_COMPOUNDS","1966","1971","Japanese GT / touring — pre-JGTC","Dunlop","period technical/race article","1"
"W06_SUPPLIER_COMPOUNDS","1992","1996","International Formula 3000","Pirelli","entry list/program","1"
"W06_SUPPLIER_COMPOUNDS","1977","1981","Group 2 / ETCC — 1976-1981","Firestone","period race report / technical feature","1"
"W06_SUPPLIER_COMPOUNDS","1960","1965","General Tire Mechanics","Dunlop","entry list/program","1"
"W06_SUPPLIER_COMPOUNDS","1997","2001","NASCAR stock car — 1992-2010","Avon","period race report / technical feature","1"
"W06_SUPPLIER_COMPOUNDS","1982","1986","Historic Racing Reference","Pirelli","entry list/program","1"
"W06_SUPPLIER_COMPOUNDS","1966","1971","Trans-Am — 1966-1972","Firestone","period race report / technical feature","1"
"W06_SUPPLIER_COMPOUNDS","2002","2010","Formula Ford — 1993-2010","Dunlop","entry list/program","1"
"W06_SUPPLIER_COMPOUNDS","1987","1991","Group A touring — 1982-1992","Avon","period race report / technical feature","1"
"W06_SUPPLIER_COMPOUNDS","1972","1976","Japanese GT / touring — pre-JGTC","Michelin","entry list/program","1"
"W06_SUPPLIER_COMPOUNDS","1950","1959","Sports racing / prototypes — 1950-1963","Goodyear","period race report / technical feature","1"
"W06_SUPPLIER_COMPOUNDS","1994","1996","IMSA GT/GTS — 1994-2001","Bridgestone/other","entry list/program","1"
"W06_SUPPLIER_COMPOUNDS","1979","1981","CART / Indy-car","Pirelli","period race report / technical feature","1"
"W06_SUPPLIER_COMPOUNDS","1960","1963","Sports racing / prototypes — 1950-1963","Firestone","event/regulatory bulletin","1"
"W06_SUPPLIER_COMPOUNDS","1997","2001","International Formula 3000","Dunlop","supplier catalog/manual","1"
"W06_SUPPLIER_COMPOUNDS","1982","1986","Group A touring — 1982-1992","Avon","event/regulatory bulletin","1"
"W06_SUPPLIER_COMPOUNDS","1966","1971","Formula 1 — 3-litre/cross-ply-to-radial transition","Michelin","supplier catalog/manual","1"
"W06_SUPPLIER_COMPOUNDS","2002","1993","IMSA GTP","Goodyear","event/regulatory bulletin","1"
"W06_SUPPLIER_COMPOUNDS","1987","1991","General Racing Tire","Bridgestone/other","supplier catalog/manual","1"
"W06_SUPPLIER_COMPOUNDS","1972","1976","IMSA GT — 1971-1981","Pirelli","event/regulatory bulletin","1"
"W06_SUPPLIER_COMPOUNDS","1950","1959","Club single-seater — pre-Formula Ford","Firestone","supplier catalog/manual","1"
"W06_SUPPLIER_COMPOUNDS","1993","1996","Group A / production touring — 1993-2001","Dunlop","event/regulatory bulletin","1"
"W06_SUPPLIER_COMPOUNDS","1977","1981","Japanese GT / touring — pre-JGTC","Bridgestone/other","supplier catalog/manual","1"
"W06_SUPPLIER_COMPOUNDS","1960","1965","Historic Racing Reference","Pirelli","event/regulatory bulletin","1"
"W06_SUPPLIER_COMPOUNDS","1997","2001","IMSA GT/GTS — 1994-2001","Firestone","supplier catalog/manual","1"
"W06_SUPPLIER_COMPOUNDS","1966","1969","GT40-era endurance","Avon","supplier technical/press document","1"
"W06_SUPPLIER_COMPOUNDS","2002","2010","Formula 3 — 1991-2010","Michelin","period technical/race article","1"
"W06_SUPPLIER_COMPOUNDS","1987","1991","World Rally Championship — 1987-2001","Goodyear","supplier technical/press document","1"
"W06_SUPPLIER_COMPOUNDS","1972","1976","Formula 1 — 3-litre/cross-ply-to-radial transition","Bridgestone/other","period technical/race article","1"
"W06_SUPPLIER_COMPOUNDS","1950","1959","Sports racing / prototypes — 1950-1963","Pirelli","supplier technical/press document","1"
"W06_SUPPLIER_COMPOUNDS","1992","1996","General Racing Tire","Firestone","period technical/race article","1"
"W06_SUPPLIER_COMPOUNDS","1977","1981","Trans-Am — 1973-1981","Dunlop","supplier technical/press document","1"
"W06_SUPPLIER_COMPOUNDS","1960","1965","Club single-seater — pre-Formula Ford","Avon","period technical/race article","1"
"W06_SUPPLIER_COMPOUNDS","1997","2001","Group A / production touring — 1993-2001","Michelin","supplier technical/press document","1"
"W06_SUPPLIER_COMPOUNDS","1982","1986","Japanese GT / touring — pre-JGTC","Goodyear","period technical/race article","1"
"W06_SUPPLIER_COMPOUNDS","1972","1976","Group 4 Special GT — 1970-1981","Goodyear","period race report / technical feature","1"
"W06_SUPPLIER_COMPOUNDS","1958","1959","Formula Junior","Bridgestone/other","entry list/program","1"
"W06_SUPPLIER_COMPOUNDS","1992","1996","World Rally Championship — 1987-2001","Pirelli","period race report / technical feature","1"
"W06_SUPPLIER_COMPOUNDS","1977","1981","Formula 1 — 3-litre/cross-ply-to-radial transition","Firestone","entry list/program","1"
"W06_SUPPLIER_COMPOUNDS","1960","1963","Sports racing / prototypes — 1950-1963","Dunlop","period race report / technical feature","1"
"W06_SUPPLIER_COMPOUNDS","1997","2001","General Racing Tire","Avon","entry list/program","1"
"W06_SUPPLIER_COMPOUNDS","1982","1986","Trans-Am — 1982-2001","Michelin","period race report / technical feature","1"
"W06_SUPPLIER_COMPOUNDS","1966","1971","Historic Racing Reference","Goodyear","entry list/program","1"
"W06_SUPPLIER_COMPOUNDS","2002","1969","Group 4 Sports Cars — 1966-1969","Bridgestone/other","period race report / technical feature","1"
"W06_SUPPLIER_COMPOUNDS","1987","1991","Group C","Pirelli","entry list/program","1"
"W06_SUPPLIER_COMPOUNDS","1977","1981","Group 4 Special GT — 1970-1981","Michelin","event/regulatory bulletin","1"
"W06_SUPPLIER_COMPOUNDS","1960","1963","Formula Junior","Goodyear","supplier catalog/manual","1"
"W06_SUPPLIER_COMPOUNDS","1997","2001","World Rally Championship — 1987-2001","Bridgestone/other","event/regulatory bulletin","1"
"W06_SUPPLIER_COMPOUNDS","1982","1986","Formula 1 — turbo/radial slick era","Pirelli","supplier catalog/manual","1"
"W06_SUPPLIER_COMPOUNDS","1966","1969","Group 2 / ETCC — 1963-1969","Michelin","event/regulatory bulletin","1"
"W06_SUPPLIER_COMPOUNDS","2002","2010","General Tire Mechanics","Goodyear","supplier catalog/manual","1"
"W06_SUPPLIER_COMPOUNDS","1987","1991","NASCAR stock car — 1972-1991","Bridgestone/other","event/regulatory bulletin","1"
"W06_SUPPLIER_COMPOUNDS","1972","1976","Historic Racing Reference","Pirelli","supplier catalog/manual","1"
"W06_SUPPLIER_COMPOUNDS","1950","1959","Sports racing / prototypes — 1950-1963","Firestone","event/regulatory bulletin","1"
"W06_SUPPLIER_COMPOUNDS","1993","1996","Le Mans Prototype transition","Dunlop","supplier catalog/manual","1"
"W06_SUPPLIER_COMPOUNDS","1977","1981","Can-Am — revival","Avon","event/regulatory bulletin","1"
"W06_SUPPLIER_COMPOUNDS","1960","1965","US GT / sports racing — pre-IMSA GT","Michelin","supplier catalog/manual","1"
"W06_SUPPLIER_COMPOUNDS","1997","2001","Historic Racing Reference","Goodyear","event/regulatory bulletin","1"
"W06_SUPPLIER_COMPOUNDS","1982","1986","Group C","Bridgestone/other","supplier technical/press document","1"
"W06_SUPPLIER_COMPOUNDS","1966","1971","USAC Championship Car / Indianapolis","Pirelli","period technical/race article","1"
"W06_SUPPLIER_COMPOUNDS","2002","2009","FIA GT — 1997-2009","Firestone","supplier technical/press document","1"
"W06_SUPPLIER_COMPOUNDS","1987","1991","International Formula 3000","Dunlop","period technical/race article","1"
"W06_SUPPLIER_COMPOUNDS","1972","1975","Group 2 / ETCC — 1970-1975","Avon","supplier technical/press document","1"
"W06_SUPPLIER_COMPOUNDS","1950","1959","General Tire Mechanics","Michelin","period technical/race article","1"
"W06_SUPPLIER_COMPOUNDS","1992","1996","NASCAR stock car — 1992-2010","Goodyear","supplier technical/press document","1"
"W06_SUPPLIER_COMPOUNDS","1977","1981","Historic Racing Reference","Bridgestone/other","period technical/race article","1"
"W06_SUPPLIER_COMPOUNDS","1960","1963","Sports racing / prototypes — 1950-1963","Avon","supplier technical/press document","1"
"W06_SUPPLIER_COMPOUNDS","1997","1999","Le Mans Prototype transition","Michelin","period technical/race article","1"
"W06_SUPPLIER_COMPOUNDS","1982","1986","Can-Am — revival","Goodyear","supplier technical/press document","1"
"W06_SUPPLIER_COMPOUNDS","1966","1971","Japanese GT / touring — pre-JGTC","Bridgestone/other","period technical/race article","1"
"W06_SUPPLIER_COMPOUNDS","2002","2010","Historic Racing Reference","Pirelli","supplier technical/press document","1"
"W06_SUPPLIER_COMPOUNDS","1987","1991","IMSA GT — 1982-1993","Firestone","period race report / technical feature","1"
"W06_SUPPLIER_COMPOUNDS","1972","1976","USAC Championship Car / Indianapolis","Dunlop","entry list/program","1"
"W06_SUPPLIER_COMPOUNDS","1992","1996","International Formula 3000","Michelin","entry list/program","1"
"W06_SUPPLIER_COMPOUNDS","1977","1981","Group 2 / ETCC — 1976-1981","Goodyear","period race report / technical feature","1"
"W06_SUPPLIER_COMPOUNDS","1960","1965","General Tire Mechanics","Bridgestone/other","entry list/program","1"
"W06_SUPPLIER_COMPOUNDS","1997","2001","NASCAR stock car — 1992-2010","Pirelli","period race report / technical feature","1"
"W06_SUPPLIER_COMPOUNDS","1982","1986","Historic Racing Reference","Firestone","entry list/program","1"
"W06_SUPPLIER_COMPOUNDS","1966","1971","Trans-Am — 1966-1972","Dunlop","period race report / technical feature","1"
"W06_SUPPLIER_COMPOUNDS","2002","2010","Formula Ford — 1993-2010","Avon","entry list/program","1"
"W06_SUPPLIER_COMPOUNDS","1994","1996","IMSA GT/GTS — 1994-2001","Avon","event/regulatory bulletin","1"
"W06_SUPPLIER_COMPOUNDS","1979","1981","CART / Indy-car","Michelin","supplier catalog/manual","1"
"W06_SUPPLIER_COMPOUNDS","1960","1963","Sports racing / prototypes — 1950-1963","Goodyear","event/regulatory bulletin","1"
"W06_SUPPLIER_COMPOUNDS","1997","2001","International Formula 3000","Bridgestone/other","supplier catalog/manual","1"
"W06_SUPPLIER_COMPOUNDS","1982","1986","Group A touring — 1982-1992","Pirelli","event/regulatory bulletin","1"
"W06_SUPPLIER_COMPOUNDS","1966","1971","Formula 1 — 3-litre/cross-ply-to-radial transition","Firestone","supplier catalog/manual","1"
"W06_SUPPLIER_COMPOUNDS","2002","1993","IMSA GTP","Dunlop","event/regulatory bulletin","1"
"W06_SUPPLIER_COMPOUNDS","1987","1991","General Racing Tire","Avon","supplier catalog/manual","1"
"W06_SUPPLIER_COMPOUNDS","1972","1976","IMSA GT — 1971-1981","Michelin","event/regulatory bulletin","1"
"W06_SUPPLIER_COMPOUNDS","1950","1959","Club single-seater — pre-Formula Ford","Goodyear","supplier catalog/manual","1"
"W06_SUPPLIER_COMPOUNDS","1997","2001","IMSA GT/GTS — 1994-2001","Dunlop","supplier technical/press document","1"
"W06_SUPPLIER_COMPOUNDS","1982","1986","CART / Indy-car","Avon","period technical/race article","1"
"W06_SUPPLIER_COMPOUNDS","1966","1969","GT40-era endurance","Michelin","supplier technical/press document","1"
"W06_SUPPLIER_COMPOUNDS","2002","2010","Formula 3 — 1991-2010","Firestone","period technical/race article","1"
"W06_SUPPLIER_COMPOUNDS","1987","1991","World Rally Championship — 1987-2001","Dunlop","supplier technical/press document","1"
"W06_SUPPLIER_COMPOUNDS","1972","1976","Formula 1 — 3-litre/cross-ply-to-radial transition","Avon","period technical/race article","1"
"W06_SUPPLIER_COMPOUNDS","1950","1959","Sports racing / prototypes — 1950-1963","Michelin","supplier technical/press document","1"
"W06_SUPPLIER_COMPOUNDS","1992","1996","General Racing Tire","Goodyear","period technical/race article","1"
"W06_SUPPLIER_COMPOUNDS","1977","1981","Trans-Am — 1973-1981","Bridgestone/other","supplier technical/press document","1"
"W06_SUPPLIER_COMPOUNDS","1960","1965","Club single-seater — pre-Formula Ford","Pirelli","period technical/race article","1"
"W06_SUPPLIER_COMPOUNDS","1997","2001","Group A / production touring — 1993-2001","Firestone","supplier technical/press document","1"
"W06_SUPPLIER_COMPOUNDS","1982","1986","Japanese GT / touring — pre-JGTC","Dunlop","period technical/race article","1"
"W06_SUPPLIER_COMPOUNDS","2005","2010","GT2 / GTS — 2005-2010 sanction-specific","Michelin","period race report / technical feature","1"
"W06_SUPPLIER_COMPOUNDS","1987","1991","Historic Racing Reference","Goodyear","entry list/program","1"
"W06_SUPPLIER_COMPOUNDS","1972","1976","Group 4 Special GT — 1970-1981","Bridgestone/other","period race report / technical feature","1"
"W06_SUPPLIER_COMPOUNDS","1958","1959","Formula Junior","Pirelli","entry list/program","1"
"W06_SUPPLIER_COMPOUNDS","1992","1996","World Rally Championship — 1987-2001","Firestone","period race report / technical feature","1"
"W06_SUPPLIER_COMPOUNDS","1977","1981","Formula 1 — 3-litre/cross-ply-to-radial transition","Dunlop","entry list/program","1"
"W06_SUPPLIER_COMPOUNDS","1960","1963","Sports racing / prototypes — 1950-1963","Avon","period race report / technical feature","1"
"W06_SUPPLIER_COMPOUNDS","1997","2001","General Racing Tire","Pirelli","entry list/program","1"
"W06_SUPPLIER_COMPOUNDS","1982","1986","Trans-Am — 1982-2001","Firestone","period race report / technical feature","1"
"W06_SUPPLIER_COMPOUNDS","1966","1971","Historic Racing Reference","Dunlop","entry list/program","1"
"W06_SUPPLIER_COMPOUNDS","2002","1969","Group 4 Sports Cars — 1966-1969","Avon","period race report / technical feature","1"
"W06_SUPPLIER_COMPOUNDS","1987","1991","Group C","Michelin","entry list/program","1"
"W06_SUPPLIER_COMPOUNDS","1972","1976","Sports racing / prototypes — 1972-1981","Goodyear","period race report / technical feature","1"
"W06_SUPPLIER_COMPOUNDS","1950","1959","US GT / sports racing — pre-IMSA GT","Bridgestone/other","event/regulatory bulletin","1"
"W06_SUPPLIER_COMPOUNDS","1992","1996","Historic Racing Reference","Pirelli","supplier catalog/manual","1"
"W06_SUPPLIER_COMPOUNDS","1977","1981","Group 4 Special GT — 1970-1981","Firestone","event/regulatory bulletin","1"
"W06_SUPPLIER_COMPOUNDS","1960","1963","Formula Junior","Dunlop","supplier catalog/manual","1"
"W06_SUPPLIER_COMPOUNDS","1997","2001","World Rally Championship — 1987-2001","Avon","event/regulatory bulletin","1"
"W06_SUPPLIER_COMPOUNDS","1982","1986","Formula 1 — turbo/radial slick era","Michelin","supplier catalog/manual","1"
"W06_SUPPLIER_COMPOUNDS","1966","1969","Group 2 / ETCC — 1963-1969","Goodyear","event/regulatory bulletin","1"
"W06_SUPPLIER_COMPOUNDS","2002","2010","General Tire Mechanics","Bridgestone/other","supplier catalog/manual","1"
"W06_SUPPLIER_COMPOUNDS","1987","1991","NASCAR stock car — 1972-1991","Pirelli","event/regulatory bulletin","1"
"W06_SUPPLIER_COMPOUNDS","1972","1976","Historic Racing Reference","Firestone","supplier catalog/manual","1"
"W06_SUPPLIER_COMPOUNDS","1993","1996","Le Mans Prototype transition","Bridgestone/other","supplier catalog/manual","1"
"W06_SUPPLIER_COMPOUNDS","1960","1965","US GT / sports racing — pre-IMSA GT","Firestone","supplier technical/press document","1"
"W06_SUPPLIER_COMPOUNDS","1997","2001","Historic Racing Reference","Dunlop","period technical/race article","1"
"W06_SUPPLIER_COMPOUNDS","1982","1986","Group C","Avon","supplier technical/press document","1"
"W06_SUPPLIER_COMPOUNDS","1966","1971","USAC Championship Car / Indianapolis","Michelin","period technical/race article","1"
"W06_SUPPLIER_COMPOUNDS","2002","2009","FIA GT — 1997-2009","Goodyear","supplier technical/press document","1"
"W06_SUPPLIER_COMPOUNDS","1987","1991","International Formula 3000","Bridgestone/other","period technical/race article","1"
"W06_SUPPLIER_COMPOUNDS","1972","1975","Group 2 / ETCC — 1970-1975","Pirelli","supplier technical/press document","1"
"W06_SUPPLIER_COMPOUNDS","1950","1959","General Tire Mechanics","Firestone","period technical/race article","1"
"W06_SUPPLIER_COMPOUNDS","1992","1996","NASCAR stock car — 1992-2010","Dunlop","supplier technical/press document","1"
"W06_SUPPLIER_COMPOUNDS","1977","1981","Historic Racing Reference","Avon","period technical/race article","1"
"W06_SUPPLIER_COMPOUNDS","1966","1971","Japanese GT / touring — pre-JGTC","Pirelli","period race report / technical feature","1"
"W06_SUPPLIER_COMPOUNDS","2002","2010","Historic Racing Reference","Firestone","entry list/program","1"
"W06_SUPPLIER_COMPOUNDS","1987","1991","IMSA GT — 1982-1993","Goodyear","period race report / technical feature","1"
"W06_SUPPLIER_COMPOUNDS","1972","1976","USAC Championship Car / Indianapolis","Bridgestone/other","entry list/program","1"
"W06_SUPPLIER_COMPOUNDS","1950","1959","Sports racing / prototypes — 1950-1963","Pirelli","period race report / technical feature","1"
"W06_SUPPLIER_COMPOUNDS","1992","1996","International Formula 3000","Firestone","entry list/program","1"
"W06_SUPPLIER_COMPOUNDS","1977","1981","Group 2 / ETCC — 1976-1981","Dunlop","period race report / technical feature","1"
"W06_SUPPLIER_COMPOUNDS","1960","1965","General Tire Mechanics","Avon","entry list/program","1"
"W06_SUPPLIER_COMPOUNDS","1997","2001","NASCAR stock car — 1992-2010","Michelin","period race report / technical feature","1"
"W06_SUPPLIER_COMPOUNDS","1982","1986","Historic Racing Reference","Goodyear","entry list/program","1"
"W06_SUPPLIER_COMPOUNDS","1966","1971","Trans-Am — 1966-1972","Bridgestone/other","period race report / technical feature","1"
"W06_SUPPLIER_COMPOUNDS","1972","1976","Japanese GT / touring — pre-JGTC","Dunlop","event/regulatory bulletin","1"
"W06_SUPPLIER_COMPOUNDS","1994","1996","IMSA GT/GTS — 1994-2001","Michelin","event/regulatory bulletin","1"
"W06_SUPPLIER_COMPOUNDS","1979","1981","CART / Indy-car","Goodyear","supplier catalog/manual","1"
"W06_SUPPLIER_COMPOUNDS","1960","1963","Sports racing / prototypes — 1950-1963","Bridgestone/other","event/regulatory bulletin","1"
"W06_SUPPLIER_COMPOUNDS","1997","2001","International Formula 3000","Pirelli","supplier catalog/manual","1"
"W06_SUPPLIER_COMPOUNDS","1982","1986","Group A touring — 1982-1992","Michelin","event/regulatory bulletin","1"
"W06_SUPPLIER_COMPOUNDS","1966","1971","Formula 1 — 3-litre/cross-ply-to-radial transition","Goodyear","supplier catalog/manual","1"
"W06_SUPPLIER_COMPOUNDS","2002","1993","IMSA GTP","Bridgestone/other","event/regulatory bulletin","1"
"W06_SUPPLIER_COMPOUNDS","1987","1991","General Racing Tire","Pirelli","supplier catalog/manual","1"
"W06_SUPPLIER_COMPOUNDS","1972","1976","IMSA GT — 1971-1981","Firestone","event/regulatory bulletin","1"
"W06_SUPPLIER_COMPOUNDS","1950","1959","Club single-seater — pre-Formula Ford","Dunlop","supplier catalog/manual","1"
"W06_SUPPLIER_COMPOUNDS","1993","1996","Group A / production touring — 1993-2001","Avon","event/regulatory bulletin","1"
"W06_SUPPLIER_COMPOUNDS","1977","1981","Japanese GT / touring — pre-JGTC","Michelin","supplier technical/press document","1"
"W06_SUPPLIER_COMPOUNDS","1960","1965","Historic Racing Reference","Goodyear","period technical/race article","1"
"W06_SUPPLIER_COMPOUNDS","1997","2001","IMSA GT/GTS — 1994-2001","Bridgestone/other","supplier technical/press document","1"
"W06_SUPPLIER_COMPOUNDS","1982","1986","CART / Indy-car","Pirelli","period technical/race article","1"
"W06_SUPPLIER_COMPOUNDS","1966","1969","GT40-era endurance","Firestone","supplier technical/press document","1"
"W06_SUPPLIER_COMPOUNDS","2002","2010","Formula 3 — 1991-2010","Dunlop","period technical/race article","1"
"W06_SUPPLIER_COMPOUNDS","1987","1991","World Rally Championship — 1987-2001","Avon","supplier technical/press document","1"
"W06_SUPPLIER_COMPOUNDS","1972","1976","Formula 1 — 3-litre/cross-ply-to-radial transition","Michelin","period technical/race article","1"
"W06_SUPPLIER_COMPOUNDS","1950","1959","Sports racing / prototypes — 1950-1963","Goodyear","supplier technical/press document","1"
"W06_SUPPLIER_COMPOUNDS","1992","1996","General Racing Tire","Bridgestone/other","period technical/race article","1"
"W06_SUPPLIER_COMPOUNDS","1977","1981","Trans-Am — 1973-1981","Avon","supplier technical/press document","1"
"W06_SUPPLIER_COMPOUNDS","1960","1965","Club single-seater — pre-Formula Ford","Michelin","period technical/race article","1"
"W06_SUPPLIER_COMPOUNDS","1982","1986","Japanese GT / touring — pre-JGTC","Bridgestone/other","period race report / technical feature","1"
"W06_SUPPLIER_COMPOUNDS","1966","1971","Can-Am — original","Pirelli","entry list/program","1"
"W06_SUPPLIER_COMPOUNDS","2005","2010","GT2 / GTS — 2005-2010 sanction-specific","Firestone","period race report / technical feature","1"
"W06_SUPPLIER_COMPOUNDS","1987","1991","Historic Racing Reference","Dunlop","entry list/program","1"
"W06_SUPPLIER_COMPOUNDS","1972","1976","Group 4 Special GT — 1970-1981","Avon","period race report / technical feature","1"
"W06_SUPPLIER_COMPOUNDS","1958","1959","Formula Junior","Michelin","entry list/program","1"
"W06_SUPPLIER_COMPOUNDS","1992","1996","World Rally Championship — 1987-2001","Goodyear","period race report / technical feature","1"
"W06_SUPPLIER_COMPOUNDS","1977","1981","Formula 1 — 3-litre/cross-ply-to-radial transition","Bridgestone/other","entry list/program","1"
"W06_SUPPLIER_COMPOUNDS","1960","1963","Sports racing / prototypes — 1950-1963","Pirelli","period race report / technical feature","1"
"W06_SUPPLIER_COMPOUNDS","1997","2001","General Racing Tire","Firestone","entry list/program","1"
"W06_SUPPLIER_COMPOUNDS","1987","1991","Group C","Goodyear","event/regulatory bulletin","1"
"W06_SUPPLIER_COMPOUNDS","1972","1976","Sports racing / prototypes — 1972-1981","Dunlop","supplier catalog/manual","1"
"W06_SUPPLIER_COMPOUNDS","1950","1959","US GT / sports racing — pre-IMSA GT","Avon","event/regulatory bulletin","1"
"W06_SUPPLIER_COMPOUNDS","1992","1996","Historic Racing Reference","Michelin","supplier catalog/manual","1"
"W06_SUPPLIER_COMPOUNDS","1977","1981","Group 4 Special GT — 1970-1981","Goodyear","event/regulatory bulletin","1"
"W06_SUPPLIER_COMPOUNDS","1960","1963","Formula Junior","Bridgestone/other","supplier catalog/manual","1"
"W06_SUPPLIER_COMPOUNDS","1997","2001","World Rally Championship — 1987-2001","Pirelli","event/regulatory bulletin","1"
"W06_SUPPLIER_COMPOUNDS","1982","1986","Formula 1 — turbo/radial slick era","Firestone","supplier catalog/manual","1"
"W06_SUPPLIER_COMPOUNDS","1966","1969","Group 2 / ETCC — 1963-1969","Dunlop","event/regulatory bulletin","1"
"W06_SUPPLIER_COMPOUNDS","2002","2010","General Tire Mechanics","Avon","supplier catalog/manual","1"
"W06_SUPPLIER_COMPOUNDS","1993","1996","Le Mans Prototype transition","Pirelli","supplier technical/press document","1"
"W06_SUPPLIER_COMPOUNDS","1977","1981","Can-Am — revival","Firestone","period technical/race article","1"
"W06_SUPPLIER_COMPOUNDS","1960","1965","US GT / sports racing — pre-IMSA GT","Dunlop","supplier technical/press document","1"
"W06_SUPPLIER_COMPOUNDS","1997","2001","Historic Racing Reference","Avon","period technical/race article","1"
"W06_SUPPLIER_COMPOUNDS","1982","1986","Group C","Michelin","supplier technical/press document","1"
"W06_SUPPLIER_COMPOUNDS","1966","1971","USAC Championship Car / Indianapolis","Firestone","period technical/race article","1"
"W06_SUPPLIER_COMPOUNDS","2002","2009","FIA GT — 1997-2009","Dunlop","supplier technical/press document","1"
"W06_SUPPLIER_COMPOUNDS","1987","1991","International Formula 3000","Avon","period technical/race article","1"
"W06_SUPPLIER_COMPOUNDS","1972","1975","Group 2 / ETCC — 1970-1975","Michelin","supplier technical/press document","1"
"W06_SUPPLIER_COMPOUNDS","1950","1959","General Tire Mechanics","Goodyear","period technical/race article","1"
"W06_SUPPLIER_COMPOUNDS","1992","1996","NASCAR stock car — 1992-2010","Bridgestone/other","supplier technical/press document","1"
"W06_SUPPLIER_COMPOUNDS","1977","1981","Historic Racing Reference","Pirelli","period technical/race article","1"
"W06_SUPPLIER_COMPOUNDS","1960","1963","Sports racing / prototypes — 1950-1963","Firestone","supplier technical/press document","1"
"W06_SUPPLIER_COMPOUNDS","1997","1999","Le Mans Prototype transition","Dunlop","period race report / technical feature","1"
"W06_SUPPLIER_COMPOUNDS","1982","1986","Can-Am — revival","Avon","entry list/program","1"
"W06_SUPPLIER_COMPOUNDS","1966","1971","Japanese GT / touring — pre-JGTC","Michelin","period race report / technical feature","1"
"W06_SUPPLIER_COMPOUNDS","2002","2010","Historic Racing Reference","Goodyear","entry list/program","1"
"W06_SUPPLIER_COMPOUNDS","1987","1991","IMSA GT — 1982-1993","Bridgestone/other","period race report / technical feature","1"
"W06_SUPPLIER_COMPOUNDS","1972","1976","USAC Championship Car / Indianapolis","Pirelli","entry list/program","1"
"W06_SUPPLIER_COMPOUNDS","1992","1996","International Formula 3000","Dunlop","entry list/program","1"
"W06_SUPPLIER_COMPOUNDS","1977","1981","Group 2 / ETCC — 1976-1981","Avon","period race report / technical feature","1"
"W06_SUPPLIER_COMPOUNDS","1960","1965","General Tire Mechanics","Pirelli","entry list/program","1"
"W06_SUPPLIER_COMPOUNDS","1997","2001","NASCAR stock car — 1992-2010","Firestone","period race report / technical feature","1"
"W06_SUPPLIER_COMPOUNDS","1982","1986","Historic Racing Reference","Dunlop","entry list/program","1"
"W06_SUPPLIER_COMPOUNDS","2002","2010","Formula Ford — 1993-2010","Michelin","event/regulatory bulletin","1"
"W06_SUPPLIER_COMPOUNDS","1987","1991","Group A touring — 1982-1992","Goodyear","supplier catalog/manual","1"
"W06_SUPPLIER_COMPOUNDS","1972","1976","Japanese GT / touring — pre-JGTC","Bridgestone/other","event/regulatory bulletin","1"
"W06_SUPPLIER_COMPOUNDS","1950","1959","Sports racing / prototypes — 1950-1963","Pirelli","supplier catalog/manual","1"
"W06_SUPPLIER_COMPOUNDS","1994","1996","IMSA GT/GTS — 1994-2001","Firestone","event/regulatory bulletin","1"
"W06_SUPPLIER_COMPOUNDS","1979","1981","CART / Indy-car","Dunlop","supplier catalog/manual","1"
"W06_SUPPLIER_COMPOUNDS","1960","1963","Sports racing / prototypes — 1950-1963","Avon","event/regulatory bulletin","1"
"W06_SUPPLIER_COMPOUNDS","1997","2001","International Formula 3000","Michelin","supplier catalog/manual","1"
"W06_SUPPLIER_COMPOUNDS","1982","1986","Group A touring — 1982-1992","Goodyear","event/regulatory bulletin","1"
"W06_SUPPLIER_COMPOUNDS","1966","1971","Formula 1 — 3-litre/cross-ply-to-radial transition","Bridgestone/other","supplier catalog/manual","1"
"W06_SUPPLIER_COMPOUNDS","1950","1959","Club single-seater — pre-Formula Ford","Bridgestone/other","supplier technical/press document","1"
"W06_SUPPLIER_COMPOUNDS","1993","1996","Group A / production touring — 1993-2001","Pirelli","period technical/race article","1"
"W06_SUPPLIER_COMPOUNDS","1977","1981","Japanese GT / touring — pre-JGTC","Firestone","supplier technical/press document","1"
"W06_SUPPLIER_COMPOUNDS","1960","1965","Historic Racing Reference","Dunlop","period technical/race article","1"
"W06_SUPPLIER_COMPOUNDS","1997","2001","IMSA GT/GTS — 1994-2001","Avon","supplier technical/press document","1"
"W06_SUPPLIER_COMPOUNDS","1982","1986","CART / Indy-car","Michelin","period technical/race article","1"
"W06_SUPPLIER_COMPOUNDS","1966","1969","GT40-era endurance","Goodyear","supplier technical/press document","1"
"W06_SUPPLIER_COMPOUNDS","2002","2010","Formula 3 — 1991-2010","Bridgestone/other","period technical/race article","1"
"W06_SUPPLIER_COMPOUNDS","1987","1991","World Rally Championship — 1987-2001","Pirelli","supplier technical/press document","1"
"W06_SUPPLIER_COMPOUNDS","1972","1976","Formula 1 — 3-litre/cross-ply-to-radial transition","Firestone","period technical/race article","1"
"W06_SUPPLIER_COMPOUNDS","1960","1965","Club single-seater — pre-Formula Ford","Goodyear","period race report / technical feature","1"
"W06_SUPPLIER_COMPOUNDS","1997","2001","Group A / production touring — 1993-2001","Bridgestone/other","entry list/program","1"
"W06_SUPPLIER_COMPOUNDS","1982","1986","Japanese GT / touring — pre-JGTC","Pirelli","period race report / technical feature","1"
"W07_FITMENT_GEOMETRY_REGS","1987","1991","Trans-Am — 1982-2001","Goodyear","regulation","1"
"W07_FITMENT_GEOMETRY_REGS","1972","1976","Formula Ford — 1967-1976","Bridgestone/other","homologation form","1"
"W07_FITMENT_GEOMETRY_REGS","1950","1959","Touring / saloon racing — pre-1963","Pirelli","regulation","1"
"W07_FITMENT_GEOMETRY_REGS","1994","1996","JGTC — 1994-1999 (GT1/GT2 terminology)","Firestone","homologation form","1"
"W07_FITMENT_GEOMETRY_REGS","1977","1981","Sports racing / prototypes — 1972-1981","Dunlop","regulation","1"
"W07_FITMENT_GEOMETRY_REGS","1960","1965","US GT / sports racing — pre-IMSA GT","Avon","homologation form","1"
"W07_FITMENT_GEOMETRY_REGS","1997","2001","CART / Indy-car","Michelin","regulation","1"
"W07_FITMENT_GEOMETRY_REGS","1982","1986","Group C","Goodyear","homologation form","1"
"W07_FITMENT_GEOMETRY_REGS","1966","1970","Formula 3 — 1964-1970","Bridgestone/other","regulation","1"
"W07_FITMENT_GEOMETRY_REGS","2002","2010","World Rally Championship — 2002-2010","Pirelli","homologation form","1"
"W07_FITMENT_GEOMETRY_REGS","1972","1976","Sports racing / prototypes — 1972-1981","Dunlop","period regulation","1"
"W07_FITMENT_GEOMETRY_REGS","1950","1959","General Racing Tire","Avon","supplier racing catalog","1"
"W07_FITMENT_GEOMETRY_REGS","1992","1996","Trans-Am — 1982-2001","Michelin","period regulation","1"
"W07_FITMENT_GEOMETRY_REGS","1977","1981","Formula Ford — 1977-1981","Firestone","supplier racing catalog","1"
"W07_FITMENT_GEOMETRY_REGS","1963","1965","Group 2 / ETCC — 1963-1969","Dunlop","period regulation","1"
"W07_FITMENT_GEOMETRY_REGS","1997","1999","JGTC — 1994-1999 (GT1/GT2 terminology)","Avon","supplier racing catalog","1"
"W07_FITMENT_GEOMETRY_REGS","1982","1986","Can-Am — revival","Michelin","period regulation","1"
"W07_FITMENT_GEOMETRY_REGS","1966","1970","US GT / sports racing — pre-IMSA GT","Goodyear","supplier racing catalog","1"
"W07_FITMENT_GEOMETRY_REGS","2002","2010","Historic Racing Reference","Bridgestone/other","period regulation","1"
"W07_FITMENT_GEOMETRY_REGS","1987","1991","Group C","Pirelli","supplier racing catalog","1"
"W07_FITMENT_GEOMETRY_REGS","1974","1976","Formula 3 — 1974-1986","Firestone","period regulation","1"
"W07_FITMENT_GEOMETRY_REGS","1950","1959","International rally — pre-WRC","Dunlop","supplier racing catalog","1"
"W07_FITMENT_GEOMETRY_REGS","1992","1996","Formula 1 — 1990s radial slick/grooved transition","Avon","official bulletin","1"
"W07_FITMENT_GEOMETRY_REGS","1977","1981","Sports racing / prototypes — 1972-1981","Michelin","period program/entry documentation","1"
"W07_FITMENT_GEOMETRY_REGS","1960","1965","General Racing Tire","Goodyear","official bulletin","1"
"W07_FITMENT_GEOMETRY_REGS","1997","2001","Trans-Am — 1982-2001","Bridgestone/other","period program/entry documentation","1"
"W07_FITMENT_GEOMETRY_REGS","1982","1986","Historic Racing Reference","Pirelli","official bulletin","1"
"W07_FITMENT_GEOMETRY_REGS","1966","1969","Group 4 Sports Cars — 1966-1969","Firestone","period program/entry documentation","1"
"W07_FITMENT_GEOMETRY_REGS","2004","2010","LMP1 / LMP2","Dunlop","official bulletin","1"
"W07_FITMENT_GEOMETRY_REGS","1987","1974","Can-Am — original","Avon","period program/entry documentation","1"
"W07_FITMENT_GEOMETRY_REGS","1972","1976","Group 4 Special GT — 1970-1981","Pirelli","official bulletin","1"
"W07_FITMENT_GEOMETRY_REGS","1950","1959","Sports racing / prototypes — 1950-1963","Firestone","period program/entry documentation","1"
"W07_FITMENT_GEOMETRY_REGS","1993","1996","Le Mans Prototype transition","Dunlop","official bulletin","1"
"W07_FITMENT_GEOMETRY_REGS","1977","1981","Formula 3 — 1974-1986","Avon","period program/entry documentation","1"
"W07_FITMENT_GEOMETRY_REGS","1960","1965","International rally — pre-WRC","Michelin","official bulletin","1"
"W07_FITMENT_GEOMETRY_REGS","2002","2010","NASCAR stock car — 1992-2010","Firestone","regulation","1"
"W07_FITMENT_GEOMETRY_REGS","1987","1991","Historic Racing Reference","Dunlop","homologation form","1"
"W07_FITMENT_GEOMETRY_REGS","1992","1974","Can-Am — original","Goodyear","regulation","1"
"W07_FITMENT_GEOMETRY_REGS","1977","1981","Group 4 Special GT — 1970-1981","Bridgestone/other","homologation form","1"
"W07_FITMENT_GEOMETRY_REGS","1960","1965","Historic Racing Reference","Pirelli","regulation","1"
"W07_FITMENT_GEOMETRY_REGS","1997","2001","FIA GT — 1997-2009","Firestone","homologation form","1"
"W07_FITMENT_GEOMETRY_REGS","1982","1986","CART / Indy-car","Dunlop","regulation","1"
"W07_FITMENT_GEOMETRY_REGS","1966","1969","GT40-era endurance","Bridgestone/other","homologation form","1"
"W07_FITMENT_GEOMETRY_REGS","1950","1959","NASCAR stock car — 1950-1971","Avon","period regulation","1"
"W07_FITMENT_GEOMETRY_REGS","1992","1996","Historic Racing Reference","Michelin","supplier racing catalog","1"
"W07_FITMENT_GEOMETRY_REGS","1960","1963","Sports racing / prototypes — 1950-1963","Bridgestone/other","supplier racing catalog","1"
"W07_FITMENT_GEOMETRY_REGS","1997","1974","Can-Am — original","Pirelli","period regulation","1"
"W07_FITMENT_GEOMETRY_REGS","1982","1986","Japanese GT / touring — pre-JGTC","Firestone","supplier racing catalog","1"
"W07_FITMENT_GEOMETRY_REGS","1966","1971","Sports racing / prototypes — 1964-1971","Dunlop","period regulation","1"
"W07_FITMENT_GEOMETRY_REGS","2002","1981","IMSA GT — 1971-1981","Avon","supplier racing catalog","1"
"W07_FITMENT_GEOMETRY_REGS","1987","1991","CART / Indy-car","Michelin","period regulation","1"
"W07_FITMENT_GEOMETRY_REGS","1972","1976","Group 4 Special GT — 1970-1981","Goodyear","supplier racing catalog","1"
"W07_FITMENT_GEOMETRY_REGS","1993","1996","DTM / ITC — Class 1","Pirelli","period program/entry documentation","1"
"W07_FITMENT_GEOMETRY_REGS","1977","1981","General Tire Mechanics","Firestone","official bulletin","1"
"W07_FITMENT_GEOMETRY_REGS","1960","1965","NASCAR stock car — 1950-1971","Goodyear","period program/entry documentation","1"
"W07_FITMENT_GEOMETRY_REGS","1997","2001","Historic Racing Reference","Bridgestone/other","official bulletin","1"
"W07_FITMENT_GEOMETRY_REGS","1982","1986","Trans-Am — 1982-2001","Pirelli","period program/entry documentation","1"
"W07_FITMENT_GEOMETRY_REGS","1967","1971","Formula Ford — 1967-1976","Firestone","official bulletin","1"
"W07_FITMENT_GEOMETRY_REGS","2002","1969","Group 2 / ETCC — 1963-1969","Dunlop","period program/entry documentation","1"
"W07_FITMENT_GEOMETRY_REGS","1987","1991","Japanese GT / touring — pre-JGTC","Avon","official bulletin","1"
"W07_FITMENT_GEOMETRY_REGS","1972","1976","Sports racing / prototypes — 1972-1981","Michelin","period program/entry documentation","1"
"W07_FITMENT_GEOMETRY_REGS","1950","1959","US GT / sports racing — pre-IMSA GT","Goodyear","official bulletin","1"
"W07_FITMENT_GEOMETRY_REGS","1992","1996","CART / Indy-car","Bridgestone/other","period program/entry documentation","1"
"W07_FITMENT_GEOMETRY_REGS","1977","1981","Group 4 Special GT — 1970-1981","Pirelli","official bulletin","1"
"W07_FITMENT_GEOMETRY_REGS","1964","1965","Formula 2 — 1964-1966","Firestone","homologation form","1"
"W07_FITMENT_GEOMETRY_REGS","2000","2001","DTM — silhouette era","Dunlop","regulation","1"
"W07_FITMENT_GEOMETRY_REGS","1982","1986","Formula 1 — turbo/radial slick era","Avon","homologation form","1"
"W07_FITMENT_GEOMETRY_REGS","1966","1971","Sports racing / prototypes — 1964-1971","Michelin","regulation","1"
"W07_FITMENT_GEOMETRY_REGS","2002","2010","General Racing Tire","Goodyear","homologation form","1"
"W07_FITMENT_GEOMETRY_REGS","1987","1991","Trans-Am — 1982-2001","Bridgestone/other","regulation","1"
"W07_FITMENT_GEOMETRY_REGS","1972","1976","Formula Ford — 1967-1976","Pirelli","homologation form","1"
"W07_FITMENT_GEOMETRY_REGS","1950","1959","Touring / saloon racing — pre-1963","Michelin","regulation","1"
"W07_FITMENT_GEOMETRY_REGS","1994","1996","JGTC — 1994-1999 (GT1/GT2 terminology)","Goodyear","homologation form","1"
"W07_FITMENT_GEOMETRY_REGS","1977","1981","Sports racing / prototypes — 1972-1981","Bridgestone/other","regulation","1"
"W07_FITMENT_GEOMETRY_REGS","1960","1965","US GT / sports racing — pre-IMSA GT","Pirelli","homologation form","1"
"W07_FITMENT_GEOMETRY_REGS","1997","2001","CART / Indy-car","Firestone","regulation","1"
"W07_FITMENT_GEOMETRY_REGS","1982","1986","Group C","Dunlop","homologation form","1"
"W07_FITMENT_GEOMETRY_REGS","1987","1991","Formula 1 — turbo/radial slick era","Goodyear","supplier racing catalog","1"
"W07_FITMENT_GEOMETRY_REGS","1972","1976","Sports racing / prototypes — 1972-1981","Bridgestone/other","period regulation","1"
"W07_FITMENT_GEOMETRY_REGS","1950","1959","General Racing Tire","Pirelli","supplier racing catalog","1"
"W07_FITMENT_GEOMETRY_REGS","1992","1996","Trans-Am — 1982-2001","Firestone","period regulation","1"
"W07_FITMENT_GEOMETRY_REGS","1977","1981","Formula Ford — 1977-1981","Dunlop","supplier racing catalog","1"
"W07_FITMENT_GEOMETRY_REGS","1963","1965","Group 2 / ETCC — 1963-1969","Avon","period regulation","1"
"W07_FITMENT_GEOMETRY_REGS","1997","1999","JGTC — 1994-1999 (GT1/GT2 terminology)","Michelin","supplier racing catalog","1"
"W07_FITMENT_GEOMETRY_REGS","1982","1986","Can-Am — revival","Goodyear","period regulation","1"
"W07_FITMENT_GEOMETRY_REGS","1966","1970","US GT / sports racing — pre-IMSA GT","Bridgestone/other","supplier racing catalog","1"
"W07_FITMENT_GEOMETRY_REGS","2002","2010","Historic Racing Reference","Avon","period regulation","1"
"W07_FITMENT_GEOMETRY_REGS","1987","1991","Group C","Michelin","supplier racing catalog","1"
"W07_FITMENT_GEOMETRY_REGS","1977","1981","Sports racing / prototypes — 1972-1981","Firestone","period program/entry documentation","1"
"W07_FITMENT_GEOMETRY_REGS","1960","1965","General Racing Tire","Dunlop","official bulletin","1"
"W07_FITMENT_GEOMETRY_REGS","1997","2001","Trans-Am — 1982-2001","Avon","period program/entry documentation","1"
"W07_FITMENT_GEOMETRY_REGS","1982","1986","Historic Racing Reference","Michelin","official bulletin","1"
"W07_FITMENT_GEOMETRY_REGS","1966","1969","Group 4 Sports Cars — 1966-1969","Goodyear","period program/entry documentation","1"
"W07_FITMENT_GEOMETRY_REGS","2004","2010","LMP1 / LMP2","Bridgestone/other","official bulletin","1"
"W07_FITMENT_GEOMETRY_REGS","1987","1974","Can-Am — original","Pirelli","period program/entry documentation","1"
"W07_FITMENT_GEOMETRY_REGS","1972","1976","Group 4 Special GT — 1970-1981","Firestone","official bulletin","1"
"W07_FITMENT_GEOMETRY_REGS","1950","1959","Sports racing / prototypes — 1950-1963","Dunlop","period program/entry documentation","1"
"W07_FITMENT_GEOMETRY_REGS","1993","1996","Le Mans Prototype transition","Avon","official bulletin","1"
"W07_FITMENT_GEOMETRY_REGS","1960","1965","International rally — pre-WRC","Goodyear","regulation","1"
"W07_FITMENT_GEOMETRY_REGS","1982","1986","Group A touring — 1982-1992","Avon","regulation","1"
"W07_FITMENT_GEOMETRY_REGS","1966","1971","General Tire Mechanics","Michelin","homologation form","1"
"W07_FITMENT_GEOMETRY_REGS","2002","2010","NASCAR stock car — 1992-2010","Goodyear","regulation","1"
"W07_FITMENT_GEOMETRY_REGS","1987","1991","Historic Racing Reference","Bridgestone/other","homologation form","1"
"W07_FITMENT_GEOMETRY_REGS","1992","1974","Can-Am — original","Dunlop","regulation","1"
"W07_FITMENT_GEOMETRY_REGS","1977","1981","Group 4 Special GT — 1970-1981","Avon","homologation form","1"
"W07_FITMENT_GEOMETRY_REGS","1960","1965","Historic Racing Reference","Michelin","regulation","1"
"W07_FITMENT_GEOMETRY_REGS","1997","2001","FIA GT — 1997-2009","Goodyear","homologation form","1"
"W07_FITMENT_GEOMETRY_REGS","1982","1986","CART / Indy-car","Bridgestone/other","supplier racing catalog","1"
"W07_FITMENT_GEOMETRY_REGS","1966","1969","GT40-era endurance","Pirelli","period regulation","1"
"W07_FITMENT_GEOMETRY_REGS","2002","2004","International Formula 3000","Firestone","supplier racing catalog","1"
"W07_FITMENT_GEOMETRY_REGS","1987","1991","Group A touring — 1982-1992","Dunlop","period regulation","1"
"W07_FITMENT_GEOMETRY_REGS","1972","1976","General Tire Mechanics","Avon","supplier racing catalog","1"
"W07_FITMENT_GEOMETRY_REGS","1950","1959","NASCAR stock car — 1950-1971","Michelin","period regulation","1"
"W07_FITMENT_GEOMETRY_REGS","1992","1996","Historic Racing Reference","Firestone","supplier racing catalog","1"
"W07_FITMENT_GEOMETRY_REGS","1960","1963","Sports racing / prototypes — 1950-1963","Avon","supplier racing catalog","1"
"W07_FITMENT_GEOMETRY_REGS","1997","1974","Can-Am — original","Michelin","period regulation","1"
"W07_FITMENT_GEOMETRY_REGS","1982","1986","Japanese GT / touring — pre-JGTC","Goodyear","supplier racing catalog","1"
"W07_FITMENT_GEOMETRY_REGS","1966","1971","Sports racing / prototypes — 1964-1971","Bridgestone/other","period regulation","1"
"W07_FITMENT_GEOMETRY_REGS","2002","1981","IMSA GT — 1971-1981","Pirelli","supplier racing catalog","1"
"W07_FITMENT_GEOMETRY_REGS","1972","1976","Group 4 Special GT — 1970-1981","Dunlop","period program/entry documentation","1"
"W07_FITMENT_GEOMETRY_REGS","1956","1959","Formula 2 — 1956-1960","Avon","official bulletin","1"
"W07_FITMENT_GEOMETRY_REGS","1993","1996","DTM / ITC — Class 1","Michelin","period program/entry documentation","1"
"W07_FITMENT_GEOMETRY_REGS","1977","1981","General Tire Mechanics","Goodyear","official bulletin","1"
"W07_FITMENT_GEOMETRY_REGS","1960","1965","NASCAR stock car — 1950-1971","Bridgestone/other","period program/entry documentation","1"
"W07_FITMENT_GEOMETRY_REGS","1997","2001","Historic Racing Reference","Pirelli","official bulletin","1"
"W07_FITMENT_GEOMETRY_REGS","1982","1986","Trans-Am — 1982-2001","Firestone","period program/entry documentation","1"
"W07_FITMENT_GEOMETRY_REGS","1967","1971","Formula Ford — 1967-1976","Dunlop","official bulletin","1"
"W07_FITMENT_GEOMETRY_REGS","2002","1969","Group 2 / ETCC — 1963-1969","Avon","period program/entry documentation","1"
"W07_FITMENT_GEOMETRY_REGS","1987","1991","Japanese GT / touring — pre-JGTC","Pirelli","official bulletin","1"
"W07_FITMENT_GEOMETRY_REGS","1972","1976","Sports racing / prototypes — 1972-1981","Firestone","period program/entry documentation","1"
"W07_FITMENT_GEOMETRY_REGS","1950","1959","US GT / sports racing — pre-IMSA GT","Dunlop","official bulletin","1"
"W07_FITMENT_GEOMETRY_REGS","2000","2001","DTM — silhouette era","Bridgestone/other","regulation","1"
"W07_FITMENT_GEOMETRY_REGS","1982","1986","Formula 1 — turbo/radial slick era","Pirelli","homologation form","1"
"W07_FITMENT_GEOMETRY_REGS","2002","2010","General Racing Tire","Dunlop","homologation form","1"
"W07_FITMENT_GEOMETRY_REGS","1987","1991","Trans-Am — 1982-2001","Avon","regulation","1"
"W07_FITMENT_GEOMETRY_REGS","1972","1976","Formula Ford — 1967-1976","Michelin","homologation form","1"
"W07_FITMENT_GEOMETRY_REGS","1950","1959","Touring / saloon racing — pre-1963","Goodyear","regulation","1"
"W07_FITMENT_GEOMETRY_REGS","1994","1996","JGTC — 1994-1999 (GT1/GT2 terminology)","Bridgestone/other","homologation form","1"
"W07_FITMENT_GEOMETRY_REGS","1977","1981","Sports racing / prototypes — 1972-1981","Pirelli","regulation","1"
"W07_FITMENT_GEOMETRY_REGS","1960","1965","US GT / sports racing — pre-IMSA GT","Firestone","homologation form","1"
"W07_FITMENT_GEOMETRY_REGS","2002","2010","World Rally Championship — 2002-2010","Firestone","period regulation","1"
"W07_FITMENT_GEOMETRY_REGS","1987","1991","Formula 1 — turbo/radial slick era","Dunlop","supplier racing catalog","1"
"W07_FITMENT_GEOMETRY_REGS","1950","1959","General Racing Tire","Michelin","supplier racing catalog","1"
"W07_FITMENT_GEOMETRY_REGS","1992","1996","Trans-Am — 1982-2001","Goodyear","period regulation","1"
"W07_FITMENT_GEOMETRY_REGS","1977","1981","Formula Ford — 1977-1981","Bridgestone/other","supplier racing catalog","1"
"W07_FITMENT_GEOMETRY_REGS","1963","1965","Group 2 / ETCC — 1963-1969","Pirelli","period regulation","1"
"W07_FITMENT_GEOMETRY_REGS","1997","1999","JGTC — 1994-1999 (GT1/GT2 terminology)","Firestone","supplier racing catalog","1"
"W07_FITMENT_GEOMETRY_REGS","1982","1986","Can-Am — revival","Dunlop","period regulation","1"
"W07_FITMENT_GEOMETRY_REGS","1966","1970","US GT / sports racing — pre-IMSA GT","Avon","supplier racing catalog","1"
"W07_FITMENT_GEOMETRY_REGS","2002","2010","Historic Racing Reference","Michelin","official bulletin","1"
"W07_FITMENT_GEOMETRY_REGS","1987","1991","Group C","Goodyear","period program/entry documentation","1"
"W07_FITMENT_GEOMETRY_REGS","1974","1976","Formula 3 — 1974-1986","Bridgestone/other","official bulletin","1"
"W07_FITMENT_GEOMETRY_REGS","1950","1959","International rally — pre-WRC","Pirelli","period program/entry documentation","1"
"W07_FITMENT_GEOMETRY_REGS","1992","1996","Formula 1 — 1990s radial slick/grooved transition","Firestone","official bulletin","1"
"W07_FITMENT_GEOMETRY_REGS","1960","1965","General Racing Tire","Bridgestone/other","official bulletin","1"
"W07_FITMENT_GEOMETRY_REGS","1997","2001","Trans-Am — 1982-2001","Pirelli","period program/entry documentation","1"
"W07_FITMENT_GEOMETRY_REGS","1982","1986","Historic Racing Reference","Firestone","official bulletin","1"
"W07_FITMENT_GEOMETRY_REGS","1966","1969","Group 4 Sports Cars — 1966-1969","Dunlop","period program/entry documentation","1"
"W07_FITMENT_GEOMETRY_REGS","2004","2010","LMP1 / LMP2","Avon","official bulletin","1"
"W07_FITMENT_GEOMETRY_REGS","1987","1974","Can-Am — original","Michelin","period program/entry documentation","1"
"W07_FITMENT_GEOMETRY_REGS","1972","1976","Group 4 Special GT — 1970-1981","Goodyear","official bulletin","1"
"W07_FITMENT_GEOMETRY_REGS","1993","1996","Le Mans Prototype transition","Pirelli","regulation","1"
"W07_FITMENT_GEOMETRY_REGS","1977","1981","Formula 3 — 1974-1986","Firestone","homologation form","1"
"W07_FITMENT_GEOMETRY_REGS","1960","1965","International rally — pre-WRC","Dunlop","regulation","1"
"W07_FITMENT_GEOMETRY_REGS","1997","2001","Formula 1 — 1990s radial slick/grooved transition","Avon","homologation form","1"
"W07_FITMENT_GEOMETRY_REGS","1982","1986","Group A touring — 1982-1992","Michelin","regulation","1"
"W07_FITMENT_GEOMETRY_REGS","1966","1971","General Tire Mechanics","Goodyear","homologation form","1"
"W07_FITMENT_GEOMETRY_REGS","2002","2010","NASCAR stock car — 1992-2010","Bridgestone/other","regulation","1"
"W07_FITMENT_GEOMETRY_REGS","1987","1991","Historic Racing Reference","Pirelli","homologation form","1"
"W07_FITMENT_GEOMETRY_REGS","1992","1974","Can-Am — original","Bridgestone/other","regulation","1"
"W07_FITMENT_GEOMETRY_REGS","1977","1981","Group 4 Special GT — 1970-1981","Pirelli","homologation form","1"
"W07_FITMENT_GEOMETRY_REGS","1966","1969","GT40-era endurance","Michelin","period regulation","1"
"W07_FITMENT_GEOMETRY_REGS","2002","2004","International Formula 3000","Goodyear","supplier racing catalog","1"
"W07_FITMENT_GEOMETRY_REGS","1987","1991","Group A touring — 1982-1992","Bridgestone/other","period regulation","1"
"W07_FITMENT_GEOMETRY_REGS","1972","1976","General Tire Mechanics","Pirelli","supplier racing catalog","1"
"W07_FITMENT_GEOMETRY_REGS","1950","1959","NASCAR stock car — 1950-1971","Firestone","period regulation","1"
"W07_FITMENT_GEOMETRY_REGS","1992","1996","Historic Racing Reference","Dunlop","supplier racing catalog","1"
"W07_FITMENT_GEOMETRY_REGS","1977","1981","Group 4 Special GT — 1970-1981","Avon","period regulation","1"
"W07_FITMENT_GEOMETRY_REGS","1960","1963","Sports racing / prototypes — 1950-1963","Michelin","supplier racing catalog","1"
"W07_FITMENT_GEOMETRY_REGS","1997","1974","Can-Am — original","Goodyear","period regulation","1"
"W07_FITMENT_GEOMETRY_REGS","1982","1986","Japanese GT / touring — pre-JGTC","Bridgestone/other","supplier racing catalog","1"
"W07_FITMENT_GEOMETRY_REGS","1972","1976","Group 4 Special GT — 1970-1981","Bridgestone/other","period program/entry documentation","1"
"W07_FITMENT_GEOMETRY_REGS","1956","1959","Formula 2 — 1956-1960","Pirelli","official bulletin","1"
"W07_FITMENT_GEOMETRY_REGS","1993","1996","DTM / ITC — Class 1","Firestone","period program/entry documentation","1"
"W07_FITMENT_GEOMETRY_REGS","1977","1981","General Tire Mechanics","Dunlop","official bulletin","1"
"W07_FITMENT_GEOMETRY_REGS","1960","1965","NASCAR stock car — 1950-1971","Avon","period program/entry documentation","1"
"W07_FITMENT_GEOMETRY_REGS","1997","2001","Historic Racing Reference","Michelin","official bulletin","1"
"W07_FITMENT_GEOMETRY_REGS","1982","1986","Trans-Am — 1982-2001","Goodyear","period program/entry documentation","1"
"W07_FITMENT_GEOMETRY_REGS","1967","1971","Formula Ford — 1967-1976","Bridgestone/other","official bulletin","1"
"W07_FITMENT_GEOMETRY_REGS","2002","1969","Group 2 / ETCC — 1963-1969","Pirelli","period program/entry documentation","1"
"W07_FITMENT_GEOMETRY_REGS","1987","1991","Japanese GT / touring — pre-JGTC","Firestone","official bulletin","1"
"W07_FITMENT_GEOMETRY_REGS","1950","1959","US GT / sports racing — pre-IMSA GT","Avon","regulation","1"
"W07_FITMENT_GEOMETRY_REGS","1992","1996","CART / Indy-car","Michelin","homologation form","1"
"W07_FITMENT_GEOMETRY_REGS","1977","1981","Group 4 Special GT — 1970-1981","Goodyear","regulation","1"
"W07_FITMENT_GEOMETRY_REGS","1964","1965","Formula 2 — 1964-1966","Dunlop","homologation form","1"
"W07_FITMENT_GEOMETRY_REGS","2000","2001","DTM — silhouette era","Avon","regulation","1"
"W07_FITMENT_GEOMETRY_REGS","1982","1986","Formula 1 — turbo/radial slick era","Michelin","homologation form","1"
"W07_FITMENT_GEOMETRY_REGS","2002","2010","General Racing Tire","Bridgestone/other","homologation form","1"
"W07_FITMENT_GEOMETRY_REGS","1987","1991","Trans-Am — 1982-2001","Pirelli","regulation","1"
"W07_FITMENT_GEOMETRY_REGS","1972","1976","Formula Ford — 1967-1976","Firestone","homologation form","1"
"W07_FITMENT_GEOMETRY_REGS","1950","1959","Touring / saloon racing — pre-1963","Dunlop","regulation","1"
"W07_FITMENT_GEOMETRY_REGS","1994","1996","JGTC — 1994-1999 (GT1/GT2 terminology)","Avon","homologation form","1"
"W07_FITMENT_GEOMETRY_REGS","1977","1981","Sports racing / prototypes — 1972-1981","Michelin","supplier racing catalog","1"
"W07_FITMENT_GEOMETRY_REGS","1960","1965","US GT / sports racing — pre-IMSA GT","Goodyear","period regulation","1"
"W07_FITMENT_GEOMETRY_REGS","1997","2001","CART / Indy-car","Bridgestone/other","supplier racing catalog","1"
"W07_FITMENT_GEOMETRY_REGS","1982","1986","Group C","Pirelli","period regulation","1"
"W07_FITMENT_GEOMETRY_REGS","1966","1970","Formula 3 — 1964-1970","Firestone","supplier racing catalog","1"
"W07_FITMENT_GEOMETRY_REGS","2002","2010","World Rally Championship — 2002-2010","Dunlop","period regulation","1"
"W07_FITMENT_GEOMETRY_REGS","1987","1991","Formula 1 — turbo/radial slick era","Avon","supplier racing catalog","1"
"W07_FITMENT_GEOMETRY_REGS","1972","1976","Sports racing / prototypes — 1972-1981","Michelin","period regulation","1"
"W07_FITMENT_GEOMETRY_REGS","1950","1959","General Racing Tire","Firestone","supplier racing catalog","1"
"W07_FITMENT_GEOMETRY_REGS","1992","1996","Trans-Am — 1982-2001","Dunlop","period regulation","1"
"W07_FITMENT_GEOMETRY_REGS","1977","1981","Formula Ford — 1977-1981","Avon","supplier racing catalog","1"
"W07_FITMENT_GEOMETRY_REGS","1963","1965","Group 2 / ETCC — 1963-1969","Michelin","period regulation","1"
"W07_FITMENT_GEOMETRY_REGS","1997","1999","JGTC — 1994-1999 (GT1/GT2 terminology)","Goodyear","supplier racing catalog","1"
"W07_FITMENT_GEOMETRY_REGS","1987","1991","Group C","Dunlop","period program/entry documentation","1"
"W07_FITMENT_GEOMETRY_REGS","1974","1976","Formula 3 — 1974-1986","Avon","official bulletin","1"
"W07_FITMENT_GEOMETRY_REGS","1950","1959","International rally — pre-WRC","Michelin","period program/entry documentation","1"
"W07_FITMENT_GEOMETRY_REGS","1992","1996","Formula 1 — 1990s radial slick/grooved transition","Goodyear","official bulletin","1"
"W07_FITMENT_GEOMETRY_REGS","1977","1981","Sports racing / prototypes — 1972-1981","Bridgestone/other","period program/entry documentation","1"
"W07_FITMENT_GEOMETRY_REGS","1960","1965","General Racing Tire","Pirelli","official bulletin","1"
"W07_FITMENT_GEOMETRY_REGS","1997","2001","Trans-Am — 1982-2001","Firestone","period program/entry documentation","1"
"W07_FITMENT_GEOMETRY_REGS","1982","1986","Historic Racing Reference","Dunlop","official bulletin","1"
"W07_FITMENT_GEOMETRY_REGS","1966","1969","Group 4 Sports Cars — 1966-1969","Avon","period program/entry documentation","1"
"W07_FITMENT_GEOMETRY_REGS","2004","2010","LMP1 / LMP2","Pirelli","official bulletin","1"
"W07_FITMENT_GEOMETRY_REGS","1993","1996","Le Mans Prototype transition","Michelin","regulation","1"
"W07_FITMENT_GEOMETRY_REGS","1977","1981","Formula 3 — 1974-1986","Goodyear","homologation form","1"
"W07_FITMENT_GEOMETRY_REGS","1960","1965","International rally — pre-WRC","Bridgestone/other","regulation","1"
"W07_FITMENT_GEOMETRY_REGS","1997","2001","Formula 1 — 1990s radial slick/grooved transition","Pirelli","homologation form","1"
"W07_FITMENT_GEOMETRY_REGS","1982","1986","Group A touring — 1982-1992","Firestone","regulation","1"
"W07_FITMENT_GEOMETRY_REGS","1966","1971","General Tire Mechanics","Dunlop","homologation form","1"
"W07_FITMENT_GEOMETRY_REGS","2002","2010","NASCAR stock car — 1992-2010","Avon","regulation","1"
"W07_FITMENT_GEOMETRY_REGS","1987","1991","Historic Racing Reference","Michelin","homologation form","1"
"W07_FITMENT_GEOMETRY_REGS","1977","1981","Group 4 Special GT — 1970-1981","Firestone","period regulation","1"
"W07_FITMENT_GEOMETRY_REGS","1960","1965","Historic Racing Reference","Dunlop","supplier racing catalog","1"
"W07_FITMENT_GEOMETRY_REGS","1997","2001","FIA GT — 1997-2009","Bridgestone/other","period regulation","1"
"W07_FITMENT_GEOMETRY_REGS","1982","1986","CART / Indy-car","Pirelli","supplier racing catalog","1"
"W07_FITMENT_GEOMETRY_REGS","1966","1969","GT40-era endurance","Firestone","period regulation","1"
"W07_FITMENT_GEOMETRY_REGS","2002","2004","International Formula 3000","Dunlop","supplier racing catalog","1"
"W07_FITMENT_GEOMETRY_REGS","1987","1991","Group A touring — 1982-1992","Avon","period regulation","1"
"W07_FITMENT_GEOMETRY_REGS","1972","1976","General Tire Mechanics","Michelin","supplier racing catalog","1"
"W07_FITMENT_GEOMETRY_REGS","1950","1959","NASCAR stock car — 1950-1971","Goodyear","period regulation","1"
"W07_FITMENT_GEOMETRY_REGS","1992","1996","Historic Racing Reference","Bridgestone/other","supplier racing catalog","1"
"W07_FITMENT_GEOMETRY_REGS","1960","1963","Sports racing / prototypes — 1950-1963","Firestone","supplier racing catalog","1"
"W07_FITMENT_GEOMETRY_REGS","1997","1974","Can-Am — original","Dunlop","official bulletin","1"
"W07_FITMENT_GEOMETRY_REGS","1982","1986","Japanese GT / touring — pre-JGTC","Avon","period program/entry documentation","1"
"W07_FITMENT_GEOMETRY_REGS","1966","1971","Sports racing / prototypes — 1964-1971","Michelin","official bulletin","1"
"W07_FITMENT_GEOMETRY_REGS","2002","1981","IMSA GT — 1971-1981","Goodyear","period program/entry documentation","1"
"W07_FITMENT_GEOMETRY_REGS","1987","1991","CART / Indy-car","Bridgestone/other","official bulletin","1"
"W07_FITMENT_GEOMETRY_REGS","1972","1976","Group 4 Special GT — 1970-1981","Pirelli","period program/entry documentation","1"
"W07_FITMENT_GEOMETRY_REGS","1956","1959","Formula 2 — 1956-1960","Firestone","official bulletin","1"
"W07_FITMENT_GEOMETRY_REGS","1993","1996","DTM / ITC — Class 1","Goodyear","period program/entry documentation","1"
"W07_FITMENT_GEOMETRY_REGS","1977","1981","General Tire Mechanics","Bridgestone/other","official bulletin","1"
"W07_FITMENT_GEOMETRY_REGS","1960","1965","NASCAR stock car — 1950-1971","Pirelli","period program/entry documentation","1"
"W07_FITMENT_GEOMETRY_REGS","1997","2001","Historic Racing Reference","Firestone","official bulletin","1"
"W07_FITMENT_GEOMETRY_REGS","1982","1986","Trans-Am — 1982-2001","Dunlop","period program/entry documentation","1"
"W07_FITMENT_GEOMETRY_REGS","1967","1971","Formula Ford — 1967-1976","Avon","official bulletin","1"
"W07_FITMENT_GEOMETRY_REGS","1972","1976","Sports racing / prototypes — 1972-1981","Bridgestone/other","homologation form","1"
"W07_FITMENT_GEOMETRY_REGS","1950","1959","US GT / sports racing — pre-IMSA GT","Pirelli","regulation","1"
"W07_FITMENT_GEOMETRY_REGS","1992","1996","CART / Indy-car","Firestone","homologation form","1"
"W07_FITMENT_GEOMETRY_REGS","1977","1981","Group 4 Special GT — 1970-1981","Dunlop","regulation","1"
"W07_FITMENT_GEOMETRY_REGS","1964","1965","Formula 2 — 1964-1966","Avon","homologation form","1"
"W07_FITMENT_GEOMETRY_REGS","2000","2001","DTM — silhouette era","Michelin","regulation","1"
"W07_FITMENT_GEOMETRY_REGS","1982","1986","Formula 1 — turbo/radial slick era","Goodyear","homologation form","1"
"W07_FITMENT_GEOMETRY_REGS","1966","1971","Sports racing / prototypes — 1964-1971","Bridgestone/other","regulation","1"
"W07_FITMENT_GEOMETRY_REGS","2002","2010","General Racing Tire","Pirelli","homologation form","1"
"W07_FITMENT_GEOMETRY_REGS","1987","1991","Trans-Am — 1982-2001","Michelin","regulation","1"
"W07_FITMENT_GEOMETRY_REGS","1972","1976","Formula Ford — 1967-1976","Goodyear","homologation form","1"
"W07_FITMENT_GEOMETRY_REGS","1960","1965","US GT / sports racing — pre-IMSA GT","Dunlop","period regulation","1"
"W07_FITMENT_GEOMETRY_REGS","1997","2001","CART / Indy-car","Avon","supplier racing catalog","1"
"W07_FITMENT_GEOMETRY_REGS","1982","1986","Group C","Michelin","period regulation","1"
"W07_FITMENT_GEOMETRY_REGS","1966","1970","Formula 3 — 1964-1970","Goodyear","supplier racing catalog","1"
"W07_FITMENT_GEOMETRY_REGS","2002","2010","World Rally Championship — 2002-2010","Bridgestone/other","period regulation","1"
"W07_FITMENT_GEOMETRY_REGS","1987","1991","Formula 1 — turbo/radial slick era","Pirelli","supplier racing catalog","1"
"W07_FITMENT_GEOMETRY_REGS","1972","1976","Sports racing / prototypes — 1972-1981","Firestone","period regulation","1"
"W07_FITMENT_GEOMETRY_REGS","1950","1959","General Racing Tire","Dunlop","supplier racing catalog","1"
"W07_FITMENT_GEOMETRY_REGS","1992","1996","Trans-Am — 1982-2001","Avon","period regulation","1"
"W07_FITMENT_GEOMETRY_REGS","1977","1981","Formula Ford — 1977-1981","Michelin","supplier racing catalog","1"
"W07_FITMENT_GEOMETRY_REGS","1997","1999","JGTC — 1994-1999 (GT1/GT2 terminology)","Bridgestone/other","period program/entry documentation","1"
"W07_FITMENT_GEOMETRY_REGS","1966","1970","US GT / sports racing — pre-IMSA GT","Michelin","period program/entry documentation","1"
"W07_FITMENT_GEOMETRY_REGS","2002","2010","Historic Racing Reference","Goodyear","official bulletin","1"
"W07_FITMENT_GEOMETRY_REGS","1987","1991","Group C","Bridgestone/other","period program/entry documentation","1"
"W07_FITMENT_GEOMETRY_REGS","1974","1976","Formula 3 — 1974-1986","Pirelli","official bulletin","1"
"W07_FITMENT_GEOMETRY_REGS","1950","1959","International rally — pre-WRC","Firestone","period program/entry documentation","1"
"W07_FITMENT_GEOMETRY_REGS","1992","1996","Formula 1 — 1990s radial slick/grooved transition","Dunlop","official bulletin","1"
"W07_FITMENT_GEOMETRY_REGS","1977","1981","Sports racing / prototypes — 1972-1981","Avon","period program/entry documentation","1"
"W07_FITMENT_GEOMETRY_REGS","1960","1965","General Racing Tire","Michelin","official bulletin","1"
"W07_FITMENT_GEOMETRY_REGS","1997","2001","Trans-Am — 1982-2001","Goodyear","period program/entry documentation","1"
"W07_FITMENT_GEOMETRY_REGS","1982","1986","Historic Racing Reference","Bridgestone/other","official bulletin","1"
"W07_FITMENT_GEOMETRY_REGS","1966","1969","Group 4 Sports Cars — 1966-1969","Pirelli","homologation form","1"
"W07_FITMENT_GEOMETRY_REGS","2004","2010","LMP1 / LMP2","Firestone","regulation","1"
"W07_FITMENT_GEOMETRY_REGS","1987","1974","Can-Am — original","Dunlop","homologation form","1"
"W07_FITMENT_GEOMETRY_REGS","1993","1996","Le Mans Prototype transition","Goodyear","regulation","1"
"W07_FITMENT_GEOMETRY_REGS","1977","1981","Formula 3 — 1974-1986","Dunlop","homologation form","1"
"W07_FITMENT_GEOMETRY_REGS","1960","1965","International rally — pre-WRC","Avon","regulation","1"
"W07_FITMENT_GEOMETRY_REGS","1997","2001","Formula 1 — 1990s radial slick/grooved transition","Michelin","homologation form","1"
"W07_FITMENT_GEOMETRY_REGS","1982","1986","Group A touring — 1982-1992","Goodyear","regulation","1"
"W07_FITMENT_GEOMETRY_REGS","1966","1971","General Tire Mechanics","Bridgestone/other","homologation form","1"
"W07_FITMENT_GEOMETRY_REGS","2002","2010","NASCAR stock car — 1992-2010","Pirelli","regulation","1"
"W07_FITMENT_GEOMETRY_REGS","1987","1991","Historic Racing Reference","Firestone","homologation form","1"
"W07_FITMENT_GEOMETRY_REGS","1950","1959","Sports racing / prototypes — 1950-1963","Avon","period regulation","1"
"W07_FITMENT_GEOMETRY_REGS","1992","1974","Can-Am — original","Michelin","supplier racing catalog","1"
"W07_FITMENT_GEOMETRY_REGS","1960","1965","Historic Racing Reference","Bridgestone/other","supplier racing catalog","1"
"W07_FITMENT_GEOMETRY_REGS","1997","2001","FIA GT — 1997-2009","Pirelli","period regulation","1"
"W07_FITMENT_GEOMETRY_REGS","1982","1986","CART / Indy-car","Firestone","supplier racing catalog","1"
"W07_FITMENT_GEOMETRY_REGS","1966","1969","GT40-era endurance","Dunlop","period regulation","1"
"W07_FITMENT_GEOMETRY_REGS","2002","2004","International Formula 3000","Avon","supplier racing catalog","1"
"W07_FITMENT_GEOMETRY_REGS","1987","1991","Group A touring — 1982-1992","Michelin","period regulation","1"
"W07_FITMENT_GEOMETRY_REGS","1972","1976","General Tire Mechanics","Firestone","supplier racing catalog","1"
"W07_FITMENT_GEOMETRY_REGS","1950","1959","NASCAR stock car — 1950-1971","Dunlop","period regulation","1"
"W07_FITMENT_GEOMETRY_REGS","1992","1996","Historic Racing Reference","Avon","supplier racing catalog","1"
"W07_FITMENT_GEOMETRY_REGS","1982","1986","Japanese GT / touring — pre-JGTC","Pirelli","period program/entry documentation","1"
"W07_FITMENT_GEOMETRY_REGS","1966","1971","Sports racing / prototypes — 1964-1971","Firestone","official bulletin","1"
"W07_FITMENT_GEOMETRY_REGS","2002","1981","IMSA GT — 1971-1981","Dunlop","period program/entry documentation","1"
"W07_FITMENT_GEOMETRY_REGS","1987","1991","CART / Indy-car","Avon","official bulletin","1"
"W07_FITMENT_GEOMETRY_REGS","1972","1976","Group 4 Special GT — 1970-1981","Michelin","period program/entry documentation","1"
"W07_FITMENT_GEOMETRY_REGS","1956","1959","Formula 2 — 1956-1960","Goodyear","official bulletin","1"
"W07_FITMENT_GEOMETRY_REGS","1993","1996","DTM / ITC — Class 1","Bridgestone/other","period program/entry documentation","1"
"W07_FITMENT_GEOMETRY_REGS","1977","1981","General Tire Mechanics","Pirelli","official bulletin","1"
"W07_FITMENT_GEOMETRY_REGS","1960","1965","NASCAR stock car — 1950-1971","Firestone","period program/entry documentation","1"
"W07_FITMENT_GEOMETRY_REGS","1997","2001","Historic Racing Reference","Dunlop","official bulletin","1"
"W07_FITMENT_GEOMETRY_REGS","1987","1991","Japanese GT / touring — pre-JGTC","Dunlop","regulation","1"
"W07_FITMENT_GEOMETRY_REGS","1972","1976","Sports racing / prototypes — 1972-1981","Avon","homologation form","1"
"W07_FITMENT_GEOMETRY_REGS","1950","1959","US GT / sports racing — pre-IMSA GT","Michelin","regulation","1"
"W07_FITMENT_GEOMETRY_REGS","1992","1996","CART / Indy-car","Goodyear","homologation form","1"
"W07_FITMENT_GEOMETRY_REGS","1977","1981","Group 4 Special GT — 1970-1981","Bridgestone/other","regulation","1"
"W07_FITMENT_GEOMETRY_REGS","1964","1965","Formula 2 — 1964-1966","Pirelli","homologation form","1"
"W07_FITMENT_GEOMETRY_REGS","2000","2001","DTM — silhouette era","Firestone","regulation","1"
"W07_FITMENT_GEOMETRY_REGS","1987","1991","Trans-Am — 1982-2001","Goodyear","supplier racing catalog","1"
"W07_FITMENT_GEOMETRY_REGS","1972","1976","Formula Ford — 1967-1976","Bridgestone/other","period regulation","1"
"W07_FITMENT_GEOMETRY_REGS","1950","1959","Touring / saloon racing — pre-1963","Pirelli","supplier racing catalog","1"
"W07_FITMENT_GEOMETRY_REGS","1994","1996","JGTC — 1994-1999 (GT1/GT2 terminology)","Firestone","period regulation","1"
"W07_FITMENT_GEOMETRY_REGS","1977","1981","Sports racing / prototypes — 1972-1981","Dunlop","supplier racing catalog","1"
"W07_FITMENT_GEOMETRY_REGS","1960","1965","US GT / sports racing — pre-IMSA GT","Bridgestone/other","period regulation","1"
"W07_FITMENT_GEOMETRY_REGS","1997","2001","CART / Indy-car","Pirelli","supplier racing catalog","1"
"W07_FITMENT_GEOMETRY_REGS","1982","1986","Group C","Firestone","period regulation","1"
"W07_FITMENT_GEOMETRY_REGS","1966","1970","Formula 3 — 1964-1970","Dunlop","supplier racing catalog","1"
"W07_FITMENT_GEOMETRY_REGS","2002","2010","World Rally Championship — 2002-2010","Avon","period regulation","1"
"W07_FITMENT_GEOMETRY_REGS","1987","1991","Formula 1 — turbo/radial slick era","Michelin","supplier racing catalog","1"
"W07_FITMENT_GEOMETRY_REGS","1972","1976","Sports racing / prototypes — 1972-1981","Goodyear","period regulation","1"
"W07_FITMENT_GEOMETRY_REGS","1950","1959","General Racing Tire","Bridgestone/other","supplier racing catalog","1"
"W07_FITMENT_GEOMETRY_REGS","1992","1996","Trans-Am — 1982-2001","Pirelli","official bulletin","1"
"W07_FITMENT_GEOMETRY_REGS","1977","1981","Formula Ford — 1977-1981","Firestone","period program/entry documentation","1"
"W07_FITMENT_GEOMETRY_REGS","1963","1965","Group 2 / ETCC — 1963-1969","Dunlop","official bulletin","1"
"W07_FITMENT_GEOMETRY_REGS","1997","1999","JGTC — 1994-1999 (GT1/GT2 terminology)","Avon","period program/entry documentation","1"
"W07_FITMENT_GEOMETRY_REGS","1982","1986","Can-Am — revival","Michelin","official bulletin","1"
"W07_FITMENT_GEOMETRY_REGS","1966","1970","US GT / sports racing — pre-IMSA GT","Goodyear","period program/entry documentation","1"
"W07_FITMENT_GEOMETRY_REGS","2002","2010","Historic Racing Reference","Bridgestone/other","official bulletin","1"
"W07_FITMENT_GEOMETRY_REGS","1987","1991","Group C","Pirelli","period program/entry documentation","1"
"W07_FITMENT_GEOMETRY_REGS","1974","1976","Formula 3 — 1974-1986","Firestone","official bulletin","1"
"W07_FITMENT_GEOMETRY_REGS","1950","1959","International rally — pre-WRC","Goodyear","period program/entry documentation","1"
"W07_FITMENT_GEOMETRY_REGS","1992","1996","Formula 1 — 1990s radial slick/grooved transition","Bridgestone/other","official bulletin","1"
"W07_FITMENT_GEOMETRY_REGS","1977","1981","Sports racing / prototypes — 1972-1981","Pirelli","period program/entry documentation","1"
"W07_FITMENT_GEOMETRY_REGS","1960","1965","General Racing Tire","Firestone","official bulletin","1"
"W07_FITMENT_GEOMETRY_REGS","2004","2010","LMP1 / LMP2","Goodyear","regulation","1"
"W07_FITMENT_GEOMETRY_REGS","1987","1974","Can-Am — original","Bridgestone/other","homologation form","1"
"W07_FITMENT_GEOMETRY_REGS","1993","1996","Le Mans Prototype transition","Dunlop","regulation","1"
"W07_FITMENT_GEOMETRY_REGS","1977","1981","Formula 3 — 1974-1986","Avon","homologation form","1"
"W07_FITMENT_GEOMETRY_REGS","1960","1965","International rally — pre-WRC","Michelin","regulation","1"
"W07_FITMENT_GEOMETRY_REGS","1992","1974","Can-Am — original","Firestone","supplier racing catalog","1"
"W07_FITMENT_GEOMETRY_REGS","1960","1965","Historic Racing Reference","Avon","supplier racing catalog","1"
"W07_FITMENT_GEOMETRY_REGS","1997","2001","FIA GT — 1997-2009","Michelin","period regulation","1"
"W07_FITMENT_GEOMETRY_REGS","1982","1986","CART / Indy-car","Goodyear","supplier racing catalog","1"
"W07_FITMENT_GEOMETRY_REGS","1966","1969","GT40-era endurance","Bridgestone/other","period regulation","1"
"W07_FITMENT_GEOMETRY_REGS","1950","1959","NASCAR stock car — 1950-1971","Avon","official bulletin","1"
"W07_FITMENT_GEOMETRY_REGS","1992","1996","Historic Racing Reference","Michelin","period program/entry documentation","1"
"W07_FITMENT_GEOMETRY_REGS","1977","1981","Group 4 Special GT — 1970-1981","Goodyear","official bulletin","1"
"W07_FITMENT_GEOMETRY_REGS","1960","1963","Sports racing / prototypes — 1950-1963","Bridgestone/other","period program/entry documentation","1"
"W07_FITMENT_GEOMETRY_REGS","1997","1974","Can-Am — original","Avon","official bulletin","1"
"W07_FITMENT_GEOMETRY_REGS","1982","1986","Japanese GT / touring — pre-JGTC","Michelin","period program/entry documentation","1"
"W07_FITMENT_GEOMETRY_REGS","1966","1971","Sports racing / prototypes — 1964-1971","Goodyear","official bulletin","1"
"W07_FITMENT_GEOMETRY_REGS","2002","1981","IMSA GT — 1971-1981","Bridgestone/other","period program/entry documentation","1"
"W07_FITMENT_GEOMETRY_REGS","1987","1991","CART / Indy-car","Pirelli","official bulletin","1"
"W07_FITMENT_GEOMETRY_REGS","1972","1976","Group 4 Special GT — 1970-1981","Firestone","period program/entry documentation","1"
"W07_FITMENT_GEOMETRY_REGS","1956","1959","Formula 2 — 1956-1960","Dunlop","official bulletin","1"
"W07_FITMENT_GEOMETRY_REGS","1993","1996","DTM / ITC — Class 1","Avon","period program/entry documentation","1"
"W07_FITMENT_GEOMETRY_REGS","1977","1981","General Tire Mechanics","Michelin","official bulletin","1"
"W07_FITMENT_GEOMETRY_REGS","1960","1965","NASCAR stock car — 1950-1971","Goodyear","homologation form","1"
"W07_FITMENT_GEOMETRY_REGS","1997","2001","Historic Racing Reference","Bridgestone/other","regulation","1"
"W07_FITMENT_GEOMETRY_REGS","1982","1986","Trans-Am — 1982-2001","Pirelli","homologation form","1"
"W07_FITMENT_GEOMETRY_REGS","1967","1971","Formula Ford — 1967-1976","Firestone","regulation","1"
"W07_FITMENT_GEOMETRY_REGS","2002","1969","Group 2 / ETCC — 1963-1969","Dunlop","homologation form","1"
"W07_FITMENT_GEOMETRY_REGS","1987","1991","Japanese GT / touring — pre-JGTC","Avon","regulation","1"
"W07_FITMENT_GEOMETRY_REGS","1972","1976","Sports racing / prototypes — 1972-1981","Michelin","homologation form","1"
"W07_FITMENT_GEOMETRY_REGS","1950","1959","US GT / sports racing — pre-IMSA GT","Goodyear","regulation","1"
"W07_FITMENT_GEOMETRY_REGS","1992","1996","CART / Indy-car","Dunlop","homologation form","1"
"W07_FITMENT_GEOMETRY_REGS","1977","1981","Group 4 Special GT — 1970-1981","Avon","regulation","1"
"W07_FITMENT_GEOMETRY_REGS","1964","1965","Formula 2 — 1964-1966","Michelin","homologation form","1"
"W07_FITMENT_GEOMETRY_REGS","2000","2001","DTM — silhouette era","Goodyear","regulation","1"
"W07_FITMENT_GEOMETRY_REGS","1982","1986","Formula 1 — turbo/radial slick era","Bridgestone/other","homologation form","1"
"W07_FITMENT_GEOMETRY_REGS","1972","1976","Formula Ford — 1967-1976","Avon","period regulation","1"
"W07_FITMENT_GEOMETRY_REGS","1950","1959","Touring / saloon racing — pre-1963","Michelin","supplier racing catalog","1"
"W07_FITMENT_GEOMETRY_REGS","1994","1996","JGTC — 1994-1999 (GT1/GT2 terminology)","Goodyear","period regulation","1"
"W07_FITMENT_GEOMETRY_REGS","1977","1981","Sports racing / prototypes — 1972-1981","Bridgestone/other","supplier racing catalog","1"
"W07_FITMENT_GEOMETRY_REGS","1960","1965","US GT / sports racing — pre-IMSA GT","Pirelli","period regulation","1"
"W07_FITMENT_GEOMETRY_REGS","1997","2001","CART / Indy-car","Firestone","supplier racing catalog","1"
"W07_FITMENT_GEOMETRY_REGS","1982","1986","Group C","Dunlop","period regulation","1"
"W07_FITMENT_GEOMETRY_REGS","1977","1981","Formula Ford — 1977-1981","Goodyear","period program/entry documentation","1"
"W07_FITMENT_GEOMETRY_REGS","1963","1965","Group 2 / ETCC — 1963-1969","Bridgestone/other","official bulletin","1"
"W07_FITMENT_GEOMETRY_REGS","1997","1999","JGTC — 1994-1999 (GT1/GT2 terminology)","Pirelli","period program/entry documentation","1"
"W07_FITMENT_GEOMETRY_REGS","1982","1986","Can-Am — revival","Firestone","official bulletin","1"
"W07_FITMENT_GEOMETRY_REGS","1966","1970","US GT / sports racing — pre-IMSA GT","Dunlop","period program/entry documentation","1"
"W07_FITMENT_GEOMETRY_REGS","2002","2010","Historic Racing Reference","Avon","official bulletin","1"
"W07_FITMENT_GEOMETRY_REGS","1987","1991","Group C","Michelin","period program/entry documentation","1"
"W07_FITMENT_GEOMETRY_REGS","1977","1981","Sports racing / prototypes — 1972-1981","Firestone","homologation form","1"
"W07_FITMENT_GEOMETRY_REGS","1960","1965","General Racing Tire","Dunlop","regulation","1"
"W07_FITMENT_GEOMETRY_REGS","1997","2001","Trans-Am — 1982-2001","Avon","homologation form","1"
"W07_FITMENT_GEOMETRY_REGS","1982","1986","Historic Racing Reference","Pirelli","regulation","1"
"W07_FITMENT_GEOMETRY_REGS","1966","1969","Group 4 Sports Cars — 1966-1969","Firestone","homologation form","1"
"W07_FITMENT_GEOMETRY_REGS","2004","2010","LMP1 / LMP2","Dunlop","regulation","1"
"W07_FITMENT_GEOMETRY_REGS","1987","1974","Can-Am — original","Avon","homologation form","1"
"W07_FITMENT_GEOMETRY_REGS","1993","1996","Le Mans Prototype transition","Bridgestone/other","regulation","1"
"W07_FITMENT_GEOMETRY_REGS","1977","1981","Formula 3 — 1974-1986","Pirelli","homologation form","1"
"W07_FITMENT_GEOMETRY_REGS","1960","1965","International rally — pre-WRC","Firestone","regulation","1"
"W07_FITMENT_GEOMETRY_REGS","1982","1986","Group A touring — 1982-1992","Avon","supplier racing catalog","1"
"W07_FITMENT_GEOMETRY_REGS","1966","1971","General Tire Mechanics","Michelin","period regulation","1"
"W07_FITMENT_GEOMETRY_REGS","2002","2010","NASCAR stock car — 1992-2010","Goodyear","supplier racing catalog","1"
"W07_FITMENT_GEOMETRY_REGS","1987","1991","Historic Racing Reference","Bridgestone/other","period regulation","1"
"W07_FITMENT_GEOMETRY_REGS","1972","1976","Group 4 Special GT — 1970-1981","Pirelli","supplier racing catalog","1"
"W07_FITMENT_GEOMETRY_REGS","1950","1959","Sports racing / prototypes — 1950-1963","Firestone","period regulation","1"
"W07_FITMENT_GEOMETRY_REGS","1992","1974","Can-Am — original","Dunlop","supplier racing catalog","1"
"W07_FITMENT_GEOMETRY_REGS","1977","1981","Group 4 Special GT — 1970-1981","Bridgestone/other","period regulation","1"
"W07_FITMENT_GEOMETRY_REGS","1960","1965","Historic Racing Reference","Pirelli","supplier racing catalog","1"
"W07_FITMENT_GEOMETRY_REGS","1997","2001","FIA GT — 1997-2009","Firestone","period regulation","1"
"W07_FITMENT_GEOMETRY_REGS","1982","1986","CART / Indy-car","Dunlop","supplier racing catalog","1"
"W07_FITMENT_GEOMETRY_REGS","1966","1969","GT40-era endurance","Avon","period regulation","1"
"W07_FITMENT_GEOMETRY_REGS","2002","2004","International Formula 3000","Michelin","supplier racing catalog","1"
"W07_FITMENT_GEOMETRY_REGS","1987","1991","Group A touring — 1982-1992","Goodyear","official bulletin","1"
"W07_FITMENT_GEOMETRY_REGS","1972","1976","General Tire Mechanics","Bridgestone/other","period program/entry documentation","1"
"W07_FITMENT_GEOMETRY_REGS","1950","1959","NASCAR stock car — 1950-1971","Pirelli","official bulletin","1"
"W07_FITMENT_GEOMETRY_REGS","1992","1996","Historic Racing Reference","Firestone","period program/entry documentation","1"
"W07_FITMENT_GEOMETRY_REGS","1960","1963","Sports racing / prototypes — 1950-1963","Avon","period program/entry documentation","1"
"W07_FITMENT_GEOMETRY_REGS","1997","1974","Can-Am — original","Michelin","official bulletin","1"
"W07_FITMENT_GEOMETRY_REGS","1982","1986","Japanese GT / touring — pre-JGTC","Goodyear","period program/entry documentation","1"
"W07_FITMENT_GEOMETRY_REGS","1966","1971","Sports racing / prototypes — 1964-1971","Bridgestone/other","official bulletin","1"
"W07_FITMENT_GEOMETRY_REGS","2002","1981","IMSA GT — 1971-1981","Pirelli","period program/entry documentation","1"
"W07_FITMENT_GEOMETRY_REGS","1972","1976","Group 4 Special GT — 1970-1981","Goodyear","period program/entry documentation","1"
"W07_FITMENT_GEOMETRY_REGS","1993","1996","DTM / ITC — Class 1","Pirelli","homologation form","1"
"W07_FITMENT_GEOMETRY_REGS","1977","1981","General Tire Mechanics","Firestone","regulation","1"
"W07_FITMENT_GEOMETRY_REGS","1960","1965","NASCAR stock car — 1950-1971","Dunlop","homologation form","1"
"W07_FITMENT_GEOMETRY_REGS","1997","2001","Historic Racing Reference","Avon","regulation","1"
"W07_FITMENT_GEOMETRY_REGS","1982","1986","Trans-Am — 1982-2001","Michelin","homologation form","1"
"W07_FITMENT_GEOMETRY_REGS","1967","1971","Formula Ford — 1967-1976","Goodyear","regulation","1"
"W07_FITMENT_GEOMETRY_REGS","2002","1969","Group 2 / ETCC — 1963-1969","Bridgestone/other","homologation form","1"
"W07_FITMENT_GEOMETRY_REGS","1987","1991","Japanese GT / touring — pre-JGTC","Pirelli","regulation","1"
"W07_FITMENT_GEOMETRY_REGS","1972","1976","Sports racing / prototypes — 1972-1981","Firestone","homologation form","1"
"W07_FITMENT_GEOMETRY_REGS","1950","1959","US GT / sports racing — pre-IMSA GT","Dunlop","regulation","1"
"W07_FITMENT_GEOMETRY_REGS","2000","2001","DTM — silhouette era","Bridgestone/other","supplier racing catalog","1"
"W07_FITMENT_GEOMETRY_REGS","1982","1986","Formula 1 — turbo/radial slick era","Pirelli","period regulation","1"
"W07_FITMENT_GEOMETRY_REGS","1966","1971","Sports racing / prototypes — 1964-1971","Michelin","supplier racing catalog","1"
"W07_FITMENT_GEOMETRY_REGS","2002","2010","General Racing Tire","Goodyear","period regulation","1"
"W07_FITMENT_GEOMETRY_REGS","1987","1991","Trans-Am — 1982-2001","Bridgestone/other","supplier racing catalog","1"
"W07_FITMENT_GEOMETRY_REGS","1972","1976","Formula Ford — 1967-1976","Pirelli","period regulation","1"
"W07_FITMENT_GEOMETRY_REGS","1950","1959","Touring / saloon racing — pre-1963","Firestone","supplier racing catalog","1"
"W07_FITMENT_GEOMETRY_REGS","1994","1996","JGTC — 1994-1999 (GT1/GT2 terminology)","Dunlop","period regulation","1"
"W07_FITMENT_GEOMETRY_REGS","1977","1981","Sports racing / prototypes — 1972-1981","Avon","supplier racing catalog","1"
"W07_FITMENT_GEOMETRY_REGS","1960","1965","US GT / sports racing — pre-IMSA GT","Michelin","period regulation","1"
"W07_FITMENT_GEOMETRY_REGS","1997","2001","CART / Indy-car","Goodyear","supplier racing catalog","1"
"W07_FITMENT_GEOMETRY_REGS","2002","2010","World Rally Championship — 2002-2010","Firestone","official bulletin","1"
"W07_FITMENT_GEOMETRY_REGS","1987","1991","Formula 1 — turbo/radial slick era","Dunlop","period program/entry documentation","1"
"W07_FITMENT_GEOMETRY_REGS","1972","1976","Sports racing / prototypes — 1972-1981","Avon","official bulletin","1"
"W07_FITMENT_GEOMETRY_REGS","1950","1959","General Racing Tire","Michelin","period program/entry documentation","1"
"W07_FITMENT_GEOMETRY_REGS","1992","1996","Trans-Am — 1982-2001","Goodyear","official bulletin","1"
"W07_FITMENT_GEOMETRY_REGS","1977","1981","Formula Ford — 1977-1981","Bridgestone/other","period program/entry documentation","1"
"W07_FITMENT_GEOMETRY_REGS","1963","1965","Group 2 / ETCC — 1963-1969","Avon","official bulletin","1"
"W07_FITMENT_GEOMETRY_REGS","1997","1999","JGTC — 1994-1999 (GT1/GT2 terminology)","Michelin","period program/entry documentation","1"
"W07_FITMENT_GEOMETRY_REGS","1982","1986","Can-Am — revival","Goodyear","official bulletin","1"
"W07_FITMENT_GEOMETRY_REGS","1966","1970","US GT / sports racing — pre-IMSA GT","Bridgestone/other","period program/entry documentation","1"
"W07_FITMENT_GEOMETRY_REGS","2002","2010","Historic Racing Reference","Pirelli","official bulletin","1"
"W07_FITMENT_GEOMETRY_REGS","1987","1991","Group C","Firestone","period program/entry documentation","1"
"W07_FITMENT_GEOMETRY_REGS","1974","1976","Formula 3 — 1974-1986","Dunlop","official bulletin","1"
"W07_FITMENT_GEOMETRY_REGS","1950","1959","International rally — pre-WRC","Avon","homologation form","1"
"W07_FITMENT_GEOMETRY_REGS","1992","1996","Formula 1 — 1990s radial slick/grooved transition","Michelin","regulation","1"
"W07_FITMENT_GEOMETRY_REGS","1977","1981","Sports racing / prototypes — 1972-1981","Goodyear","homologation form","1"
"W07_FITMENT_GEOMETRY_REGS","1960","1965","General Racing Tire","Bridgestone/other","regulation","1"
"W07_FITMENT_GEOMETRY_REGS","1997","2001","Trans-Am — 1982-2001","Pirelli","homologation form","1"
"W07_FITMENT_GEOMETRY_REGS","1982","1986","Historic Racing Reference","Firestone","regulation","1"
"W07_FITMENT_GEOMETRY_REGS","1966","1969","Group 4 Sports Cars — 1966-1969","Dunlop","homologation form","1"
"W07_FITMENT_GEOMETRY_REGS","2004","2010","LMP1 / LMP2","Avon","regulation","1"
"W07_FITMENT_GEOMETRY_REGS","1987","1974","Can-Am — original","Michelin","homologation form","1"
"W07_FITMENT_GEOMETRY_REGS","1950","1959","Sports racing / prototypes — 1950-1963","Dunlop","homologation form","1"
"W07_FITMENT_GEOMETRY_REGS","1993","1996","Le Mans Prototype transition","Avon","regulation","1"
"W07_FITMENT_GEOMETRY_REGS","1960","1965","International rally — pre-WRC","Goodyear","supplier racing catalog","1"
"W07_FITMENT_GEOMETRY_REGS","1997","2001","Formula 1 — 1990s radial slick/grooved transition","Bridgestone/other","period regulation","1"
"W07_FITMENT_GEOMETRY_REGS","1982","1986","Group A touring — 1982-1992","Pirelli","supplier racing catalog","1"
"W07_FITMENT_GEOMETRY_REGS","1966","1971","General Tire Mechanics","Firestone","period regulation","1"
"W07_FITMENT_GEOMETRY_REGS","2002","2010","NASCAR stock car — 1992-2010","Dunlop","supplier racing catalog","1"
"W07_FITMENT_GEOMETRY_REGS","1987","1991","Historic Racing Reference","Avon","period regulation","1"
"W07_FITMENT_GEOMETRY_REGS","1972","1976","Group 4 Special GT — 1970-1981","Michelin","supplier racing catalog","1"
"W07_FITMENT_GEOMETRY_REGS","1950","1959","Sports racing / prototypes — 1950-1963","Goodyear","period regulation","1"
"W07_FITMENT_GEOMETRY_REGS","1992","1974","Can-Am — original","Bridgestone/other","supplier racing catalog","1"
"W07_FITMENT_GEOMETRY_REGS","1966","1969","GT40-era endurance","Michelin","official bulletin","1"
"W07_FITMENT_GEOMETRY_REGS","2002","2004","International Formula 3000","Firestone","period program/entry documentation","1"
"W07_FITMENT_GEOMETRY_REGS","1987","1991","Group A touring — 1982-1992","Dunlop","official bulletin","1"
"W07_FITMENT_GEOMETRY_REGS","1972","1976","General Tire Mechanics","Avon","period program/entry documentation","1"
"W07_FITMENT_GEOMETRY_REGS","1950","1959","NASCAR stock car — 1950-1971","Michelin","official bulletin","1"
"W07_FITMENT_GEOMETRY_REGS","1992","1996","Historic Racing Reference","Goodyear","period program/entry documentation","1"
"W07_FITMENT_GEOMETRY_REGS","1977","1981","Group 4 Special GT — 1970-1981","Bridgestone/other","official bulletin","1"
"W07_FITMENT_GEOMETRY_REGS","1960","1963","Sports racing / prototypes — 1950-1963","Pirelli","period program/entry documentation","1"
"W07_FITMENT_GEOMETRY_REGS","1997","1974","Can-Am — original","Firestone","official bulletin","1"
"W07_FITMENT_GEOMETRY_REGS","1982","1986","Japanese GT / touring — pre-JGTC","Dunlop","period program/entry documentation","1"
"W07_FITMENT_GEOMETRY_REGS","1972","1976","Group 4 Special GT — 1970-1981","Bridgestone/other","homologation form","1"
"W07_FITMENT_GEOMETRY_REGS","1956","1959","Formula 2 — 1956-1960","Pirelli","regulation","1"
"W07_FITMENT_GEOMETRY_REGS","1993","1996","DTM / ITC — Class 1","Firestone","homologation form","1"
"W07_FITMENT_GEOMETRY_REGS","1977","1981","General Tire Mechanics","Dunlop","regulation","1"
"W07_FITMENT_GEOMETRY_REGS","1960","1965","NASCAR stock car — 1950-1971","Avon","homologation form","1"
"W07_FITMENT_GEOMETRY_REGS","1997","2001","Historic Racing Reference","Pirelli","regulation","1"
"W07_FITMENT_GEOMETRY_REGS","1982","1986","Trans-Am — 1982-2001","Firestone","homologation form","1"
"W07_FITMENT_GEOMETRY_REGS","1967","1971","Formula Ford — 1967-1976","Dunlop","regulation","1"
"W07_FITMENT_GEOMETRY_REGS","2002","1969","Group 2 / ETCC — 1963-1969","Avon","homologation form","1"
"W07_FITMENT_GEOMETRY_REGS","1987","1991","Japanese GT / touring — pre-JGTC","Michelin","regulation","1"
"W07_FITMENT_GEOMETRY_REGS","1972","1976","Sports racing / prototypes — 1972-1981","Goodyear","homologation form","1"
"W07_FITMENT_GEOMETRY_REGS","1950","1959","US GT / sports racing — pre-IMSA GT","Bridgestone/other","regulation","1"
"W07_FITMENT_GEOMETRY_REGS","1992","1996","CART / Indy-car","Pirelli","homologation form","1"
"W07_FITMENT_GEOMETRY_REGS","1977","1981","Group 4 Special GT — 1970-1981","Firestone","supplier racing catalog","1"
"W07_FITMENT_GEOMETRY_REGS","1964","1965","Formula 2 — 1964-1966","Dunlop","period regulation","1"
"W07_FITMENT_GEOMETRY_REGS","2000","2001","DTM — silhouette era","Avon","supplier racing catalog","1"
"W07_FITMENT_GEOMETRY_REGS","1982","1986","Formula 1 — turbo/radial slick era","Michelin","period regulation","1"
"W07_FITMENT_GEOMETRY_REGS","1966","1971","Sports racing / prototypes — 1964-1971","Goodyear","supplier racing catalog","1"
"W07_FITMENT_GEOMETRY_REGS","2002","2010","General Racing Tire","Bridgestone/other","period regulation","1"
"W07_FITMENT_GEOMETRY_REGS","1987","1991","Trans-Am — 1982-2001","Pirelli","supplier racing catalog","1"
"W07_FITMENT_GEOMETRY_REGS","1972","1976","Formula Ford — 1967-1976","Firestone","period regulation","1"
"W07_FITMENT_GEOMETRY_REGS","1950","1959","Touring / saloon racing — pre-1963","Dunlop","supplier racing catalog","1"
"W07_FITMENT_GEOMETRY_REGS","1994","1996","JGTC — 1994-1999 (GT1/GT2 terminology)","Bridgestone/other","period regulation","1"
"W07_FITMENT_GEOMETRY_REGS","1977","1981","Sports racing / prototypes — 1972-1981","Pirelli","supplier racing catalog","1"
"W07_FITMENT_GEOMETRY_REGS","1960","1965","US GT / sports racing — pre-IMSA GT","Firestone","period regulation","1"
"W07_FITMENT_GEOMETRY_REGS","1982","1986","Group C","Avon","official bulletin","1"
"W07_FITMENT_GEOMETRY_REGS","1966","1970","Formula 3 — 1964-1970","Michelin","period program/entry documentation","1"
"W07_FITMENT_GEOMETRY_REGS","2002","2010","World Rally Championship — 2002-2010","Goodyear","official bulletin","1"
"W07_FITMENT_GEOMETRY_REGS","1987","1991","Formula 1 — turbo/radial slick era","Bridgestone/other","period program/entry documentation","1"
"W07_FITMENT_GEOMETRY_REGS","1972","1976","Sports racing / prototypes — 1972-1981","Pirelli","official bulletin","1"
"W07_FITMENT_GEOMETRY_REGS","1950","1959","General Racing Tire","Firestone","period program/entry documentation","1"
"W07_FITMENT_GEOMETRY_REGS","1992","1996","Trans-Am — 1982-2001","Dunlop","official bulletin","1"
"W07_FITMENT_GEOMETRY_REGS","1977","1981","Formula Ford — 1977-1981","Avon","period program/entry documentation","1"
"W07_FITMENT_GEOMETRY_REGS","1963","1965","Group 2 / ETCC — 1963-1969","Michelin","official bulletin","1"
"W07_FITMENT_GEOMETRY_REGS","1997","1999","JGTC — 1994-1999 (GT1/GT2 terminology)","Goodyear","period program/entry documentation","1"
"W07_FITMENT_GEOMETRY_REGS","1987","1991","Group C","Goodyear","homologation form","1"
"W07_FITMENT_GEOMETRY_REGS","1974","1976","Formula 3 — 1974-1986","Bridgestone/other","regulation","1"
"W07_FITMENT_GEOMETRY_REGS","1950","1959","International rally — pre-WRC","Pirelli","homologation form","1"
"W07_FITMENT_GEOMETRY_REGS","1992","1996","Formula 1 — 1990s radial slick/grooved transition","Firestone","regulation","1"
"W07_FITMENT_GEOMETRY_REGS","1977","1981","Sports racing / prototypes — 1972-1981","Dunlop","homologation form","1"
"W07_FITMENT_GEOMETRY_REGS","1960","1965","General Racing Tire","Avon","regulation","1"
"W07_FITMENT_GEOMETRY_REGS","1997","2001","Trans-Am — 1982-2001","Michelin","homologation form","1"
"W07_FITMENT_GEOMETRY_REGS","1982","1986","Historic Racing Reference","Goodyear","regulation","1"
"W07_FITMENT_GEOMETRY_REGS","1966","1969","Group 4 Sports Cars — 1966-1969","Bridgestone/other","homologation form","1"
"W07_FITMENT_GEOMETRY_REGS","2004","2010","LMP1 / LMP2","Pirelli","regulation","1"
"W07_FITMENT_GEOMETRY_REGS","1993","1996","Le Mans Prototype transition","Michelin","supplier racing catalog","1"
"W07_FITMENT_GEOMETRY_REGS","1977","1981","Formula 3 — 1974-1986","Goodyear","period regulation","1"
"W07_FITMENT_GEOMETRY_REGS","1960","1965","International rally — pre-WRC","Bridgestone/other","supplier racing catalog","1"
"W07_FITMENT_GEOMETRY_REGS","1997","2001","Formula 1 — 1990s radial slick/grooved transition","Pirelli","period regulation","1"
"W07_FITMENT_GEOMETRY_REGS","1982","1986","Group A touring — 1982-1992","Michelin","supplier racing catalog","1"
"W07_FITMENT_GEOMETRY_REGS","1966","1971","General Tire Mechanics","Goodyear","period regulation","1"
"W07_FITMENT_GEOMETRY_REGS","2002","2010","NASCAR stock car — 1992-2010","Bridgestone/other","supplier racing catalog","1"
"W07_FITMENT_GEOMETRY_REGS","1987","1991","Historic Racing Reference","Pirelli","period regulation","1"
"W07_FITMENT_GEOMETRY_REGS","1972","1976","Group 4 Special GT — 1970-1981","Firestone","supplier racing catalog","1"
"W07_FITMENT_GEOMETRY_REGS","1950","1959","Sports racing / prototypes — 1950-1963","Dunlop","period regulation","1"
"W07_FITMENT_GEOMETRY_REGS","1992","1974","Can-Am — original","Avon","supplier racing catalog","1"
"W07_FITMENT_GEOMETRY_REGS","1977","1981","Group 4 Special GT — 1970-1981","Michelin","period regulation","1"
"W07_FITMENT_GEOMETRY_REGS","1960","1965","Historic Racing Reference","Goodyear","supplier racing catalog","1"
"W07_FITMENT_GEOMETRY_REGS","1997","2001","FIA GT — 1997-2009","Bridgestone/other","official bulletin","1"
"W07_FITMENT_GEOMETRY_REGS","1982","1986","CART / Indy-car","Pirelli","period program/entry documentation","1"
"W07_FITMENT_GEOMETRY_REGS","1966","1969","GT40-era endurance","Firestone","official bulletin","1"
"W07_FITMENT_GEOMETRY_REGS","2002","2004","International Formula 3000","Dunlop","period program/entry documentation","1"
"W07_FITMENT_GEOMETRY_REGS","1987","1991","Group A touring — 1982-1992","Avon","official bulletin","1"
"W07_FITMENT_GEOMETRY_REGS","1972","1976","General Tire Mechanics","Michelin","period program/entry documentation","1"
"W07_FITMENT_GEOMETRY_REGS","1950","1959","NASCAR stock car — 1950-1971","Goodyear","official bulletin","1"
"W07_FITMENT_GEOMETRY_REGS","1992","1996","Historic Racing Reference","Bridgestone/other","period program/entry documentation","1"
"W07_FITMENT_GEOMETRY_REGS","1977","1981","Group 4 Special GT — 1970-1981","Avon","official bulletin","1"
"W07_FITMENT_GEOMETRY_REGS","1960","1963","Sports racing / prototypes — 1950-1963","Michelin","period program/entry documentation","1"
"W07_FITMENT_GEOMETRY_REGS","1997","1974","Can-Am — original","Goodyear","official bulletin","1"
"W07_FITMENT_GEOMETRY_REGS","1982","1986","Japanese GT / touring — pre-JGTC","Bridgestone/other","period program/entry documentation","1"
"W07_FITMENT_GEOMETRY_REGS","1966","1971","Sports racing / prototypes — 1964-1971","Pirelli","official bulletin","1"
"W07_FITMENT_GEOMETRY_REGS","2002","1981","IMSA GT — 1971-1981","Firestone","homologation form","1"
"W07_FITMENT_GEOMETRY_REGS","1987","1991","CART / Indy-car","Dunlop","regulation","1"
"W07_FITMENT_GEOMETRY_REGS","1972","1976","Group 4 Special GT — 1970-1981","Avon","homologation form","1"
"W07_FITMENT_GEOMETRY_REGS","1956","1959","Formula 2 — 1956-1960","Michelin","regulation","1"
"W07_FITMENT_GEOMETRY_REGS","1993","1996","DTM / ITC — Class 1","Goodyear","homologation form","1"
"W07_FITMENT_GEOMETRY_REGS","1977","1981","General Tire Mechanics","Bridgestone/other","regulation","1"
"W07_FITMENT_GEOMETRY_REGS","1960","1965","NASCAR stock car — 1950-1971","Pirelli","homologation form","1"
"W07_FITMENT_GEOMETRY_REGS","1997","2001","Historic Racing Reference","Firestone","regulation","1"
"W07_FITMENT_GEOMETRY_REGS","1982","1986","Trans-Am — 1982-2001","Dunlop","homologation form","1"
"W07_FITMENT_GEOMETRY_REGS","1967","1971","Formula Ford — 1967-1976","Avon","regulation","1"
"W07_FITMENT_GEOMETRY_REGS","1950","1959","US GT / sports racing — pre-IMSA GT","Avon","supplier racing catalog","1"
"W07_FITMENT_GEOMETRY_REGS","1992","1996","CART / Indy-car","Michelin","period regulation","1"
"W07_FITMENT_GEOMETRY_REGS","1977","1981","Group 4 Special GT — 1970-1981","Goodyear","supplier racing catalog","1"
"W07_FITMENT_GEOMETRY_REGS","1964","1965","Formula 2 — 1964-1966","Bridgestone/other","period regulation","1"
"W07_FITMENT_GEOMETRY_REGS","2000","2001","DTM — silhouette era","Pirelli","supplier racing catalog","1"
"W07_FITMENT_GEOMETRY_REGS","1982","1986","Formula 1 — turbo/radial slick era","Firestone","period regulation","1"
"W07_FITMENT_GEOMETRY_REGS","1966","1971","Sports racing / prototypes — 1964-1971","Dunlop","supplier racing catalog","1"
"W07_FITMENT_GEOMETRY_REGS","2002","2010","General Racing Tire","Avon","period regulation","1"
"W07_FITMENT_GEOMETRY_REGS","1987","1991","Trans-Am — 1982-2001","Michelin","supplier racing catalog","1"
"W07_FITMENT_GEOMETRY_REGS","1972","1976","Formula Ford — 1967-1976","Goodyear","period regulation","1"
"W07_FITMENT_GEOMETRY_REGS","1960","1965","US GT / sports racing — pre-IMSA GT","Dunlop","official bulletin","1"
"W07_FITMENT_GEOMETRY_REGS","1997","2001","CART / Indy-car","Avon","period program/entry documentation","1"
"W07_FITMENT_GEOMETRY_REGS","1982","1986","Group C","Michelin","official bulletin","1"
"W07_FITMENT_GEOMETRY_REGS","1966","1970","Formula 3 — 1964-1970","Firestone","period program/entry documentation","1"
"W07_FITMENT_GEOMETRY_REGS","2002","2010","World Rally Championship — 2002-2010","Dunlop","official bulletin","1"
"W07_FITMENT_GEOMETRY_REGS","1987","1991","Formula 1 — turbo/radial slick era","Avon","period program/entry documentation","1"
"W07_FITMENT_GEOMETRY_REGS","1972","1976","Sports racing / prototypes — 1972-1981","Michelin","official bulletin","1"
"W07_FITMENT_GEOMETRY_REGS","1950","1959","General Racing Tire","Goodyear","period program/entry documentation","1"
"W07_FITMENT_GEOMETRY_REGS","1992","1996","Trans-Am — 1982-2001","Bridgestone/other","official bulletin","1"
"W07_FITMENT_GEOMETRY_REGS","1977","1981","Formula Ford — 1977-1981","Pirelli","period program/entry documentation","1"
"W07_FITMENT_GEOMETRY_REGS","1963","1965","Group 2 / ETCC — 1963-1969","Firestone","official bulletin","1"
"W07_FITMENT_GEOMETRY_REGS","1997","1999","JGTC — 1994-1999 (GT1/GT2 terminology)","Dunlop","period program/entry documentation","1"
"W07_FITMENT_GEOMETRY_REGS","1966","1970","US GT / sports racing — pre-IMSA GT","Michelin","homologation form","1"
"W07_FITMENT_GEOMETRY_REGS","2002","2010","Historic Racing Reference","Goodyear","regulation","1"
"W07_FITMENT_GEOMETRY_REGS","1987","1991","Group C","Bridgestone/other","homologation form","1"
"W07_FITMENT_GEOMETRY_REGS","1974","1976","Formula 3 — 1974-1986","Pirelli","regulation","1"
"W07_FITMENT_GEOMETRY_REGS","1950","1959","International rally — pre-WRC","Firestone","homologation form","1"
"W07_FITMENT_GEOMETRY_REGS","1992","1996","Formula 1 — 1990s radial slick/grooved transition","Dunlop","regulation","1"
"W07_FITMENT_GEOMETRY_REGS","1977","1981","Sports racing / prototypes — 1972-1981","Avon","homologation form","1"
"W07_FITMENT_GEOMETRY_REGS","1960","1965","General Racing Tire","Pirelli","regulation","1"
"W07_FITMENT_GEOMETRY_REGS","1997","2001","Trans-Am — 1982-2001","Firestone","homologation form","1"
"W07_FITMENT_GEOMETRY_REGS","1982","1986","Historic Racing Reference","Dunlop","regulation","1"
"W07_FITMENT_GEOMETRY_REGS","1966","1969","Group 4 Sports Cars — 1966-1969","Avon","homologation form","1"
"W07_FITMENT_GEOMETRY_REGS","2004","2010","LMP1 / LMP2","Michelin","regulation","1"
"W07_FITMENT_GEOMETRY_REGS","1987","1974","Can-Am — original","Goodyear","homologation form","1"
"W07_FITMENT_GEOMETRY_REGS","1993","1996","Le Mans Prototype transition","Firestone","supplier racing catalog","1"
"W07_FITMENT_GEOMETRY_REGS","1977","1981","Formula 3 — 1974-1986","Dunlop","period regulation","1"
"W07_FITMENT_GEOMETRY_REGS","1960","1965","International rally — pre-WRC","Avon","supplier racing catalog","1"
"W07_FITMENT_GEOMETRY_REGS","1997","2001","Formula 1 — 1990s radial slick/grooved transition","Michelin","period regulation","1"
"W07_FITMENT_GEOMETRY_REGS","1982","1986","Group A touring — 1982-1992","Goodyear","supplier racing catalog","1"
"W07_FITMENT_GEOMETRY_REGS","1966","1971","General Tire Mechanics","Bridgestone/other","period regulation","1"
"W07_FITMENT_GEOMETRY_REGS","2002","2010","NASCAR stock car — 1992-2010","Pirelli","supplier racing catalog","1"
"W07_FITMENT_GEOMETRY_REGS","1987","1991","Historic Racing Reference","Firestone","period regulation","1"
"W07_FITMENT_GEOMETRY_REGS","1950","1959","Sports racing / prototypes — 1950-1963","Bridgestone/other","period regulation","1"
"W07_FITMENT_GEOMETRY_REGS","1960","1965","Historic Racing Reference","Dunlop","period program/entry documentation","1"
"W07_FITMENT_GEOMETRY_REGS","1997","2001","FIA GT — 1997-2009","Avon","official bulletin","1"
"W07_FITMENT_GEOMETRY_REGS","1982","1986","CART / Indy-car","Michelin","period program/entry documentation","1"
"W07_FITMENT_GEOMETRY_REGS","1966","1969","GT40-era endurance","Goodyear","official bulletin","1"
"W07_FITMENT_GEOMETRY_REGS","2002","2004","International Formula 3000","Bridgestone/other","period program/entry documentation","1"
"W07_FITMENT_GEOMETRY_REGS","1987","1991","Group A touring — 1982-1992","Pirelli","official bulletin","1"
"W07_FITMENT_GEOMETRY_REGS","1972","1976","General Tire Mechanics","Firestone","period program/entry documentation","1"
"W07_FITMENT_GEOMETRY_REGS","1950","1959","NASCAR stock car — 1950-1971","Dunlop","official bulletin","1"
"W07_FITMENT_GEOMETRY_REGS","1992","1996","Historic Racing Reference","Avon","period program/entry documentation","1"
"W07_FITMENT_GEOMETRY_REGS","1982","1986","Japanese GT / touring — pre-JGTC","Pirelli","homologation form","1"
"W07_FITMENT_GEOMETRY_REGS","2002","1981","IMSA GT — 1971-1981","Goodyear","homologation form","1"
"W07_FITMENT_GEOMETRY_REGS","1987","1991","CART / Indy-car","Bridgestone/other","regulation","1"
"W07_FITMENT_GEOMETRY_REGS","1972","1976","Group 4 Special GT — 1970-1981","Pirelli","homologation form","1"
"W07_FITMENT_GEOMETRY_REGS","1956","1959","Formula 2 — 1956-1960","Firestone","regulation","1"
"W07_FITMENT_GEOMETRY_REGS","1993","1996","DTM / ITC — Class 1","Dunlop","homologation form","1"
"W07_FITMENT_GEOMETRY_REGS","1977","1981","General Tire Mechanics","Avon","regulation","1"
"W07_FITMENT_GEOMETRY_REGS","1960","1965","NASCAR stock car — 1950-1971","Michelin","homologation form","1"
"W07_FITMENT_GEOMETRY_REGS","1997","2001","Historic Racing Reference","Goodyear","regulation","1"
"W07_FITMENT_GEOMETRY_REGS","1982","1986","Trans-Am — 1982-2001","Bridgestone/other","homologation form","1"
"W07_FITMENT_GEOMETRY_REGS","1987","1991","Japanese GT / touring — pre-JGTC","Dunlop","supplier racing catalog","1"
"W07_FITMENT_GEOMETRY_REGS","1950","1959","US GT / sports racing — pre-IMSA GT","Michelin","supplier racing catalog","1"
"W07_FITMENT_GEOMETRY_REGS","1992","1996","CART / Indy-car","Goodyear","period regulation","1"
"W07_FITMENT_GEOMETRY_REGS","1977","1981","Group 4 Special GT — 1970-1981","Bridgestone/other","supplier racing catalog","1"
"W07_FITMENT_GEOMETRY_REGS","1964","1965","Formula 2 — 1964-1966","Pirelli","period regulation","1"
"W07_FITMENT_GEOMETRY_REGS","2000","2001","DTM — silhouette era","Michelin","supplier racing catalog","1"
"W07_FITMENT_GEOMETRY_REGS","1982","1986","Formula 1 — turbo/radial slick era","Goodyear","period regulation","1"
"W07_FITMENT_GEOMETRY_REGS","1966","1971","Sports racing / prototypes — 1964-1971","Bridgestone/other","supplier racing catalog","1"
"W07_FITMENT_GEOMETRY_REGS","2002","2010","General Racing Tire","Pirelli","period regulation","1"
"W07_FITMENT_GEOMETRY_REGS","1987","1991","Trans-Am — 1982-2001","Firestone","supplier racing catalog","1"
"W07_FITMENT_GEOMETRY_REGS","1972","1976","Formula Ford — 1967-1976","Dunlop","period regulation","1"
"W07_FITMENT_GEOMETRY_REGS","1950","1959","Touring / saloon racing — pre-1963","Avon","supplier racing catalog","1"
"W07_FITMENT_GEOMETRY_REGS","1994","1996","JGTC — 1994-1999 (GT1/GT2 terminology)","Michelin","official bulletin","1"
"W07_FITMENT_GEOMETRY_REGS","1960","1965","US GT / sports racing — pre-IMSA GT","Bridgestone/other","official bulletin","1"
"W07_FITMENT_GEOMETRY_REGS","1997","2001","CART / Indy-car","Pirelli","period program/entry documentation","1"
"W07_FITMENT_GEOMETRY_REGS","1982","1986","Group C","Firestone","official bulletin","1"
"W07_FITMENT_GEOMETRY_REGS","1966","1970","Formula 3 — 1964-1970","Dunlop","period program/entry documentation","1"
"W07_FITMENT_GEOMETRY_REGS","2002","2010","World Rally Championship — 2002-2010","Avon","official bulletin","1"
"W07_FITMENT_GEOMETRY_REGS","1987","1991","Formula 1 — turbo/radial slick era","Michelin","period program/entry documentation","1"
"W07_FITMENT_GEOMETRY_REGS","1972","1976","Sports racing / prototypes — 1972-1981","Goodyear","official bulletin","1"
"W07_FITMENT_GEOMETRY_REGS","1950","1959","General Racing Tire","Bridgestone/other","period program/entry documentation","1"
"W07_FITMENT_GEOMETRY_REGS","1992","1996","Trans-Am — 1982-2001","Avon","official bulletin","1"
"W07_FITMENT_GEOMETRY_REGS","1977","1981","Formula Ford — 1977-1981","Michelin","period program/entry documentation","1"
"W07_FITMENT_GEOMETRY_REGS","1997","1999","JGTC — 1994-1999 (GT1/GT2 terminology)","Bridgestone/other","homologation form","1"
"W07_FITMENT_GEOMETRY_REGS","1982","1986","Can-Am — revival","Pirelli","regulation","1"
"W07_FITMENT_GEOMETRY_REGS","1966","1970","US GT / sports racing — pre-IMSA GT","Firestone","homologation form","1"
"W07_FITMENT_GEOMETRY_REGS","2002","2010","Historic Racing Reference","Dunlop","regulation","1"
"W07_FITMENT_GEOMETRY_REGS","1987","1991","Group C","Avon","homologation form","1"
"W07_FITMENT_GEOMETRY_REGS","1974","1976","Formula 3 — 1974-1986","Michelin","regulation","1"
"W07_FITMENT_GEOMETRY_REGS","1950","1959","International rally — pre-WRC","Goodyear","homologation form","1"
"W07_FITMENT_GEOMETRY_REGS","1992","1996","Formula 1 — 1990s radial slick/grooved transition","Bridgestone/other","regulation","1"
"W07_FITMENT_GEOMETRY_REGS","1977","1981","Sports racing / prototypes — 1972-1981","Pirelli","homologation form","1"
"W07_FITMENT_GEOMETRY_REGS","1960","1965","General Racing Tire","Firestone","regulation","1"
"W07_FITMENT_GEOMETRY_REGS","2004","2010","LMP1 / LMP2","Goodyear","supplier racing catalog","1"
"W07_FITMENT_GEOMETRY_REGS","1987","1974","Can-Am — original","Dunlop","period regulation","1"
"W07_FITMENT_GEOMETRY_REGS","1972","1976","Group 4 Special GT — 1970-1981","Avon","supplier racing catalog","1"
"W07_FITMENT_GEOMETRY_REGS","1950","1959","Sports racing / prototypes — 1950-1963","Michelin","period regulation","1"
"W07_FITMENT_GEOMETRY_REGS","1993","1996","Le Mans Prototype transition","Goodyear","supplier racing catalog","1"
"W07_FITMENT_GEOMETRY_REGS","1977","1981","Formula 3 — 1974-1986","Bridgestone/other","period regulation","1"
"W07_FITMENT_GEOMETRY_REGS","1960","1965","International rally — pre-WRC","Pirelli","supplier racing catalog","1"
"W07_FITMENT_GEOMETRY_REGS","1997","2001","Formula 1 — 1990s radial slick/grooved transition","Firestone","period regulation","1"
"W07_FITMENT_GEOMETRY_REGS","1982","1986","Group A touring — 1982-1992","Dunlop","supplier racing catalog","1"
"W07_FITMENT_GEOMETRY_REGS","1966","1971","General Tire Mechanics","Avon","period regulation","1"
"W07_FITMENT_GEOMETRY_REGS","1950","1959","Sports racing / prototypes — 1950-1963","Pirelli","official bulletin","1"
"W07_FITMENT_GEOMETRY_REGS","1992","1974","Can-Am — original","Firestone","period program/entry documentation","1"
"W07_FITMENT_GEOMETRY_REGS","1960","1965","Historic Racing Reference","Avon","period program/entry documentation","1"
"W07_FITMENT_GEOMETRY_REGS","1997","2001","FIA GT — 1997-2009","Michelin","official bulletin","1"
"W07_FITMENT_GEOMETRY_REGS","1982","1986","CART / Indy-car","Firestone","period program/entry documentation","1"
"W07_FITMENT_GEOMETRY_REGS","1966","1969","GT40-era endurance","Dunlop","official bulletin","1"
"W07_FITMENT_GEOMETRY_REGS","2002","2004","International Formula 3000","Avon","period program/entry documentation","1"
"W07_FITMENT_GEOMETRY_REGS","1987","1991","Group A touring — 1982-1992","Michelin","official bulletin","1"
"W07_FITMENT_GEOMETRY_REGS","1972","1976","General Tire Mechanics","Goodyear","period program/entry documentation","1"
"W07_FITMENT_GEOMETRY_REGS","1950","1959","NASCAR stock car — 1950-1971","Bridgestone/other","official bulletin","1"
"W07_FITMENT_GEOMETRY_REGS","1992","1996","Historic Racing Reference","Pirelli","period program/entry documentation","1"
"W07_FITMENT_GEOMETRY_REGS","1960","1963","Sports racing / prototypes — 1950-1963","Dunlop","homologation form","1"
"W07_FITMENT_GEOMETRY_REGS","1997","1974","Can-Am — original","Avon","regulation","1"
"W07_FITMENT_GEOMETRY_REGS","1982","1986","Japanese GT / touring — pre-JGTC","Michelin","homologation form","1"
"W07_FITMENT_GEOMETRY_REGS","2002","1981","IMSA GT — 1971-1981","Bridgestone/other","homologation form","1"
"W07_FITMENT_GEOMETRY_REGS","1987","1991","CART / Indy-car","Pirelli","regulation","1"
"W07_FITMENT_GEOMETRY_REGS","1972","1976","Group 4 Special GT — 1970-1981","Firestone","homologation form","1"
"W07_FITMENT_GEOMETRY_REGS","1956","1959","Formula 2 — 1956-1960","Dunlop","regulation","1"
"W07_FITMENT_GEOMETRY_REGS","1993","1996","DTM / ITC — Class 1","Avon","homologation form","1"
"W07_FITMENT_GEOMETRY_REGS","1977","1981","General Tire Mechanics","Pirelli","regulation","1"
"W07_FITMENT_GEOMETRY_REGS","1960","1965","NASCAR stock car — 1950-1971","Firestone","homologation form","1"
"W07_FITMENT_GEOMETRY_REGS","1997","2001","Historic Racing Reference","Dunlop","regulation","1"
"W07_FITMENT_GEOMETRY_REGS","1967","1971","Formula Ford — 1967-1976","Michelin","supplier racing catalog","1"
"W07_FITMENT_GEOMETRY_REGS","2002","1969","Group 2 / ETCC — 1963-1969","Goodyear","period regulation","1"
"W07_FITMENT_GEOMETRY_REGS","1987","1991","Japanese GT / touring — pre-JGTC","Bridgestone/other","supplier racing catalog","1"
"W07_FITMENT_GEOMETRY_REGS","1972","1976","Sports racing / prototypes — 1972-1981","Pirelli","period regulation","1"
"W07_FITMENT_GEOMETRY_REGS","1950","1959","US GT / sports racing — pre-IMSA GT","Firestone","supplier racing catalog","1"
"W07_FITMENT_GEOMETRY_REGS","1992","1996","CART / Indy-car","Dunlop","period regulation","1"
"W07_FITMENT_GEOMETRY_REGS","1977","1981","Group 4 Special GT — 1970-1981","Avon","supplier racing catalog","1"
"W07_FITMENT_GEOMETRY_REGS","1964","1965","Formula 2 — 1964-1966","Michelin","period regulation","1"
"W07_FITMENT_GEOMETRY_REGS","2000","2001","DTM — silhouette era","Goodyear","supplier racing catalog","1"
"W07_FITMENT_GEOMETRY_REGS","1982","1986","Formula 1 — turbo/radial slick era","Bridgestone/other","period regulation","1"
"W07_FITMENT_GEOMETRY_REGS","1972","1976","Formula Ford — 1967-1976","Bridgestone/other","official bulletin","1"
"W07_FITMENT_GEOMETRY_REGS","1950","1959","Touring / saloon racing — pre-1963","Pirelli","period program/entry documentation","1"
"W07_FITMENT_GEOMETRY_REGS","1994","1996","JGTC — 1994-1999 (GT1/GT2 terminology)","Firestone","official bulletin","1"
"W07_FITMENT_GEOMETRY_REGS","1977","1981","Sports racing / prototypes — 1972-1981","Dunlop","period program/entry documentation","1"
"W07_FITMENT_GEOMETRY_REGS","1960","1965","US GT / sports racing — pre-IMSA GT","Avon","official bulletin","1"
"W07_FITMENT_GEOMETRY_REGS","1997","2001","CART / Indy-car","Michelin","period program/entry documentation","1"
"W07_FITMENT_GEOMETRY_REGS","1982","1986","Group C","Goodyear","official bulletin","1"
"W07_FITMENT_GEOMETRY_REGS","1966","1970","Formula 3 — 1964-1970","Bridgestone/other","period program/entry documentation","1"
"W07_FITMENT_GEOMETRY_REGS","2002","2010","World Rally Championship — 2002-2010","Pirelli","official bulletin","1"
"W07_FITMENT_GEOMETRY_REGS","1987","1991","Formula 1 — turbo/radial slick era","Firestone","period program/entry documentation","1"
"W07_FITMENT_GEOMETRY_REGS","1977","1981","Formula Ford — 1977-1981","Goodyear","homologation form","1"
"W07_FITMENT_GEOMETRY_REGS","1963","1965","Group 2 / ETCC — 1963-1969","Bridgestone/other","regulation","1"
"W07_FITMENT_GEOMETRY_REGS","1997","1999","JGTC — 1994-1999 (GT1/GT2 terminology)","Pirelli","homologation form","1"
"W08_GT1_1990S_MAP","1982","1986","Formula Ford — 1982-1992","Bridgestone/other","official event retrospective/report","1"
"W08_GT1_1990S_MAP","2005","2010","SUPER GT — 2005-2010","Firestone","official event retrospective/report","1"
"W08_GT1_1990S_MAP","1972","1976","IMSA GT — 1971-1981","Avon","official event retrospective/report","1"
"W08_GT1_1990S_MAP","1950","1955","AAA Championship Car / Indianapolis","Michelin","regulation","1"
"W08_GT1_1990S_MAP","1993","1996","Le Mans Prototype transition","Goodyear","official event retrospective/report","1"
"W08_GT1_1990S_MAP","1977","1981","Formula 3 — 1974-1986","Bridgestone/other","regulation","1"
"W08_GT1_1990S_MAP","1960","1965","International rally — pre-WRC","Pirelli","official event retrospective/report","1"
"W08_GT1_1990S_MAP","1982","1986","IMSA GTP","Dunlop","period race report / technical feature","1"
"W08_GT1_1990S_MAP","1966","1971","General Racing Tire","Avon","regulation","1"
"W08_GT1_1990S_MAP","2002","1972","Trans-Am — 1966-1972","Michelin","period race report / technical feature","1"
"W08_GT1_1990S_MAP","1987","1991","Formula Ford — 1982-1992","Firestone","regulation","1"
"W08_GT1_1990S_MAP","1972","1975","Group 2 / ETCC — 1970-1975","Dunlop","period race report / technical feature","1"
"W08_GT1_1990S_MAP","1950","1959","Japanese GT / touring — pre-JGTC","Avon","regulation","1"
"W08_GT1_1990S_MAP","1992","1974","Can-Am — original","Michelin","period race report / technical feature","1"
"W08_GT1_1990S_MAP","1977","1981","Group 4 Special GT — 1970-1981","Goodyear","regulation","1"
"W08_GT1_1990S_MAP","1960","1965","Historic Racing Reference","Bridgestone/other","period race report / technical feature","1"
"W08_GT1_1990S_MAP","1997","2001","FIA GT — 1997-2009","Pirelli","regulation","1"
"W08_GT1_1990S_MAP","1982","1986","Formula 3 — 1974-1986","Firestone","period race report / technical feature","1"
"W08_GT1_1990S_MAP","1966","1971","International rally — pre-WRC","Dunlop","regulation","1"
"W08_GT1_1990S_MAP","2002","2010","Formula 1 — grooved-to-slick-return era","Avon","entry/result photo/documentation","1"
"W08_GT1_1990S_MAP","1987","1991","IMSA GTP","Michelin","technical/historical document","1"
"W08_GT1_1990S_MAP","1972","1976","General Racing Tire","Goodyear","entry/result photo/documentation","1"
"W08_GT1_1990S_MAP","1950","1959","Touring / saloon racing — pre-1963","Bridgestone/other","technical/historical document","1"
"W08_GT1_1990S_MAP","1992","1996","Historic Racing Reference","Pirelli","entry/result photo/documentation","1"
"W08_GT1_1990S_MAP","1977","1981","Group 4 Special GT — 1970-1981","Firestone","technical/historical document","1"
"W08_GT1_1990S_MAP","1960","1963","Sports racing / prototypes — 1950-1963","Dunlop","entry/result photo/documentation","1"
"W08_GT1_1990S_MAP","1997","1974","Can-Am — original","Avon","technical/historical document","1"
"W08_GT1_1990S_MAP","1982","1986","IMSA GT — 1982-1993","Pirelli","entry/result photo/documentation","1"
"W08_GT1_1990S_MAP","1966","1971","Sports racing / prototypes — 1964-1971","Firestone","technical/historical document","1"
"W08_GT1_1990S_MAP","2002","2009","FIA GT — 1997-2009","Dunlop","entry/result photo/documentation","1"
"W08_GT1_1990S_MAP","1987","1990","Formula 3 — 1987-1990","Avon","technical/historical document","1"
"W08_GT1_1990S_MAP","1972","1976","Rallycross — 1967-1981","Michelin","entry/result photo/documentation","1"
"W08_GT1_1990S_MAP","1960","1965","NASCAR stock car — 1950-1971","Firestone","regulation","1"
"W08_GT1_1990S_MAP","1997","2001","Historic Racing Reference","Dunlop","official event retrospective/report","1"
"W08_GT1_1990S_MAP","1982","1986","Group C","Avon","regulation","1"
"W08_GT1_1990S_MAP","2002","1974","Can-Am — original","Goodyear","regulation","1"
"W08_GT1_1990S_MAP","1987","1991","IMSA GT — 1982-1993","Bridgestone/other","official event retrospective/report","1"
"W08_GT1_1990S_MAP","1950","1959","Sports racing / prototypes — 1950-1963","Firestone","official event retrospective/report","1"
"W08_GT1_1990S_MAP","1966","1971","NASCAR stock car — 1950-1971","Avon","period race report / technical feature","1"
"W08_GT1_1990S_MAP","2002","2010","Historic Racing Reference","Michelin","regulation","1"
"W08_GT1_1990S_MAP","1987","1991","Group C","Goodyear","period race report / technical feature","1"
"W08_GT1_1990S_MAP","1972","1976","Sports racing / prototypes — 1972-1981","Bridgestone/other","regulation","1"
"W08_GT1_1990S_MAP","1994","1996","JGTC — 1994-1999 (GT1/GT2 terminology)","Firestone","regulation","1"
"W08_GT1_1990S_MAP","1977","1981","Sports racing / prototypes — 1972-1981","Dunlop","period race report / technical feature","1"
"W08_GT1_1990S_MAP","1960","1965","US GT / sports racing — pre-IMSA GT","Avon","regulation","1"
"W08_GT1_1990S_MAP","1997","2001","CART / Indy-car","Michelin","period race report / technical feature","1"
"W08_GT1_1990S_MAP","2002","2010","DTM — silhouette era","Pirelli","technical/historical document","1"
"W08_GT1_1990S_MAP","1987","1991","General Tire Mechanics","Firestone","entry/result photo/documentation","1"
"W08_GT1_1990S_MAP","1972","1976","NASCAR stock car — 1972-1991","Goodyear","technical/historical document","1"
"W08_GT1_1990S_MAP","1950","1959","Historic Racing Reference","Bridgestone/other","entry/result photo/documentation","1"
"W08_GT1_1990S_MAP","1992","1996","Trans-Am — 1982-2001","Pirelli","technical/historical document","1"
"W08_GT1_1990S_MAP","1977","1981","Formula Ford — 1977-1981","Firestone","entry/result photo/documentation","1"
"W08_GT1_1990S_MAP","1963","1965","Group 2 / ETCC — 1963-1969","Dunlop","technical/historical document","1"
"W08_GT1_1990S_MAP","1997","1999","JGTC — 1994-1999 (GT1/GT2 terminology)","Avon","entry/result photo/documentation","1"
"W08_GT1_1990S_MAP","1982","1986","Historic Racing Reference","Michelin","technical/historical document","1"
"W08_GT1_1990S_MAP","1966","1970","US GT / sports racing — pre-IMSA GT","Goodyear","entry/result photo/documentation","1"
"W08_GT1_1990S_MAP","2002","2003","CART / Indy-car","Bridgestone/other","technical/historical document","1"
"W08_GT1_1990S_MAP","1987","1991","Group C","Pirelli","entry/result photo/documentation","1"
"W08_GT1_1990S_MAP","1972","1976","Formula 2 — 1972-1984","Firestone","official event retrospective/report","1"
"W08_GT1_1990S_MAP","1950","1959","Touring / saloon racing — pre-1963","Dunlop","regulation","1"
"W08_GT1_1990S_MAP","1992","1996","Formula 1 — 1990s radial slick/grooved transition","Avon","official event retrospective/report","1"
"W08_GT1_1990S_MAP","1960","1965","General Racing Tire","Goodyear","official event retrospective/report","1"
"W08_GT1_1990S_MAP","1982","1986","Formula Ford — 1982-1992","Pirelli","official event retrospective/report","1"
"W08_GT1_1990S_MAP","2005","2010","SUPER GT — 2005-2010","Goodyear","official event retrospective/report","1"
"W08_GT1_1990S_MAP","1972","1976","IMSA GT — 1971-1981","Pirelli","official event retrospective/report","1"
"W08_GT1_1990S_MAP","1993","1996","Le Mans Prototype transition","Dunlop","official event retrospective/report","1"
"W08_GT1_1990S_MAP","1997","2001","Formula 1 — 1990s radial slick/grooved transition","Goodyear","regulation","1"
"W08_GT1_1990S_MAP","1982","1986","IMSA GTP","Bridgestone/other","period race report / technical feature","1"
"W08_GT1_1990S_MAP","1966","1971","General Racing Tire","Pirelli","regulation","1"
"W08_GT1_1990S_MAP","2002","1972","Trans-Am — 1966-1972","Firestone","period race report / technical feature","1"
"W08_GT1_1990S_MAP","1987","1991","Formula Ford — 1982-1992","Dunlop","regulation","1"
"W08_GT1_1990S_MAP","1972","1975","Group 2 / ETCC — 1970-1975","Avon","period race report / technical feature","1"
"W08_GT1_1990S_MAP","1950","1959","Japanese GT / touring — pre-JGTC","Michelin","regulation","1"
"W08_GT1_1990S_MAP","1992","1974","Can-Am — original","Goodyear","period race report / technical feature","1"
"W08_GT1_1990S_MAP","1977","1981","Group 4 Special GT — 1970-1981","Bridgestone/other","regulation","1"
"W08_GT1_1990S_MAP","1960","1965","Historic Racing Reference","Avon","period race report / technical feature","1"
"W08_GT1_1990S_MAP","1997","2001","FIA GT — 1997-2009","Michelin","regulation","1"
"W08_GT1_1990S_MAP","1987","1991","IMSA GTP","Firestone","technical/historical document","1"
"W08_GT1_1990S_MAP","1972","1976","General Racing Tire","Dunlop","entry/result photo/documentation","1"
"W08_GT1_1990S_MAP","1950","1959","Touring / saloon racing — pre-1963","Avon","technical/historical document","1"
"W08_GT1_1990S_MAP","1992","1996","Historic Racing Reference","Michelin","entry/result photo/documentation","1"
"W08_GT1_1990S_MAP","1960","1963","Sports racing / prototypes — 1950-1963","Bridgestone/other","entry/result photo/documentation","1"
"W08_GT1_1990S_MAP","1997","1974","Can-Am — original","Pirelli","technical/historical document","1"
"W08_GT1_1990S_MAP","1982","1986","IMSA GT — 1982-1993","Firestone","entry/result photo/documentation","1"
"W08_GT1_1990S_MAP","1966","1971","Sports racing / prototypes — 1964-1971","Dunlop","technical/historical document","1"
"W08_GT1_1990S_MAP","2002","2009","FIA GT — 1997-2009","Avon","entry/result photo/documentation","1"
"W08_GT1_1990S_MAP","1977","1981","General Tire Mechanics","Michelin","official event retrospective/report","1"
"W08_GT1_1990S_MAP","1997","2001","Historic Racing Reference","Bridgestone/other","official event retrospective/report","1"
"W08_GT1_1990S_MAP","1987","1991","IMSA GT — 1982-1993","Avon","official event retrospective/report","1"
"W08_GT1_1990S_MAP","1972","1976","Historic Racing Reference","Michelin","regulation","1"
"W08_GT1_1990S_MAP","1950","1959","Sports racing / prototypes — 1950-1963","Goodyear","official event retrospective/report","1"
"W08_GT1_1990S_MAP","1992","1996","CART / Indy-car","Bridgestone/other","regulation","1"
"W08_GT1_1990S_MAP","1977","1981","Group 4 Special GT — 1970-1981","Pirelli","period race report / technical feature","1"
"W08_GT1_1990S_MAP","1964","1965","Formula 2 — 1964-1966","Firestone","regulation","1"
"W08_GT1_1990S_MAP","2000","2001","DTM — silhouette era","Dunlop","period race report / technical feature","1"
"W08_GT1_1990S_MAP","1982","1986","General Tire Mechanics","Avon","regulation","1"
"W08_GT1_1990S_MAP","1966","1971","NASCAR stock car — 1950-1971","Michelin","period race report / technical feature","1"
"W08_GT1_1990S_MAP","2002","2010","Historic Racing Reference","Firestone","regulation","1"
"W08_GT1_1990S_MAP","1987","1991","Group C","Dunlop","period race report / technical feature","1"
"W08_GT1_1990S_MAP","1972","1976","Sports racing / prototypes — 1972-1981","Avon","regulation","1"
"W08_GT1_1990S_MAP","1994","1996","JGTC — 1994-1999 (GT1/GT2 terminology)","Goodyear","regulation","1"
"W08_GT1_1990S_MAP","1977","1981","Sports racing / prototypes — 1972-1981","Bridgestone/other","period race report / technical feature","1"
"W08_GT1_1990S_MAP","1960","1965","US GT / sports racing — pre-IMSA GT","Pirelli","regulation","1"
"W08_GT1_1990S_MAP","1982","1986","Group C","Dunlop","technical/historical document","1"
"W08_GT1_1990S_MAP","1967","1971","Formula 2 — 1967-1971","Avon","entry/result photo/documentation","1"
"W08_GT1_1990S_MAP","2002","2010","DTM — silhouette era","Michelin","technical/historical document","1"
"W08_GT1_1990S_MAP","1987","1991","General Tire Mechanics","Goodyear","entry/result photo/documentation","1"
"W08_GT1_1990S_MAP","1972","1976","NASCAR stock car — 1972-1991","Bridgestone/other","technical/historical document","1"
"W08_GT1_1990S_MAP","1950","1959","Historic Racing Reference","Pirelli","entry/result photo/documentation","1"
"W08_GT1_1990S_MAP","1992","1996","Trans-Am — 1982-2001","Firestone","technical/historical document","1"
"W08_GT1_1990S_MAP","1977","1981","Formula Ford — 1977-1981","Dunlop","entry/result photo/documentation","1"
"W08_GT1_1990S_MAP","1963","1965","Group 2 / ETCC — 1963-1969","Avon","technical/historical document","1"
"W08_GT1_1990S_MAP","1997","1999","JGTC — 1994-1999 (GT1/GT2 terminology)","Pirelli","entry/result photo/documentation","1"
"W08_GT1_1990S_MAP","1982","1986","Historic Racing Reference","Firestone","technical/historical document","1"
"W08_GT1_1990S_MAP","1966","1970","US GT / sports racing — pre-IMSA GT","Dunlop","entry/result photo/documentation","1"
"W08_GT1_1990S_MAP","1992","1996","Formula 1 — 1990s radial slick/grooved transition","Pirelli","official event retrospective/report","1"
"W08_GT1_1990S_MAP","1977","1981","Sports racing / prototypes — 1972-1981","Firestone","regulation","1"
"W08_GT1_1990S_MAP","1960","1965","General Racing Tire","Dunlop","official event retrospective/report","1"
"W08_GT1_1990S_MAP","1997","2001","Trans-Am — 1982-2001","Avon","regulation","1"
"W08_GT1_1990S_MAP","1982","1986","Formula Ford — 1982-1992","Michelin","official event retrospective/report","1"
"W08_GT1_1990S_MAP","1966","1969","Group 2 / ETCC — 1963-1969","Goodyear","regulation","1"
"W08_GT1_1990S_MAP","2005","2010","SUPER GT — 2005-2010","Bridgestone/other","official event retrospective/report","1"
"W08_GT1_1990S_MAP","1972","1976","IMSA GT — 1971-1981","Firestone","official event retrospective/report","1"
"W08_GT1_1990S_MAP","1960","1965","International rally — pre-WRC","Firestone","period race report / technical feature","1"
"W08_GT1_1990S_MAP","1997","2001","Formula 1 — 1990s radial slick/grooved transition","Dunlop","regulation","1"
"W08_GT1_1990S_MAP","1982","1986","IMSA GTP","Avon","period race report / technical feature","1"
"W08_GT1_1990S_MAP","1966","1971","General Racing Tire","Michelin","regulation","1"
"W08_GT1_1990S_MAP","2002","1972","Trans-Am — 1966-1972","Goodyear","period race report / technical feature","1"
"W08_GT1_1990S_MAP","1987","1991","Formula Ford — 1982-1992","Bridgestone/other","regulation","1"
"W08_GT1_1990S_MAP","1972","1975","Group 2 / ETCC — 1970-1975","Pirelli","period race report / technical feature","1"
"W08_GT1_1990S_MAP","1950","1959","Japanese GT / touring — pre-JGTC","Firestone","regulation","1"
"W08_GT1_1990S_MAP","1992","1974","Can-Am — original","Dunlop","period race report / technical feature","1"
"W08_GT1_1990S_MAP","1977","1981","Group 4 Special GT — 1970-1981","Avon","regulation","1"
"W08_GT1_1990S_MAP","1960","1965","Historic Racing Reference","Michelin","entry/result photo/documentation","1"
"W08_GT1_1990S_MAP","1997","2001","FIA GT — 1997-2009","Goodyear","technical/historical document","1"
"W08_GT1_1990S_MAP","1982","1986","Formula 3 — 1974-1986","Bridgestone/other","entry/result photo/documentation","1"
"W08_GT1_1990S_MAP","1966","1971","International rally — pre-WRC","Pirelli","technical/historical document","1"
"W08_GT1_1990S_MAP","2002","2010","Formula 1 — grooved-to-slick-return era","Firestone","entry/result photo/documentation","1"
"W08_GT1_1990S_MAP","1987","1991","IMSA GTP","Goodyear","technical/historical document","1"
"W08_GT1_1990S_MAP","1972","1976","General Racing Tire","Bridgestone/other","entry/result photo/documentation","1"
"W08_GT1_1990S_MAP","1950","1959","Touring / saloon racing — pre-1963","Pirelli","technical/historical document","1"
"W08_GT1_1990S_MAP","1992","1996","Historic Racing Reference","Firestone","entry/result photo/documentation","1"
"W08_GT1_1990S_MAP","1960","1963","Sports racing / prototypes — 1950-1963","Avon","entry/result photo/documentation","1"
"W08_GT1_1990S_MAP","1997","1974","Can-Am — original","Michelin","technical/historical document","1"
"W08_GT1_1990S_MAP","1982","1986","IMSA GT — 1982-1993","Goodyear","entry/result photo/documentation","1"
"W08_GT1_1990S_MAP","2002","2009","FIA GT — 1997-2009","Pirelli","regulation","1"
"W08_GT1_1990S_MAP","1987","1990","Formula 3 — 1987-1990","Firestone","official event retrospective/report","1"
"W08_GT1_1990S_MAP","1972","1976","Rallycross — 1967-1981","Dunlop","regulation","1"
"W08_GT1_1990S_MAP","1950","1959","Formula 1 — early World Championship","Avon","official event retrospective/report","1"
"W08_GT1_1990S_MAP","1977","1981","General Tire Mechanics","Goodyear","official event retrospective/report","1"
"W08_GT1_1990S_MAP","1997","2001","Historic Racing Reference","Pirelli","official event retrospective/report","1"
"W08_GT1_1990S_MAP","1987","1991","IMSA GT — 1982-1993","Pirelli","official event retrospective/report","1"
"W08_GT1_1990S_MAP","1977","1981","Group 4 Special GT — 1970-1981","Michelin","period race report / technical feature","1"
"W08_GT1_1990S_MAP","1964","1965","Formula 2 — 1964-1966","Goodyear","regulation","1"
"W08_GT1_1990S_MAP","2000","2001","DTM — silhouette era","Bridgestone/other","period race report / technical feature","1"
"W08_GT1_1990S_MAP","1982","1986","General Tire Mechanics","Pirelli","regulation","1"
"W08_GT1_1990S_MAP","1966","1971","NASCAR stock car — 1950-1971","Firestone","period race report / technical feature","1"
"W08_GT1_1990S_MAP","2002","2010","Historic Racing Reference","Dunlop","regulation","1"
"W08_GT1_1990S_MAP","1987","1991","Group C","Avon","period race report / technical feature","1"
"W08_GT1_1990S_MAP","1972","1976","Sports racing / prototypes — 1972-1981","Michelin","regulation","1"
"W08_GT1_1990S_MAP","1950","1959","Sports racing / prototypes — 1950-1963","Goodyear","period race report / technical feature","1"
"W08_GT1_1990S_MAP","1994","1996","JGTC — 1994-1999 (GT1/GT2 terminology)","Bridgestone/other","regulation","1"
"W08_GT1_1990S_MAP","1982","1986","Group C","Bridgestone/other","technical/historical document","1"
"W08_GT1_1990S_MAP","1967","1971","Formula 2 — 1967-1971","Pirelli","entry/result photo/documentation","1"
"W08_GT1_1990S_MAP","2002","2010","DTM — silhouette era","Firestone","technical/historical document","1"
"W08_GT1_1990S_MAP","1987","1991","General Tire Mechanics","Dunlop","entry/result photo/documentation","1"
"W08_GT1_1990S_MAP","1972","1976","NASCAR stock car — 1972-1991","Avon","technical/historical document","1"
"W08_GT1_1990S_MAP","1950","1959","Historic Racing Reference","Michelin","entry/result photo/documentation","1"
"W08_GT1_1990S_MAP","1992","1996","Trans-Am — 1982-2001","Goodyear","technical/historical document","1"
"W08_GT1_1990S_MAP","1977","1981","Formula Ford — 1977-1981","Bridgestone/other","entry/result photo/documentation","1"
"W08_GT1_1990S_MAP","1963","1965","Group 2 / ETCC — 1963-1969","Pirelli","technical/historical document","1"
"W08_GT1_1990S_MAP","1997","1999","JGTC — 1994-1999 (GT1/GT2 terminology)","Firestone","entry/result photo/documentation","1"
"W08_GT1_1990S_MAP","1982","1986","Historic Racing Reference","Dunlop","official event retrospective/report","1"
"W08_GT1_1990S_MAP","1966","1970","US GT / sports racing — pre-IMSA GT","Avon","regulation","1"
"W08_GT1_1990S_MAP","2002","2003","CART / Indy-car","Michelin","official event retrospective/report","1"
"W08_GT1_1990S_MAP","1987","1991","Group C","Goodyear","regulation","1"
"W08_GT1_1990S_MAP","1972","1976","Formula 2 — 1972-1984","Dunlop","official event retrospective/report","1"
"W08_GT1_1990S_MAP","1992","1996","Formula 1 — 1990s radial slick/grooved transition","Michelin","official event retrospective/report","1"
"W08_GT1_1990S_MAP","1960","1965","General Racing Tire","Bridgestone/other","official event retrospective/report","1"
"W08_GT1_1990S_MAP","1982","1986","Formula Ford — 1982-1992","Firestone","official event retrospective/report","1"
"W08_GT1_1990S_MAP","2005","2010","SUPER GT — 2005-2010","Avon","official event retrospective/report","1"
"W08_GT1_1990S_MAP","1987","1991","Historic Racing Reference","Michelin","regulation","1"
"W08_GT1_1990S_MAP","1972","1976","IMSA GT — 1971-1981","Goodyear","period race report / technical feature","1"
"W08_GT1_1990S_MAP","1950","1955","AAA Championship Car / Indianapolis","Bridgestone/other","regulation","1"
"W08_GT1_1990S_MAP","1993","1996","Le Mans Prototype transition","Pirelli","period race report / technical feature","1"
"W08_GT1_1990S_MAP","1977","1981","Formula 3 — 1974-1986","Firestone","regulation","1"
"W08_GT1_1990S_MAP","1960","1965","International rally — pre-WRC","Dunlop","period race report / technical feature","1"
"W08_GT1_1990S_MAP","1997","2001","Formula 1 — 1990s radial slick/grooved transition","Avon","regulation","1"
"W08_GT1_1990S_MAP","1982","1986","IMSA GTP","Michelin","period race report / technical feature","1"
"W08_GT1_1990S_MAP","1966","1971","General Racing Tire","Firestone","regulation","1"
"W08_GT1_1990S_MAP","2002","1972","Trans-Am — 1966-1972","Dunlop","period race report / technical feature","1"
"W08_GT1_1990S_MAP","1987","1991","Formula Ford — 1982-1992","Avon","regulation","1"
"W08_GT1_1990S_MAP","1972","1975","Group 2 / ETCC — 1970-1975","Michelin","period race report / technical feature","1"
"W08_GT1_1990S_MAP","1950","1959","Japanese GT / touring — pre-JGTC","Goodyear","regulation","1"
"W08_GT1_1990S_MAP","1997","2001","FIA GT — 1997-2009","Dunlop","technical/historical document","1"
"W08_GT1_1990S_MAP","1982","1986","Formula 3 — 1974-1986","Avon","entry/result photo/documentation","1"
"W08_GT1_1990S_MAP","1966","1971","International rally — pre-WRC","Michelin","technical/historical document","1"
"W08_GT1_1990S_MAP","2002","2010","Formula 1 — grooved-to-slick-return era","Goodyear","entry/result photo/documentation","1"
"W08_GT1_1990S_MAP","1987","1991","IMSA GTP","Bridgestone/other","technical/historical document","1"
"W08_GT1_1990S_MAP","1972","1976","General Racing Tire","Pirelli","entry/result photo/documentation","1"
"W08_GT1_1990S_MAP","1950","1959","Touring / saloon racing — pre-1963","Firestone","technical/historical document","1"
"W08_GT1_1990S_MAP","1992","1996","Historic Racing Reference","Dunlop","entry/result photo/documentation","1"
"W08_GT1_1990S_MAP","1977","1981","Group 4 Special GT — 1970-1981","Avon","technical/historical document","1"
"W08_GT1_1990S_MAP","1960","1963","Sports racing / prototypes — 1950-1963","Pirelli","entry/result photo/documentation","1"
"W08_GT1_1990S_MAP","1987","1990","Formula 3 — 1987-1990","Goodyear","official event retrospective/report","1"
"W08_GT1_1990S_MAP","1950","1959","Formula 1 — early World Championship","Pirelli","official event retrospective/report","1"
"W08_GT1_1990S_MAP","1993","1996","DTM / ITC — Class 1","Firestone","regulation","1"
"W08_GT1_1990S_MAP","1977","1981","General Tire Mechanics","Dunlop","official event retrospective/report","1"
"W08_GT1_1990S_MAP","1960","1965","NASCAR stock car — 1950-1971","Avon","regulation","1"
"W08_GT1_1990S_MAP","1997","2001","Historic Racing Reference","Michelin","official event retrospective/report","1"
"W08_GT1_1990S_MAP","2002","1974","Can-Am — original","Pirelli","regulation","1"
"W08_GT1_1990S_MAP","1987","1991","IMSA GT — 1982-1993","Firestone","period race report / technical feature","1"
"W08_GT1_1990S_MAP","1972","1976","Historic Racing Reference","Dunlop","regulation","1"
"W08_GT1_1990S_MAP","1950","1959","Sports racing / prototypes — 1950-1963","Bridgestone/other","period race report / technical feature","1"
"W08_GT1_1990S_MAP","1992","1996","CART / Indy-car","Pirelli","regulation","1"
"W08_GT1_1990S_MAP","1977","1981","Group 4 Special GT — 1970-1981","Firestone","period race report / technical feature","1"
"W08_GT1_1990S_MAP","1964","1965","Formula 2 — 1964-1966","Dunlop","regulation","1"
"W08_GT1_1990S_MAP","2000","2001","DTM — silhouette era","Avon","period race report / technical feature","1"
"W08_GT1_1990S_MAP","1982","1986","General Tire Mechanics","Michelin","regulation","1"
"W08_GT1_1990S_MAP","1966","1971","NASCAR stock car — 1950-1971","Goodyear","period race report / technical feature","1"
"W08_GT1_1990S_MAP","2002","2010","Historic Racing Reference","Bridgestone/other","regulation","1"
"W08_GT1_1990S_MAP","1987","1991","Group C","Pirelli","period race report / technical feature","1"
"W08_GT1_1990S_MAP","1972","1976","Sports racing / prototypes — 1972-1981","Firestone","regulation","1"
"W08_GT1_1990S_MAP","1950","1959","Sports racing / prototypes — 1950-1963","Dunlop","entry/result photo/documentation","1"
"W08_GT1_1990S_MAP","1994","1996","JGTC — 1994-1999 (GT1/GT2 terminology)","Avon","technical/historical document","1"
"W08_GT1_1990S_MAP","1977","1981","Sports racing / prototypes — 1972-1981","Michelin","entry/result photo/documentation","1"
"W08_GT1_1990S_MAP","1960","1965","US GT / sports racing — pre-IMSA GT","Goodyear","technical/historical document","1"
"W08_GT1_1990S_MAP","1997","2001","CART / Indy-car","Bridgestone/other","entry/result photo/documentation","1"
"W08_GT1_1990S_MAP","1982","1986","Group C","Pirelli","technical/historical document","1"
"W08_GT1_1990S_MAP","1967","1971","Formula 2 — 1967-1971","Firestone","entry/result photo/documentation","1"
"W08_GT1_1990S_MAP","2002","2010","DTM — silhouette era","Goodyear","technical/historical document","1"
"W08_GT1_1990S_MAP","1987","1991","General Tire Mechanics","Bridgestone/other","entry/result photo/documentation","1"
"W08_GT1_1990S_MAP","1972","1976","NASCAR stock car — 1972-1991","Pirelli","technical/historical document","1"
"W08_GT1_1990S_MAP","1950","1959","Historic Racing Reference","Firestone","entry/result photo/documentation","1"
"W08_GT1_1990S_MAP","1992","1996","Trans-Am — 1982-2001","Dunlop","technical/historical document","1"
"W08_GT1_1990S_MAP","1977","1981","Formula Ford — 1977-1981","Avon","entry/result photo/documentation","1"
"W08_GT1_1990S_MAP","1963","1965","Group 2 / ETCC — 1963-1969","Michelin","official event retrospective/report","1"
"W08_GT1_1990S_MAP","1997","1999","JGTC — 1994-1999 (GT1/GT2 terminology)","Goodyear","regulation","1"
"W08_GT1_1990S_MAP","1982","1986","Historic Racing Reference","Bridgestone/other","official event retrospective/report","1"
"W08_GT1_1990S_MAP","1966","1970","US GT / sports racing — pre-IMSA GT","Pirelli","regulation","1"
"W08_GT1_1990S_MAP","2002","2003","CART / Indy-car","Firestone","official event retrospective/report","1"
"W08_GT1_1990S_MAP","1987","1991","Group C","Dunlop","regulation","1"
"W08_GT1_1990S_MAP","1972","1976","Formula 2 — 1972-1984","Avon","official event retrospective/report","1"
"W08_GT1_1990S_MAP","1950","1959","Touring / saloon racing — pre-1963","Michelin","regulation","1"
"W08_GT1_1990S_MAP","1992","1996","Formula 1 — 1990s radial slick/grooved transition","Goodyear","official event retrospective/report","1"
"W08_GT1_1990S_MAP","1977","1981","Sports racing / prototypes — 1972-1981","Bridgestone/other","regulation","1"
"W08_GT1_1990S_MAP","1960","1965","General Racing Tire","Pirelli","official event retrospective/report","1"
"W08_GT1_1990S_MAP","1997","2001","Trans-Am — 1982-2001","Michelin","regulation","1"
"W08_GT1_1990S_MAP","1982","1986","Formula Ford — 1982-1992","Goodyear","official event retrospective/report","1"
"W08_GT1_1990S_MAP","1966","1969","Group 2 / ETCC — 1963-1969","Bridgestone/other","regulation","1"
"W08_GT1_1990S_MAP","2005","2010","SUPER GT — 2005-2010","Pirelli","period race report / technical feature","1"
"W08_GT1_1990S_MAP","1987","1991","Historic Racing Reference","Firestone","regulation","1"
"W08_GT1_1990S_MAP","1972","1976","IMSA GT — 1971-1981","Dunlop","period race report / technical feature","1"
"W08_GT1_1990S_MAP","1950","1955","AAA Championship Car / Indianapolis","Avon","regulation","1"
"W08_GT1_1990S_MAP","1993","1996","Le Mans Prototype transition","Michelin","period race report / technical feature","1"
"W08_GT1_1990S_MAP","1977","1981","Formula 3 — 1974-1986","Goodyear","regulation","1"
"W08_GT1_1990S_MAP","1960","1965","International rally — pre-WRC","Bridgestone/other","period race report / technical feature","1"
"W08_GT1_1990S_MAP","1997","2001","Formula 1 — 1990s radial slick/grooved transition","Pirelli","regulation","1"
"W08_GT1_1990S_MAP","1982","1986","IMSA GTP","Firestone","period race report / technical feature","1"
"W08_GT1_1990S_MAP","1966","1971","General Racing Tire","Dunlop","regulation","1"
"W08_GT1_1990S_MAP","2002","1972","Trans-Am — 1966-1972","Avon","period race report / technical feature","1"
"W08_GT1_1990S_MAP","1987","1991","Formula Ford — 1982-1992","Michelin","regulation","1"
"W08_GT1_1990S_MAP","1972","1975","Group 2 / ETCC — 1970-1975","Goodyear","entry/result photo/documentation","1"
"W08_GT1_1990S_MAP","1950","1959","Japanese GT / touring — pre-JGTC","Bridgestone/other","technical/historical document","1"
"W08_GT1_1990S_MAP","1992","1974","Can-Am — original","Avon","entry/result photo/documentation","1"
"W08_GT1_1990S_MAP","1977","1981","Group 4 Special GT — 1970-1981","Michelin","technical/historical document","1"
"W08_GT1_1990S_MAP","1960","1965","Historic Racing Reference","Goodyear","entry/result photo/documentation","1"
"W08_GT1_1990S_MAP","1997","2001","FIA GT — 1997-2009","Bridgestone/other","technical/historical document","1"
"W08_GT1_1990S_MAP","1982","1986","Formula 3 — 1974-1986","Pirelli","entry/result photo/documentation","1"
"W08_GT1_1990S_MAP","1966","1971","International rally — pre-WRC","Firestone","technical/historical document","1"
"W08_GT1_1990S_MAP","2002","2010","Formula 1 — grooved-to-slick-return era","Dunlop","entry/result photo/documentation","1"
"W08_GT1_1990S_MAP","1987","1991","IMSA GTP","Avon","technical/historical document","1"
"W08_GT1_1990S_MAP","1972","1976","General Racing Tire","Michelin","entry/result photo/documentation","1"
"W08_GT1_1990S_MAP","1950","1959","Touring / saloon racing — pre-1963","Goodyear","technical/historical document","1"
"W08_GT1_1990S_MAP","1992","1996","Historic Racing Reference","Bridgestone/other","entry/result photo/documentation","1"
"W08_GT1_1990S_MAP","1977","1981","Group 4 Special GT — 1970-1981","Pirelli","official event retrospective/report","1"
"W08_GT1_1990S_MAP","1960","1963","Sports racing / prototypes — 1950-1963","Firestone","regulation","1"
"W08_GT1_1990S_MAP","1997","1974","Can-Am — original","Dunlop","official event retrospective/report","1"
"W08_GT1_1990S_MAP","1982","1986","IMSA GT — 1982-1993","Avon","regulation","1"
"W08_GT1_1990S_MAP","2002","2009","FIA GT — 1997-2009","Goodyear","regulation","1"
"W08_GT1_1990S_MAP","1987","1990","Formula 3 — 1987-1990","Dunlop","official event retrospective/report","1"
"W08_GT1_1990S_MAP","1972","1976","Rallycross — 1967-1981","Avon","regulation","1"
"W08_GT1_1990S_MAP","1950","1959","Formula 1 — early World Championship","Michelin","official event retrospective/report","1"
"W08_GT1_1990S_MAP","1993","1996","DTM / ITC — Class 1","Goodyear","regulation","1"
"W08_GT1_1990S_MAP","1977","1981","General Tire Mechanics","Bridgestone/other","official event retrospective/report","1"
"W08_GT1_1990S_MAP","1960","1965","NASCAR stock car — 1950-1971","Pirelli","regulation","1"
"W08_GT1_1990S_MAP","1997","2001","Historic Racing Reference","Firestone","official event retrospective/report","1"
"W08_GT1_1990S_MAP","1982","1986","Group C","Dunlop","regulation","1"
"W08_GT1_1990S_MAP","1966","1971","Sports racing / prototypes — 1964-1971","Avon","period race report / technical feature","1"
"W08_GT1_1990S_MAP","2002","1974","Can-Am — original","Michelin","regulation","1"
"W08_GT1_1990S_MAP","1987","1991","IMSA GT — 1982-1993","Goodyear","period race report / technical feature","1"
"W08_GT1_1990S_MAP","1972","1976","Historic Racing Reference","Bridgestone/other","regulation","1"
"W08_GT1_1990S_MAP","1992","1996","CART / Indy-car","Firestone","regulation","1"
"W08_GT1_1990S_MAP","1977","1981","Group 4 Special GT — 1970-1981","Dunlop","period race report / technical feature","1"
"W08_GT1_1990S_MAP","1964","1965","Formula 2 — 1964-1966","Avon","regulation","1"
"W08_GT1_1990S_MAP","2000","2001","DTM — silhouette era","Michelin","period race report / technical feature","1"
"W08_GT1_1990S_MAP","1982","1986","General Tire Mechanics","Firestone","regulation","1"
"W08_GT1_1990S_MAP","1966","1971","NASCAR stock car — 1950-1971","Dunlop","period race report / technical feature","1"
"W08_GT1_1990S_MAP","2002","2010","Historic Racing Reference","Avon","regulation","1"
"W08_GT1_1990S_MAP","1987","1991","Group C","Michelin","entry/result photo/documentation","1"
"W08_GT1_1990S_MAP","1972","1976","Sports racing / prototypes — 1972-1981","Goodyear","technical/historical document","1"
"W08_GT1_1990S_MAP","1994","1996","JGTC — 1994-1999 (GT1/GT2 terminology)","Pirelli","technical/historical document","1"
"W08_GT1_1990S_MAP","1977","1981","Sports racing / prototypes — 1972-1981","Firestone","entry/result photo/documentation","1"
"W08_GT1_1990S_MAP","1960","1965","US GT / sports racing — pre-IMSA GT","Dunlop","technical/historical document","1"
"W08_GT1_1990S_MAP","1997","2001","CART / Indy-car","Avon","entry/result photo/documentation","1"
"W08_GT1_1990S_MAP","1982","1986","Group C","Michelin","technical/historical document","1"
"W08_GT1_1990S_MAP","1967","1971","Formula 2 — 1967-1971","Goodyear","entry/result photo/documentation","1"
"W08_GT1_1990S_MAP","2002","2010","DTM — silhouette era","Bridgestone/other","technical/historical document","1"
"W08_GT1_1990S_MAP","1987","1991","General Tire Mechanics","Pirelli","entry/result photo/documentation","1"
"W08_GT1_1990S_MAP","1972","1976","NASCAR stock car — 1972-1991","Firestone","technical/historical document","1"
"W08_GT1_1990S_MAP","1950","1959","Historic Racing Reference","Dunlop","entry/result photo/documentation","1"
"W08_GT1_1990S_MAP","1992","1996","Trans-Am — 1982-2001","Avon","official event retrospective/report","1"
"W08_GT1_1990S_MAP","1977","1981","Formula Ford — 1977-1981","Pirelli","regulation","1"
"W08_GT1_1990S_MAP","1963","1965","Group 2 / ETCC — 1963-1969","Firestone","official event retrospective/report","1"
"W08_GT1_1990S_MAP","1997","1999","JGTC — 1994-1999 (GT1/GT2 terminology)","Dunlop","regulation","1"
"W08_GT1_1990S_MAP","1982","1986","Historic Racing Reference","Avon","official event retrospective/report","1"
"W08_GT1_1990S_MAP","1966","1970","US GT / sports racing — pre-IMSA GT","Michelin","regulation","1"
"W08_GT1_1990S_MAP","2002","2003","CART / Indy-car","Goodyear","official event retrospective/report","1"
"W08_GT1_1990S_MAP","1987","1991","Group C","Bridgestone/other","regulation","1"
"W08_GT1_1990S_MAP","1972","1976","Formula 2 — 1972-1984","Pirelli","official event retrospective/report","1"
"W08_GT1_1990S_MAP","1950","1959","Touring / saloon racing — pre-1963","Firestone","regulation","1"
"W08_GT1_1990S_MAP","1982","1986","Formula Ford — 1982-1992","Bridgestone/other","period race report / technical feature","1"
"W08_GT1_1990S_MAP","2005","2010","SUPER GT — 2005-2010","Firestone","period race report / technical feature","1"
"W08_GT1_1990S_MAP","1972","1976","IMSA GT — 1971-1981","Bridgestone/other","period race report / technical feature","1"
"W08_GT1_1990S_MAP","1950","1955","AAA Championship Car / Indianapolis","Pirelli","regulation","1"
"W08_GT1_1990S_MAP","1993","1996","Le Mans Prototype transition","Firestone","period race report / technical feature","1"
"W08_GT1_1990S_MAP","1977","1981","Formula 3 — 1974-1986","Dunlop","regulation","1"
"W08_GT1_1990S_MAP","1960","1965","International rally — pre-WRC","Avon","period race report / technical feature","1"
"W08_GT1_1990S_MAP","1997","2001","Formula 1 — 1990s radial slick/grooved transition","Michelin","regulation","1"
"W08_GT1_1990S_MAP","1982","1986","IMSA GTP","Goodyear","period race report / technical feature","1"
"W08_GT1_1990S_MAP","1966","1971","General Racing Tire","Bridgestone/other","regulation","1"
"W08_GT1_1990S_MAP","2002","1972","Trans-Am — 1966-1972","Pirelli","entry/result photo/documentation","1"
"W08_GT1_1990S_MAP","1987","1991","Formula Ford — 1982-1992","Firestone","technical/historical document","1"
"W08_GT1_1990S_MAP","1972","1975","Group 2 / ETCC — 1970-1975","Dunlop","entry/result photo/documentation","1"
"W08_GT1_1990S_MAP","1950","1959","Japanese GT / touring — pre-JGTC","Avon","technical/historical document","1"
"W08_GT1_1990S_MAP","1992","1974","Can-Am — original","Michelin","entry/result photo/documentation","1"
"W08_GT1_1990S_MAP","1960","1965","Historic Racing Reference","Bridgestone/other","entry/result photo/documentation","1"
"W08_GT1_1990S_MAP","1997","2001","FIA GT — 1997-2009","Pirelli","technical/historical document","1"
"W08_GT1_1990S_MAP","1982","1986","Formula 3 — 1974-1986","Firestone","entry/result photo/documentation","1"
"W08_GT1_1990S_MAP","1966","1971","International rally — pre-WRC","Goodyear","technical/historical document","1"
"W08_GT1_1990S_MAP","2002","2010","Formula 1 — grooved-to-slick-return era","Bridgestone/other","entry/result photo/documentation","1"
"W08_GT1_1990S_MAP","1987","1991","IMSA GTP","Pirelli","technical/historical document","1"
"W08_GT1_1990S_MAP","1972","1976","General Racing Tire","Firestone","entry/result photo/documentation","1"
"W08_GT1_1990S_MAP","1950","1959","Touring / saloon racing — pre-1963","Dunlop","official event retrospective/report","1"
"W08_GT1_1990S_MAP","1992","1996","Historic Racing Reference","Avon","regulation","1"
"W08_GT1_1990S_MAP","1977","1981","Group 4 Special GT — 1970-1981","Michelin","official event retrospective/report","1"
"W08_GT1_1990S_MAP","1960","1963","Sports racing / prototypes — 1950-1963","Goodyear","regulation","1"
"W08_GT1_1990S_MAP","1997","1974","Can-Am — original","Bridgestone/other","official event retrospective/report","1"
"W08_GT1_1990S_MAP","1982","1986","IMSA GT — 1982-1993","Pirelli","regulation","1"
"W08_GT1_1990S_MAP","2002","2009","FIA GT — 1997-2009","Dunlop","regulation","1"
"W08_GT1_1990S_MAP","1987","1990","Formula 3 — 1987-1990","Avon","official event retrospective/report","1"
"W08_GT1_1990S_MAP","1972","1976","Rallycross — 1967-1981","Michelin","regulation","1"
"W08_GT1_1990S_MAP","1960","1965","NASCAR stock car — 1950-1971","Michelin","regulation","1"
"W08_GT1_1990S_MAP","1997","2001","Historic Racing Reference","Goodyear","period race report / technical feature","1"
"W08_GT1_1990S_MAP","1982","1986","Group C","Bridgestone/other","regulation","1"
"W08_GT1_1990S_MAP","1966","1971","Sports racing / prototypes — 1964-1971","Pirelli","period race report / technical feature","1"
"W08_GT1_1990S_MAP","2002","1974","Can-Am — original","Firestone","regulation","1"
"W08_GT1_1990S_MAP","1987","1991","IMSA GT — 1982-1993","Dunlop","period race report / technical feature","1"
"W08_GT1_1990S_MAP","1972","1976","Historic Racing Reference","Avon","regulation","1"
"W08_GT1_1990S_MAP","1992","1996","CART / Indy-car","Goodyear","regulation","1"
"W08_GT1_1990S_MAP","1977","1981","Group 4 Special GT — 1970-1981","Bridgestone/other","period race report / technical feature","1"
"W08_GT1_1990S_MAP","1966","1971","NASCAR stock car — 1950-1971","Avon","entry/result photo/documentation","1"
"W08_GT1_1990S_MAP","2002","2010","Historic Racing Reference","Michelin","technical/historical document","1"
"W08_GT1_1990S_MAP","1987","1991","Group C","Goodyear","entry/result photo/documentation","1"
"W08_GT1_1990S_MAP","1972","1976","Sports racing / prototypes — 1972-1981","Bridgestone/other","technical/historical document","1"
"W08_GT1_1990S_MAP","1950","1959","Sports racing / prototypes — 1950-1963","Avon","entry/result photo/documentation","1"
"W08_GT1_1990S_MAP","1994","1996","JGTC — 1994-1999 (GT1/GT2 terminology)","Michelin","technical/historical document","1"
"W08_GT1_1990S_MAP","1977","1981","Sports racing / prototypes — 1972-1981","Goodyear","entry/result photo/documentation","1"
"W08_GT1_1990S_MAP","1960","1965","US GT / sports racing — pre-IMSA GT","Bridgestone/other","technical/historical document","1"
"W08_GT1_1990S_MAP","1997","2001","CART / Indy-car","Pirelli","entry/result photo/documentation","1"
"W08_GT1_1990S_MAP","1982","1986","Group C","Firestone","technical/historical document","1"
"W08_GT1_1990S_MAP","1967","1971","Formula 2 — 1967-1971","Dunlop","entry/result photo/documentation","1"
"W08_GT1_1990S_MAP","2002","2010","DTM — silhouette era","Avon","technical/historical document","1"
"W08_GT1_1990S_MAP","1987","1991","General Tire Mechanics","Michelin","entry/result photo/documentation","1"
"W08_GT1_1990S_MAP","1972","1976","NASCAR stock car — 1972-1991","Goodyear","official event retrospective/report","1"
"W08_GT1_1990S_MAP","1950","1959","Historic Racing Reference","Bridgestone/other","regulation","1"
"W08_GT1_1990S_MAP","1992","1996","Trans-Am — 1982-2001","Pirelli","official event retrospective/report","1"
"W08_GT1_1990S_MAP","1977","1981","Formula Ford — 1977-1981","Firestone","regulation","1"
"W08_GT1_1990S_MAP","1963","1965","Group 2 / ETCC — 1963-1969","Dunlop","official event retrospective/report","1"
"W08_GT1_1990S_MAP","1997","1999","JGTC — 1994-1999 (GT1/GT2 terminology)","Avon","regulation","1"
"W08_GT1_1990S_MAP","1982","1986","Historic Racing Reference","Michelin","official event retrospective/report","1"
"W08_GT1_1990S_MAP","1966","1970","US GT / sports racing — pre-IMSA GT","Goodyear","regulation","1"
"W08_GT1_1990S_MAP","2002","2003","CART / Indy-car","Dunlop","official event retrospective/report","1"
"W08_GT1_1990S_MAP","1987","1991","Group C","Avon","regulation","1"
"W08_GT1_1990S_MAP","1972","1976","Formula 2 — 1972-1984","Michelin","official event retrospective/report","1"
"W08_GT1_1990S_MAP","1950","1959","Touring / saloon racing — pre-1963","Goodyear","regulation","1"
"W08_GT1_1990S_MAP","1992","1996","Formula 1 — 1990s radial slick/grooved transition","Bridgestone/other","official event retrospective/report","1"
"W08_GT1_1990S_MAP","1977","1981","Sports racing / prototypes — 1972-1981","Pirelli","regulation","1"
"W08_GT1_1990S_MAP","1960","1965","General Racing Tire","Firestone","period race report / technical feature","1"
"W08_GT1_1990S_MAP","1997","2001","Trans-Am — 1982-2001","Dunlop","regulation","1"
"W08_GT1_1990S_MAP","1982","1986","Formula Ford — 1982-1992","Avon","period race report / technical feature","1"
"W08_GT1_1990S_MAP","2005","2010","SUPER GT — 2005-2010","Goodyear","period race report / technical feature","1"
"W08_GT1_1990S_MAP","1972","1976","IMSA GT — 1971-1981","Pirelli","period race report / technical feature","1"
"W08_GT1_1990S_MAP","1993","1996","Le Mans Prototype transition","Dunlop","period race report / technical feature","1"
"W08_GT1_1990S_MAP","1982","1986","IMSA GTP","Dunlop","entry/result photo/documentation","1"
"W08_GT1_1990S_MAP","1966","1971","General Racing Tire","Avon","technical/historical document","1"
"W08_GT1_1990S_MAP","2002","1972","Trans-Am — 1966-1972","Michelin","entry/result photo/documentation","1"
"W08_GT1_1990S_MAP","1987","1991","Formula Ford — 1982-1992","Goodyear","technical/historical document","1"
"W08_GT1_1990S_MAP","1972","1975","Group 2 / ETCC — 1970-1975","Bridgestone/other","entry/result photo/documentation","1"
"W08_GT1_1990S_MAP","1950","1959","Japanese GT / touring — pre-JGTC","Pirelli","technical/historical document","1"
"W08_GT1_1990S_MAP","1992","1974","Can-Am — original","Firestone","entry/result photo/documentation","1"
"W08_GT1_1990S_MAP","1960","1965","Historic Racing Reference","Avon","entry/result photo/documentation","1"
"W08_GT1_1990S_MAP","1997","2001","FIA GT — 1997-2009","Michelin","technical/historical document","1"
"W08_GT1_1990S_MAP","1987","1991","IMSA GTP","Firestone","official event retrospective/report","1"
"W08_GT1_1990S_MAP","1972","1976","General Racing Tire","Dunlop","regulation","1"
"W08_GT1_1990S_MAP","1950","1959","Touring / saloon racing — pre-1963","Avon","official event retrospective/report","1"
"W08_GT1_1990S_MAP","1992","1996","Historic Racing Reference","Pirelli","regulation","1"
"W08_GT1_1990S_MAP","1977","1981","Group 4 Special GT — 1970-1981","Firestone","official event retrospective/report","1"
"W08_GT1_1990S_MAP","1960","1963","Sports racing / prototypes — 1950-1963","Dunlop","regulation","1"
"W08_GT1_1990S_MAP","1997","1974","Can-Am — original","Avon","official event retrospective/report","1"
"W08_GT1_1990S_MAP","1982","1986","IMSA GT — 1982-1993","Michelin","regulation","1"
"W08_GT1_1990S_MAP","2002","2009","FIA GT — 1997-2009","Bridgestone/other","regulation","1"
"W08_GT1_1990S_MAP","1987","1990","Formula 3 — 1987-1990","Pirelli","official event retrospective/report","1"
"W08_GT1_1990S_MAP","1972","1976","Rallycross — 1967-1981","Firestone","regulation","1"
"W08_GT1_1990S_MAP","1977","1981","General Tire Mechanics","Michelin","period race report / technical feature","1"
"W08_GT1_1990S_MAP","1997","2001","Historic Racing Reference","Bridgestone/other","period race report / technical feature","1"
"W08_GT1_1990S_MAP","1966","1971","Sports racing / prototypes — 1964-1971","Firestone","period race report / technical feature","1"
"W08_GT1_1990S_MAP","1987","1991","IMSA GT — 1982-1993","Bridgestone/other","period race report / technical feature","1"
"W08_GT1_1990S_MAP","1950","1959","Sports racing / prototypes — 1950-1963","Firestone","period race report / technical feature","1"
"W08_GT1_1990S_MAP","1977","1981","Group 4 Special GT — 1970-1981","Avon","period race report / technical feature","1"
"W08_GT1_1990S_MAP","1964","1965","Formula 2 — 1964-1966","Michelin","regulation","1"
"W08_GT1_1990S_MAP","2000","2001","DTM — silhouette era","Goodyear","entry/result photo/documentation","1"
"W08_GT1_1990S_MAP","1982","1986","General Tire Mechanics","Bridgestone/other","technical/historical document","1"
"W08_GT1_1990S_MAP","1966","1971","NASCAR stock car — 1950-1971","Pirelli","entry/result photo/documentation","1"
"W08_GT1_1990S_MAP","2002","2010","Historic Racing Reference","Firestone","technical/historical document","1"
"W08_GT1_1990S_MAP","1987","1991","Group C","Dunlop","entry/result photo/documentation","1"
"W08_GT1_1990S_MAP","1972","1976","Sports racing / prototypes — 1972-1981","Avon","technical/historical document","1"
"W08_GT1_1990S_MAP","1950","1959","Sports racing / prototypes — 1950-1963","Michelin","entry/result photo/documentation","1"
"W08_GT1_1990S_MAP","1994","1996","JGTC — 1994-1999 (GT1/GT2 terminology)","Goodyear","technical/historical document","1"
"W08_GT1_1990S_MAP","1977","1981","Sports racing / prototypes — 1972-1981","Bridgestone/other","entry/result photo/documentation","1"
"W08_GT1_1990S_MAP","1960","1965","US GT / sports racing — pre-IMSA GT","Pirelli","technical/historical document","1"
"W08_GT1_1990S_MAP","1982","1986","Group C","Goodyear","technical/historical document","1"
"W08_GT1_1990S_MAP","2002","2010","DTM — silhouette era","Pirelli","official event retrospective/report","1"
"W08_GT1_1990S_MAP","1987","1991","General Tire Mechanics","Firestone","regulation","1"
"W08_GT1_1990S_MAP","1972","1976","NASCAR stock car — 1972-1991","Dunlop","official event retrospective/report","1"
"W08_GT1_1990S_MAP","1950","1959","Historic Racing Reference","Avon","regulation","1"
"W08_GT1_1990S_MAP","1992","1996","Trans-Am — 1982-2001","Michelin","official event retrospective/report","1"
"W08_GT1_1990S_MAP","1977","1981","Formula Ford — 1977-1981","Goodyear","regulation","1"
"W08_GT1_1990S_MAP","1963","1965","Group 2 / ETCC — 1963-1969","Bridgestone/other","official event retrospective/report","1"
"W08_GT1_1990S_MAP","1997","1999","JGTC — 1994-1999 (GT1/GT2 terminology)","Pirelli","regulation","1"
"W08_GT1_1990S_MAP","1982","1986","Historic Racing Reference","Firestone","official event retrospective/report","1"
"W08_GT1_1990S_MAP","1966","1970","US GT / sports racing — pre-IMSA GT","Dunlop","regulation","1"
"W08_GT1_1990S_MAP","1992","1996","Formula 1 — 1990s radial slick/grooved transition","Pirelli","period race report / technical feature","1"
"W08_GT1_1990S_MAP","1960","1965","General Racing Tire","Goodyear","period race report / technical feature","1"
"W08_GT1_1990S_MAP","1982","1986","Formula Ford — 1982-1992","Pirelli","period race report / technical feature","1"
"W08_GT1_1990S_MAP","1966","1969","Group 2 / ETCC — 1963-1969","Firestone","regulation","1"
"W08_GT1_1990S_MAP","2005","2010","SUPER GT — 2005-2010","Dunlop","period race report / technical feature","1"
"W08_GT1_1990S_MAP","1987","1991","Historic Racing Reference","Avon","regulation","1"
"W08_GT1_1990S_MAP","1972","1976","IMSA GT — 1971-1981","Michelin","period race report / technical feature","1"
"W08_GT1_1990S_MAP","1950","1955","AAA Championship Car / Indianapolis","Goodyear","regulation","1"
"W08_GT1_1990S_MAP","1960","1965","International rally — pre-WRC","Firestone","entry/result photo/documentation","1"
"W08_GT1_1990S_MAP","1997","2001","Formula 1 — 1990s radial slick/grooved transition","Dunlop","technical/historical document","1"
"W08_GT1_1990S_MAP","1982","1986","IMSA GTP","Avon","entry/result photo/documentation","1"
"W08_GT1_1990S_MAP","1966","1971","General Racing Tire","Michelin","technical/historical document","1"
"W08_GT1_1990S_MAP","2002","1972","Trans-Am — 1966-1972","Goodyear","entry/result photo/documentation","1"
"W08_GT1_1990S_MAP","1987","1991","Formula Ford — 1982-1992","Bridgestone/other","technical/historical document","1"
"W08_GT1_1990S_MAP","1972","1975","Group 2 / ETCC — 1970-1975","Avon","entry/result photo/documentation","1"
"W08_GT1_1990S_MAP","1950","1959","Japanese GT / touring — pre-JGTC","Michelin","technical/historical document","1"
"W08_GT1_1990S_MAP","1992","1974","Can-Am — original","Goodyear","entry/result photo/documentation","1"
"W08_GT1_1990S_MAP","1977","1981","Group 4 Special GT — 1970-1981","Bridgestone/other","technical/historical document","1"
"W08_GT1_1990S_MAP","1960","1965","Historic Racing Reference","Pirelli","entry/result photo/documentation","1"
"W08_GT1_1990S_MAP","1997","2001","FIA GT — 1997-2009","Firestone","technical/historical document","1"
"W08_GT1_1990S_MAP","1982","1986","Formula 3 — 1974-1986","Dunlop","entry/result photo/documentation","1"
"W08_GT1_1990S_MAP","1966","1971","International rally — pre-WRC","Avon","official event retrospective/report","1"
"W08_GT1_1990S_MAP","2002","2010","Formula 1 — grooved-to-slick-return era","Michelin","regulation","1"
"W08_GT1_1990S_MAP","1987","1991","IMSA GTP","Goodyear","official event retrospective/report","1"
"W08_GT1_1990S_MAP","1972","1976","General Racing Tire","Bridgestone/other","regulation","1"
"W08_GT1_1990S_MAP","1950","1959","Touring / saloon racing — pre-1963","Pirelli","official event retrospective/report","1"
"W08_GT1_1990S_MAP","1992","1996","Historic Racing Reference","Firestone","regulation","1"
"W08_GT1_1990S_MAP","1977","1981","Group 4 Special GT — 1970-1981","Dunlop","official event retrospective/report","1"
"W08_GT1_1990S_MAP","1960","1963","Sports racing / prototypes — 1950-1963","Avon","regulation","1"
"W08_GT1_1990S_MAP","1997","1974","Can-Am — original","Michelin","official event retrospective/report","1"
"W08_GT1_1990S_MAP","1982","1986","IMSA GT — 1982-1993","Goodyear","regulation","1"
"W08_GT1_1990S_MAP","1966","1971","Sports racing / prototypes — 1964-1971","Dunlop","official event retrospective/report","1"
"W08_GT1_1990S_MAP","2002","2009","FIA GT — 1997-2009","Avon","regulation","1"
"W08_GT1_1990S_MAP","1950","1959","Formula 1 — early World Championship","Bridgestone/other","period race report / technical feature","1"
"W08_GT1_1990S_MAP","1993","1996","DTM / ITC — Class 1","Pirelli","regulation","1"
"W08_GT1_1990S_MAP","1977","1981","General Tire Mechanics","Firestone","period race report / technical feature","1"
"W08_GT1_1990S_MAP","1960","1965","NASCAR stock car — 1950-1971","Dunlop","regulation","1"
"W08_GT1_1990S_MAP","1997","2001","Historic Racing Reference","Avon","period race report / technical feature","1"
"W08_GT1_1990S_MAP","1966","1971","Sports racing / prototypes — 1964-1971","Goodyear","period race report / technical feature","1"
"W08_GT1_1990S_MAP","1987","1991","IMSA GT — 1982-1993","Pirelli","period race report / technical feature","1"
"W08_GT1_1990S_MAP","1977","1981","Group 4 Special GT — 1970-1981","Michelin","entry/result photo/documentation","1"
"W08_GT1_1990S_MAP","1964","1965","Formula 2 — 1964-1966","Firestone","technical/historical document","1"
"W08_GT1_1990S_MAP","2000","2001","DTM — silhouette era","Dunlop","entry/result photo/documentation","1"
"W08_GT1_1990S_MAP","1982","1986","General Tire Mechanics","Avon","technical/historical document","1"
"W08_GT1_1990S_MAP","1966","1971","NASCAR stock car — 1950-1971","Michelin","entry/result photo/documentation","1"
"W08_GT1_1990S_MAP","2002","2010","Historic Racing Reference","Goodyear","technical/historical document","1"
"W08_GT1_1990S_MAP","1987","1991","Group C","Bridgestone/other","entry/result photo/documentation","1"
"W08_GT1_1990S_MAP","1972","1976","Sports racing / prototypes — 1972-1981","Pirelli","technical/historical document","1"
"W08_GT1_1990S_MAP","1950","1959","Sports racing / prototypes — 1950-1963","Firestone","entry/result photo/documentation","1"
"W08_GT1_1990S_MAP","1994","1996","JGTC — 1994-1999 (GT1/GT2 terminology)","Dunlop","technical/historical document","1"
"W08_GT1_1990S_MAP","1982","1986","Group C","Bridgestone/other","official event retrospective/report","1"
"W08_GT1_1990S_MAP","1967","1971","Formula 2 — 1967-1971","Pirelli","regulation","1"
"W08_GT1_1990S_MAP","2002","2010","DTM — silhouette era","Firestone","official event retrospective/report","1"
"W08_GT1_1990S_MAP","1987","1991","General Tire Mechanics","Dunlop","regulation","1"
"W08_GT1_1990S_MAP","1972","1976","NASCAR stock car — 1972-1991","Avon","official event retrospective/report","1"
"W08_GT1_1990S_MAP","1950","1959","Historic Racing Reference","Pirelli","regulation","1"
"W08_GT1_1990S_MAP","1992","1996","Trans-Am — 1982-2001","Firestone","official event retrospective/report","1"
"W08_GT1_1990S_MAP","1977","1981","Formula Ford — 1977-1981","Dunlop","regulation","1"
"W08_GT1_1990S_MAP","1963","1965","Group 2 / ETCC — 1963-1969","Avon","official event retrospective/report","1"
"W08_GT1_1990S_MAP","1997","1999","JGTC — 1994-1999 (GT1/GT2 terminology)","Michelin","regulation","1"
"W08_GT1_1990S_MAP","1982","1986","Historic Racing Reference","Goodyear","official event retrospective/report","1"
"W08_GT1_1990S_MAP","1966","1970","US GT / sports racing — pre-IMSA GT","Bridgestone/other","regulation","1"
"W08_GT1_1990S_MAP","2002","2003","CART / Indy-car","Pirelli","official event retrospective/report","1"
"W08_GT1_1990S_MAP","1987","1991","Group C","Firestone","regulation","1"
"W08_GT1_1990S_MAP","1972","1976","Formula 2 — 1972-1984","Dunlop","period race report / technical feature","1"
"W08_GT1_1990S_MAP","1992","1996","Formula 1 — 1990s radial slick/grooved transition","Michelin","period race report / technical feature","1"
"W08_GT1_1990S_MAP","1960","1965","General Racing Tire","Bridgestone/other","period race report / technical feature","1"
"W08_GT1_1990S_MAP","1982","1986","Formula Ford — 1982-1992","Firestone","period race report / technical feature","1"
"W08_GT1_1990S_MAP","2005","2010","SUPER GT — 2005-2010","Bridgestone/other","period race report / technical feature","1"
"W08_GT1_1990S_MAP","1972","1976","IMSA GT — 1971-1981","Firestone","period race report / technical feature","1"
"W08_GT1_1990S_MAP","1993","1996","Le Mans Prototype transition","Avon","entry/result photo/documentation","1"
"W08_GT1_1990S_MAP","1977","1981","Formula 3 — 1974-1986","Michelin","technical/historical document","1"
"W08_GT1_1990S_MAP","1960","1965","International rally — pre-WRC","Goodyear","entry/result photo/documentation","1"
"W08_GT1_1990S_MAP","1997","2001","Formula 1 — 1990s radial slick/grooved transition","Bridgestone/other","technical/historical document","1"
"W08_GT1_1990S_MAP","1982","1986","IMSA GTP","Pirelli","entry/result photo/documentation","1"
"W08_GT1_1990S_MAP","1966","1971","General Racing Tire","Firestone","technical/historical document","1"
"W08_GT1_1990S_MAP","2002","1972","Trans-Am — 1966-1972","Dunlop","entry/result photo/documentation","1"
"W08_GT1_1990S_MAP","1987","1991","Formula Ford — 1982-1992","Avon","technical/historical document","1"
"W08_GT1_1990S_MAP","1972","1975","Group 2 / ETCC — 1970-1975","Michelin","entry/result photo/documentation","1"
"W08_GT1_1990S_MAP","1950","1959","Japanese GT / touring — pre-JGTC","Goodyear","technical/historical document","1"
"W08_GT1_1990S_MAP","1997","2001","FIA GT — 1997-2009","Goodyear","official event retrospective/report","1"
"W08_GT1_1990S_MAP","1982","1986","Formula 3 — 1974-1986","Bridgestone/other","regulation","1"
"W08_GT1_1990S_MAP","1966","1971","International rally — pre-WRC","Pirelli","official event retrospective/report","1"
"W08_GT1_1990S_MAP","2002","2010","Formula 1 — grooved-to-slick-return era","Firestone","regulation","1"
"W08_GT1_1990S_MAP","1987","1991","IMSA GTP","Dunlop","official event retrospective/report","1"
"W08_GT1_1990S_MAP","1972","1976","General Racing Tire","Avon","regulation","1"
"W08_GT1_1990S_MAP","1950","1959","Touring / saloon racing — pre-1963","Michelin","official event retrospective/report","1"
"W08_GT1_1990S_MAP","1992","1996","Historic Racing Reference","Goodyear","regulation","1"
"W08_GT1_1990S_MAP","1960","1963","Sports racing / prototypes — 1950-1963","Pirelli","regulation","1"
"W08_GT1_1990S_MAP","1987","1990","Formula 3 — 1987-1990","Goodyear","period race report / technical feature","1"
"W08_GT1_1990S_MAP","1950","1959","Formula 1 — early World Championship","Pirelli","period race report / technical feature","1"
"W08_GT1_1990S_MAP","1977","1981","General Tire Mechanics","Goodyear","period race report / technical feature","1"
"W08_GT1_1990S_MAP","1997","2001","Historic Racing Reference","Pirelli","period race report / technical feature","1"
"W08_GT1_1990S_MAP","1982","1986","Group C","Firestone","regulation","1"
"W08_GT1_1990S_MAP","1966","1971","Sports racing / prototypes — 1964-1971","Dunlop","period race report / technical feature","1"
"W08_GT1_1990S_MAP","2002","1974","Can-Am — original","Avon","regulation","1"
"W08_GT1_1990S_MAP","1987","1991","IMSA GT — 1982-1993","Michelin","period race report / technical feature","1"
"W08_GT1_1990S_MAP","1972","1976","Historic Racing Reference","Goodyear","regulation","1"
"W08_GT1_1990S_MAP","1992","1996","CART / Indy-car","Pirelli","technical/historical document","1"
"W08_GT1_1990S_MAP","1977","1981","Group 4 Special GT — 1970-1981","Firestone","entry/result photo/documentation","1"
"W08_GT1_1990S_MAP","1964","1965","Formula 2 — 1964-1966","Dunlop","technical/historical document","1"
"W08_GT1_1990S_MAP","2000","2001","DTM — silhouette era","Avon","entry/result photo/documentation","1"
"W08_GT1_1990S_MAP","1982","1986","General Tire Mechanics","Michelin","technical/historical document","1"
"W08_GT1_1990S_MAP","1966","1971","NASCAR stock car — 1950-1971","Goodyear","entry/result photo/documentation","1"
"W08_GT1_1990S_MAP","2002","2010","Historic Racing Reference","Bridgestone/other","technical/historical document","1"
"W08_GT1_1990S_MAP","1987","1991","Group C","Avon","entry/result photo/documentation","1"
"W08_GT1_1990S_MAP","1972","1976","Sports racing / prototypes — 1972-1981","Michelin","technical/historical document","1"
"W08_GT1_1990S_MAP","1950","1959","Sports racing / prototypes — 1950-1963","Goodyear","entry/result photo/documentation","1"
"W09_HEAT_CYCLE_AGING_DAMAGE","1997","2001","Trans-Am — 1982-2001","Goodyear","supplier technical document","1"
"W09_HEAT_CYCLE_AGING_DAMAGE","1982","1986","Formula Ford — 1982-1992","Bridgestone/other","technical paper","1"
"W09_HEAT_CYCLE_AGING_DAMAGE","1966","1969","Group 2 / ETCC — 1963-1969","Pirelli","supplier technical document","1"
"W09_HEAT_CYCLE_AGING_DAMAGE","2005","2010","SUPER GT — 2005-2010","Firestone","technical paper","1"
"W09_HEAT_CYCLE_AGING_DAMAGE","1987","1991","Historic Racing Reference","Dunlop","supplier technical document","1"
"W09_HEAT_CYCLE_AGING_DAMAGE","1972","1976","IMSA GT — 1971-1981","Avon","technical paper","1"
"W09_HEAT_CYCLE_AGING_DAMAGE","1950","1955","AAA Championship Car / Indianapolis","Michelin","supplier technical document","1"
"W09_HEAT_CYCLE_AGING_DAMAGE","1993","1996","Le Mans Prototype transition","Goodyear","technical paper","1"
"W09_HEAT_CYCLE_AGING_DAMAGE","1977","1981","Formula 3 — 1974-1986","Bridgestone/other","supplier technical document","1"
"W09_HEAT_CYCLE_AGING_DAMAGE","1960","1965","International rally — pre-WRC","Pirelli","technical paper","1"
"W09_HEAT_CYCLE_AGING_DAMAGE","1982","1986","IMSA GTP","Dunlop","peer-reviewed paper","1"
"W09_HEAT_CYCLE_AGING_DAMAGE","1966","1971","General Racing Tire","Avon","patent","1"
"W09_HEAT_CYCLE_AGING_DAMAGE","2002","1972","Trans-Am — 1966-1972","Michelin","peer-reviewed paper","1"
"W09_HEAT_CYCLE_AGING_DAMAGE","1987","1991","Formula Ford — 1982-1992","Firestone","patent","1"
"W09_HEAT_CYCLE_AGING_DAMAGE","1972","1975","Group 2 / ETCC — 1970-1975","Dunlop","peer-reviewed paper","1"
"W09_HEAT_CYCLE_AGING_DAMAGE","1950","1959","Japanese GT / touring — pre-JGTC","Avon","patent","1"
"W09_HEAT_CYCLE_AGING_DAMAGE","1992","1974","Can-Am — original","Michelin","peer-reviewed paper","1"
"W09_HEAT_CYCLE_AGING_DAMAGE","1977","1981","Group 4 Special GT — 1970-1981","Goodyear","patent","1"
"W09_HEAT_CYCLE_AGING_DAMAGE","1960","1965","Historic Racing Reference","Bridgestone/other","peer-reviewed paper","1"
"W09_HEAT_CYCLE_AGING_DAMAGE","1997","2001","FIA GT — 1997-2009","Pirelli","patent","1"
"W09_HEAT_CYCLE_AGING_DAMAGE","1982","1986","Formula 3 — 1974-1986","Firestone","peer-reviewed paper","1"
"W09_HEAT_CYCLE_AGING_DAMAGE","1966","1971","International rally — pre-WRC","Dunlop","patent","1"
"W09_HEAT_CYCLE_AGING_DAMAGE","2002","2010","Formula 1 — grooved-to-slick-return era","Avon","period race report / technical feature","1"
"W09_HEAT_CYCLE_AGING_DAMAGE","1987","1991","IMSA GTP","Michelin","technical/race engineering paper","1"
"W09_HEAT_CYCLE_AGING_DAMAGE","1972","1976","General Racing Tire","Goodyear","period race report / technical feature","1"
"W09_HEAT_CYCLE_AGING_DAMAGE","1950","1959","Touring / saloon racing — pre-1963","Bridgestone/other","technical/race engineering paper","1"
"W09_HEAT_CYCLE_AGING_DAMAGE","1992","1996","Historic Racing Reference","Pirelli","period race report / technical feature","1"
"W09_HEAT_CYCLE_AGING_DAMAGE","1977","1981","Group 4 Special GT — 1970-1981","Firestone","technical/race engineering paper","1"
"W09_HEAT_CYCLE_AGING_DAMAGE","1960","1963","Sports racing / prototypes — 1950-1963","Dunlop","period race report / technical feature","1"
"W09_HEAT_CYCLE_AGING_DAMAGE","1997","1974","Can-Am — original","Avon","technical/race engineering paper","1"
"W09_HEAT_CYCLE_AGING_DAMAGE","1982","1986","IMSA GT — 1982-1993","Pirelli","period race report / technical feature","1"
"W09_HEAT_CYCLE_AGING_DAMAGE","1966","1971","Sports racing / prototypes — 1964-1971","Firestone","technical/race engineering paper","1"
"W09_HEAT_CYCLE_AGING_DAMAGE","2002","2009","FIA GT — 1997-2009","Dunlop","period race report / technical feature","1"
"W09_HEAT_CYCLE_AGING_DAMAGE","1987","1990","Formula 3 — 1987-1990","Avon","technical/race engineering paper","1"
"W09_HEAT_CYCLE_AGING_DAMAGE","1972","1976","Rallycross — 1967-1981","Michelin","period race report / technical feature","1"
"W09_HEAT_CYCLE_AGING_DAMAGE","1960","1965","NASCAR stock car — 1950-1971","Firestone","supplier technical document","1"
"W09_HEAT_CYCLE_AGING_DAMAGE","1997","2001","Historic Racing Reference","Dunlop","technical paper","1"
"W09_HEAT_CYCLE_AGING_DAMAGE","1982","1986","Group C","Avon","supplier technical document","1"
"W09_HEAT_CYCLE_AGING_DAMAGE","2002","1974","Can-Am — original","Goodyear","supplier technical document","1"
"W09_HEAT_CYCLE_AGING_DAMAGE","1987","1991","IMSA GT — 1982-1993","Bridgestone/other","technical paper","1"
"W09_HEAT_CYCLE_AGING_DAMAGE","1972","1976","Historic Racing Reference","Pirelli","supplier technical document","1"
"W09_HEAT_CYCLE_AGING_DAMAGE","1950","1959","Sports racing / prototypes — 1950-1963","Firestone","technical paper","1"
"W09_HEAT_CYCLE_AGING_DAMAGE","1992","1996","CART / Indy-car","Dunlop","supplier technical document","1"
"W09_HEAT_CYCLE_AGING_DAMAGE","1977","1981","Group 4 Special GT — 1970-1981","Bridgestone/other","technical paper","1"
"W09_HEAT_CYCLE_AGING_DAMAGE","1966","1971","NASCAR stock car — 1950-1971","Avon","peer-reviewed paper","1"
"W09_HEAT_CYCLE_AGING_DAMAGE","2002","2010","Historic Racing Reference","Michelin","patent","1"
"W09_HEAT_CYCLE_AGING_DAMAGE","1987","1991","Group C","Goodyear","peer-reviewed paper","1"
"W09_HEAT_CYCLE_AGING_DAMAGE","1972","1976","Sports racing / prototypes — 1972-1981","Bridgestone/other","patent","1"
"W09_HEAT_CYCLE_AGING_DAMAGE","1994","1996","JGTC — 1994-1999 (GT1/GT2 terminology)","Firestone","patent","1"
"W09_HEAT_CYCLE_AGING_DAMAGE","1977","1981","Sports racing / prototypes — 1972-1981","Dunlop","peer-reviewed paper","1"
"W09_HEAT_CYCLE_AGING_DAMAGE","1960","1965","US GT / sports racing — pre-IMSA GT","Avon","patent","1"
"W09_HEAT_CYCLE_AGING_DAMAGE","1997","2001","CART / Indy-car","Michelin","peer-reviewed paper","1"
"W09_HEAT_CYCLE_AGING_DAMAGE","1982","1986","Group C","Goodyear","patent","1"
"W09_HEAT_CYCLE_AGING_DAMAGE","2002","2010","DTM — silhouette era","Pirelli","technical/race engineering paper","1"
"W09_HEAT_CYCLE_AGING_DAMAGE","1987","1991","General Tire Mechanics","Firestone","period race report / technical feature","1"
"W09_HEAT_CYCLE_AGING_DAMAGE","1972","1976","NASCAR stock car — 1972-1991","Goodyear","technical/race engineering paper","1"
"W09_HEAT_CYCLE_AGING_DAMAGE","1950","1959","Historic Racing Reference","Bridgestone/other","period race report / technical feature","1"
"W09_HEAT_CYCLE_AGING_DAMAGE","1992","1996","Trans-Am — 1982-2001","Pirelli","technical/race engineering paper","1"
"W09_HEAT_CYCLE_AGING_DAMAGE","1977","1981","Formula Ford — 1977-1981","Firestone","period race report / technical feature","1"
"W09_HEAT_CYCLE_AGING_DAMAGE","1963","1965","Group 2 / ETCC — 1963-1969","Dunlop","technical/race engineering paper","1"
"W09_HEAT_CYCLE_AGING_DAMAGE","1997","1999","JGTC — 1994-1999 (GT1/GT2 terminology)","Avon","period race report / technical feature","1"
"W09_HEAT_CYCLE_AGING_DAMAGE","1982","1986","Historic Racing Reference","Michelin","technical/race engineering paper","1"
"W09_HEAT_CYCLE_AGING_DAMAGE","1966","1970","US GT / sports racing — pre-IMSA GT","Goodyear","period race report / technical feature","1"
"W09_HEAT_CYCLE_AGING_DAMAGE","2002","2003","CART / Indy-car","Bridgestone/other","technical/race engineering paper","1"
"W09_HEAT_CYCLE_AGING_DAMAGE","1987","1991","Group C","Pirelli","period race report / technical feature","1"
"W09_HEAT_CYCLE_AGING_DAMAGE","1972","1976","Formula 2 — 1972-1984","Firestone","technical paper","1"
"W09_HEAT_CYCLE_AGING_DAMAGE","1950","1959","Touring / saloon racing — pre-1963","Dunlop","supplier technical document","1"
"W09_HEAT_CYCLE_AGING_DAMAGE","1992","1996","Formula 1 — 1990s radial slick/grooved transition","Avon","technical paper","1"
"W09_HEAT_CYCLE_AGING_DAMAGE","1977","1981","Sports racing / prototypes — 1972-1981","Michelin","supplier technical document","1"
"W09_HEAT_CYCLE_AGING_DAMAGE","1960","1965","General Racing Tire","Goodyear","technical paper","1"
"W09_HEAT_CYCLE_AGING_DAMAGE","1997","2001","Trans-Am — 1982-2001","Bridgestone/other","supplier technical document","1"
"W09_HEAT_CYCLE_AGING_DAMAGE","1982","1986","Formula Ford — 1982-1992","Pirelli","technical paper","1"
"W09_HEAT_CYCLE_AGING_DAMAGE","1966","1969","Group 2 / ETCC — 1963-1969","Michelin","supplier technical document","1"
"W09_HEAT_CYCLE_AGING_DAMAGE","2005","2010","SUPER GT — 2005-2010","Goodyear","technical paper","1"
"W09_HEAT_CYCLE_AGING_DAMAGE","1987","1991","Historic Racing Reference","Bridgestone/other","supplier technical document","1"
"W09_HEAT_CYCLE_AGING_DAMAGE","1972","1976","IMSA GT — 1971-1981","Pirelli","technical paper","1"
"W09_HEAT_CYCLE_AGING_DAMAGE","1950","1955","AAA Championship Car / Indianapolis","Firestone","supplier technical document","1"
"W09_HEAT_CYCLE_AGING_DAMAGE","1993","1996","Le Mans Prototype transition","Dunlop","technical paper","1"
"W09_HEAT_CYCLE_AGING_DAMAGE","1997","2001","Formula 1 — 1990s radial slick/grooved transition","Goodyear","patent","1"
"W09_HEAT_CYCLE_AGING_DAMAGE","1982","1986","IMSA GTP","Bridgestone/other","peer-reviewed paper","1"
"W09_HEAT_CYCLE_AGING_DAMAGE","1966","1971","General Racing Tire","Pirelli","patent","1"
"W09_HEAT_CYCLE_AGING_DAMAGE","2002","1972","Trans-Am — 1966-1972","Firestone","peer-reviewed paper","1"
"W09_HEAT_CYCLE_AGING_DAMAGE","1987","1991","Formula Ford — 1982-1992","Dunlop","patent","1"
"W09_HEAT_CYCLE_AGING_DAMAGE","1972","1975","Group 2 / ETCC — 1970-1975","Avon","peer-reviewed paper","1"
"W09_HEAT_CYCLE_AGING_DAMAGE","1950","1959","Japanese GT / touring — pre-JGTC","Michelin","patent","1"
"W09_HEAT_CYCLE_AGING_DAMAGE","1992","1974","Can-Am — original","Goodyear","peer-reviewed paper","1"
"W09_HEAT_CYCLE_AGING_DAMAGE","1977","1981","Group 4 Special GT — 1970-1981","Bridgestone/other","patent","1"
"W09_HEAT_CYCLE_AGING_DAMAGE","1960","1965","Historic Racing Reference","Avon","peer-reviewed paper","1"
"W09_HEAT_CYCLE_AGING_DAMAGE","1997","2001","FIA GT — 1997-2009","Michelin","patent","1"
"W09_HEAT_CYCLE_AGING_DAMAGE","1987","1991","IMSA GTP","Firestone","technical/race engineering paper","1"
"W09_HEAT_CYCLE_AGING_DAMAGE","1972","1976","General Racing Tire","Dunlop","period race report / technical feature","1"
"W09_HEAT_CYCLE_AGING_DAMAGE","1950","1959","Touring / saloon racing — pre-1963","Avon","technical/race engineering paper","1"
"W09_HEAT_CYCLE_AGING_DAMAGE","1992","1996","Historic Racing Reference","Michelin","period race report / technical feature","1"
"W09_HEAT_CYCLE_AGING_DAMAGE","1960","1963","Sports racing / prototypes — 1950-1963","Bridgestone/other","period race report / technical feature","1"
"W09_HEAT_CYCLE_AGING_DAMAGE","1997","1974","Can-Am — original","Pirelli","technical/race engineering paper","1"
"W09_HEAT_CYCLE_AGING_DAMAGE","1982","1986","IMSA GT — 1982-1993","Firestone","period race report / technical feature","1"
"W09_HEAT_CYCLE_AGING_DAMAGE","1966","1971","Sports racing / prototypes — 1964-1971","Dunlop","technical/race engineering paper","1"
"W09_HEAT_CYCLE_AGING_DAMAGE","2002","2009","FIA GT — 1997-2009","Avon","period race report / technical feature","1"
"W09_HEAT_CYCLE_AGING_DAMAGE","1987","1990","Formula 3 — 1987-1990","Michelin","technical paper","1"
"W09_HEAT_CYCLE_AGING_DAMAGE","1972","1976","Rallycross — 1967-1981","Goodyear","supplier technical document","1"
"W09_HEAT_CYCLE_AGING_DAMAGE","1993","1996","DTM / ITC — Class 1","Avon","supplier technical document","1"
"W09_HEAT_CYCLE_AGING_DAMAGE","1977","1981","General Tire Mechanics","Michelin","technical paper","1"
"W09_HEAT_CYCLE_AGING_DAMAGE","1960","1965","NASCAR stock car — 1950-1971","Goodyear","supplier technical document","1"
"W09_HEAT_CYCLE_AGING_DAMAGE","1997","2001","Historic Racing Reference","Bridgestone/other","technical paper","1"
"W09_HEAT_CYCLE_AGING_DAMAGE","1982","1986","Group C","Pirelli","supplier technical document","1"
"W09_HEAT_CYCLE_AGING_DAMAGE","2002","1974","Can-Am — original","Dunlop","supplier technical document","1"
"W09_HEAT_CYCLE_AGING_DAMAGE","1987","1991","IMSA GT — 1982-1993","Avon","technical paper","1"
"W09_HEAT_CYCLE_AGING_DAMAGE","1972","1976","Historic Racing Reference","Michelin","supplier technical document","1"
"W09_HEAT_CYCLE_AGING_DAMAGE","1950","1959","Sports racing / prototypes — 1950-1963","Goodyear","technical paper","1"
"W09_HEAT_CYCLE_AGING_DAMAGE","1992","1996","CART / Indy-car","Bridgestone/other","patent","1"
"W09_HEAT_CYCLE_AGING_DAMAGE","1977","1981","Group 4 Special GT — 1970-1981","Pirelli","peer-reviewed paper","1"
"W09_HEAT_CYCLE_AGING_DAMAGE","1964","1965","Formula 2 — 1964-1966","Firestone","patent","1"
"W09_HEAT_CYCLE_AGING_DAMAGE","2000","2001","DTM — silhouette era","Dunlop","peer-reviewed paper","1"
"W09_HEAT_CYCLE_AGING_DAMAGE","1982","1986","General Tire Mechanics","Avon","patent","1"
"W09_HEAT_CYCLE_AGING_DAMAGE","1966","1971","NASCAR stock car — 1950-1971","Michelin","peer-reviewed paper","1"
"W09_HEAT_CYCLE_AGING_DAMAGE","2002","2010","Historic Racing Reference","Firestone","patent","1"
"W09_HEAT_CYCLE_AGING_DAMAGE","1987","1991","Group C","Dunlop","peer-reviewed paper","1"
"W09_HEAT_CYCLE_AGING_DAMAGE","1972","1976","Sports racing / prototypes — 1972-1981","Avon","patent","1"
"W09_HEAT_CYCLE_AGING_DAMAGE","1994","1996","JGTC — 1994-1999 (GT1/GT2 terminology)","Goodyear","patent","1"
"W09_HEAT_CYCLE_AGING_DAMAGE","1977","1981","Sports racing / prototypes — 1972-1981","Bridgestone/other","peer-reviewed paper","1"
"W09_HEAT_CYCLE_AGING_DAMAGE","1960","1965","US GT / sports racing — pre-IMSA GT","Pirelli","patent","1"
"W09_HEAT_CYCLE_AGING_DAMAGE","1982","1986","Group C","Dunlop","technical/race engineering paper","1"
"W09_HEAT_CYCLE_AGING_DAMAGE","1967","1971","Formula 2 — 1967-1971","Avon","period race report / technical feature","1"
"W09_HEAT_CYCLE_AGING_DAMAGE","2002","2010","DTM — silhouette era","Michelin","technical/race engineering paper","1"
"W09_HEAT_CYCLE_AGING_DAMAGE","1987","1991","General Tire Mechanics","Goodyear","period race report / technical feature","1"
"W09_HEAT_CYCLE_AGING_DAMAGE","1972","1976","NASCAR stock car — 1972-1991","Bridgestone/other","technical/race engineering paper","1"
"W09_HEAT_CYCLE_AGING_DAMAGE","1950","1959","Historic Racing Reference","Pirelli","period race report / technical feature","1"
"W09_HEAT_CYCLE_AGING_DAMAGE","1992","1996","Trans-Am — 1982-2001","Firestone","technical/race engineering paper","1"
"W09_HEAT_CYCLE_AGING_DAMAGE","1977","1981","Formula Ford — 1977-1981","Dunlop","period race report / technical feature","1"
"W09_HEAT_CYCLE_AGING_DAMAGE","1963","1965","Group 2 / ETCC — 1963-1969","Avon","technical/race engineering paper","1"
"W09_HEAT_CYCLE_AGING_DAMAGE","1997","1999","JGTC — 1994-1999 (GT1/GT2 terminology)","Pirelli","period race report / technical feature","1"
"W09_HEAT_CYCLE_AGING_DAMAGE","1982","1986","Historic Racing Reference","Firestone","technical/race engineering paper","1"
"W09_HEAT_CYCLE_AGING_DAMAGE","1966","1970","US GT / sports racing — pre-IMSA GT","Dunlop","period race report / technical feature","1"
"W09_HEAT_CYCLE_AGING_DAMAGE","2002","2003","CART / Indy-car","Avon","technical paper","1"
"W09_HEAT_CYCLE_AGING_DAMAGE","1987","1991","Group C","Michelin","supplier technical document","1"
"W09_HEAT_CYCLE_AGING_DAMAGE","1972","1976","Formula 2 — 1972-1984","Goodyear","technical paper","1"
"W09_HEAT_CYCLE_AGING_DAMAGE","1950","1959","Touring / saloon racing — pre-1963","Bridgestone/other","supplier technical document","1"
"W09_HEAT_CYCLE_AGING_DAMAGE","1992","1996","Formula 1 — 1990s radial slick/grooved transition","Pirelli","technical paper","1"
"W09_HEAT_CYCLE_AGING_DAMAGE","1977","1981","Sports racing / prototypes — 1972-1981","Firestone","supplier technical document","1"
"W09_HEAT_CYCLE_AGING_DAMAGE","1960","1965","General Racing Tire","Dunlop","technical paper","1"
"W09_HEAT_CYCLE_AGING_DAMAGE","1997","2001","Trans-Am — 1982-2001","Avon","supplier technical document","1"
"W09_HEAT_CYCLE_AGING_DAMAGE","1982","1986","Formula Ford — 1982-1992","Michelin","technical paper","1"
"W09_HEAT_CYCLE_AGING_DAMAGE","1966","1969","Group 2 / ETCC — 1963-1969","Goodyear","supplier technical document","1"
"W09_HEAT_CYCLE_AGING_DAMAGE","2005","2010","SUPER GT — 2005-2010","Bridgestone/other","technical paper","1"
"W09_HEAT_CYCLE_AGING_DAMAGE","1987","1991","Historic Racing Reference","Pirelli","supplier technical document","1"
"W09_HEAT_CYCLE_AGING_DAMAGE","1972","1976","IMSA GT — 1971-1981","Firestone","technical paper","1"
"W09_HEAT_CYCLE_AGING_DAMAGE","1950","1955","AAA Championship Car / Indianapolis","Dunlop","patent","1"
"W09_HEAT_CYCLE_AGING_DAMAGE","1993","1996","Le Mans Prototype transition","Bridgestone/other","peer-reviewed paper","1"
"W09_HEAT_CYCLE_AGING_DAMAGE","1977","1981","Formula 3 — 1974-1986","Pirelli","patent","1"
"W09_HEAT_CYCLE_AGING_DAMAGE","1960","1965","International rally — pre-WRC","Firestone","peer-reviewed paper","1"
"W09_HEAT_CYCLE_AGING_DAMAGE","1997","2001","Formula 1 — 1990s radial slick/grooved transition","Dunlop","patent","1"
"W09_HEAT_CYCLE_AGING_DAMAGE","1982","1986","IMSA GTP","Avon","peer-reviewed paper","1"
"W09_HEAT_CYCLE_AGING_DAMAGE","1966","1971","General Racing Tire","Michelin","patent","1"
"W09_HEAT_CYCLE_AGING_DAMAGE","2002","1972","Trans-Am — 1966-1972","Goodyear","peer-reviewed paper","1"
"W09_HEAT_CYCLE_AGING_DAMAGE","1987","1991","Formula Ford — 1982-1992","Bridgestone/other","patent","1"
"W09_HEAT_CYCLE_AGING_DAMAGE","1972","1975","Group 2 / ETCC — 1970-1975","Pirelli","peer-reviewed paper","1"
"W09_HEAT_CYCLE_AGING_DAMAGE","1950","1959","Japanese GT / touring — pre-JGTC","Firestone","patent","1"
"W09_HEAT_CYCLE_AGING_DAMAGE","1992","1974","Can-Am — original","Dunlop","peer-reviewed paper","1"
"W09_HEAT_CYCLE_AGING_DAMAGE","1977","1981","Group 4 Special GT — 1970-1981","Avon","patent","1"
"W09_HEAT_CYCLE_AGING_DAMAGE","1960","1965","Historic Racing Reference","Michelin","period race report / technical feature","1"
"W09_HEAT_CYCLE_AGING_DAMAGE","1997","2001","FIA GT — 1997-2009","Goodyear","technical/race engineering paper","1"
"W09_HEAT_CYCLE_AGING_DAMAGE","1982","1986","Formula 3 — 1974-1986","Bridgestone/other","period race report / technical feature","1"
"W09_HEAT_CYCLE_AGING_DAMAGE","1966","1971","International rally — pre-WRC","Pirelli","technical/race engineering paper","1"
"W09_HEAT_CYCLE_AGING_DAMAGE","2002","2010","Formula 1 — grooved-to-slick-return era","Firestone","period race report / technical feature","1"
"W09_HEAT_CYCLE_AGING_DAMAGE","1987","1991","IMSA GTP","Goodyear","technical/race engineering paper","1"
"W09_HEAT_CYCLE_AGING_DAMAGE","1972","1976","General Racing Tire","Bridgestone/other","period race report / technical feature","1"
"W09_HEAT_CYCLE_AGING_DAMAGE","1950","1959","Touring / saloon racing — pre-1963","Pirelli","technical/race engineering paper","1"
"W09_HEAT_CYCLE_AGING_DAMAGE","1992","1996","Historic Racing Reference","Firestone","period race report / technical feature","1"
"W09_HEAT_CYCLE_AGING_DAMAGE","1960","1963","Sports racing / prototypes — 1950-1963","Avon","period race report / technical feature","1"
"W09_HEAT_CYCLE_AGING_DAMAGE","1997","1974","Can-Am — original","Michelin","technical/race engineering paper","1"
"W09_HEAT_CYCLE_AGING_DAMAGE","1982","1986","IMSA GT — 1982-1993","Goodyear","period race report / technical feature","1"
"W09_HEAT_CYCLE_AGING_DAMAGE","2002","2009","FIA GT — 1997-2009","Pirelli","supplier technical document","1"
"W09_HEAT_CYCLE_AGING_DAMAGE","1987","1990","Formula 3 — 1987-1990","Firestone","technical paper","1"
"W09_HEAT_CYCLE_AGING_DAMAGE","1972","1976","Rallycross — 1967-1981","Dunlop","supplier technical document","1"
"W09_HEAT_CYCLE_AGING_DAMAGE","1950","1959","Formula 1 — early World Championship","Avon","technical paper","1"
"W09_HEAT_CYCLE_AGING_DAMAGE","1993","1996","DTM / ITC — Class 1","Michelin","supplier technical document","1"
"W09_HEAT_CYCLE_AGING_DAMAGE","1977","1981","General Tire Mechanics","Goodyear","technical paper","1"
"W09_HEAT_CYCLE_AGING_DAMAGE","1960","1965","NASCAR stock car — 1950-1971","Bridgestone/other","supplier technical document","1"
"W09_HEAT_CYCLE_AGING_DAMAGE","1997","2001","Historic Racing Reference","Pirelli","technical paper","1"
"W09_HEAT_CYCLE_AGING_DAMAGE","1982","1986","Group C","Michelin","supplier technical document","1"
"W09_HEAT_CYCLE_AGING_DAMAGE","2002","1974","Can-Am — original","Bridgestone/other","supplier technical document","1"
"W09_HEAT_CYCLE_AGING_DAMAGE","1987","1991","IMSA GT — 1982-1993","Pirelli","technical paper","1"
"W09_HEAT_CYCLE_AGING_DAMAGE","1972","1976","Historic Racing Reference","Firestone","patent","1"
"W09_HEAT_CYCLE_AGING_DAMAGE","1950","1959","Sports racing / prototypes — 1950-1963","Dunlop","peer-reviewed paper","1"
"W09_HEAT_CYCLE_AGING_DAMAGE","1992","1996","CART / Indy-car","Avon","patent","1"
"W09_HEAT_CYCLE_AGING_DAMAGE","1977","1981","Group 4 Special GT — 1970-1981","Michelin","peer-reviewed paper","1"
"W09_HEAT_CYCLE_AGING_DAMAGE","1964","1965","Formula 2 — 1964-1966","Goodyear","patent","1"
"W09_HEAT_CYCLE_AGING_DAMAGE","2000","2001","DTM — silhouette era","Bridgestone/other","peer-reviewed paper","1"
"W09_HEAT_CYCLE_AGING_DAMAGE","1982","1986","General Tire Mechanics","Pirelli","patent","1"
"W09_HEAT_CYCLE_AGING_DAMAGE","1966","1971","NASCAR stock car — 1950-1971","Firestone","peer-reviewed paper","1"
"W09_HEAT_CYCLE_AGING_DAMAGE","2002","2010","Historic Racing Reference","Dunlop","patent","1"
"W09_HEAT_CYCLE_AGING_DAMAGE","1987","1991","Group C","Avon","peer-reviewed paper","1"
"W09_HEAT_CYCLE_AGING_DAMAGE","1972","1976","Sports racing / prototypes — 1972-1981","Michelin","patent","1"
"W09_HEAT_CYCLE_AGING_DAMAGE","1950","1959","Sports racing / prototypes — 1950-1963","Goodyear","peer-reviewed paper","1"
"W09_HEAT_CYCLE_AGING_DAMAGE","1994","1996","JGTC — 1994-1999 (GT1/GT2 terminology)","Bridgestone/other","patent","1"
"W09_HEAT_CYCLE_AGING_DAMAGE","1977","1981","Sports racing / prototypes — 1972-1981","Avon","period race report / technical feature","1"
"W09_HEAT_CYCLE_AGING_DAMAGE","1960","1965","US GT / sports racing — pre-IMSA GT","Michelin","technical/race engineering paper","1"
"W09_HEAT_CYCLE_AGING_DAMAGE","1997","2001","CART / Indy-car","Goodyear","period race report / technical feature","1"
"W09_HEAT_CYCLE_AGING_DAMAGE","1982","1986","Group C","Bridgestone/other","technical/race engineering paper","1"
"W09_HEAT_CYCLE_AGING_DAMAGE","1967","1971","Formula 2 — 1967-1971","Pirelli","period race report / technical feature","1"
"W09_HEAT_CYCLE_AGING_DAMAGE","2002","2010","DTM — silhouette era","Firestone","technical/race engineering paper","1"
"W09_HEAT_CYCLE_AGING_DAMAGE","1987","1991","General Tire Mechanics","Dunlop","period race report / technical feature","1"
"W09_HEAT_CYCLE_AGING_DAMAGE","1972","1976","NASCAR stock car — 1972-1991","Avon","technical/race engineering paper","1"
"W09_HEAT_CYCLE_AGING_DAMAGE","1950","1959","Historic Racing Reference","Michelin","period race report / technical feature","1"
"W09_HEAT_CYCLE_AGING_DAMAGE","1992","1996","Trans-Am — 1982-2001","Goodyear","technical/race engineering paper","1"
"W09_HEAT_CYCLE_AGING_DAMAGE","1977","1981","Formula Ford — 1977-1981","Bridgestone/other","period race report / technical feature","1"
"W09_HEAT_CYCLE_AGING_DAMAGE","1963","1965","Group 2 / ETCC — 1963-1969","Pirelli","technical/race engineering paper","1"
"W09_HEAT_CYCLE_AGING_DAMAGE","1997","1999","JGTC — 1994-1999 (GT1/GT2 terminology)","Firestone","period race report / technical feature","1"
"W09_HEAT_CYCLE_AGING_DAMAGE","1982","1986","Historic Racing Reference","Dunlop","technical paper","1"
"W09_HEAT_CYCLE_AGING_DAMAGE","1966","1970","US GT / sports racing — pre-IMSA GT","Avon","supplier technical document","1"
"W09_HEAT_CYCLE_AGING_DAMAGE","2002","2003","CART / Indy-car","Michelin","technical paper","1"
"W09_HEAT_CYCLE_AGING_DAMAGE","1987","1991","Group C","Goodyear","supplier technical document","1"
"W09_HEAT_CYCLE_AGING_DAMAGE","1972","1976","Formula 2 — 1972-1984","Dunlop","technical paper","1"
"W09_HEAT_CYCLE_AGING_DAMAGE","1950","1959","Touring / saloon racing — pre-1963","Avon","supplier technical document","1"
"W09_HEAT_CYCLE_AGING_DAMAGE","1992","1996","Formula 1 — 1990s radial slick/grooved transition","Michelin","technical paper","1"
"W09_HEAT_CYCLE_AGING_DAMAGE","1977","1981","Sports racing / prototypes — 1972-1981","Goodyear","supplier technical document","1"
"W09_HEAT_CYCLE_AGING_DAMAGE","1960","1965","General Racing Tire","Bridgestone/other","technical paper","1"
"W09_HEAT_CYCLE_AGING_DAMAGE","1997","2001","Trans-Am — 1982-2001","Pirelli","supplier technical document","1"
"W09_HEAT_CYCLE_AGING_DAMAGE","1982","1986","Formula Ford — 1982-1992","Firestone","technical paper","1"
"W09_HEAT_CYCLE_AGING_DAMAGE","1966","1969","Group 2 / ETCC — 1963-1969","Dunlop","supplier technical document","1"
"W09_HEAT_CYCLE_AGING_DAMAGE","2005","2010","SUPER GT — 2005-2010","Avon","technical paper","1"
"W09_HEAT_CYCLE_AGING_DAMAGE","1987","1991","Historic Racing Reference","Michelin","patent","1"
"W09_HEAT_CYCLE_AGING_DAMAGE","1972","1976","IMSA GT — 1971-1981","Goodyear","peer-reviewed paper","1"
"W09_HEAT_CYCLE_AGING_DAMAGE","1950","1955","AAA Championship Car / Indianapolis","Bridgestone/other","patent","1"
"W09_HEAT_CYCLE_AGING_DAMAGE","1993","1996","Le Mans Prototype transition","Pirelli","peer-reviewed paper","1"
"W09_HEAT_CYCLE_AGING_DAMAGE","1977","1981","Formula 3 — 1974-1986","Firestone","patent","1"
"W09_HEAT_CYCLE_AGING_DAMAGE","1960","1965","International rally — pre-WRC","Dunlop","peer-reviewed paper","1"
"W09_HEAT_CYCLE_AGING_DAMAGE","1997","2001","Formula 1 — 1990s radial slick/grooved transition","Avon","patent","1"
"W09_HEAT_CYCLE_AGING_DAMAGE","1982","1986","IMSA GTP","Michelin","peer-reviewed paper","1"
"W09_HEAT_CYCLE_AGING_DAMAGE","1966","1971","General Racing Tire","Firestone","patent","1"
"W09_HEAT_CYCLE_AGING_DAMAGE","2002","1972","Trans-Am — 1966-1972","Dunlop","peer-reviewed paper","1"
"W09_HEAT_CYCLE_AGING_DAMAGE","1987","1991","Formula Ford — 1982-1992","Avon","patent","1"
"W09_HEAT_CYCLE_AGING_DAMAGE","1972","1975","Group 2 / ETCC — 1970-1975","Michelin","peer-reviewed paper","1"
"W09_HEAT_CYCLE_AGING_DAMAGE","1950","1959","Japanese GT / touring — pre-JGTC","Goodyear","patent","1"
"W09_HEAT_CYCLE_AGING_DAMAGE","1992","1974","Can-Am — original","Bridgestone/other","period race report / technical feature","1"
"W09_HEAT_CYCLE_AGING_DAMAGE","1977","1981","Group 4 Special GT — 1970-1981","Pirelli","technical/race engineering paper","1"
"W09_HEAT_CYCLE_AGING_DAMAGE","1960","1965","Historic Racing Reference","Firestone","period race report / technical feature","1"
"W09_HEAT_CYCLE_AGING_DAMAGE","1997","2001","FIA GT — 1997-2009","Dunlop","technical/race engineering paper","1"
"W09_HEAT_CYCLE_AGING_DAMAGE","1982","1986","Formula 3 — 1974-1986","Avon","period race report / technical feature","1"
"W09_HEAT_CYCLE_AGING_DAMAGE","1966","1971","International rally — pre-WRC","Michelin","technical/race engineering paper","1"
"W09_HEAT_CYCLE_AGING_DAMAGE","2002","2010","Formula 1 — grooved-to-slick-return era","Goodyear","period race report / technical feature","1"
"W09_HEAT_CYCLE_AGING_DAMAGE","1987","1991","IMSA GTP","Bridgestone/other","technical/race engineering paper","1"
"W09_HEAT_CYCLE_AGING_DAMAGE","1972","1976","General Racing Tire","Pirelli","period race report / technical feature","1"
"W09_HEAT_CYCLE_AGING_DAMAGE","1950","1959","Touring / saloon racing — pre-1963","Firestone","technical/race engineering paper","1"
"W09_HEAT_CYCLE_AGING_DAMAGE","1992","1996","Historic Racing Reference","Dunlop","period race report / technical feature","1"
"W09_HEAT_CYCLE_AGING_DAMAGE","1977","1981","Group 4 Special GT — 1970-1981","Avon","technical/race engineering paper","1"
"W09_HEAT_CYCLE_AGING_DAMAGE","1960","1963","Sports racing / prototypes — 1950-1963","Pirelli","period race report / technical feature","1"
"W09_HEAT_CYCLE_AGING_DAMAGE","1997","1974","Can-Am — original","Firestone","technical paper","1"
"W09_HEAT_CYCLE_AGING_DAMAGE","1982","1986","IMSA GT — 1982-1993","Dunlop","supplier technical document","1"
"W09_HEAT_CYCLE_AGING_DAMAGE","1966","1971","Sports racing / prototypes — 1964-1971","Avon","technical paper","1"
"W09_HEAT_CYCLE_AGING_DAMAGE","2002","2009","FIA GT — 1997-2009","Michelin","supplier technical document","1"
"W09_HEAT_CYCLE_AGING_DAMAGE","1987","1990","Formula 3 — 1987-1990","Goodyear","technical paper","1"
"W09_HEAT_CYCLE_AGING_DAMAGE","1972","1976","Rallycross — 1967-1981","Bridgestone/other","supplier technical document","1"
"W09_HEAT_CYCLE_AGING_DAMAGE","1950","1959","Formula 1 — early World Championship","Pirelli","technical paper","1"
"W09_HEAT_CYCLE_AGING_DAMAGE","1993","1996","DTM / ITC — Class 1","Firestone","supplier technical document","1"
"W09_HEAT_CYCLE_AGING_DAMAGE","1977","1981","General Tire Mechanics","Dunlop","technical paper","1"
"W09_HEAT_CYCLE_AGING_DAMAGE","1960","1965","NASCAR stock car — 1950-1971","Avon","supplier technical document","1"
"W09_HEAT_CYCLE_AGING_DAMAGE","1997","2001","Historic Racing Reference","Michelin","technical paper","1"
"W09_HEAT_CYCLE_AGING_DAMAGE","1982","1986","Group C","Goodyear","supplier technical document","1"
"W09_HEAT_CYCLE_AGING_DAMAGE","2002","1974","Can-Am — original","Pirelli","patent","1"
"W09_HEAT_CYCLE_AGING_DAMAGE","1987","1991","IMSA GT — 1982-1993","Firestone","peer-reviewed paper","1"
"W09_HEAT_CYCLE_AGING_DAMAGE","1972","1976","Historic Racing Reference","Dunlop","patent","1"
"W09_HEAT_CYCLE_AGING_DAMAGE","1950","1959","Sports racing / prototypes — 1950-1963","Bridgestone/other","peer-reviewed paper","1"
"W09_HEAT_CYCLE_AGING_DAMAGE","1992","1996","CART / Indy-car","Pirelli","patent","1"
"W09_HEAT_CYCLE_AGING_DAMAGE","1977","1981","Group 4 Special GT — 1970-1981","Firestone","peer-reviewed paper","1"
"W09_HEAT_CYCLE_AGING_DAMAGE","1964","1965","Formula 2 — 1964-1966","Dunlop","patent","1"
"W09_HEAT_CYCLE_AGING_DAMAGE","2000","2001","DTM — silhouette era","Avon","peer-reviewed paper","1"
"W09_HEAT_CYCLE_AGING_DAMAGE","1982","1986","General Tire Mechanics","Michelin","patent","1"
"W09_HEAT_CYCLE_AGING_DAMAGE","1966","1971","NASCAR stock car — 1950-1971","Goodyear","peer-reviewed paper","1"
"W09_HEAT_CYCLE_AGING_DAMAGE","2002","2010","Historic Racing Reference","Bridgestone/other","patent","1"
"W09_HEAT_CYCLE_AGING_DAMAGE","1987","1991","Group C","Pirelli","peer-reviewed paper","1"
"W09_HEAT_CYCLE_AGING_DAMAGE","1972","1976","Sports racing / prototypes — 1972-1981","Firestone","patent","1"
"W09_HEAT_CYCLE_AGING_DAMAGE","1950","1959","Sports racing / prototypes — 1950-1963","Dunlop","period race report / technical feature","1"
"W09_HEAT_CYCLE_AGING_DAMAGE","1994","1996","JGTC — 1994-1999 (GT1/GT2 terminology)","Avon","technical/race engineering paper","1"
"W09_HEAT_CYCLE_AGING_DAMAGE","1977","1981","Sports racing / prototypes — 1972-1981","Michelin","period race report / technical feature","1"
"W09_HEAT_CYCLE_AGING_DAMAGE","1960","1965","US GT / sports racing — pre-IMSA GT","Goodyear","technical/race engineering paper","1"
"W09_HEAT_CYCLE_AGING_DAMAGE","1997","2001","CART / Indy-car","Bridgestone/other","period race report / technical feature","1"
"W09_HEAT_CYCLE_AGING_DAMAGE","1982","1986","Group C","Pirelli","technical/race engineering paper","1"
"W09_HEAT_CYCLE_AGING_DAMAGE","1967","1971","Formula 2 — 1967-1971","Firestone","period race report / technical feature","1"
"W09_HEAT_CYCLE_AGING_DAMAGE","2002","2010","DTM — silhouette era","Goodyear","technical/race engineering paper","1"
"W09_HEAT_CYCLE_AGING_DAMAGE","1987","1991","General Tire Mechanics","Bridgestone/other","period race report / technical feature","1"
"W09_HEAT_CYCLE_AGING_DAMAGE","1972","1976","NASCAR stock car — 1972-1991","Pirelli","technical/race engineering paper","1"
"W09_HEAT_CYCLE_AGING_DAMAGE","1950","1959","Historic Racing Reference","Firestone","period race report / technical feature","1"
"W09_HEAT_CYCLE_AGING_DAMAGE","1992","1996","Trans-Am — 1982-2001","Dunlop","technical/race engineering paper","1"
"W09_HEAT_CYCLE_AGING_DAMAGE","1977","1981","Formula Ford — 1977-1981","Avon","period race report / technical feature","1"
"W09_HEAT_CYCLE_AGING_DAMAGE","1963","1965","Group 2 / ETCC — 1963-1969","Michelin","technical paper","1"
"W09_HEAT_CYCLE_AGING_DAMAGE","1997","1999","JGTC — 1994-1999 (GT1/GT2 terminology)","Goodyear","supplier technical document","1"
"W09_HEAT_CYCLE_AGING_DAMAGE","1982","1986","Historic Racing Reference","Bridgestone/other","technical paper","1"
"W09_HEAT_CYCLE_AGING_DAMAGE","1966","1970","US GT / sports racing — pre-IMSA GT","Pirelli","supplier technical document","1"
"W09_HEAT_CYCLE_AGING_DAMAGE","2002","2003","CART / Indy-car","Firestone","technical paper","1"
"W09_HEAT_CYCLE_AGING_DAMAGE","1987","1991","Group C","Dunlop","supplier technical document","1"
"W09_HEAT_CYCLE_AGING_DAMAGE","1972","1976","Formula 2 — 1972-1984","Avon","technical paper","1"
"W09_HEAT_CYCLE_AGING_DAMAGE","1950","1959","Touring / saloon racing — pre-1963","Michelin","supplier technical document","1"
"W09_HEAT_CYCLE_AGING_DAMAGE","1992","1996","Formula 1 — 1990s radial slick/grooved transition","Goodyear","technical paper","1"
"W09_HEAT_CYCLE_AGING_DAMAGE","1977","1981","Sports racing / prototypes — 1972-1981","Bridgestone/other","supplier technical document","1"
"W09_HEAT_CYCLE_AGING_DAMAGE","1960","1965","General Racing Tire","Pirelli","technical paper","1"
"W09_HEAT_CYCLE_AGING_DAMAGE","1997","2001","Trans-Am — 1982-2001","Michelin","supplier technical document","1"
"W09_HEAT_CYCLE_AGING_DAMAGE","1982","1986","Formula Ford — 1982-1992","Goodyear","technical paper","1"
"W09_HEAT_CYCLE_AGING_DAMAGE","1966","1969","Group 2 / ETCC — 1963-1969","Bridgestone/other","patent","1"
"W09_HEAT_CYCLE_AGING_DAMAGE","2005","2010","SUPER GT — 2005-2010","Pirelli","peer-reviewed paper","1"
"W09_HEAT_CYCLE_AGING_DAMAGE","1987","1991","Historic Racing Reference","Firestone","patent","1"
"W09_HEAT_CYCLE_AGING_DAMAGE","1972","1976","IMSA GT — 1971-1981","Dunlop","peer-reviewed paper","1"
"W09_HEAT_CYCLE_AGING_DAMAGE","1950","1955","AAA Championship Car / Indianapolis","Avon","patent","1"
"W09_HEAT_CYCLE_AGING_DAMAGE","1993","1996","Le Mans Prototype transition","Michelin","peer-reviewed paper","1"
"W09_HEAT_CYCLE_AGING_DAMAGE","1977","1981","Formula 3 — 1974-1986","Goodyear","patent","1"
"W09_HEAT_CYCLE_AGING_DAMAGE","1960","1965","International rally — pre-WRC","Bridgestone/other","peer-reviewed paper","1"
"W09_HEAT_CYCLE_AGING_DAMAGE","1997","2001","Formula 1 — 1990s radial slick/grooved transition","Pirelli","patent","1"
"W09_HEAT_CYCLE_AGING_DAMAGE","1982","1986","IMSA GTP","Firestone","peer-reviewed paper","1"
"W09_HEAT_CYCLE_AGING_DAMAGE","1966","1971","General Racing Tire","Dunlop","patent","1"
"W09_HEAT_CYCLE_AGING_DAMAGE","2002","1972","Trans-Am — 1966-1972","Avon","peer-reviewed paper","1"
"W09_HEAT_CYCLE_AGING_DAMAGE","1987","1991","Formula Ford — 1982-1992","Michelin","patent","1"
"W09_HEAT_CYCLE_AGING_DAMAGE","1972","1975","Group 2 / ETCC — 1970-1975","Goodyear","period race report / technical feature","1"
"W09_HEAT_CYCLE_AGING_DAMAGE","1950","1959","Japanese GT / touring — pre-JGTC","Bridgestone/other","technical/race engineering paper","1"
"W09_HEAT_CYCLE_AGING_DAMAGE","1992","1974","Can-Am — original","Avon","period race report / technical feature","1"
"W09_HEAT_CYCLE_AGING_DAMAGE","1977","1981","Group 4 Special GT — 1970-1981","Michelin","technical/race engineering paper","1"
"W09_HEAT_CYCLE_AGING_DAMAGE","1960","1965","Historic Racing Reference","Goodyear","period race report / technical feature","1"
"W09_HEAT_CYCLE_AGING_DAMAGE","1997","2001","FIA GT — 1997-2009","Bridgestone/other","technical/race engineering paper","1"
"W09_HEAT_CYCLE_AGING_DAMAGE","1982","1986","Formula 3 — 1974-1986","Pirelli","period race report / technical feature","1"
"W09_HEAT_CYCLE_AGING_DAMAGE","1966","1971","International rally — pre-WRC","Firestone","technical/race engineering paper","1"
"W09_HEAT_CYCLE_AGING_DAMAGE","2002","2010","Formula 1 — grooved-to-slick-return era","Dunlop","period race report / technical feature","1"
"W09_HEAT_CYCLE_AGING_DAMAGE","1987","1991","IMSA GTP","Avon","technical/race engineering paper","1"
"W09_HEAT_CYCLE_AGING_DAMAGE","1972","1976","General Racing Tire","Michelin","period race report / technical feature","1"
"W09_HEAT_CYCLE_AGING_DAMAGE","1950","1959","Touring / saloon racing — pre-1963","Goodyear","technical/race engineering paper","1"
"W09_HEAT_CYCLE_AGING_DAMAGE","1992","1996","Historic Racing Reference","Bridgestone/other","period race report / technical feature","1"
"W09_HEAT_CYCLE_AGING_DAMAGE","1977","1981","Group 4 Special GT — 1970-1981","Pirelli","technical paper","1"
"W09_HEAT_CYCLE_AGING_DAMAGE","1960","1963","Sports racing / prototypes — 1950-1963","Firestone","supplier technical document","1"
"W09_HEAT_CYCLE_AGING_DAMAGE","1997","1974","Can-Am — original","Dunlop","technical paper","1"
"W09_HEAT_CYCLE_AGING_DAMAGE","1982","1986","IMSA GT — 1982-1993","Avon","supplier technical document","1"
"W09_HEAT_CYCLE_AGING_DAMAGE","2002","2009","FIA GT — 1997-2009","Goodyear","supplier technical document","1"
"W09_HEAT_CYCLE_AGING_DAMAGE","1987","1990","Formula 3 — 1987-1990","Dunlop","technical paper","1"
"W09_HEAT_CYCLE_AGING_DAMAGE","1972","1976","Rallycross — 1967-1981","Avon","supplier technical document","1"
"W09_HEAT_CYCLE_AGING_DAMAGE","1950","1959","Formula 1 — early World Championship","Michelin","technical paper","1"
"W09_HEAT_CYCLE_AGING_DAMAGE","1993","1996","DTM / ITC — Class 1","Goodyear","supplier technical document","1"
"W09_HEAT_CYCLE_AGING_DAMAGE","1977","1981","General Tire Mechanics","Bridgestone/other","technical paper","1"
"W09_HEAT_CYCLE_AGING_DAMAGE","1960","1965","NASCAR stock car — 1950-1971","Pirelli","supplier technical document","1"
"W09_HEAT_CYCLE_AGING_DAMAGE","1997","2001","Historic Racing Reference","Firestone","technical paper","1"
"W09_HEAT_CYCLE_AGING_DAMAGE","1982","1986","Group C","Dunlop","patent","1"
"W09_HEAT_CYCLE_AGING_DAMAGE","1966","1971","Sports racing / prototypes — 1964-1971","Avon","peer-reviewed paper","1"
"W09_HEAT_CYCLE_AGING_DAMAGE","2002","1974","Can-Am — original","Michelin","patent","1"
"W09_HEAT_CYCLE_AGING_DAMAGE","1987","1991","IMSA GT — 1982-1993","Goodyear","peer-reviewed paper","1"
"W09_HEAT_CYCLE_AGING_DAMAGE","1972","1976","Historic Racing Reference","Bridgestone/other","patent","1"
"W09_HEAT_CYCLE_AGING_DAMAGE","1992","1996","CART / Indy-car","Firestone","patent","1"
"W09_HEAT_CYCLE_AGING_DAMAGE","1977","1981","Group 4 Special GT — 1970-1981","Dunlop","peer-reviewed paper","1"
"W09_HEAT_CYCLE_AGING_DAMAGE","1964","1965","Formula 2 — 1964-1966","Avon","patent","1"
"W09_HEAT_CYCLE_AGING_DAMAGE","2000","2001","DTM — silhouette era","Michelin","peer-reviewed paper","1"
"W09_HEAT_CYCLE_AGING_DAMAGE","1982","1986","General Tire Mechanics","Firestone","patent","1"
"W09_HEAT_CYCLE_AGING_DAMAGE","1966","1971","NASCAR stock car — 1950-1971","Dunlop","peer-reviewed paper","1"
"W09_HEAT_CYCLE_AGING_DAMAGE","2002","2010","Historic Racing Reference","Avon","patent","1"
"W09_HEAT_CYCLE_AGING_DAMAGE","1987","1991","Group C","Michelin","period race report / technical feature","1"
"W09_HEAT_CYCLE_AGING_DAMAGE","1972","1976","Sports racing / prototypes — 1972-1981","Goodyear","technical/race engineering paper","1"
"W09_HEAT_CYCLE_AGING_DAMAGE","1950","1959","Sports racing / prototypes — 1950-1963","Bridgestone/other","period race report / technical feature","1"
"W09_HEAT_CYCLE_AGING_DAMAGE","1994","1996","JGTC — 1994-1999 (GT1/GT2 terminology)","Pirelli","technical/race engineering paper","1"
"W09_HEAT_CYCLE_AGING_DAMAGE","1977","1981","Sports racing / prototypes — 1972-1981","Firestone","period race report / technical feature","1"
"W09_HEAT_CYCLE_AGING_DAMAGE","1960","1965","US GT / sports racing — pre-IMSA GT","Dunlop","technical/race engineering paper","1"
"W09_HEAT_CYCLE_AGING_DAMAGE","1997","2001","CART / Indy-car","Avon","period race report / technical feature","1"
"W09_HEAT_CYCLE_AGING_DAMAGE","1982","1986","Group C","Michelin","technical/race engineering paper","1"
"W09_HEAT_CYCLE_AGING_DAMAGE","1967","1971","Formula 2 — 1967-1971","Goodyear","period race report / technical feature","1"
"W09_HEAT_CYCLE_AGING_DAMAGE","2002","2010","DTM — silhouette era","Bridgestone/other","technical/race engineering paper","1"
"W09_HEAT_CYCLE_AGING_DAMAGE","1987","1991","General Tire Mechanics","Pirelli","period race report / technical feature","1"
"W09_HEAT_CYCLE_AGING_DAMAGE","1972","1976","NASCAR stock car — 1972-1991","Firestone","technical/race engineering paper","1"
"W09_HEAT_CYCLE_AGING_DAMAGE","1950","1959","Historic Racing Reference","Dunlop","period race report / technical feature","1"
"W09_HEAT_CYCLE_AGING_DAMAGE","1992","1996","Trans-Am — 1982-2001","Avon","technical paper","1"
"W09_HEAT_CYCLE_AGING_DAMAGE","1977","1981","Formula Ford — 1977-1981","Pirelli","supplier technical document","1"
"W09_HEAT_CYCLE_AGING_DAMAGE","1963","1965","Group 2 / ETCC — 1963-1969","Firestone","technical paper","1"
"W09_HEAT_CYCLE_AGING_DAMAGE","1997","1999","JGTC — 1994-1999 (GT1/GT2 terminology)","Dunlop","supplier technical document","1"
"W09_HEAT_CYCLE_AGING_DAMAGE","1982","1986","Historic Racing Reference","Avon","technical paper","1"
"W09_HEAT_CYCLE_AGING_DAMAGE","1966","1970","US GT / sports racing — pre-IMSA GT","Michelin","supplier technical document","1"
"W09_HEAT_CYCLE_AGING_DAMAGE","2002","2003","CART / Indy-car","Goodyear","technical paper","1"
"W09_HEAT_CYCLE_AGING_DAMAGE","1987","1991","Group C","Bridgestone/other","supplier technical document","1"
"W09_HEAT_CYCLE_AGING_DAMAGE","1972","1976","Formula 2 — 1972-1984","Pirelli","technical paper","1"
"W09_HEAT_CYCLE_AGING_DAMAGE","1950","1959","Touring / saloon racing — pre-1963","Firestone","supplier technical document","1"
"W09_HEAT_CYCLE_AGING_DAMAGE","1997","2001","Trans-Am — 1982-2001","Goodyear","patent","1"
"W09_HEAT_CYCLE_AGING_DAMAGE","1982","1986","Formula Ford — 1982-1992","Bridgestone/other","peer-reviewed paper","1"
"W09_HEAT_CYCLE_AGING_DAMAGE","1966","1969","Group 2 / ETCC — 1963-1969","Pirelli","patent","1"
"W09_HEAT_CYCLE_AGING_DAMAGE","2005","2010","SUPER GT — 2005-2010","Firestone","peer-reviewed paper","1"
"W09_HEAT_CYCLE_AGING_DAMAGE","1987","1991","Historic Racing Reference","Dunlop","patent","1"
"W09_HEAT_CYCLE_AGING_DAMAGE","1972","1976","IMSA GT — 1971-1981","Bridgestone/other","peer-reviewed paper","1"
"W09_HEAT_CYCLE_AGING_DAMAGE","1950","1955","AAA Championship Car / Indianapolis","Pirelli","patent","1"
"W09_HEAT_CYCLE_AGING_DAMAGE","1993","1996","Le Mans Prototype transition","Firestone","peer-reviewed paper","1"
"W09_HEAT_CYCLE_AGING_DAMAGE","1977","1981","Formula 3 — 1974-1986","Dunlop","patent","1"
"W09_HEAT_CYCLE_AGING_DAMAGE","1960","1965","International rally — pre-WRC","Avon","peer-reviewed paper","1"
"W09_HEAT_CYCLE_AGING_DAMAGE","1997","2001","Formula 1 — 1990s radial slick/grooved transition","Michelin","patent","1"
"W09_HEAT_CYCLE_AGING_DAMAGE","1982","1986","IMSA GTP","Goodyear","peer-reviewed paper","1"
"W09_HEAT_CYCLE_AGING_DAMAGE","1966","1971","General Racing Tire","Bridgestone/other","patent","1"
"W09_HEAT_CYCLE_AGING_DAMAGE","2002","1972","Trans-Am — 1966-1972","Pirelli","period race report / technical feature","1"
"W09_HEAT_CYCLE_AGING_DAMAGE","1987","1991","Formula Ford — 1982-1992","Firestone","technical/race engineering paper","1"
"W09_HEAT_CYCLE_AGING_DAMAGE","1972","1975","Group 2 / ETCC — 1970-1975","Dunlop","period race report / technical feature","1"
"W09_HEAT_CYCLE_AGING_DAMAGE","1950","1959","Japanese GT / touring — pre-JGTC","Avon","technical/race engineering paper","1"
"W09_HEAT_CYCLE_AGING_DAMAGE","1992","1974","Can-Am — original","Michelin","period race report / technical feature","1"
"W09_HEAT_CYCLE_AGING_DAMAGE","1960","1965","Historic Racing Reference","Bridgestone/other","period race report / technical feature","1"
"W09_HEAT_CYCLE_AGING_DAMAGE","1997","2001","FIA GT — 1997-2009","Pirelli","technical/race engineering paper","1"
"W09_HEAT_CYCLE_AGING_DAMAGE","1982","1986","Formula 3 — 1974-1986","Firestone","period race report / technical feature","1"
"W09_HEAT_CYCLE_AGING_DAMAGE","1966","1971","International rally — pre-WRC","Goodyear","technical/race engineering paper","1"
"W09_HEAT_CYCLE_AGING_DAMAGE","2002","2010","Formula 1 — grooved-to-slick-return era","Bridgestone/other","period race report / technical feature","1"
"W09_HEAT_CYCLE_AGING_DAMAGE","1987","1991","IMSA GTP","Pirelli","technical/race engineering paper","1"
"W09_HEAT_CYCLE_AGING_DAMAGE","1972","1976","General Racing Tire","Firestone","period race report / technical feature","1"
"W09_HEAT_CYCLE_AGING_DAMAGE","1950","1959","Touring / saloon racing — pre-1963","Dunlop","technical paper","1"
"W09_HEAT_CYCLE_AGING_DAMAGE","1992","1996","Historic Racing Reference","Avon","supplier technical document","1"
"W09_HEAT_CYCLE_AGING_DAMAGE","1977","1981","Group 4 Special GT — 1970-1981","Michelin","technical paper","1"
"W09_HEAT_CYCLE_AGING_DAMAGE","1960","1963","Sports racing / prototypes — 1950-1963","Goodyear","supplier technical document","1"
"W09_HEAT_CYCLE_AGING_DAMAGE","1997","1974","Can-Am — original","Bridgestone/other","technical paper","1"
"W09_HEAT_CYCLE_AGING_DAMAGE","1982","1986","IMSA GT — 1982-1993","Pirelli","supplier technical document","1"
"W09_HEAT_CYCLE_AGING_DAMAGE","2002","2009","FIA GT — 1997-2009","Dunlop","supplier technical document","1"
"W09_HEAT_CYCLE_AGING_DAMAGE","1987","1990","Formula 3 — 1987-1990","Avon","technical paper","1"
"W09_HEAT_CYCLE_AGING_DAMAGE","1972","1976","Rallycross — 1967-1981","Michelin","supplier technical document","1"
"W09_HEAT_CYCLE_AGING_DAMAGE","1960","1965","NASCAR stock car — 1950-1971","Michelin","patent","1"
"W09_HEAT_CYCLE_AGING_DAMAGE","1997","2001","Historic Racing Reference","Goodyear","peer-reviewed paper","1"
"W09_HEAT_CYCLE_AGING_DAMAGE","1982","1986","Group C","Bridgestone/other","patent","1"
"W09_HEAT_CYCLE_AGING_DAMAGE","1966","1971","Sports racing / prototypes — 1964-1971","Pirelli","peer-reviewed paper","1"
"W09_HEAT_CYCLE_AGING_DAMAGE","2002","1974","Can-Am — original","Firestone","patent","1"
"W09_HEAT_CYCLE_AGING_DAMAGE","1987","1991","IMSA GT — 1982-1993","Dunlop","peer-reviewed paper","1"
"W09_HEAT_CYCLE_AGING_DAMAGE","1972","1976","Historic Racing Reference","Avon","patent","1"
"W09_HEAT_CYCLE_AGING_DAMAGE","1992","1996","CART / Indy-car","Goodyear","patent","1"
"W09_HEAT_CYCLE_AGING_DAMAGE","1977","1981","Group 4 Special GT — 1970-1981","Bridgestone/other","peer-reviewed paper","1"
"W09_HEAT_CYCLE_AGING_DAMAGE","1966","1971","NASCAR stock car — 1950-1971","Avon","period race report / technical feature","1"
"W09_HEAT_CYCLE_AGING_DAMAGE","2002","2010","Historic Racing Reference","Michelin","technical/race engineering paper","1"
"W09_HEAT_CYCLE_AGING_DAMAGE","1987","1991","Group C","Goodyear","period race report / technical feature","1"
"W09_HEAT_CYCLE_AGING_DAMAGE","1972","1976","Sports racing / prototypes — 1972-1981","Bridgestone/other","technical/race engineering paper","1"
"W09_HEAT_CYCLE_AGING_DAMAGE","1950","1959","Sports racing / prototypes — 1950-1963","Avon","period race report / technical feature","1"
"W09_HEAT_CYCLE_AGING_DAMAGE","1994","1996","JGTC — 1994-1999 (GT1/GT2 terminology)","Michelin","technical/race engineering paper","1"
"W09_HEAT_CYCLE_AGING_DAMAGE","1977","1981","Sports racing / prototypes — 1972-1981","Goodyear","period race report / technical feature","1"
"W09_HEAT_CYCLE_AGING_DAMAGE","1960","1965","US GT / sports racing — pre-IMSA GT","Bridgestone/other","technical/race engineering paper","1"
"W09_HEAT_CYCLE_AGING_DAMAGE","1997","2001","CART / Indy-car","Pirelli","period race report / technical feature","1"
"W09_HEAT_CYCLE_AGING_DAMAGE","1982","1986","Group C","Firestone","technical/race engineering paper","1"
"W09_HEAT_CYCLE_AGING_DAMAGE","1967","1971","Formula 2 — 1967-1971","Dunlop","period race report / technical feature","1"
"W09_HEAT_CYCLE_AGING_DAMAGE","2002","2010","DTM — silhouette era","Avon","technical/race engineering paper","1"
"W09_HEAT_CYCLE_AGING_DAMAGE","1987","1991","General Tire Mechanics","Michelin","period race report / technical feature","1"
"W09_HEAT_CYCLE_AGING_DAMAGE","1972","1976","NASCAR stock car — 1972-1991","Goodyear","technical paper","1"
"W09_HEAT_CYCLE_AGING_DAMAGE","1950","1959","Historic Racing Reference","Bridgestone/other","supplier technical document","1"
"W09_HEAT_CYCLE_AGING_DAMAGE","1992","1996","Trans-Am — 1982-2001","Pirelli","technical paper","1"
"W09_HEAT_CYCLE_AGING_DAMAGE","1977","1981","Formula Ford — 1977-1981","Firestone","supplier technical document","1"
"W09_HEAT_CYCLE_AGING_DAMAGE","1963","1965","Group 2 / ETCC — 1963-1969","Dunlop","technical paper","1"
"W09_HEAT_CYCLE_AGING_DAMAGE","1997","1999","JGTC — 1994-1999 (GT1/GT2 terminology)","Avon","supplier technical document","1"
"W09_HEAT_CYCLE_AGING_DAMAGE","1982","1986","Historic Racing Reference","Michelin","technical paper","1"
"W09_HEAT_CYCLE_AGING_DAMAGE","1966","1970","US GT / sports racing — pre-IMSA GT","Goodyear","supplier technical document","1"
"W09_HEAT_CYCLE_AGING_DAMAGE","2002","2003","CART / Indy-car","Dunlop","technical paper","1"
"W09_HEAT_CYCLE_AGING_DAMAGE","1987","1991","Group C","Avon","supplier technical document","1"
"W09_HEAT_CYCLE_AGING_DAMAGE","1972","1976","Formula 2 — 1972-1984","Michelin","technical paper","1"
"W09_HEAT_CYCLE_AGING_DAMAGE","1950","1959","Touring / saloon racing — pre-1963","Goodyear","supplier technical document","1"
"W09_HEAT_CYCLE_AGING_DAMAGE","1992","1996","Formula 1 — 1990s radial slick/grooved transition","Bridgestone/other","technical paper","1"
"W09_HEAT_CYCLE_AGING_DAMAGE","1977","1981","Sports racing / prototypes — 1972-1981","Pirelli","patent","1"
"W09_HEAT_CYCLE_AGING_DAMAGE","1960","1965","General Racing Tire","Firestone","peer-reviewed paper","1"
"W09_HEAT_CYCLE_AGING_DAMAGE","1997","2001","Trans-Am — 1982-2001","Dunlop","patent","1"
"W09_HEAT_CYCLE_AGING_DAMAGE","1982","1986","Formula Ford — 1982-1992","Avon","peer-reviewed paper","1"
"W09_HEAT_CYCLE_AGING_DAMAGE","1966","1969","Group 2 / ETCC — 1963-1969","Michelin","patent","1"
"W09_HEAT_CYCLE_AGING_DAMAGE","2005","2010","SUPER GT — 2005-2010","Goodyear","peer-reviewed paper","1"
"W09_HEAT_CYCLE_AGING_DAMAGE","1987","1991","Historic Racing Reference","Bridgestone/other","patent","1"
"W09_HEAT_CYCLE_AGING_DAMAGE","1972","1976","IMSA GT — 1971-1981","Pirelli","peer-reviewed paper","1"
"W09_HEAT_CYCLE_AGING_DAMAGE","1950","1955","AAA Championship Car / Indianapolis","Firestone","patent","1"
"W09_HEAT_CYCLE_AGING_DAMAGE","1993","1996","Le Mans Prototype transition","Dunlop","peer-reviewed paper","1"
"W09_HEAT_CYCLE_AGING_DAMAGE","1982","1986","IMSA GTP","Dunlop","period race report / technical feature","1"
"W09_HEAT_CYCLE_AGING_DAMAGE","1966","1971","General Racing Tire","Avon","technical/race engineering paper","1"
"W09_HEAT_CYCLE_AGING_DAMAGE","2002","1972","Trans-Am — 1966-1972","Michelin","period race report / technical feature","1"
"W09_HEAT_CYCLE_AGING_DAMAGE","1987","1991","Formula Ford — 1982-1992","Goodyear","technical/race engineering paper","1"
"W09_HEAT_CYCLE_AGING_DAMAGE","1972","1975","Group 2 / ETCC — 1970-1975","Bridgestone/other","period race report / technical feature","1"
"W09_HEAT_CYCLE_AGING_DAMAGE","1950","1959","Japanese GT / touring — pre-JGTC","Pirelli","technical/race engineering paper","1"
"W09_HEAT_CYCLE_AGING_DAMAGE","1992","1974","Can-Am — original","Firestone","period race report / technical feature","1"
"W09_HEAT_CYCLE_AGING_DAMAGE","1960","1965","Historic Racing Reference","Avon","period race report / technical feature","1"
"W09_HEAT_CYCLE_AGING_DAMAGE","1997","2001","FIA GT — 1997-2009","Michelin","technical/race engineering paper","1"
"W09_HEAT_CYCLE_AGING_DAMAGE","1987","1991","IMSA GTP","Firestone","technical paper","1"
"W09_HEAT_CYCLE_AGING_DAMAGE","1972","1976","General Racing Tire","Dunlop","supplier technical document","1"
"W09_HEAT_CYCLE_AGING_DAMAGE","1950","1959","Touring / saloon racing — pre-1963","Avon","technical paper","1"
"W09_HEAT_CYCLE_AGING_DAMAGE","1992","1996","Historic Racing Reference","Pirelli","supplier technical document","1"
"W09_HEAT_CYCLE_AGING_DAMAGE","1977","1981","Group 4 Special GT — 1970-1981","Firestone","technical paper","1"
"W09_HEAT_CYCLE_AGING_DAMAGE","1960","1963","Sports racing / prototypes — 1950-1963","Dunlop","supplier technical document","1"
"W09_HEAT_CYCLE_AGING_DAMAGE","1997","1974","Can-Am — original","Avon","technical paper","1"
"W09_HEAT_CYCLE_AGING_DAMAGE","1982","1986","IMSA GT — 1982-1993","Michelin","supplier technical document","1"
"W09_HEAT_CYCLE_AGING_DAMAGE","2002","2009","FIA GT — 1997-2009","Bridgestone/other","supplier technical document","1"
"W09_HEAT_CYCLE_AGING_DAMAGE","1987","1990","Formula 3 — 1987-1990","Pirelli","technical paper","1"
"W09_HEAT_CYCLE_AGING_DAMAGE","1972","1976","Rallycross — 1967-1981","Firestone","supplier technical document","1"
"W09_HEAT_CYCLE_AGING_DAMAGE","1993","1996","DTM / ITC — Class 1","Avon","patent","1"
"W09_HEAT_CYCLE_AGING_DAMAGE","1977","1981","General Tire Mechanics","Michelin","peer-reviewed paper","1"
"W09_HEAT_CYCLE_AGING_DAMAGE","1960","1965","NASCAR stock car — 1950-1971","Goodyear","patent","1"
"W09_HEAT_CYCLE_AGING_DAMAGE","1997","2001","Historic Racing Reference","Bridgestone/other","peer-reviewed paper","1"
"W09_HEAT_CYCLE_AGING_DAMAGE","1982","1986","Group C","Pirelli","patent","1"
"W09_HEAT_CYCLE_AGING_DAMAGE","1966","1971","Sports racing / prototypes — 1964-1971","Firestone","peer-reviewed paper","1"
"W09_HEAT_CYCLE_AGING_DAMAGE","2002","1974","Can-Am — original","Dunlop","patent","1"
"W09_HEAT_CYCLE_AGING_DAMAGE","1987","1991","IMSA GT — 1982-1993","Bridgestone/other","peer-reviewed paper","1"
"W09_HEAT_CYCLE_AGING_DAMAGE","1972","1976","Historic Racing Reference","Pirelli","patent","1"
"W09_HEAT_CYCLE_AGING_DAMAGE","1950","1959","Sports racing / prototypes — 1950-1963","Firestone","peer-reviewed paper","1"
"W09_HEAT_CYCLE_AGING_DAMAGE","1992","1996","CART / Indy-car","Dunlop","patent","1"
"W09_HEAT_CYCLE_AGING_DAMAGE","1977","1981","Group 4 Special GT — 1970-1981","Avon","peer-reviewed paper","1"
"W09_HEAT_CYCLE_AGING_DAMAGE","1964","1965","Formula 2 — 1964-1966","Michelin","patent","1"
"W09_HEAT_CYCLE_AGING_DAMAGE","2000","2001","DTM — silhouette era","Goodyear","period race report / technical feature","1"
"W09_HEAT_CYCLE_AGING_DAMAGE","1982","1986","General Tire Mechanics","Bridgestone/other","technical/race engineering paper","1"
"W09_HEAT_CYCLE_AGING_DAMAGE","1966","1971","NASCAR stock car — 1950-1971","Pirelli","period race report / technical feature","1"
"W09_HEAT_CYCLE_AGING_DAMAGE","2002","2010","Historic Racing Reference","Firestone","technical/race engineering paper","1"
"W09_HEAT_CYCLE_AGING_DAMAGE","1987","1991","Group C","Dunlop","period race report / technical feature","1"
"W09_HEAT_CYCLE_AGING_DAMAGE","1972","1976","Sports racing / prototypes — 1972-1981","Avon","technical/race engineering paper","1"
"W09_HEAT_CYCLE_AGING_DAMAGE","1950","1959","Sports racing / prototypes — 1950-1963","Michelin","period race report / technical feature","1"
"W09_HEAT_CYCLE_AGING_DAMAGE","1994","1996","JGTC — 1994-1999 (GT1/GT2 terminology)","Goodyear","technical/race engineering paper","1"
"W09_HEAT_CYCLE_AGING_DAMAGE","1977","1981","Sports racing / prototypes — 1972-1981","Bridgestone/other","period race report / technical feature","1"
"W09_HEAT_CYCLE_AGING_DAMAGE","1960","1965","US GT / sports racing — pre-IMSA GT","Pirelli","technical/race engineering paper","1"
"W09_HEAT_CYCLE_AGING_DAMAGE","1982","1986","Group C","Goodyear","technical/race engineering paper","1"
"W09_HEAT_CYCLE_AGING_DAMAGE","2002","2010","DTM — silhouette era","Pirelli","technical paper","1"
"W09_HEAT_CYCLE_AGING_DAMAGE","1987","1991","General Tire Mechanics","Firestone","supplier technical document","1"
"W09_HEAT_CYCLE_AGING_DAMAGE","1972","1976","NASCAR stock car — 1972-1991","Dunlop","technical paper","1"
"W09_HEAT_CYCLE_AGING_DAMAGE","1950","1959","Historic Racing Reference","Avon","supplier technical document","1"
"W10_RR_HYSTERESIS_THERMAL","1987","1991","Trans-Am — 1982-2001","Goodyear","government technical report","1"
"W10_RR_HYSTERESIS_THERMAL","1972","1976","Formula Ford — 1967-1976","Bridgestone/other","technical paper","1"
"W10_RR_HYSTERESIS_THERMAL","1950","1959","Touring / saloon racing — pre-1963","Pirelli","government technical report","1"
"W10_RR_HYSTERESIS_THERMAL","1994","1996","JGTC — 1994-1999 (GT1/GT2 terminology)","Firestone","technical paper","1"
"W10_RR_HYSTERESIS_THERMAL","1977","1981","Sports racing / prototypes — 1972-1981","Dunlop","government technical report","1"
"W10_RR_HYSTERESIS_THERMAL","1960","1965","US GT / sports racing — pre-IMSA GT","Avon","technical paper","1"
"W10_RR_HYSTERESIS_THERMAL","1997","2001","CART / Indy-car","Michelin","government technical report","1"
"W10_RR_HYSTERESIS_THERMAL","1982","1986","Group C","Goodyear","technical paper","1"
"W10_RR_HYSTERESIS_THERMAL","1966","1970","Formula 3 — 1964-1970","Bridgestone/other","government technical report","1"
"W10_RR_HYSTERESIS_THERMAL","2002","2010","World Rally Championship — 2002-2010","Pirelli","technical paper","1"
"W10_RR_HYSTERESIS_THERMAL","1987","1991","Formula 1 — turbo/radial slick era","Firestone","supplier research paper","1"
"W10_RR_HYSTERESIS_THERMAL","1972","1976","Sports racing / prototypes — 1972-1981","Dunlop","government technical report","1"
"W10_RR_HYSTERESIS_THERMAL","1950","1959","General Racing Tire","Avon","supplier research paper","1"
"W10_RR_HYSTERESIS_THERMAL","1992","1996","Trans-Am — 1982-2001","Michelin","government technical report","1"
"W10_RR_HYSTERESIS_THERMAL","1977","1981","Formula Ford — 1977-1981","Firestone","supplier research paper","1"
"W10_RR_HYSTERESIS_THERMAL","1963","1965","Group 2 / ETCC — 1963-1969","Dunlop","government technical report","1"
"W10_RR_HYSTERESIS_THERMAL","1997","1999","JGTC — 1994-1999 (GT1/GT2 terminology)","Avon","supplier research paper","1"
"W10_RR_HYSTERESIS_THERMAL","1982","1986","Can-Am — revival","Michelin","government technical report","1"
"W10_RR_HYSTERESIS_THERMAL","1966","1970","US GT / sports racing — pre-IMSA GT","Goodyear","supplier research paper","1"
"W10_RR_HYSTERESIS_THERMAL","2002","2010","Historic Racing Reference","Bridgestone/other","government technical report","1"
"W10_RR_HYSTERESIS_THERMAL","1987","1991","Group C","Pirelli","supplier research paper","1"
"W10_RR_HYSTERESIS_THERMAL","1974","1976","Formula 3 — 1974-1986","Firestone","government technical report","1"
"W10_RR_HYSTERESIS_THERMAL","1950","1959","International rally — pre-WRC","Dunlop","supplier research paper","1"
"W10_RR_HYSTERESIS_THERMAL","1992","1996","Formula 1 — 1990s radial slick/grooved transition","Avon","peer-reviewed paper","1"
"W10_RR_HYSTERESIS_THERMAL","1977","1981","Sports racing / prototypes — 1972-1981","Michelin","thesis/dissertation","1"
"W10_RR_HYSTERESIS_THERMAL","1960","1965","General Racing Tire","Goodyear","peer-reviewed paper","1"
"W10_RR_HYSTERESIS_THERMAL","1997","2001","Trans-Am — 1982-2001","Bridgestone/other","thesis/dissertation","1"
"W10_RR_HYSTERESIS_THERMAL","1982","1986","Historic Racing Reference","Pirelli","peer-reviewed paper","1"
"W10_RR_HYSTERESIS_THERMAL","1966","1969","Group 4 Sports Cars — 1966-1969","Firestone","thesis/dissertation","1"
"W10_RR_HYSTERESIS_THERMAL","2004","2010","LMP1 / LMP2","Dunlop","peer-reviewed paper","1"
"W10_RR_HYSTERESIS_THERMAL","1987","1974","Can-Am — original","Avon","thesis/dissertation","1"
"W10_RR_HYSTERESIS_THERMAL","1972","1976","Group 4 Special GT — 1970-1981","Pirelli","peer-reviewed paper","1"
"W10_RR_HYSTERESIS_THERMAL","1950","1959","Sports racing / prototypes — 1950-1963","Firestone","thesis/dissertation","1"
"W10_RR_HYSTERESIS_THERMAL","1993","1996","Le Mans Prototype transition","Dunlop","peer-reviewed paper","1"
"W10_RR_HYSTERESIS_THERMAL","1977","1981","Formula 3 — 1974-1986","Avon","thesis/dissertation","1"
"W10_RR_HYSTERESIS_THERMAL","1960","1965","International rally — pre-WRC","Michelin","peer-reviewed paper","1"
"W10_RR_HYSTERESIS_THERMAL","2002","2010","NASCAR stock car — 1992-2010","Firestone","government technical report","1"
"W10_RR_HYSTERESIS_THERMAL","1987","1991","Historic Racing Reference","Dunlop","technical paper","1"
"W10_RR_HYSTERESIS_THERMAL","1992","1974","Can-Am — original","Goodyear","government technical report","1"
"W10_RR_HYSTERESIS_THERMAL","1977","1981","Group 4 Special GT — 1970-1981","Bridgestone/other","technical paper","1"
"W10_RR_HYSTERESIS_THERMAL","1960","1965","Historic Racing Reference","Pirelli","government technical report","1"
"W10_RR_HYSTERESIS_THERMAL","1997","2001","FIA GT — 1997-2009","Firestone","technical paper","1"
"W10_RR_HYSTERESIS_THERMAL","1982","1986","CART / Indy-car","Dunlop","government technical report","1"
"W10_RR_HYSTERESIS_THERMAL","1966","1969","GT40-era endurance","Bridgestone/other","technical paper","1"
"W10_RR_HYSTERESIS_THERMAL","2002","2004","International Formula 3000","Pirelli","supplier research paper","1"
"W10_RR_HYSTERESIS_THERMAL","1987","1991","Group A touring — 1982-1992","Firestone","government technical report","1"
"W10_RR_HYSTERESIS_THERMAL","1972","1976","General Tire Mechanics","Dunlop","supplier research paper","1"
"W10_RR_HYSTERESIS_THERMAL","1950","1959","NASCAR stock car — 1950-1971","Avon","government technical report","1"
"W10_RR_HYSTERESIS_THERMAL","1992","1996","Historic Racing Reference","Michelin","supplier research paper","1"
"W10_RR_HYSTERESIS_THERMAL","1960","1963","Sports racing / prototypes — 1950-1963","Bridgestone/other","supplier research paper","1"
"W10_RR_HYSTERESIS_THERMAL","1997","1974","Can-Am — original","Pirelli","government technical report","1"
"W10_RR_HYSTERESIS_THERMAL","1982","1986","Japanese GT / touring — pre-JGTC","Firestone","supplier research paper","1"
"W10_RR_HYSTERESIS_THERMAL","1966","1971","Sports racing / prototypes — 1964-1971","Dunlop","government technical report","1"
"W10_RR_HYSTERESIS_THERMAL","2002","1981","IMSA GT — 1971-1981","Avon","supplier research paper","1"
"W10_RR_HYSTERESIS_THERMAL","1987","1991","CART / Indy-car","Michelin","government technical report","1"
"W10_RR_HYSTERESIS_THERMAL","1972","1976","Group 4 Special GT — 1970-1981","Goodyear","supplier research paper","1"
"W10_RR_HYSTERESIS_THERMAL","1956","1959","Formula 2 — 1956-1960","Bridgestone/other","peer-reviewed paper","1"
"W10_RR_HYSTERESIS_THERMAL","1993","1996","DTM / ITC — Class 1","Pirelli","thesis/dissertation","1"
"W10_RR_HYSTERESIS_THERMAL","1977","1981","General Tire Mechanics","Firestone","peer-reviewed paper","1"
"W10_RR_HYSTERESIS_THERMAL","1960","1965","NASCAR stock car — 1950-1971","Goodyear","thesis/dissertation","1"
"W10_RR_HYSTERESIS_THERMAL","1997","2001","Historic Racing Reference","Bridgestone/other","peer-reviewed paper","1"
"W10_RR_HYSTERESIS_THERMAL","1982","1986","Trans-Am — 1982-2001","Pirelli","thesis/dissertation","1"
"W10_RR_HYSTERESIS_THERMAL","1967","1971","Formula Ford — 1967-1976","Firestone","peer-reviewed paper","1"
"W10_RR_HYSTERESIS_THERMAL","2002","1969","Group 2 / ETCC — 1963-1969","Dunlop","thesis/dissertation","1"
"W10_RR_HYSTERESIS_THERMAL","1987","1991","Japanese GT / touring — pre-JGTC","Avon","peer-reviewed paper","1"
"W10_RR_HYSTERESIS_THERMAL","1972","1976","Sports racing / prototypes — 1972-1981","Michelin","thesis/dissertation","1"
"W10_RR_HYSTERESIS_THERMAL","1950","1959","US GT / sports racing — pre-IMSA GT","Goodyear","peer-reviewed paper","1"
"W10_RR_HYSTERESIS_THERMAL","1992","1996","CART / Indy-car","Bridgestone/other","thesis/dissertation","1"
"W10_RR_HYSTERESIS_THERMAL","1977","1981","Group 4 Special GT — 1970-1981","Pirelli","peer-reviewed paper","1"
"W10_RR_HYSTERESIS_THERMAL","1964","1965","Formula 2 — 1964-1966","Firestone","technical paper","1"
"W10_RR_HYSTERESIS_THERMAL","2000","2001","DTM — silhouette era","Dunlop","government technical report","1"
"W10_RR_HYSTERESIS_THERMAL","1982","1986","Formula 1 — turbo/radial slick era","Avon","technical paper","1"
"W10_RR_HYSTERESIS_THERMAL","1966","1971","Sports racing / prototypes — 1964-1971","Michelin","government technical report","1"
"W10_RR_HYSTERESIS_THERMAL","2002","2010","General Racing Tire","Goodyear","technical paper","1"
"W10_RR_HYSTERESIS_THERMAL","1987","1991","Trans-Am — 1982-2001","Bridgestone/other","government technical report","1"
"W10_RR_HYSTERESIS_THERMAL","1972","1976","Formula Ford — 1967-1976","Pirelli","technical paper","1"
"W10_RR_HYSTERESIS_THERMAL","1950","1959","Touring / saloon racing — pre-1963","Michelin","government technical report","1"
"W10_RR_HYSTERESIS_THERMAL","1994","1996","JGTC — 1994-1999 (GT1/GT2 terminology)","Goodyear","technical paper","1"
"W10_RR_HYSTERESIS_THERMAL","1977","1981","Sports racing / prototypes — 1972-1981","Bridgestone/other","government technical report","1"
"W10_RR_HYSTERESIS_THERMAL","1960","1965","US GT / sports racing — pre-IMSA GT","Pirelli","technical paper","1"
"W10_RR_HYSTERESIS_THERMAL","1997","2001","CART / Indy-car","Firestone","government technical report","1"
"W10_RR_HYSTERESIS_THERMAL","1982","1986","Group C","Dunlop","technical paper","1"
"W10_RR_HYSTERESIS_THERMAL","1966","1970","Formula 3 — 1964-1970","Avon","supplier research paper","1"
"W10_RR_HYSTERESIS_THERMAL","2002","2010","World Rally Championship — 2002-2010","Michelin","government technical report","1"
"W10_RR_HYSTERESIS_THERMAL","1987","1991","Formula 1 — turbo/radial slick era","Goodyear","supplier research paper","1"
"W10_RR_HYSTERESIS_THERMAL","1972","1976","Sports racing / prototypes — 1972-1981","Bridgestone/other","government technical report","1"
"W10_RR_HYSTERESIS_THERMAL","1950","1959","General Racing Tire","Pirelli","supplier research paper","1"
"W10_RR_HYSTERESIS_THERMAL","1992","1996","Trans-Am — 1982-2001","Firestone","government technical report","1"
"W10_RR_HYSTERESIS_THERMAL","1977","1981","Formula Ford — 1977-1981","Dunlop","supplier research paper","1"
"W10_RR_HYSTERESIS_THERMAL","1963","1965","Group 2 / ETCC — 1963-1969","Avon","government technical report","1"
"W10_RR_HYSTERESIS_THERMAL","1997","1999","JGTC — 1994-1999 (GT1/GT2 terminology)","Michelin","supplier research paper","1"
"W10_RR_HYSTERESIS_THERMAL","1982","1986","Can-Am — revival","Goodyear","government technical report","1"
"W10_RR_HYSTERESIS_THERMAL","1966","1970","US GT / sports racing — pre-IMSA GT","Bridgestone/other","supplier research paper","1"
"W10_RR_HYSTERESIS_THERMAL","2002","2010","Historic Racing Reference","Avon","government technical report","1"
"W10_RR_HYSTERESIS_THERMAL","1987","1991","Group C","Michelin","supplier research paper","1"
"W10_RR_HYSTERESIS_THERMAL","1974","1976","Formula 3 — 1974-1986","Goodyear","peer-reviewed paper","1"
"W10_RR_HYSTERESIS_THERMAL","1950","1959","International rally — pre-WRC","Bridgestone/other","thesis/dissertation","1"
"W10_RR_HYSTERESIS_THERMAL","1992","1996","Formula 1 — 1990s radial slick/grooved transition","Pirelli","peer-reviewed paper","1"
"W10_RR_HYSTERESIS_THERMAL","1977","1981","Sports racing / prototypes — 1972-1981","Firestone","thesis/dissertation","1"
"W10_RR_HYSTERESIS_THERMAL","1960","1965","General Racing Tire","Dunlop","peer-reviewed paper","1"
"W10_RR_HYSTERESIS_THERMAL","1997","2001","Trans-Am — 1982-2001","Avon","thesis/dissertation","1"
"W10_RR_HYSTERESIS_THERMAL","1982","1986","Historic Racing Reference","Michelin","peer-reviewed paper","1"
"W10_RR_HYSTERESIS_THERMAL","1966","1969","Group 4 Sports Cars — 1966-1969","Goodyear","thesis/dissertation","1"
"W10_RR_HYSTERESIS_THERMAL","2004","2010","LMP1 / LMP2","Bridgestone/other","peer-reviewed paper","1"
"W10_RR_HYSTERESIS_THERMAL","1987","1974","Can-Am — original","Pirelli","thesis/dissertation","1"
"W10_RR_HYSTERESIS_THERMAL","1972","1976","Group 4 Special GT — 1970-1981","Firestone","peer-reviewed paper","1"
"W10_RR_HYSTERESIS_THERMAL","1950","1959","Sports racing / prototypes — 1950-1963","Dunlop","thesis/dissertation","1"
"W10_RR_HYSTERESIS_THERMAL","1993","1996","Le Mans Prototype transition","Avon","peer-reviewed paper","1"
"W10_RR_HYSTERESIS_THERMAL","1977","1981","Formula 3 — 1974-1986","Michelin","technical paper","1"
"W10_RR_HYSTERESIS_THERMAL","1960","1965","International rally — pre-WRC","Goodyear","government technical report","1"
"W10_RR_HYSTERESIS_THERMAL","1997","2001","Formula 1 — 1990s radial slick/grooved transition","Dunlop","technical paper","1"
"W10_RR_HYSTERESIS_THERMAL","1982","1986","Group A touring — 1982-1992","Avon","government technical report","1"
"W10_RR_HYSTERESIS_THERMAL","1966","1971","General Tire Mechanics","Michelin","technical paper","1"
"W10_RR_HYSTERESIS_THERMAL","2002","2010","NASCAR stock car — 1992-2010","Goodyear","government technical report","1"
"W10_RR_HYSTERESIS_THERMAL","1987","1991","Historic Racing Reference","Bridgestone/other","technical paper","1"
"W10_RR_HYSTERESIS_THERMAL","1992","1974","Can-Am — original","Dunlop","government technical report","1"
"W10_RR_HYSTERESIS_THERMAL","1977","1981","Group 4 Special GT — 1970-1981","Avon","technical paper","1"
"W10_RR_HYSTERESIS_THERMAL","1960","1965","Historic Racing Reference","Michelin","government technical report","1"
"W10_RR_HYSTERESIS_THERMAL","1997","2001","FIA GT — 1997-2009","Goodyear","technical paper","1"
"W10_RR_HYSTERESIS_THERMAL","1982","1986","CART / Indy-car","Bridgestone/other","supplier research paper","1"
"W10_RR_HYSTERESIS_THERMAL","1966","1969","GT40-era endurance","Pirelli","government technical report","1"
"W10_RR_HYSTERESIS_THERMAL","2002","2004","International Formula 3000","Firestone","supplier research paper","1"
"W10_RR_HYSTERESIS_THERMAL","1987","1991","Group A touring — 1982-1992","Dunlop","government technical report","1"
"W10_RR_HYSTERESIS_THERMAL","1972","1976","General Tire Mechanics","Avon","supplier research paper","1"
"W10_RR_HYSTERESIS_THERMAL","1950","1959","NASCAR stock car — 1950-1971","Michelin","government technical report","1"
"W10_RR_HYSTERESIS_THERMAL","1992","1996","Historic Racing Reference","Firestone","supplier research paper","1"
"W10_RR_HYSTERESIS_THERMAL","1960","1963","Sports racing / prototypes — 1950-1963","Avon","supplier research paper","1"
"W10_RR_HYSTERESIS_THERMAL","1997","1974","Can-Am — original","Michelin","government technical report","1"
"W10_RR_HYSTERESIS_THERMAL","1982","1986","Japanese GT / touring — pre-JGTC","Goodyear","supplier research paper","1"
"W10_RR_HYSTERESIS_THERMAL","2002","1981","IMSA GT — 1971-1981","Pirelli","supplier research paper","1"
"W10_RR_HYSTERESIS_THERMAL","1987","1991","CART / Indy-car","Firestone","peer-reviewed paper","1"
"W10_RR_HYSTERESIS_THERMAL","1972","1976","Group 4 Special GT — 1970-1981","Dunlop","thesis/dissertation","1"
"W10_RR_HYSTERESIS_THERMAL","1956","1959","Formula 2 — 1956-1960","Avon","peer-reviewed paper","1"
"W10_RR_HYSTERESIS_THERMAL","1993","1996","DTM / ITC — Class 1","Michelin","thesis/dissertation","1"
"W10_RR_HYSTERESIS_THERMAL","1977","1981","General Tire Mechanics","Goodyear","peer-reviewed paper","1"
"W10_RR_HYSTERESIS_THERMAL","1960","1965","NASCAR stock car — 1950-1971","Bridgestone/other","thesis/dissertation","1"
"W10_RR_HYSTERESIS_THERMAL","1997","2001","Historic Racing Reference","Pirelli","peer-reviewed paper","1"
"W10_RR_HYSTERESIS_THERMAL","1982","1986","Trans-Am — 1982-2001","Firestone","thesis/dissertation","1"
"W10_RR_HYSTERESIS_THERMAL","1967","1971","Formula Ford — 1967-1976","Dunlop","peer-reviewed paper","1"
"W10_RR_HYSTERESIS_THERMAL","2002","1969","Group 2 / ETCC — 1963-1969","Avon","thesis/dissertation","1"
"W10_RR_HYSTERESIS_THERMAL","1987","1991","Japanese GT / touring — pre-JGTC","Pirelli","peer-reviewed paper","1"
"W10_RR_HYSTERESIS_THERMAL","1972","1976","Sports racing / prototypes — 1972-1981","Firestone","thesis/dissertation","1"
"W10_RR_HYSTERESIS_THERMAL","1950","1959","US GT / sports racing — pre-IMSA GT","Dunlop","peer-reviewed paper","1"
"W10_RR_HYSTERESIS_THERMAL","1992","1996","CART / Indy-car","Avon","technical paper","1"
"W10_RR_HYSTERESIS_THERMAL","1977","1981","Group 4 Special GT — 1970-1981","Michelin","government technical report","1"
"W10_RR_HYSTERESIS_THERMAL","1964","1965","Formula 2 — 1964-1966","Goodyear","technical paper","1"
"W10_RR_HYSTERESIS_THERMAL","2000","2001","DTM — silhouette era","Bridgestone/other","government technical report","1"
"W10_RR_HYSTERESIS_THERMAL","1982","1986","Formula 1 — turbo/radial slick era","Pirelli","technical paper","1"
"W10_RR_HYSTERESIS_THERMAL","1966","1971","Sports racing / prototypes — 1964-1971","Firestone","government technical report","1"
"W10_RR_HYSTERESIS_THERMAL","2002","2010","General Racing Tire","Dunlop","technical paper","1"
"W10_RR_HYSTERESIS_THERMAL","1987","1991","Trans-Am — 1982-2001","Avon","government technical report","1"
"W10_RR_HYSTERESIS_THERMAL","1972","1976","Formula Ford — 1967-1976","Michelin","technical paper","1"
"W10_RR_HYSTERESIS_THERMAL","1950","1959","Touring / saloon racing — pre-1963","Goodyear","government technical report","1"
"W10_RR_HYSTERESIS_THERMAL","1994","1996","JGTC — 1994-1999 (GT1/GT2 terminology)","Bridgestone/other","technical paper","1"
"W10_RR_HYSTERESIS_THERMAL","1977","1981","Sports racing / prototypes — 1972-1981","Pirelli","government technical report","1"
"W10_RR_HYSTERESIS_THERMAL","1960","1965","US GT / sports racing — pre-IMSA GT","Firestone","technical paper","1"
"W10_RR_HYSTERESIS_THERMAL","1997","2001","CART / Indy-car","Dunlop","supplier research paper","1"
"W10_RR_HYSTERESIS_THERMAL","1982","1986","Group C","Bridgestone/other","government technical report","1"
"W10_RR_HYSTERESIS_THERMAL","1966","1970","Formula 3 — 1964-1970","Pirelli","supplier research paper","1"
"W10_RR_HYSTERESIS_THERMAL","2002","2010","World Rally Championship — 2002-2010","Firestone","government technical report","1"
"W10_RR_HYSTERESIS_THERMAL","1987","1991","Formula 1 — turbo/radial slick era","Dunlop","supplier research paper","1"
"W10_RR_HYSTERESIS_THERMAL","1972","1976","Sports racing / prototypes — 1972-1981","Avon","government technical report","1"
"W10_RR_HYSTERESIS_THERMAL","1950","1959","General Racing Tire","Michelin","supplier research paper","1"
"W10_RR_HYSTERESIS_THERMAL","1992","1996","Trans-Am — 1982-2001","Goodyear","government technical report","1"
"W10_RR_HYSTERESIS_THERMAL","1977","1981","Formula Ford — 1977-1981","Bridgestone/other","supplier research paper","1"
"W10_RR_HYSTERESIS_THERMAL","1963","1965","Group 2 / ETCC — 1963-1969","Pirelli","government technical report","1"
"W10_RR_HYSTERESIS_THERMAL","1997","1999","JGTC — 1994-1999 (GT1/GT2 terminology)","Firestone","supplier research paper","1"
"W10_RR_HYSTERESIS_THERMAL","1982","1986","Can-Am — revival","Dunlop","government technical report","1"
"W10_RR_HYSTERESIS_THERMAL","1966","1970","US GT / sports racing — pre-IMSA GT","Avon","supplier research paper","1"
"W10_RR_HYSTERESIS_THERMAL","2002","2010","Historic Racing Reference","Michelin","peer-reviewed paper","1"
"W10_RR_HYSTERESIS_THERMAL","1987","1991","Group C","Goodyear","thesis/dissertation","1"
"W10_RR_HYSTERESIS_THERMAL","1974","1976","Formula 3 — 1974-1986","Bridgestone/other","peer-reviewed paper","1"
"W10_RR_HYSTERESIS_THERMAL","1950","1959","International rally — pre-WRC","Pirelli","thesis/dissertation","1"
"W10_RR_HYSTERESIS_THERMAL","1992","1996","Formula 1 — 1990s radial slick/grooved transition","Firestone","peer-reviewed paper","1"
"W10_RR_HYSTERESIS_THERMAL","1977","1981","Sports racing / prototypes — 1972-1981","Goodyear","thesis/dissertation","1"
"W10_RR_HYSTERESIS_THERMAL","1960","1965","General Racing Tire","Bridgestone/other","peer-reviewed paper","1"
"W10_RR_HYSTERESIS_THERMAL","1997","2001","Trans-Am — 1982-2001","Pirelli","thesis/dissertation","1"
"W10_RR_HYSTERESIS_THERMAL","1982","1986","Historic Racing Reference","Firestone","peer-reviewed paper","1"
"W10_RR_HYSTERESIS_THERMAL","1966","1969","Group 4 Sports Cars — 1966-1969","Dunlop","thesis/dissertation","1"
"W10_RR_HYSTERESIS_THERMAL","2004","2010","LMP1 / LMP2","Avon","peer-reviewed paper","1"
"W10_RR_HYSTERESIS_THERMAL","1987","1974","Can-Am — original","Michelin","thesis/dissertation","1"
"W10_RR_HYSTERESIS_THERMAL","1972","1976","Group 4 Special GT — 1970-1981","Goodyear","peer-reviewed paper","1"
"W10_RR_HYSTERESIS_THERMAL","1993","1996","Le Mans Prototype transition","Pirelli","government technical report","1"
"W10_RR_HYSTERESIS_THERMAL","1977","1981","Formula 3 — 1974-1986","Firestone","technical paper","1"
"W10_RR_HYSTERESIS_THERMAL","1960","1965","International rally — pre-WRC","Dunlop","government technical report","1"
"W10_RR_HYSTERESIS_THERMAL","1997","2001","Formula 1 — 1990s radial slick/grooved transition","Avon","technical paper","1"
"W10_RR_HYSTERESIS_THERMAL","1982","1986","Group A touring — 1982-1992","Michelin","government technical report","1"
"W10_RR_HYSTERESIS_THERMAL","1966","1971","General Tire Mechanics","Goodyear","technical paper","1"
"W10_RR_HYSTERESIS_THERMAL","2002","2010","NASCAR stock car — 1992-2010","Bridgestone/other","government technical report","1"
"W10_RR_HYSTERESIS_THERMAL","1987","1991","Historic Racing Reference","Pirelli","technical paper","1"
"W10_RR_HYSTERESIS_THERMAL","1972","1976","Group 4 Special GT — 1970-1981","Michelin","government technical report","1"
"W10_RR_HYSTERESIS_THERMAL","1950","1959","Sports racing / prototypes — 1950-1963","Goodyear","technical paper","1"
"W10_RR_HYSTERESIS_THERMAL","1992","1974","Can-Am — original","Bridgestone/other","government technical report","1"
"W10_RR_HYSTERESIS_THERMAL","1977","1981","Group 4 Special GT — 1970-1981","Pirelli","technical paper","1"
"W10_RR_HYSTERESIS_THERMAL","1960","1965","Historic Racing Reference","Firestone","supplier research paper","1"
"W10_RR_HYSTERESIS_THERMAL","1997","2001","FIA GT — 1997-2009","Dunlop","government technical report","1"
"W10_RR_HYSTERESIS_THERMAL","1982","1986","CART / Indy-car","Avon","supplier research paper","1"
"W10_RR_HYSTERESIS_THERMAL","1966","1969","GT40-era endurance","Michelin","government technical report","1"
"W10_RR_HYSTERESIS_THERMAL","2002","2004","International Formula 3000","Goodyear","supplier research paper","1"
"W10_RR_HYSTERESIS_THERMAL","1987","1991","Group A touring — 1982-1992","Bridgestone/other","government technical report","1"
"W10_RR_HYSTERESIS_THERMAL","1972","1976","General Tire Mechanics","Pirelli","supplier research paper","1"
"W10_RR_HYSTERESIS_THERMAL","1950","1959","NASCAR stock car — 1950-1971","Firestone","government technical report","1"
"W10_RR_HYSTERESIS_THERMAL","1992","1996","Historic Racing Reference","Dunlop","supplier research paper","1"
"W10_RR_HYSTERESIS_THERMAL","1977","1981","Group 4 Special GT — 1970-1981","Avon","government technical report","1"
"W10_RR_HYSTERESIS_THERMAL","1960","1963","Sports racing / prototypes — 1950-1963","Michelin","supplier research paper","1"
"W10_RR_HYSTERESIS_THERMAL","1997","1974","Can-Am — original","Goodyear","government technical report","1"
"W10_RR_HYSTERESIS_THERMAL","1982","1986","Japanese GT / touring — pre-JGTC","Bridgestone/other","supplier research paper","1"
"W10_RR_HYSTERESIS_THERMAL","1966","1971","Sports racing / prototypes — 1964-1971","Avon","peer-reviewed paper","1"
"W10_RR_HYSTERESIS_THERMAL","2002","1981","IMSA GT — 1971-1981","Michelin","thesis/dissertation","1"
"W10_RR_HYSTERESIS_THERMAL","1987","1991","CART / Indy-car","Goodyear","peer-reviewed paper","1"
"W10_RR_HYSTERESIS_THERMAL","1972","1976","Group 4 Special GT — 1970-1981","Bridgestone/other","thesis/dissertation","1"
"W10_RR_HYSTERESIS_THERMAL","1956","1959","Formula 2 — 1956-1960","Pirelli","peer-reviewed paper","1"
"W10_RR_HYSTERESIS_THERMAL","1993","1996","DTM / ITC — Class 1","Firestone","thesis/dissertation","1"
"W10_RR_HYSTERESIS_THERMAL","1977","1981","General Tire Mechanics","Dunlop","peer-reviewed paper","1"
"W10_RR_HYSTERESIS_THERMAL","1960","1965","NASCAR stock car — 1950-1971","Avon","thesis/dissertation","1"
"W10_RR_HYSTERESIS_THERMAL","1997","2001","Historic Racing Reference","Michelin","peer-reviewed paper","1"
"W10_RR_HYSTERESIS_THERMAL","1982","1986","Trans-Am — 1982-2001","Goodyear","thesis/dissertation","1"
"W10_RR_HYSTERESIS_THERMAL","1967","1971","Formula Ford — 1967-1976","Bridgestone/other","peer-reviewed paper","1"
"W10_RR_HYSTERESIS_THERMAL","2002","1969","Group 2 / ETCC — 1963-1969","Pirelli","thesis/dissertation","1"
"W10_RR_HYSTERESIS_THERMAL","1987","1991","Japanese GT / touring — pre-JGTC","Firestone","peer-reviewed paper","1"
"W10_RR_HYSTERESIS_THERMAL","1972","1976","Sports racing / prototypes — 1972-1981","Dunlop","technical paper","1"
"W10_RR_HYSTERESIS_THERMAL","1950","1959","US GT / sports racing — pre-IMSA GT","Avon","government technical report","1"
"W10_RR_HYSTERESIS_THERMAL","1992","1996","CART / Indy-car","Michelin","technical paper","1"
"W10_RR_HYSTERESIS_THERMAL","1964","1965","Formula 2 — 1964-1966","Dunlop","technical paper","1"
"W10_RR_HYSTERESIS_THERMAL","2000","2001","DTM — silhouette era","Avon","government technical report","1"
"W10_RR_HYSTERESIS_THERMAL","1982","1986","Formula 1 — turbo/radial slick era","Michelin","technical paper","1"
"W10_RR_HYSTERESIS_THERMAL","1966","1971","Sports racing / prototypes — 1964-1971","Goodyear","government technical report","1"
"W10_RR_HYSTERESIS_THERMAL","2002","2010","General Racing Tire","Bridgestone/other","technical paper","1"
"W10_RR_HYSTERESIS_THERMAL","1987","1991","Trans-Am — 1982-2001","Pirelli","government technical report","1"
"W10_RR_HYSTERESIS_THERMAL","1972","1976","Formula Ford — 1967-1976","Firestone","technical paper","1"
"W10_RR_HYSTERESIS_THERMAL","1950","1959","Touring / saloon racing — pre-1963","Dunlop","government technical report","1"
"W10_RR_HYSTERESIS_THERMAL","1994","1996","JGTC — 1994-1999 (GT1/GT2 terminology)","Avon","technical paper","1"
"W10_RR_HYSTERESIS_THERMAL","1977","1981","Sports racing / prototypes — 1972-1981","Michelin","supplier research paper","1"
"W10_RR_HYSTERESIS_THERMAL","1960","1965","US GT / sports racing — pre-IMSA GT","Goodyear","government technical report","1"
"W10_RR_HYSTERESIS_THERMAL","1997","2001","CART / Indy-car","Bridgestone/other","supplier research paper","1"
"W10_RR_HYSTERESIS_THERMAL","1982","1986","Group C","Pirelli","government technical report","1"
"W10_RR_HYSTERESIS_THERMAL","1966","1970","Formula 3 — 1964-1970","Firestone","supplier research paper","1"
"W10_RR_HYSTERESIS_THERMAL","2002","2010","World Rally Championship — 2002-2010","Dunlop","government technical report","1"
"W10_RR_HYSTERESIS_THERMAL","1987","1991","Formula 1 — turbo/radial slick era","Avon","supplier research paper","1"
"W10_RR_HYSTERESIS_THERMAL","1972","1976","Sports racing / prototypes — 1972-1981","Michelin","government technical report","1"
"W10_RR_HYSTERESIS_THERMAL","1950","1959","General Racing Tire","Firestone","supplier research paper","1"
"W10_RR_HYSTERESIS_THERMAL","1992","1996","Trans-Am — 1982-2001","Dunlop","government technical report","1"
"W10_RR_HYSTERESIS_THERMAL","1977","1981","Formula Ford — 1977-1981","Avon","supplier research paper","1"
"W10_RR_HYSTERESIS_THERMAL","1963","1965","Group 2 / ETCC — 1963-1969","Michelin","government technical report","1"
"W10_RR_HYSTERESIS_THERMAL","1997","1999","JGTC — 1994-1999 (GT1/GT2 terminology)","Goodyear","supplier research paper","1"
"W10_RR_HYSTERESIS_THERMAL","1982","1986","Can-Am — revival","Bridgestone/other","peer-reviewed paper","1"
"W10_RR_HYSTERESIS_THERMAL","1966","1970","US GT / sports racing — pre-IMSA GT","Pirelli","thesis/dissertation","1"
"W10_RR_HYSTERESIS_THERMAL","2002","2010","Historic Racing Reference","Firestone","peer-reviewed paper","1"
"W10_RR_HYSTERESIS_THERMAL","1987","1991","Group C","Dunlop","thesis/dissertation","1"
"W10_RR_HYSTERESIS_THERMAL","1974","1976","Formula 3 — 1974-1986","Avon","peer-reviewed paper","1"
"W10_RR_HYSTERESIS_THERMAL","1950","1959","International rally — pre-WRC","Michelin","thesis/dissertation","1"
"W10_RR_HYSTERESIS_THERMAL","1992","1996","Formula 1 — 1990s radial slick/grooved transition","Goodyear","peer-reviewed paper","1"
"W10_RR_HYSTERESIS_THERMAL","1977","1981","Sports racing / prototypes — 1972-1981","Bridgestone/other","thesis/dissertation","1"
"W10_RR_HYSTERESIS_THERMAL","1960","1965","General Racing Tire","Pirelli","peer-reviewed paper","1"
"W10_RR_HYSTERESIS_THERMAL","1997","2001","Trans-Am — 1982-2001","Firestone","thesis/dissertation","1"
"W10_RR_HYSTERESIS_THERMAL","1982","1986","Historic Racing Reference","Dunlop","peer-reviewed paper","1"
"W10_RR_HYSTERESIS_THERMAL","1966","1969","Group 4 Sports Cars — 1966-1969","Avon","thesis/dissertation","1"
"W10_RR_HYSTERESIS_THERMAL","2004","2010","LMP1 / LMP2","Pirelli","peer-reviewed paper","1"
"W10_RR_HYSTERESIS_THERMAL","1987","1974","Can-Am — original","Firestone","technical paper","1"
"W10_RR_HYSTERESIS_THERMAL","1972","1976","Group 4 Special GT — 1970-1981","Dunlop","government technical report","1"
"W10_RR_HYSTERESIS_THERMAL","1950","1959","Sports racing / prototypes — 1950-1963","Avon","technical paper","1"
"W10_RR_HYSTERESIS_THERMAL","1993","1996","Le Mans Prototype transition","Michelin","government technical report","1"
"W10_RR_HYSTERESIS_THERMAL","1977","1981","Formula 3 — 1974-1986","Goodyear","technical paper","1"
"W10_RR_HYSTERESIS_THERMAL","1960","1965","International rally — pre-WRC","Bridgestone/other","government technical report","1"
"W10_RR_HYSTERESIS_THERMAL","1997","2001","Formula 1 — 1990s radial slick/grooved transition","Pirelli","technical paper","1"
"W10_RR_HYSTERESIS_THERMAL","1982","1986","Group A touring — 1982-1992","Firestone","government technical report","1"
"W10_RR_HYSTERESIS_THERMAL","1966","1971","General Tire Mechanics","Dunlop","technical paper","1"
"W10_RR_HYSTERESIS_THERMAL","2002","2010","NASCAR stock car — 1992-2010","Avon","government technical report","1"
"W10_RR_HYSTERESIS_THERMAL","1987","1991","Historic Racing Reference","Michelin","technical paper","1"
"W10_RR_HYSTERESIS_THERMAL","1972","1976","Group 4 Special GT — 1970-1981","Goodyear","government technical report","1"
"W10_RR_HYSTERESIS_THERMAL","1992","1974","Can-Am — original","Pirelli","supplier research paper","1"
"W10_RR_HYSTERESIS_THERMAL","1977","1981","Group 4 Special GT — 1970-1981","Firestone","government technical report","1"
"W10_RR_HYSTERESIS_THERMAL","1960","1965","Historic Racing Reference","Dunlop","supplier research paper","1"
"W10_RR_HYSTERESIS_THERMAL","1997","2001","FIA GT — 1997-2009","Bridgestone/other","government technical report","1"
"W10_RR_HYSTERESIS_THERMAL","1982","1986","CART / Indy-car","Pirelli","supplier research paper","1"
"W10_RR_HYSTERESIS_THERMAL","1966","1969","GT40-era endurance","Firestone","government technical report","1"
"W10_RR_HYSTERESIS_THERMAL","2002","2004","International Formula 3000","Dunlop","supplier research paper","1"
"W10_RR_HYSTERESIS_THERMAL","1987","1991","Group A touring — 1982-1992","Avon","government technical report","1"
"W10_RR_HYSTERESIS_THERMAL","1972","1976","General Tire Mechanics","Michelin","supplier research paper","1"
"W10_RR_HYSTERESIS_THERMAL","1950","1959","NASCAR stock car — 1950-1971","Goodyear","government technical report","1"
"W10_RR_HYSTERESIS_THERMAL","1992","1996","Historic Racing Reference","Bridgestone/other","supplier research paper","1"
"W10_RR_HYSTERESIS_THERMAL","1977","1981","Group 4 Special GT — 1970-1981","Pirelli","government technical report","1"
"W10_RR_HYSTERESIS_THERMAL","1960","1963","Sports racing / prototypes — 1950-1963","Firestone","supplier research paper","1"
"W10_RR_HYSTERESIS_THERMAL","1997","1974","Can-Am — original","Dunlop","peer-reviewed paper","1"
"W10_RR_HYSTERESIS_THERMAL","1982","1986","Japanese GT / touring — pre-JGTC","Avon","thesis/dissertation","1"
"W10_RR_HYSTERESIS_THERMAL","1966","1971","Sports racing / prototypes — 1964-1971","Michelin","peer-reviewed paper","1"
"W10_RR_HYSTERESIS_THERMAL","2002","1981","IMSA GT — 1971-1981","Goodyear","thesis/dissertation","1"
"W10_RR_HYSTERESIS_THERMAL","1987","1991","CART / Indy-car","Bridgestone/other","peer-reviewed paper","1"
"W10_RR_HYSTERESIS_THERMAL","1972","1976","Group 4 Special GT — 1970-1981","Pirelli","thesis/dissertation","1"
"W10_RR_HYSTERESIS_THERMAL","1956","1959","Formula 2 — 1956-1960","Firestone","peer-reviewed paper","1"
"W10_RR_HYSTERESIS_THERMAL","1993","1996","DTM / ITC — Class 1","Goodyear","thesis/dissertation","1"
"W10_RR_HYSTERESIS_THERMAL","1977","1981","General Tire Mechanics","Bridgestone/other","peer-reviewed paper","1"
"W10_RR_HYSTERESIS_THERMAL","1960","1965","NASCAR stock car — 1950-1971","Pirelli","thesis/dissertation","1"
"W10_RR_HYSTERESIS_THERMAL","1997","2001","Historic Racing Reference","Firestone","peer-reviewed paper","1"
"W10_RR_HYSTERESIS_THERMAL","1982","1986","Trans-Am — 1982-2001","Dunlop","thesis/dissertation","1"
"W10_RR_HYSTERESIS_THERMAL","1967","1971","Formula Ford — 1967-1976","Avon","peer-reviewed paper","1"
"W10_RR_HYSTERESIS_THERMAL","2002","1969","Group 2 / ETCC — 1963-1969","Michelin","technical paper","1"
"W10_RR_HYSTERESIS_THERMAL","1987","1991","Japanese GT / touring — pre-JGTC","Goodyear","government technical report","1"
"W10_RR_HYSTERESIS_THERMAL","1972","1976","Sports racing / prototypes — 1972-1981","Bridgestone/other","technical paper","1"
"W10_RR_HYSTERESIS_THERMAL","1950","1959","US GT / sports racing — pre-IMSA GT","Pirelli","government technical report","1"
"W10_RR_HYSTERESIS_THERMAL","1992","1996","CART / Indy-car","Firestone","technical paper","1"
"W10_RR_HYSTERESIS_THERMAL","1964","1965","Formula 2 — 1964-1966","Avon","technical paper","1"
"W10_RR_HYSTERESIS_THERMAL","2000","2001","DTM — silhouette era","Michelin","government technical report","1"
"W10_RR_HYSTERESIS_THERMAL","1982","1986","Formula 1 — turbo/radial slick era","Goodyear","technical paper","1"
"W10_RR_HYSTERESIS_THERMAL","2002","2010","General Racing Tire","Pirelli","technical paper","1"
"W10_RR_HYSTERESIS_THERMAL","1987","1991","Trans-Am — 1982-2001","Michelin","government technical report","1"
"W10_RR_HYSTERESIS_THERMAL","1972","1976","Formula Ford — 1967-1976","Goodyear","technical paper","1"
"W10_RR_HYSTERESIS_THERMAL","1950","1959","Touring / saloon racing — pre-1963","Bridgestone/other","supplier research paper","1"
"W10_RR_HYSTERESIS_THERMAL","1994","1996","JGTC — 1994-1999 (GT1/GT2 terminology)","Pirelli","government technical report","1"
"W10_RR_HYSTERESIS_THERMAL","1977","1981","Sports racing / prototypes — 1972-1981","Firestone","supplier research paper","1"
"W10_RR_HYSTERESIS_THERMAL","1960","1965","US GT / sports racing — pre-IMSA GT","Dunlop","government technical report","1"
"W10_RR_HYSTERESIS_THERMAL","1997","2001","CART / Indy-car","Avon","supplier research paper","1"
"W10_RR_HYSTERESIS_THERMAL","1982","1986","Group C","Michelin","government technical report","1"
"W10_RR_HYSTERESIS_THERMAL","1966","1970","Formula 3 — 1964-1970","Goodyear","supplier research paper","1"
"W10_RR_HYSTERESIS_THERMAL","2002","2010","World Rally Championship — 2002-2010","Bridgestone/other","government technical report","1"
"W10_RR_HYSTERESIS_THERMAL","1987","1991","Formula 1 — turbo/radial slick era","Pirelli","supplier research paper","1"
"W10_RR_HYSTERESIS_THERMAL","1972","1976","Sports racing / prototypes — 1972-1981","Firestone","government technical report","1"
"W10_RR_HYSTERESIS_THERMAL","1950","1959","General Racing Tire","Dunlop","supplier research paper","1"
"W10_RR_HYSTERESIS_THERMAL","1992","1996","Trans-Am — 1982-2001","Avon","government technical report","1"
"W10_RR_HYSTERESIS_THERMAL","1977","1981","Formula Ford — 1977-1981","Michelin","supplier research paper","1"
"W10_RR_HYSTERESIS_THERMAL","1963","1965","Group 2 / ETCC — 1963-1969","Goodyear","peer-reviewed paper","1"
"W10_RR_HYSTERESIS_THERMAL","1997","1999","JGTC — 1994-1999 (GT1/GT2 terminology)","Bridgestone/other","thesis/dissertation","1"
"W10_RR_HYSTERESIS_THERMAL","1982","1986","Can-Am — revival","Avon","peer-reviewed paper","1"
"W10_RR_HYSTERESIS_THERMAL","1966","1970","US GT / sports racing — pre-IMSA GT","Michelin","thesis/dissertation","1"
"W10_RR_HYSTERESIS_THERMAL","2002","2010","Historic Racing Reference","Goodyear","peer-reviewed paper","1"
"W10_RR_HYSTERESIS_THERMAL","1987","1991","Group C","Bridgestone/other","thesis/dissertation","1"
"W10_RR_HYSTERESIS_THERMAL","1974","1976","Formula 3 — 1974-1986","Pirelli","peer-reviewed paper","1"
"W10_RR_HYSTERESIS_THERMAL","1950","1959","International rally — pre-WRC","Firestone","thesis/dissertation","1"
"W10_RR_HYSTERESIS_THERMAL","1992","1996","Formula 1 — 1990s radial slick/grooved transition","Dunlop","peer-reviewed paper","1"
"W10_RR_HYSTERESIS_THERMAL","1977","1981","Sports racing / prototypes — 1972-1981","Avon","thesis/dissertation","1"
"W10_RR_HYSTERESIS_THERMAL","1960","1965","General Racing Tire","Michelin","peer-reviewed paper","1"
"W10_RR_HYSTERESIS_THERMAL","1997","2001","Trans-Am — 1982-2001","Goodyear","thesis/dissertation","1"
"W10_RR_HYSTERESIS_THERMAL","1982","1986","Historic Racing Reference","Bridgestone/other","peer-reviewed paper","1"
"W10_RR_HYSTERESIS_THERMAL","1966","1969","Group 4 Sports Cars — 1966-1969","Pirelli","technical paper","1"
"W10_RR_HYSTERESIS_THERMAL","2004","2010","LMP1 / LMP2","Firestone","government technical report","1"
"W10_RR_HYSTERESIS_THERMAL","1987","1974","Can-Am — original","Dunlop","technical paper","1"
"W10_RR_HYSTERESIS_THERMAL","1993","1996","Le Mans Prototype transition","Goodyear","government technical report","1"
"W10_RR_HYSTERESIS_THERMAL","1977","1981","Formula 3 — 1974-1986","Dunlop","technical paper","1"
"W10_RR_HYSTERESIS_THERMAL","1960","1965","International rally — pre-WRC","Avon","government technical report","1"
"W10_RR_HYSTERESIS_THERMAL","1997","2001","Formula 1 — 1990s radial slick/grooved transition","Michelin","technical paper","1"
"W10_RR_HYSTERESIS_THERMAL","1982","1986","Group A touring — 1982-1992","Goodyear","government technical report","1"
"W10_RR_HYSTERESIS_THERMAL","1966","1971","General Tire Mechanics","Bridgestone/other","technical paper","1"
"W10_RR_HYSTERESIS_THERMAL","2002","2010","NASCAR stock car — 1992-2010","Pirelli","government technical report","1"
"W10_RR_HYSTERESIS_THERMAL","1987","1991","Historic Racing Reference","Firestone","technical paper","1"
"W10_RR_HYSTERESIS_THERMAL","1972","1976","Group 4 Special GT — 1970-1981","Dunlop","supplier research paper","1"
"W10_RR_HYSTERESIS_THERMAL","1950","1959","Sports racing / prototypes — 1950-1963","Avon","government technical report","1"
"W10_RR_HYSTERESIS_THERMAL","1992","1974","Can-Am — original","Michelin","supplier research paper","1"
"W10_RR_HYSTERESIS_THERMAL","1960","1965","Historic Racing Reference","Bridgestone/other","supplier research paper","1"
"W10_RR_HYSTERESIS_THERMAL","1997","2001","FIA GT — 1997-2009","Pirelli","government technical report","1"
"W10_RR_HYSTERESIS_THERMAL","1982","1986","CART / Indy-car","Firestone","supplier research paper","1"
"W10_RR_HYSTERESIS_THERMAL","1966","1969","GT40-era endurance","Dunlop","government technical report","1"
"W10_RR_HYSTERESIS_THERMAL","2002","2004","International Formula 3000","Avon","supplier research paper","1"
"W10_RR_HYSTERESIS_THERMAL","1987","1991","Group A touring — 1982-1992","Michelin","government technical report","1"
"W10_RR_HYSTERESIS_THERMAL","1972","1976","General Tire Mechanics","Firestone","supplier research paper","1"
"W10_RR_HYSTERESIS_THERMAL","1950","1959","NASCAR stock car — 1950-1971","Dunlop","government technical report","1"
"W10_RR_HYSTERESIS_THERMAL","1992","1996","Historic Racing Reference","Avon","supplier research paper","1"
"W10_RR_HYSTERESIS_THERMAL","1977","1981","Group 4 Special GT — 1970-1981","Michelin","peer-reviewed paper","1"
"W10_RR_HYSTERESIS_THERMAL","1960","1963","Sports racing / prototypes — 1950-1963","Goodyear","thesis/dissertation","1"
"W10_RR_HYSTERESIS_THERMAL","1997","1974","Can-Am — original","Bridgestone/other","peer-reviewed paper","1"
"W10_RR_HYSTERESIS_THERMAL","1982","1986","Japanese GT / touring — pre-JGTC","Pirelli","thesis/dissertation","1"
"W10_RR_HYSTERESIS_THERMAL","1966","1971","Sports racing / prototypes — 1964-1971","Firestone","peer-reviewed paper","1"
"W10_RR_HYSTERESIS_THERMAL","2002","1981","IMSA GT — 1971-1981","Dunlop","thesis/dissertation","1"
"W10_RR_HYSTERESIS_THERMAL","1987","1991","CART / Indy-car","Avon","peer-reviewed paper","1"
"W10_RR_HYSTERESIS_THERMAL","1972","1976","Group 4 Special GT — 1970-1981","Michelin","thesis/dissertation","1"
"W10_RR_HYSTERESIS_THERMAL","1956","1959","Formula 2 — 1956-1960","Goodyear","peer-reviewed paper","1"
"W10_RR_HYSTERESIS_THERMAL","1993","1996","DTM / ITC — Class 1","Bridgestone/other","thesis/dissertation","1"
"W10_RR_HYSTERESIS_THERMAL","1977","1981","General Tire Mechanics","Pirelli","peer-reviewed paper","1"
"W10_RR_HYSTERESIS_THERMAL","1960","1965","NASCAR stock car — 1950-1971","Firestone","thesis/dissertation","1"
"W10_RR_HYSTERESIS_THERMAL","1997","2001","Historic Racing Reference","Dunlop","peer-reviewed paper","1"
"W10_RR_HYSTERESIS_THERMAL","1982","1986","Trans-Am — 1982-2001","Avon","technical paper","1"
"W10_RR_HYSTERESIS_THERMAL","1967","1971","Formula Ford — 1967-1976","Pirelli","government technical report","1"
"W10_RR_HYSTERESIS_THERMAL","2002","1969","Group 2 / ETCC — 1963-1969","Firestone","technical paper","1"
"W10_RR_HYSTERESIS_THERMAL","1987","1991","Japanese GT / touring — pre-JGTC","Dunlop","government technical report","1"
"W10_RR_HYSTERESIS_THERMAL","1972","1976","Sports racing / prototypes — 1972-1981","Avon","technical paper","1"
"W10_RR_HYSTERESIS_THERMAL","1950","1959","US GT / sports racing — pre-IMSA GT","Michelin","government technical report","1"
"W10_RR_HYSTERESIS_THERMAL","1992","1996","CART / Indy-car","Goodyear","technical paper","1"
"W10_RR_HYSTERESIS_THERMAL","1977","1981","Group 4 Special GT — 1970-1981","Bridgestone/other","government technical report","1"
"W10_RR_HYSTERESIS_THERMAL","1964","1965","Formula 2 — 1964-1966","Pirelli","technical paper","1"
"W10_RR_HYSTERESIS_THERMAL","2000","2001","DTM — silhouette era","Firestone","government technical report","1"
"W10_RR_HYSTERESIS_THERMAL","1987","1991","Trans-Am — 1982-2001","Goodyear","supplier research paper","1"
"W10_RR_HYSTERESIS_THERMAL","1972","1976","Formula Ford — 1967-1976","Bridgestone/other","government technical report","1"
"W10_RR_HYSTERESIS_THERMAL","1950","1959","Touring / saloon racing — pre-1963","Pirelli","supplier research paper","1"
"W10_RR_HYSTERESIS_THERMAL","1994","1996","JGTC — 1994-1999 (GT1/GT2 terminology)","Firestone","government technical report","1"
"W10_RR_HYSTERESIS_THERMAL","1977","1981","Sports racing / prototypes — 1972-1981","Dunlop","supplier research paper","1"
"W10_RR_HYSTERESIS_THERMAL","1960","1965","US GT / sports racing — pre-IMSA GT","Bridgestone/other","government technical report","1"
"W10_RR_HYSTERESIS_THERMAL","1997","2001","CART / Indy-car","Pirelli","supplier research paper","1"
"W10_RR_HYSTERESIS_THERMAL","1982","1986","Group C","Firestone","government technical report","1"
"W10_RR_HYSTERESIS_THERMAL","1966","1970","Formula 3 — 1964-1970","Dunlop","supplier research paper","1"
"W10_RR_HYSTERESIS_THERMAL","2002","2010","World Rally Championship — 2002-2010","Avon","government technical report","1"
"W10_RR_HYSTERESIS_THERMAL","1987","1991","Formula 1 — turbo/radial slick era","Michelin","supplier research paper","1"
"W10_RR_HYSTERESIS_THERMAL","1972","1976","Sports racing / prototypes — 1972-1981","Goodyear","government technical report","1"
"W10_RR_HYSTERESIS_THERMAL","1950","1959","General Racing Tire","Bridgestone/other","supplier research paper","1"
"W10_RR_HYSTERESIS_THERMAL","1992","1996","Trans-Am — 1982-2001","Pirelli","peer-reviewed paper","1"
"W10_RR_HYSTERESIS_THERMAL","1977","1981","Formula Ford — 1977-1981","Firestone","thesis/dissertation","1"
"W10_RR_HYSTERESIS_THERMAL","1963","1965","Group 2 / ETCC — 1963-1969","Dunlop","peer-reviewed paper","1"
"W10_RR_HYSTERESIS_THERMAL","1997","1999","JGTC — 1994-1999 (GT1/GT2 terminology)","Avon","thesis/dissertation","1"
"W10_RR_HYSTERESIS_THERMAL","1982","1986","Can-Am — revival","Michelin","peer-reviewed paper","1"
"W10_RR_HYSTERESIS_THERMAL","1966","1970","US GT / sports racing — pre-IMSA GT","Goodyear","thesis/dissertation","1"
"W10_RR_HYSTERESIS_THERMAL","2002","2010","Historic Racing Reference","Bridgestone/other","peer-reviewed paper","1"
"W10_RR_HYSTERESIS_THERMAL","1987","1991","Group C","Pirelli","thesis/dissertation","1"
"W10_RR_HYSTERESIS_THERMAL","1974","1976","Formula 3 — 1974-1986","Firestone","peer-reviewed paper","1"
"W10_RR_HYSTERESIS_THERMAL","1950","1959","International rally — pre-WRC","Goodyear","thesis/dissertation","1"
"W10_RR_HYSTERESIS_THERMAL","1992","1996","Formula 1 — 1990s radial slick/grooved transition","Bridgestone/other","peer-reviewed paper","1"
"W10_RR_HYSTERESIS_THERMAL","1977","1981","Sports racing / prototypes — 1972-1981","Pirelli","thesis/dissertation","1"
"W10_RR_HYSTERESIS_THERMAL","1960","1965","General Racing Tire","Firestone","peer-reviewed paper","1"
"W10_RR_HYSTERESIS_THERMAL","1997","2001","Trans-Am — 1982-2001","Dunlop","technical paper","1"
"W10_RR_HYSTERESIS_THERMAL","1982","1986","Historic Racing Reference","Avon","government technical report","1"
"W10_RR_HYSTERESIS_THERMAL","1966","1969","Group 4 Sports Cars — 1966-1969","Michelin","technical paper","1"
"W10_RR_HYSTERESIS_THERMAL","2004","2010","LMP1 / LMP2","Goodyear","government technical report","1"
"W10_RR_HYSTERESIS_THERMAL","1987","1974","Can-Am — original","Bridgestone/other","technical paper","1"
"W10_RR_HYSTERESIS_THERMAL","1993","1996","Le Mans Prototype transition","Dunlop","government technical report","1"
"W10_RR_HYSTERESIS_THERMAL","1977","1981","Formula 3 — 1974-1986","Avon","technical paper","1"
"W10_RR_HYSTERESIS_THERMAL","1960","1965","International rally — pre-WRC","Michelin","government technical report","1"
"W10_RR_HYSTERESIS_THERMAL","2002","2010","NASCAR stock car — 1992-2010","Michelin","supplier research paper","1"
"W10_RR_HYSTERESIS_THERMAL","1987","1991","Historic Racing Reference","Goodyear","government technical report","1"
"W10_RR_HYSTERESIS_THERMAL","1972","1976","Group 4 Special GT — 1970-1981","Bridgestone/other","supplier research paper","1"
"W10_RR_HYSTERESIS_THERMAL","1950","1959","Sports racing / prototypes — 1950-1963","Pirelli","government technical report","1"
"W10_RR_HYSTERESIS_THERMAL","1992","1974","Can-Am — original","Firestone","supplier research paper","1"
"W10_RR_HYSTERESIS_THERMAL","1960","1965","Historic Racing Reference","Avon","supplier research paper","1"
"W10_RR_HYSTERESIS_THERMAL","1997","2001","FIA GT — 1997-2009","Michelin","government technical report","1"
