volume,source_file,pdf_page,package_id,package_index,tire_key,matched_tire_no,mapping_confidence,page_offset_in_package,page_class,text_chars,page_text_sha256,source_evidence_class
1,PB263440.pdf,1,,,,,,,summary,466,82f66dd29caf6b60e76be204502106148194ac6e75c0f4995e348211fdafb2f3,DIRECT PRIMARY
1,PB263440.pdf,2,,,,,,,summary,221,60b1d6a16712e46b8fc9ff4ca0af46a3b993300cad7f4fcf2b319888dced6456,DIRECT PRIMARY
1,PB263440.pdf,3,,,,,,,summary,2313,b6af338bfdf0ae9894497763e7ffc8f3abf087b3b0a0a5b2aab5be0a63d6b1dc,DIRECT PRIMARY
1,PB263440.pdf,4,,,,,,,summary,2446,6386b8346d65cf8678c0383a823f308922ed27d5de129d4b3012525f15c22dd8,DIRECT PRIMARY
1,PB263440.pdf,5,,,,,,,summary,982,7306fa2f09bc2cc814a99fb8e1b5ed3528fe74ced0b67da26fb71ec21350ec81,DIRECT PRIMARY
1,PB263440.pdf,6,,,,,,,summary,0,e3b0c44298fc1c149afbf4c8996fb92427ae41e4649b934ca495991b7852b855,DIRECT PRIMARY
1,PB263440.pdf,7,,,,,,,summary,319,6a06ae178f2ae00f95ea68de6b6b8c445dc8015ea33cea6e873f91b6cce85f9d,DIRECT PRIMARY
1,PB263440.pdf,8,,,,,,,summary,43,adfda543e0caabe645102e2f6f20f0664e1976f2b2adad628a8c0e41877926f4,DIRECT PRIMARY
1,PB263440.pdf,9,,,,,,,summary,2609,1aa2e9e2d64feb0578942a8b131c996c77693d946647967ab6a399a593b8306e,DIRECT PRIMARY
1,PB263440.pdf,10,,,,,,,summary,854,000b02c18de96872212a55bbb4752bd61b98562751a154fe0b7a9ac527d67a86,DIRECT PRIMARY
1,PB263440.pdf,11,,,,,,,summary,1342,61e788a24a29d14a27b9cc7d30fc87cc843d6dab68992a1237a255290cbebe3a,DIRECT PRIMARY
1,PB263440.pdf,12,,,,,,,summary,984,7895d2da774bf99eb7cbaad3e0b70f2aad19bab8b9eac3ddf59ab9da226599c4,DIRECT PRIMARY
1,PB263440.pdf,13,,,,,,,summary,491,e8b451b3dcafb2e06fa2882047acfa842b01f0f0ae39a850323963c8b0547459,DIRECT PRIMARY
1,PB263440.pdf,14,,,,,,,summary,1695,4bcc9576bc7c4adc35c930c9dc86ed956f404f8c3375cb9b68fb65fcf7838f6d,DIRECT PRIMARY
1,PB263440.pdf,15,,,,,,,summary,764,23ceb8af3a8ba513aed874d62c28dfbebbb8b286f1162894e8522e05e173ed58,DIRECT PRIMARY
1,PB263440.pdf,16,,,,,,,summary,860,fc8cb3aa20f83c3f36abc020b5b2f7e899a878f17f65177daed9be51e3f321ea,DIRECT PRIMARY
1,PB263440.pdf,17,,,,,,,summary,1857,c89446a5ac8c005989d86c03028a179ed0d1fa206f59d765c3f7fa238483fa64,DIRECT PRIMARY
1,PB263440.pdf,18,,,,,,,summary,3058,72cd0dd9f4273db2a187739ce3e387202a1c1d997ee5bf7f098e185393b8d021,DIRECT PRIMARY
1,PB263440.pdf,19,,,,,,,summary,1152,72febb61db9dbb3d66478d8032506285c46ce18c6ee79a4353956402e9a9ae47,DIRECT PRIMARY
1,PB263440.pdf,20,,,,,,,summary,651,440646d80eb07f9e6af001264b29497a9bcc4438842f6eed159fd3d68f0f3c47,DIRECT PRIMARY
1,PB263440.pdf,21,,,,,,,summary,863,a9903a2cf267f4c37247c9a9b8e8649a050efdd746eb4e8186af48d3848c6313,DIRECT PRIMARY
1,PB263440.pdf,22,,,,,,,summary,2071,9377f6425a4cfff44c915dd3ceee211030548ae27cbd361db54c0275bdd9cd6a,DIRECT PRIMARY
1,PB263440.pdf,23,,,,,,,summary,2735,49135be704b7e10bbf085b698687cc11c5b49d0137b778a3d988ac9c08b66f5b,DIRECT PRIMARY
1,PB263440.pdf,24,,,,,,,summary,944,145f178d1673218cca25cd2c0f8e994d29232d4e28955c963ec78f3cbc6e7f28,DIRECT PRIMARY
1,PB263440.pdf,25,,,,,,,summary,1306,dc75bbeffef00c10230da44d90dc6fa6eaa0eb91c7f6112ac74726d1e7e05125,DIRECT PRIMARY
1,PB263440.pdf,26,,,,,,,summary,485,cbba2213b40f7f1366396d0cc9fbb78cd94193e2c8fca90e34b04b2f4f6316d9,DIRECT PRIMARY
1,PB263440.pdf,27,,,,,,,summary,1215,b8b9285b635844bd476590827d705bbe28adafd38811d459755c3f706f8ff547,DIRECT PRIMARY
1,PB263440.pdf,28,,,,,,,summary,0,e3b0c44298fc1c149afbf4c8996fb92427ae41e4649b934ca495991b7852b855,DIRECT PRIMARY
2,PB263441(1).pdf,1,,,,,,,methodology,562,988194b0fa7bdb8a544618319a7e0a51e1c207a9863f934738933dbed513a520,DIRECT PRIMARY
2,PB263441(1).pdf,2,,,,,,,methodology,0,e3b0c44298fc1c149afbf4c8996fb92427ae41e4649b934ca495991b7852b855,DIRECT PRIMARY
2,PB263441(1).pdf,3,,,,,,,methodology,2223,fcfa4ba3cc602f7c9277ac584a65d14ea9c3b9fd3f92eca5819f3dc0202739cf,DIRECT PRIMARY
2,PB263441(1).pdf,4,,,,,,,methodology,3,573b1e050e37c85488c5cbb2028c169132c1bb1ada438913bc7d44d6e684ccd6,DIRECT PRIMARY
2,PB263441(1).pdf,5,,,,,,,methodology,988,3a977ccc40fd911bd6119138504e5a04c76bdff2989c2b5b7e0d881fd88f07b4,DIRECT PRIMARY
2,PB263441(1).pdf,6,,,,,,,methodology,2,c666fab7ccb62a6387b7ee0ff91697f46488af0b56507a025f8fd915638a26c3,DIRECT PRIMARY
2,PB263441(1).pdf,7,,,,,,,methodology,766,f5201c96663a11a34634e7d20082650edda396c871144bc7768e95ec0e0c3ba8,DIRECT PRIMARY
2,PB263441(1).pdf,8,,,,,,,methodology,753,d849442fead07379622bcbb07a9cbbb56493f36d1c16d6acece901753032979d,DIRECT PRIMARY
2,PB263441(1).pdf,9,,,,,,,methodology,360,746deaeee46517157cd21171f3334e76f642ab687d5e6e64e51c8ac4300bd0e7,DIRECT PRIMARY
2,PB263441(1).pdf,10,,,,,,,methodology,43,af26286874add42bdd08f15bb705d547524dd315b898e11761d5a75c4f6e43b2,DIRECT PRIMARY
2,PB263441(1).pdf,11,,,,,,,methodology,1813,f3aea493e19089aefd83f5349f0f9ba7e6db47bb298f35adfa0495441629c732,DIRECT PRIMARY
2,PB263441(1).pdf,12,,,,,,,methodology,1841,0d63e66ca099ef6498e278af1c56b63e8d64db97f3ad21500d413390127e35e4,DIRECT PRIMARY
2,PB263441(1).pdf,13,,,,,,,methodology,1675,3fce6b78da82c8b274db7011c56abf6645355eae451bd8d3ef8f59aeb3c96e0e,DIRECT PRIMARY
2,PB263441(1).pdf,14,,,,,,,methodology,1351,10d0e4121cb44284f8865ce7d21ca757d9de890fac16c42399a4af908bf427e7,DIRECT PRIMARY
2,PB263441(1).pdf,15,,,,,,,methodology,480,2e4e69c027991e5d06f78289ab6fefc3765fa00a22572d8847835f4132e5e381,DIRECT PRIMARY
2,PB263441(1).pdf,16,,,,,,,methodology,1175,ddd28a7aca6ac037c5e9b636202596619459ac9f7aaff0a96906da105e11b6d8,DIRECT PRIMARY
2,PB263441(1).pdf,17,,,,,,,methodology,1813,5f214698158c9568d21b1b93abbee14668440b0183657336834d6dc9490d4722,DIRECT PRIMARY
2,PB263441(1).pdf,18,,,,,,,methodology,513,ecb4c2744eb6ae9f1d885838a6fccb8f58ef2c578884762b6142fe65a5d006d2,DIRECT PRIMARY
2,PB263441(1).pdf,19,,,,,,,methodology,1007,759f3cb2f005964b90b4c1aee1f88ecdb40e7cced3a722043f578d42bb008b24,DIRECT PRIMARY
2,PB263441(1).pdf,20,,,,,,,methodology,1604,c5492b8675aa3972b8526ba79954155e88f9b30f03cfbc2545ecbf9b67201e30,DIRECT PRIMARY
2,PB263441(1).pdf,21,,,,,,,methodology,511,ca48c6b2c79d58902c8f4d628fc7c12024fef53511fbae100b62c4b8d6f10abe,DIRECT PRIMARY
2,PB263441(1).pdf,22,,,,,,,methodology,1611,e79ba6dc420b64b91b7b3d5348a7512b01d1908dcf01182d0d6aa492d9caf4d5,DIRECT PRIMARY
2,PB263441(1).pdf,23,,,,,,,methodology,1668,a57187099a303f0698d416986409a84383b2efed2def7dc872b0155be2736738,DIRECT PRIMARY
2,PB263441(1).pdf,24,,,,,,,methodology,1490,e7db447e8ad3520fd5f218dfc055f4e22f918774965ca54d5dfb47c3aef51892,DIRECT PRIMARY
2,PB263441(1).pdf,25,,,,,,,methodology,1347,da027c103cca1a6764ee4454aba1f3a5ac188e5ba2372197e500e54a2f9d45ed,DIRECT PRIMARY
2,PB263441(1).pdf,26,,,,,,,methodology,1787,a7e3f0874637dd7c25fba76faa8f6caf74ce10de8444bcc5fb0c6d9bb913e9da,DIRECT PRIMARY
2,PB263441(1).pdf,27,,,,,,,methodology,1351,904ee6bcdcbede61347f14642146b3babf0894deb4c70348fade7ec005b50d8c,DIRECT PRIMARY
2,PB263441(1).pdf,28,,,,,,,methodology,642,99e878258c563b9e147507e7c685804394e7fad052fe8958965519fe3c1329a4,DIRECT PRIMARY
2,PB263441(1).pdf,29,,,,,,,methodology,1387,c1196301b6c273a9eb43a87e70f15fa91c91b8c1a6bbc58b8fa577d7b2214a5b,DIRECT PRIMARY
2,PB263441(1).pdf,30,,,,,,,methodology,1404,fe294ed29c9072f470eb7f3bb29b9d55a36cadc6ff1f0c7c07959cf1007f555c,DIRECT PRIMARY
2,PB263441(1).pdf,31,,,,,,,methodology,771,da92846c192090e5f429c6ce92a6bce436347c8004945ed8e0a510ab35f62783,DIRECT PRIMARY
2,PB263441(1).pdf,32,,,,,,,methodology,406,13bcc9a56585b42900209b8f09ecb1310d90fdf2d18a9049402b5b07cda3095a,DIRECT PRIMARY
2,PB263441(1).pdf,33,,,,,,,methodology,4217,c7e5631bc77f1fc47519aa08dbdaa66c3b63571cbd285b09460db4a744529dbb,DIRECT PRIMARY
2,PB263441(1).pdf,34,,,,,,,methodology,1292,0546e2574785d2a2b25d8d1071f1ab43f1b75d88466eaa7092122f7d48d273b9,DIRECT PRIMARY
2,PB263441(1).pdf,35,,,,,,,methodology,697,82b078cd54f107b32ca424f7cdfaa7db4b1ca492268ae0b4175108c5740eb803,DIRECT PRIMARY
2,PB263441(1).pdf,36,,,,,,,methodology,255,61eac9d45d02a3a76c9b644e6d7066ef07ca13c28464ed6de019c2a8d94a4a24,DIRECT PRIMARY
2,PB263441(1).pdf,37,,,,,,,methodology,1704,3430cfee89fe2b78dd01756e191e26bc51a29a9b6f094c9ca5269e0ab0d222d3,DIRECT PRIMARY
2,PB263441(1).pdf,38,,,,,,,methodology,719,7ab44200ba12a4cfef8494278b3a9a679d75febed6c5c836b4f5b03317d21d18,DIRECT PRIMARY
2,PB263441(1).pdf,39,,,,,,,methodology,1974,5e40f84d564754fa03a75eb22fb839e6f456f675a07ea3fd6e749fd4bd89c606,DIRECT PRIMARY
2,PB263441(1).pdf,40,,,,,,,methodology,1857,176f1be44db44b11fa2948fe850e5d80d3f8311832ffc0eb38a4d7bb6b3dd060,DIRECT PRIMARY
2,PB263441(1).pdf,41,,,,,,,methodology,587,c19ff49534762fd79f4b4710ccf27abefea69a118ce5d8ce8a2e903dc619fd0b,DIRECT PRIMARY
2,PB263441(1).pdf,42,,,,,,,methodology,1385,7c29eabb62747b65606338ae9420fdb4a8370cd71ca6babe966756ea326c5883,DIRECT PRIMARY
2,PB263441(1).pdf,43,,,,,,,methodology,1343,6a834288a150fcfa8c569ee4c319d6da29712c0eb24af616cf234aba7d62b649,DIRECT PRIMARY
2,PB263441(1).pdf,44,,,,,,,methodology,1010,97610930bb77d35d2be491928d2bf974d9cfdb40c4a74ccc49a3b669ebee6f83,DIRECT PRIMARY
2,PB263441(1).pdf,45,,,,,,,methodology,1698,e4836651d3692e7f448a2eeecb375e0284e733ed54b6448ab48118972bd36659,DIRECT PRIMARY
2,PB263441(1).pdf,46,,,,,,,methodology,1023,4718fb853fcaa253be72ece5baf9e315e68716bc83c0a21d543a508ddf0bc78d,DIRECT PRIMARY
2,PB263441(1).pdf,47,,,,,,,methodology,1154,3d691ff10c0c781d8faf5ea50481cc44bd7a6f147ae76163b243d3281483e324,DIRECT PRIMARY
2,PB263441(1).pdf,48,,,,,,,methodology,1188,589754515e5fe39dc59d07174ec566fc464ff59a5bcb13123934a0e4645c5dae,DIRECT PRIMARY
2,PB263441(1).pdf,49,,,,,,,methodology,959,bd653e006b9c57abfa42fb79fd72e0ab7fa368d5ff4c3658a69f374441ca05b1,DIRECT PRIMARY
2,PB263441(1).pdf,50,,,,,,,methodology,1163,29cf4a57418fa57c3cede1f656c13fc4bea08f1e6a83071d604cbfb188a811d0,DIRECT PRIMARY
2,PB263441(1).pdf,51,,,,,,,methodology,1649,d988b74c2994f80f7da8f89afc865874e1527543a68d9e68d348714c1609ce74,DIRECT PRIMARY
2,PB263441(1).pdf,52,,,,,,,methodology,407,601f3102d28c26cf1bc919ea947dd2d7715c70d01ed6410f345eda7f49c8bc80,DIRECT PRIMARY
2,PB263441(1).pdf,53,,,,,,,methodology,1762,c185c4e51dbb843d4ccda6027817d8b0955351dd3ac09ad3d09ee0b7c18fd9ac,DIRECT PRIMARY
2,PB263441(1).pdf,54,,,,,,,methodology,1277,a2b76ea87738a7ebbcf2f3e1d9bfb1781c7492b99bd6cd1f081ad51dca2103bf,DIRECT PRIMARY
2,PB263441(1).pdf,55,,,,,,,methodology,1476,2b968b0e5b00c838f3b3f4dad25c261c16d563b7d6ed2399f425d4723f1abcf8,DIRECT PRIMARY
2,PB263441(1).pdf,56,,,,,,,methodology,365,a9e53ad2ae6b1f99c268128ce896844a570953f94f18fe2581ce3d488e4a52f4,DIRECT PRIMARY
2,PB263441(1).pdf,57,,,,,,,methodology,499,50767fefa53aae3a7ae798b62ac28ebc53ab6e542cc1f6439ec0940d93535180,DIRECT PRIMARY
2,PB263441(1).pdf,58,,,,,,,methodology,467,a21baaaea8bd4bf04eaa4b08b49d26a986d762e5ebf56a8a279f308efe402efd,DIRECT PRIMARY
2,PB263441(1).pdf,59,,,,,,,methodology,587,9b7250e74405df3757c65954bf521f3926c0594a3de2ec58e55c5363bd6cceef,DIRECT PRIMARY
2,PB263441(1).pdf,60,,,,,,,methodology,322,1da2cff7fcb5f3e9044d777d05992a5ed81fdedc3f74afb8db5ce58e08dab1cd,DIRECT PRIMARY
2,PB263441(1).pdf,61,,,,,,,methodology,1393,61320c60d7bba361f9a1b1832d10fff8c9873294c8eae8c5d3b09fb6fffeef66,DIRECT PRIMARY
2,PB263441(1).pdf,62,,,,,,,methodology,764,300d99b06d2f1e55c557b4c9c5b0b8f7a0e410cc4001e502b3b4773448559530,DIRECT PRIMARY
2,PB263441(1).pdf,63,,,,,,,sample_distribution_tables,714,361c32a4ef24e49693db73c5650ebe0c221798f78dc261455086e9dc027bffb4,DIRECT PRIMARY
2,PB263441(1).pdf,64,,,,,,,sample_distribution_tables,685,60c56914deb9ab030fc6e417306d1cbc3e3736de77fa08569820b4408971e93f,DIRECT PRIMARY
2,PB263441(1).pdf,65,,,,,,,sample_distribution_tables,923,28abb5da4d91d810b385afa1bed6629428610eee4fc31f320b0f6bc03c8cb7fe,DIRECT PRIMARY
2,PB263441(1).pdf,66,,,,,,,sample_distribution_tables,508,e65f6294c2e37830d4b8304763df9cafa54d4694bae29d0179448577379de100,DIRECT PRIMARY
2,PB263441(1).pdf,67,,,,,,,sample_distribution_tables,632,5957c7537af2cd5626ce16deee140018f2c5a8fb799a1c54d10d7ef0863dd607,DIRECT PRIMARY
2,PB263441(1).pdf,68,,,,,,,methodology,1628,3f46e021fde5fe92a0b5f8b6937b896b6e00b5a6589e36767d0a5c01cfd85761,DIRECT PRIMARY
2,PB263441(1).pdf,69,,,,,,,methodology,1340,b802d0e36cc9a815c8d2425fd23d83d2fd3531d45814793930f2204b6a008dc3,DIRECT PRIMARY
2,PB263441(1).pdf,70,,,,,,,methodology,1583,55d078c048612f404096bf79497d51e87b35ca137b8115324eca286f39499fe9,DIRECT PRIMARY
2,PB263441(1).pdf,71,,,,,,,methodology,1321,04b1ce452ecfe844178407adfbfc91d135a8f17c5ece59d26958251a84094a43,DIRECT PRIMARY
2,PB263441(1).pdf,72,,,,,,,methodology,184,2f3ac79e82745500fb4e37b2dabd63334d3c7d27f2f1031a1f4b73f3015fd175,DIRECT PRIMARY
2,PB263441(1).pdf,73,,,,,,,methodology,1732,62d6b3b8df2cf9eba245a7f0a6b356ffdba2739b19e962913935f9c1b8d81920,DIRECT PRIMARY
2,PB263441(1).pdf,74,,,,,,,methodology,1293,482d2e790f549514dee4de86ca0723abcc928843922b4906a96e319965ff2961,DIRECT PRIMARY
2,PB263441(1).pdf,75,,,,,,,methodology,1105,a618de55152a405b525796ecc8fd704c3a7750e7566325f58b2a400a69734557,DIRECT PRIMARY
2,PB263441(1).pdf,76,,,,,,,methodology,360,3d831c765b080bdc69c9fb59ab4bb81210d5169936bd8561df6f9e11a3624e03,DIRECT PRIMARY
2,PB263441(1).pdf,77,,,,,,,methodology,2289,46e0bcef1a2b7bd2cd774917b082c856b016d6a9ff3fc73e16b238a404b2e370,DIRECT PRIMARY
2,PB263441(1).pdf,78,,,,,,,methodology,244,1f94c55beeaed34b5faf77c511d7ab21b200739d28268a7921f984c4001e3dbf,DIRECT PRIMARY
2,PB263441(1).pdf,79,,,,,,,methodology,1256,c63bb16a129596cc5f172ff610401f667b027a81fa02e37a57e7e08480fcaa6e,DIRECT PRIMARY
2,PB263441(1).pdf,80,,,,,,,methodology,832,2701d705f97d95dd72051296a9b175f8e0574fd0a73d36c07a4e5d3336fe94d6,DIRECT PRIMARY
2,PB263441(1).pdf,81,,,,,,,methodology,355,5ce2388fa1b00a4e1bcc8cd6feff4181fe25edc70c3caf2625cb42d0ba70a83c,DIRECT PRIMARY
2,PB263441(1).pdf,82,,,,,,,methodology,1006,b3cd01928db186de3a508c20af3212acde5e83be182c8b6a32581b25ef34de6f,DIRECT PRIMARY
2,PB263441(1).pdf,83,,,,,,,methodology,1120,936b7540a938a9c745524e2c77d72b947ac5a959d05efbd56d495333b8824266,DIRECT PRIMARY
2,PB263441(1).pdf,84,,,,,,,methodology,1293,181b0b4b9d5de49db89fc25fef50fc685cb92c2ffa096eb834b5aa0f2bd2edc0,DIRECT PRIMARY
2,PB263441(1).pdf,85,,,,,,,methodology,1141,a13574ec6e4a4712a99b8374977845218f64efe6ae7685f73a3103d71eed0210,DIRECT PRIMARY
2,PB263441(1).pdf,86,,,,,,,methodology,175,70339ab840f29f44bee4c44bd7d9a064162fee198a65b055c303febe04bb0e0f,DIRECT PRIMARY
2,PB263441(1).pdf,87,,,,,,,methodology,572,97c48530daf4d38f4c274cf682a77b90ac51714a00081fc508554deeae9f04fa,DIRECT PRIMARY
2,PB263441(1).pdf,88,,,,,,,methodology,167,473a62057a14477f39669f5a361012f9f6dbd9cd84f9b82afa72b36b41078c49,DIRECT PRIMARY
2,PB263441(1).pdf,89,,,,,,,methodology,1764,906a14add7a9b67f53cc17efafee4c99dd7f1eb2fdd6a30ba1e25c1561e9eb6d,DIRECT PRIMARY
2,PB263441(1).pdf,90,,,,,,,methodology,403,90fcbc990556c4ae8ebc1de8cbe3a3c33655265a3d9acbf01b22d19157870a86,DIRECT PRIMARY
2,PB263441(1).pdf,91,,,,,,,methodology,455,67dcb87021d63f2f5c0abc14572f34b34db08712345c10bd5be017ac7768b525,DIRECT PRIMARY
2,PB263441(1).pdf,92,,,,,,,methodology,722,02ad9330078f6ba72e5559cb8aaa0f694f9f14267d07be73781d33819cffae7b,DIRECT PRIMARY
2,PB263441(1).pdf,93,,,,,,,methodology,1739,ed9174fff4e7861fe1f4859377b6d72412162a6deba5251c710f2dde08781f41,DIRECT PRIMARY
2,PB263441(1).pdf,94,,,,,,,methodology,2769,19b0e22ed70ae8538fdf66af9dfbac428515bfe0e7d26a13807c6d7993c1f850,DIRECT PRIMARY
2,PB263441(1).pdf,95,,,,,,,methodology,1414,86882e5246ec5f97f813a94fa5219d07eeec0fdbdd5a98c1c2fd2114438c3ae0,DIRECT PRIMARY
2,PB263441(1).pdf,96,,,,,,,methodology,105,3d46c77cd64a715169d80c89ed8bbdba2d680b274d214cbe71d5caa7a50344ca,DIRECT PRIMARY
2,PB263441(1).pdf,97,,,,,,,methodology,655,7bb424c05677e3317202a621aded346445ed52e664bc923283b5bf1e9baf0f87,DIRECT PRIMARY
2,PB263441(1).pdf,98,,,,,,,methodology,1064,9e9d3e3e90eb82dad5ac200fea6ff89f7ba8c4ca0049531a6d7b35660cd14d7d,DIRECT PRIMARY
2,PB263441(1).pdf,99,,,,,,,methodology,970,65446ed4637440c7451e17ddf9270338216de57d27b346dd83e5257fbd27c273,DIRECT PRIMARY
2,PB263441(1).pdf,100,,,,,,,methodology,415,77212a63f19dd3d9f5c13e753f1fd8efdf9270f2fd94ba12ebfafe2cebddca86,DIRECT PRIMARY
2,PB263441(1).pdf,101,,,,,,,methodology,134,f288d9ed92ea7be6c067d38d1000e34c8709499e5a671a16713e55a238106b46,DIRECT PRIMARY
2,PB263441(1).pdf,102,,,,,,,methodology,2111,1d7c5f90940dcea10353fbb31261381a8e8eaab02c7fe1565e34980d138ed6af,DIRECT PRIMARY
2,PB263441(1).pdf,103,,,,,,,methodology,1267,8a379ae0452bb81404774da30c9e846758d1be1f8a7389f082974e111b5b5b61,DIRECT PRIMARY
2,PB263441(1).pdf,104,,,,,,,methodology,236,95a07ff0893adb70f999ab75416007c0bdd92892f60eaf3f00c49fbc27d72b4f,DIRECT PRIMARY
2,PB263441(1).pdf,105,,,,,,,methodology,431,b6280d5be32ba68a7eb7cadb93ae2fe42f05122c7734e36a1431f0d7d4ebef4e,DIRECT PRIMARY
2,PB263441(1).pdf,106,,,,,,,methodology,1806,e62df65972885efc8f4fcf8f788088b47054aa284d973bcd5116b19873d95c23,DIRECT PRIMARY
2,PB263441(1).pdf,107,,,,,,,methodology,848,8743e53e95b3ee392d7a09a0d0b24229323eac9167df4eb2074bd86045090bb5,DIRECT PRIMARY
2,PB263441(1).pdf,108,,,,,,,methodology,1406,a8b3c8b63b038edfa83d701a67fdc172ce19c5e65d2248bc5e605e87e58ffbfb,DIRECT PRIMARY
2,PB263441(1).pdf,109,,,,,,,methodology,1805,632bd59bf2bcb7abadb9da36a819b500f974a97bda351ad1c9cbfd40e3461c7c,DIRECT PRIMARY
2,PB263441(1).pdf,110,,,,,,,methodology,1106,a5f437f64722310361552a5aa8b1b0e9286e533621d921b4ae49d9a584d44988,DIRECT PRIMARY
2,PB263441(1).pdf,111,,,,,,,methodology,255,7f84823114d1a93ebfc1f2e15448bc1335155e68543a842e6dd6589e2269e631,DIRECT PRIMARY
2,PB263441(1).pdf,112,,,,,,,methodology,1719,b02d266ec7d291da0b44a76162cf7b1e9aeda32587a7d3f163aeda13c1f474e9,DIRECT PRIMARY
2,PB263441(1).pdf,113,,,,,,,methodology,717,4a63efaa3ea45bd919a584e41ba9843fcec01aa00068fe653f8fbd97d5e7c60e,DIRECT PRIMARY
2,PB263441(1).pdf,114,,,,,,,methodology,690,0d9b5f74cfe9363355635310fc84089462f7a9c8281e00c739efe242a0b6099a,DIRECT PRIMARY
2,PB263441(1).pdf,115,,,,,,,methodology,1343,5e737e4cc25613f127a107263223916851e69fb3564b894b4bdb893521c113c8,DIRECT PRIMARY
2,PB263441(1).pdf,116,,,,,,,methodology,1282,bfe95243c9f378cada57f76d7badfd00de1459005bf5ce42a16848516d3a0563,DIRECT PRIMARY
2,PB263441(1).pdf,117,,,,,,,methodology,628,218a22841ffce6d79bf9007cb7d78bba87e194b560a74d3484832a9f7551a59a,DIRECT PRIMARY
2,PB263441(1).pdf,118,,,,,,,methodology,514,12515403a74fe4e410447082d0bf54bf56c40050b7a8952b374b1409878a340d,DIRECT PRIMARY
2,PB263441(1).pdf,119,,,,,,,methodology,521,b4c1837ee7c9d89bb8d0efbead6b01750a3dd8a6622fd959d1acfd2782a4015c,DIRECT PRIMARY
2,PB263441(1).pdf,120,,,,,,,methodology,529,a8fbd8ac28d393846ee4050b0264f46c4a16ad8142e69dbf82e314ebda5dc1a1,DIRECT PRIMARY
2,PB263441(1).pdf,121,,,,,,,methodology,1690,19543e83185e63953bcc1e719956b33ce1295a211ee3ea01914587041ee8dd64,DIRECT PRIMARY
2,PB263441(1).pdf,122,,,,,,,methodology,609,9ddd8ba964d8e8a5859227d2b2ea5d74a4d6530a67834af1b9e9f041f48cb5be,DIRECT PRIMARY
2,PB263441(1).pdf,123,,,,,,,methodology,663,41edd660ab024367a5fd6b8d527ccbacb67a4ac18ec5c330eba9265163085d7f,DIRECT PRIMARY
2,PB263441(1).pdf,124,,,,,,,methodology,651,d0398dbc0417fc31633650f6a6b1051104721b13eb00be060b149182c3fe8369,DIRECT PRIMARY
2,PB263441(1).pdf,125,,,,,,,methodology,1375,9187e5034daad7f7b48a4ee0aa6dae6ef4beb8cc4ea34fa24ffb7a2e845b0277,DIRECT PRIMARY
2,PB263441(1).pdf,126,,,,,,,methodology,625,8f8f58beefb8a45314e7d4e11844b50fdf590ec27e281b32079ef9e93c8403b4,DIRECT PRIMARY
2,PB263441(1).pdf,127,,,,,,,methodology,343,3100008a4d670aeffa3b770234146fc4975d4fbb971a939d6b295a4c10c7ea26,DIRECT PRIMARY
2,PB263441(1).pdf,128,,,,,,,methodology,634,5e01354e6214108b5dd0626a686c2019d3385eaa2b4483fa2f2fb2cff49fbeeb,DIRECT PRIMARY
2,PB263441(1).pdf,129,,,,,,,methodology,881,dea7722f1661a523367c632fc87003d39a480a7aca6b76b47349e388c1497376,DIRECT PRIMARY
2,PB263441(1).pdf,130,,,,,,,methodology,679,7b8981e7894ac6400b94939ae19c02f41a3cd4f35ea77ffb12b7a15e014e2cae,DIRECT PRIMARY
2,PB263441(1).pdf,131,,,,,,,methodology,402,ba719fbf2aa720d775be8ab853568bd4932b65145e1caf7e4a398a28be998993,DIRECT PRIMARY
2,PB263441(1).pdf,132,,,,,,,methodology,176,78948d5bd26d04f080db4eaa16cd50ef1add9b96ecd4bb1c2841369aaf2a92fe,DIRECT PRIMARY
2,PB263441(1).pdf,133,,,,,,,methodology,689,ea37d341e68a9ce6f3c0fc6a4ba6f9da41c92c061d744e04c5c5232d0701a421,DIRECT PRIMARY
2,PB263441(1).pdf,134,,,,,,,methodology,1265,92e5dc11a0256a908ed7e16839e5e4e4c05b11eeb433dc8a0d66f3e504dfd53a,DIRECT PRIMARY
2,PB263441(1).pdf,135,,,,,,,methodology,650,d7d62f8626b6e8d5a1b1103ea3d19474cf6e0fb3fb2548479f2ff6b47a214c97,DIRECT PRIMARY
2,PB263441(1).pdf,136,,,,,,,methodology,1378,a43a7151994332475d68bb8a9e1d8efdf2048d10c87e27475cba96c8a79a6876,DIRECT PRIMARY
2,PB263441(1).pdf,137,,,,,,,methodology,2161,4cd04e8c6d2988d0ef92864702a0291471214e4e7cdd594cd75b13adf673c8e2,DIRECT PRIMARY
2,PB263441(1).pdf,138,,,,,,,methodology,1801,474f2b513b37edf76dcefc8ee442d24e7fb1e1d8c6c622d2fdefcde20c36df40,DIRECT PRIMARY
2,PB263441(1).pdf,139,,,,,,,methodology,1555,a8de36462402912c2dd0925b333cd0c6458fc4417b567e5b009411abf4e83ecb,DIRECT PRIMARY
2,PB263441(1).pdf,140,,,,,,,methodology,2914,e8dc2adb74452597f7b341ed820847aebc50189a21980f0d95fa9f9fed3c60b9,DIRECT PRIMARY
2,PB263441(1).pdf,141,,,,,,,methodology,2012,652b842761c9b6e00d8ee33aedefca50e3d293fc6ebacacf2c4665bbec1d3a18,DIRECT PRIMARY
2,PB263441(1).pdf,142,,,,,,,methodology,3652,a6d73da922d4e9183d56096b7086cbe4ac50d275daa04fe0733b07d5475cf43f,DIRECT PRIMARY
2,PB263441(1).pdf,143,,,,,,,methodology,1459,6a48fa4cc309114aa815fb27b272575e86a5bdacc83667d21debd5f9999abc78,DIRECT PRIMARY
2,PB263441(1).pdf,144,,,,,,,methodology,3209,b7b541caf3aead1c0d93cda7faba1effba2da2073f44a6e201e4da687c99d94a,DIRECT PRIMARY
2,PB263441(1).pdf,145,,,,,,,methodology,469,164615cbf66f8eb2d07f77cfac73781b025dedc760badea8e824dc80b27b6e07,DIRECT PRIMARY
2,PB263441(1).pdf,146,,,,,,,methodology,1031,b8ef397c684346c2b06c0246d1b1d381e745d667ffe849b61f12e6f52d3bd7d7,DIRECT PRIMARY
2,PB263441(1).pdf,147,,,,,,,methodology,2322,03a12e09704e5ed2a41614543a68fb537e0d4924089d5c77a475b276227b2dd4,DIRECT PRIMARY
2,PB263441(1).pdf,148,,,,,,,methodology,1937,208c7b61474d10dacc4b10f712dc39a6794bee07ef61ce988e9e83bc3802aef6,DIRECT PRIMARY
2,PB263441(1).pdf,149,,,,,,,methodology,473,b0f0dd67c1694456f19620f05e159461609519f1a5da4684480e1bb759b5dd77,DIRECT PRIMARY
2,PB263441(1).pdf,150,,,,,,,methodology,1095,e0c71d20d6a464e96cf78e8f0e297cb92d8f11d3a627941b7b495765b1436f30,DIRECT PRIMARY
2,PB263441(1).pdf,151,,,,,,,methodology,1103,61b54d3752a7c3c5b725d4c6e516de54b2aa626bd30e48fac04a5744b1d28f9b,DIRECT PRIMARY
2,PB263441(1).pdf,152,,,,,,,methodology,260,2fa2a6e377cf3a1c59289bd87b5d364a0b48c8377df344b30221f404a753ea68,DIRECT PRIMARY
2,PB263441(1).pdf,153,,,,,,,methodology,1661,e4218b8c0c79d8c0dadb9312f4d697907d22852d2e3ab27014273bb471fa8ae1,DIRECT PRIMARY
2,PB263441(1).pdf,154,,,,,,,methodology,970,c86aa7a3350610d61b74afcdbb7d40f2f10d0eb078e8a75d33da2df66da10ab1,DIRECT PRIMARY
2,PB263441(1).pdf,155,,,,,,,methodology,1452,78cccad01e252c747d1b53e7d7c3505df5ab04b027232d467d2670a5d5968b29,DIRECT PRIMARY
2,PB263441(1).pdf,156,,,,,,,methodology,1429,58bbf1aeac4623b64354d858e5fe1b6949f52e4b5541fd085fa6719fa51a2792,DIRECT PRIMARY
2,PB263441(1).pdf,157,,,,,,,methodology,1837,a86885c8d98c8b74ca8fa23db60714d273f918f677458d101228a5312a5657bf,DIRECT PRIMARY
2,PB263441(1).pdf,158,,,,,,,methodology,2480,96ddc285ecce6c00e9647dccb793b725393352e78cc9e145a7b1eaa48b98a233,DIRECT PRIMARY
2,PB263441(1).pdf,159,,,,,,,methodology,1164,96f3478ac07981f391f8a3d63f77f4c4d460644ccd7cbe384fec205c7dd30d44,DIRECT PRIMARY
2,PB263441(1).pdf,160,,,,,,,methodology,1506,7553afe9d6a8eda23e47e69ae55b3fad7bed535550341b86e6cc0e5632cc28a2,DIRECT PRIMARY
2,PB263441(1).pdf,161,,,,,,,methodology,1180,7a3f4a1111eeb0d7dbd8f82e3691e8d0bccdf7afe54703dace9831bda6b8f164,DIRECT PRIMARY
2,PB263441(1).pdf,162,,,,,,,methodology,1420,b01d7c80e40d32543fbd572ed7fa0e0cb8a383f6bc10ac16a52035033822ae3a,DIRECT PRIMARY
2,PB263441(1).pdf,163,,,,,,,methodology,594,24bbf9aaf8ac1c4658d437a15ff9312888690aa997014e25469308bca41e3ec6,DIRECT PRIMARY
2,PB263441(1).pdf,164,,,,,,,methodology,691,9ce142069985f25bf5c60ef1ff130546ac0bbcd402f4bc10adf50effe51b3daa,DIRECT PRIMARY
2,PB263441(1).pdf,165,,,,,,,methodology,1560,cd0566402739290126677fa37d4d354d48fe8492a3e88f5918bee637ac8341fd,DIRECT PRIMARY
2,PB263441(1).pdf,166,,,,,,,methodology,477,0f61a97d7835aa03c11c7922978518050cab9ebf1a83bee380ede21df29e27a0,DIRECT PRIMARY
2,PB263441(1).pdf,167,,,,,,,methodology,1652,dc04588cfe64a178c81760bfe82452c84fa0a2c14da9734af1fb57e22267db68,DIRECT PRIMARY
2,PB263441(1).pdf,168,,,,,,,methodology,2832,8d7fd7299a3f7084ade27857f9145ccf9cdc960b9a9ffcc6c9eef4e38250e2b3,DIRECT PRIMARY
2,PB263441(1).pdf,169,,,,,,,methodology,2600,44eb2e9733e9bf70a78daa19aa924f05676ff66ebe60ce8efa19e34caaccf4f1,DIRECT PRIMARY
2,PB263441(1).pdf,170,,,,,,,methodology,234,5ac36d00f4525b847eb900352bcd802dee6a15463ea07c81af618daab8f7db3c,DIRECT PRIMARY
2,PB263441(1).pdf,171,,,,,,,methodology,259,d524748629d3fcac2fe97af9f3c3021eafa430b7492ce0241e5405ee59cf0fd2,DIRECT PRIMARY
2,PB263441(1).pdf,172,,,,,,,methodology,1745,9c2e0d1ce68fad4f2406d4701f2ae0a5d741d9f0ec11749637e471c356058dd5,DIRECT PRIMARY
2,PB263441(1).pdf,173,,,,,,,methodology,1696,be20111098dbc0455d4f6f399137cc46cafda0a320c1bbce14481e4d6201e4e5,DIRECT PRIMARY
2,PB263441(1).pdf,174,,,,,,,methodology,351,834145a206bab5910da2a8297780b839f0dc042cebb53a844e16e7635b4a75a8,DIRECT PRIMARY
2,PB263441(1).pdf,175,,,,,,,methodology,659,e07797105bf8b3c669b4b565e6fee5caa323e8546dd93de960e05d8a716db2f6,DIRECT PRIMARY
2,PB263441(1).pdf,176,,,,,,,methodology,1013,7b86e15feca8e4bd063659dadc9db54e2d9263c3f5a5d7b47ffa42c1dced2c21,DIRECT PRIMARY
2,PB263441(1).pdf,177,,,,,,,methodology,1006,9ae340f310e0de9dd2c27d9ecdef028d6e369d827325723b0f19e5e33161c65e,DIRECT PRIMARY
2,PB263441(1).pdf,178,,,,,,,methodology,855,380530ef7a2d51c00a10351f435b80a8d15f9625d1c9916d25f0233d4f85760c,DIRECT PRIMARY
2,PB263441(1).pdf,179,,,,,,,methodology,582,60ce89430b2b302d63a9201bdcfe3740249a453b6c560db3f4fd604fd4eeb2fd,DIRECT PRIMARY
2,PB263441(1).pdf,180,,,,,,,methodology,1064,10971fa8ce20082f79f991ea9ee041669d2874455faf6e234215489fa1fa4358,DIRECT PRIMARY
2,PB263441(1).pdf,181,,,,,,,methodology,1494,394905e75f5c702a64b887e04d972cedb4180ff0f6901db7097428b03cf342ab,DIRECT PRIMARY
2,PB263441(1).pdf,182,,,,,,,methodology,968,e65ea526f4754b151e50bc1deb971a7369e407ea243075b0d25f6f386ea91f06,DIRECT PRIMARY
2,PB263441(1).pdf,183,,,,,,,methodology,1534,8c631ea8257d89a42f48eeeafffd66b6676f97cf33d3813e5a6e1ebf087a22ac,DIRECT PRIMARY
2,PB263441(1).pdf,184,,,,,,,methodology,1168,6a2f1f73c8e93c831d7952ce34b841139dc2dbc1c2cfd1bd37c680c988d59936,DIRECT PRIMARY
2,PB263441(1).pdf,185,,,,,,,methodology,1179,b71586af6994b02c367f7792c54ac8d60ea9662ad39d48e288a105df7ac3c7ea,DIRECT PRIMARY
2,PB263441(1).pdf,186,,,,,,,methodology,1804,c985d738c4ef7412b4a0248fe704c4172fff5f4bc01d32f3f2e6c89e84e992e6,DIRECT PRIMARY
2,PB263441(1).pdf,187,,,,,,,methodology,1970,895f82ad62f5747cd226d6d1f1940d1567f08a11718805e7ffd2925f3399c162,DIRECT PRIMARY
2,PB263441(1).pdf,188,,,,,,,methodology,568,133aa5039edc08b09ff7f7b48a07c18a829227e4d9d0ed78c55884e2c2f16da4,DIRECT PRIMARY
2,PB263441(1).pdf,189,,,,,,,methodology,1150,5d41e3631cb09062a3821a547ae5b4894238b43345bd79d463de0d51adc59934,DIRECT PRIMARY
2,PB263441(1).pdf,190,,,,,,,methodology,1232,42b6311ab61880e196625118265cff80d205c06cca38d4280ebe824c3ba6d3ca,DIRECT PRIMARY
2,PB263441(1).pdf,191,,,,,,,methodology,1298,ef39d25c4b9cb08afd853d7bf95bd9e1e2369a4d6f672db237574be1dcee7dd7,DIRECT PRIMARY
2,PB263441(1).pdf,192,,,,,,,methodology,1306,be0175a589efb768a00bacace4f29136cd30a9147a694f5b0cce707527556e00,DIRECT PRIMARY
2,PB263441(1).pdf,193,,,,,,,methodology,782,3b951b9f10d33c781c22badd75db794b6b532cf24985593e23904ad39480d989,DIRECT PRIMARY
2,PB263441(1).pdf,194,,,,,,,methodology,5,4193d77b62192c7985103b46ee9b6599dc6f82e61f2bee94cde6592e15911fcd,DIRECT PRIMARY
2,PB263441(1).pdf,195,,,,,,,methodology,161,fb12439b5bc19e134ba3787b7bbbea7a0d336dea926cc0c1bf99a8c967b6a5a7,DIRECT PRIMARY
2,PB263441(1).pdf,196,,,,,,,methodology,864,cf772375ae7a795659631ed548af349e089226e1648443d4eaf28df2027ee261,DIRECT PRIMARY
2,PB263441(1).pdf,197,,,,,,,methodology,833,6b554d5dadb606532635dd08dd1218526c2e48076348bcde2072a1dbca3e1e14,DIRECT PRIMARY
2,PB263441(1).pdf,198,,,,,,,methodology,879,20aba60ff2babdb6da870328a526d94bd9f9efc04f321db7929998c37e95c465,DIRECT PRIMARY
2,PB263441(1).pdf,199,,,,,,,methodology,773,79ea87399c927d62e751a5470aa351eb2eb43e228ccfbda1da07fd3817823fb7,DIRECT PRIMARY
2,PB263441(1).pdf,200,,,,,,,methodology,781,46ce3c127d20966983e82abe4f58dd7bd7dc50ab53feb2688e0b911b6f90842d,DIRECT PRIMARY
2,PB263441(1).pdf,201,,,,,,,methodology,638,654c3459f3d8a4fa2d921468564a42d08a3554f29da3c801fe840fd7b580bce7,DIRECT PRIMARY
2,PB263441(1).pdf,202,,,,,,,methodology,717,29b7a9758d2ee67507d110acc7727b5ba31b84634160eb5486afa0acee9d5b57,DIRECT PRIMARY
2,PB263441(1).pdf,203,,,,,,,methodology,764,4f2c218970e9ce65463de3ab68aa89212e3aaf7cbd5572f1f4e2e10676f9380e,DIRECT PRIMARY
2,PB263441(1).pdf,204,,,,,,,methodology,856,12046887fa71d900ba7b152e01a8c87ce7333e222e5c98f40fbab00b29d0771c,DIRECT PRIMARY
2,PB263441(1).pdf,205,,,,,,,methodology,923,c634fec1a2b5a89c6b0bda84fe97daed15d204f8abcb9ed87bb5b2b68587b599,DIRECT PRIMARY
2,PB263441(1).pdf,206,,,,,,,methodology,667,5579720db74e355d2bd59ed56c9477977d2d2d9ddbdef3af831c00d2dcd621b1,DIRECT PRIMARY
2,PB263441(1).pdf,207,,,,,,,methodology,755,7993ee243822f85553e6d443e996a03eb5aa791718197540137dec80c2cb6da6,DIRECT PRIMARY
2,PB263441(1).pdf,208,,,,,,,methodology,710,1ebef16c33f2a05eb38ad01d03d9162e359cbcfacc027feda2684f6413ffe7a5,DIRECT PRIMARY
2,PB263441(1).pdf,209,,,,,,,methodology,538,43adb07aeb6415c5a80e8da6647cad3915482dd08ce764ea1762de793ff3904b,DIRECT PRIMARY
2,PB263441(1).pdf,210,,,,,,,methodology,596,76c8f06476ec8834eb6830db85be029b452e746180bda8b3849cb8a2a1e157df,DIRECT PRIMARY
2,PB263441(1).pdf,211,,,,,,,methodology,550,2af8d7e8b4bd54d8f6dfcb62ea44cd5b99d7c4485401950cb860e2d413863dc5,DIRECT PRIMARY
2,PB263441(1).pdf,212,,,,,,,methodology,631,5fae995b6d3d12a8f03e5cfcbfa0a09e352409c3c8f56e43484b133a58e5a397,DIRECT PRIMARY
2,PB263441(1).pdf,213,,,,,,,methodology,399,7f4c536174a2be2661bb6d422d6229bf18fbfc7dd89935696a71ea816c1bf51c,DIRECT PRIMARY
2,PB263441(1).pdf,214,,,,,,,methodology,336,38d0babd1e555fb474357ad0ac98d585f5ed4d6e00ca3a85c843622921fd77f7,DIRECT PRIMARY
2,PB263441(1).pdf,215,,,,,,,appendix_b_tire_master,607,3b0c3c4ffedb5cf048ec5be56fdf967de08c07fb949ce6abbb9c482ee768ae5c,DIRECT PRIMARY
2,PB263441(1).pdf,216,,,,,,,appendix_b_tire_master,1275,85945e0c90bea6b61981a2ad44f31c45d6e4ced7f5ab6960cad43030295ca87c,DIRECT PRIMARY
2,PB263441(1).pdf,217,,,,,,,appendix_b_tire_master,1176,803711da34a0822bf22967cfe86f0362d791966f62d8d2f41c2b553eb1eab378,DIRECT PRIMARY
2,PB263441(1).pdf,218,,,,,,,appendix_b_tire_master,1284,95db6d038a99e8660bf00126e0226f31f12a7fc6e397693c3ad42084ce87b6eb,DIRECT PRIMARY
2,PB263441(1).pdf,219,,,,,,,appendix_b_tire_master,1121,5a8d29e1e7d2711415dde3ec6949694a58ed68520ce421e01938a7d17471b204,DIRECT PRIMARY
2,PB263441(1).pdf,220,,,,,,,appendix_b_tire_master,1064,d3a11563e03980316d16dd926d71afe7b54e112807c236c3a8e3bb622ae31627,DIRECT PRIMARY
2,PB263441(1).pdf,221,,,,,,,appendix_b_tire_master,956,6429bc2e40e56688365448bb1210bdb4e6a2cf4ebb8a10f7ae948ef27f494d8d,DIRECT PRIMARY
2,PB263441(1).pdf,222,,,,,,,appendix_b_tire_master,1048,d53fa3fbc052830e91f5ce1aa49908aef24369d4884315af67c68d0879973e0a,DIRECT PRIMARY
2,PB263441(1).pdf,223,,,,,,,appendix_b_tire_master,1177,7fc8c21c8111145e14affde4df048045dff3f72916a6f292f8f28cc9110cd5e9,DIRECT PRIMARY
2,PB263441(1).pdf,224,,,,,,,appendix_b_tire_master,1033,01140d69c96731c6df1596781a7aac1e2bc8822f1d40fe776ddd7bd6564c19d8,DIRECT PRIMARY
2,PB263441(1).pdf,225,,,,,,,appendix_b_tire_master,1229,0ce84f11eab702e8c9aad7821c62bf53b0fe942ddf49dc1d8880c89e263352ab,DIRECT PRIMARY
2,PB263441(1).pdf,226,,,,,,,appendix_b_tire_master,1117,655e35fd839fbe047460e7bac14aa4cbca7c5528be9d2bacbacca69162b337df,DIRECT PRIMARY
2,PB263441(1).pdf,227,,,,,,,appendix_b_tire_master,1031,48ee9dc52abc8aedddbf04c27767b37305458cb0c4416f499533163931255b39,DIRECT PRIMARY
2,PB263441(1).pdf,228,,,,,,,appendix_b_tire_master,914,b0c3319c719773ba445fd4c1d1f328308a4c54ec4a0555853dce7f7242a71fc3,DIRECT PRIMARY
2,PB263441(1).pdf,229,,,,,,,appendix_b_tire_master,809,11642fd72165a0b5ef3689bd322346b704e8cef1775f280793e24d0f4ac90030,DIRECT PRIMARY
2,PB263441(1).pdf,230,,,,,,,appendix_b_tire_master,1189,4424d7bb00a3c03cfa7b0e2ce15dfc59f96cdb30ffd119e570ecb45aed703638,DIRECT PRIMARY
2,PB263441(1).pdf,231,,,,,,,appendix_b_tire_master,990,234fadc89c5670d4872651bfa5d32bda1da5fca39224b6cefd037e77188d5de0,DIRECT PRIMARY
2,PB263441(1).pdf,232,,,,,,,appendix_b_tire_master,0,e3b0c44298fc1c149afbf4c8996fb92427ae41e4649b934ca495991b7852b855,DIRECT PRIMARY
2,PB263441(1).pdf,233,,,,,,,appendix_b_tire_master,1185,c412ddd8851f9a9621bca75bd2651d224c974d3c5640900347086903811f7ee0,DIRECT PRIMARY
2,PB263441(1).pdf,234,,,,,,,appendix_b_tire_master,0,e3b0c44298fc1c149afbf4c8996fb92427ae41e4649b934ca495991b7852b855,DIRECT PRIMARY
2,PB263441(1).pdf,235,,,,,,,appendix_b_tire_master,565,1fe3641f3a02efa3d13849b6c58cb13c9a5c7662c23cb75297d51460794469c1,DIRECT PRIMARY
2,PB263441(1).pdf,236,,,,,,,methodology,0,e3b0c44298fc1c149afbf4c8996fb92427ae41e4649b934ca495991b7852b855,DIRECT PRIMARY
2,PB263441(1).pdf,237,,,,,,,methodology,303,689c3eee407d97fceefdb5c6090f51d9e9cf76991580bb91fd529fc72f72a65d,DIRECT PRIMARY
2,PB263441(1).pdf,238,,,,,,,methodology,919,047727c0e89e631d037c47ed7c7f56f2c96c2558f3f2a6ac161bdc87a385c296,DIRECT PRIMARY
2,PB263441(1).pdf,239,,,,,,,methodology,1223,7a62315ece316cd343ff4613ec9e1b6e5eff7df71cefb41f7819a86934f1be22,DIRECT PRIMARY
2,PB263441(1).pdf,240,,,,,,,methodology,616,f785f2b61700cbad523e1950903ba77eace29015d1a4e3ad04d69e760fde490c,DIRECT PRIMARY
2,PB263441(1).pdf,241,,,,,,,methodology,1159,abe8963a84c4530897e67e013714466e5ec677c4d6d4e61f092ce538bd25d637,DIRECT PRIMARY
2,PB263441(1).pdf,242,,,,,,,methodology,520,5efda01eb01752ab995b3ca2f8594996640200b60d115603e897cd55d3a114f5,DIRECT PRIMARY
2,PB263441(1).pdf,243,,,,,,,methodology,1160,37bfc63fd2e941e17dccc8c50fa2bb3faa6d0f2d4d2cd4a1b65e310e19c12758,DIRECT PRIMARY
2,PB263441(1).pdf,244,,,,,,,methodology,679,a3204835b588e681b8b0358ede97463fb83a4737056c96da54a240edfd326f58,DIRECT PRIMARY
2,PB263441(1).pdf,245,,,,,,,methodology,1172,a989f74044721a43a0dfa3d94227c1be36b0debf6d39c9eadb307884f4d75f1d,DIRECT PRIMARY
2,PB263441(1).pdf,246,,,,,,,methodology,599,8b8efc6cde0c1c972694d1eefa18b80758ad938e7372440c8575ea4272681bef,DIRECT PRIMARY
2,PB263441(1).pdf,247,,,,,,,methodology,1186,d432cc20dab63de8e63f617d00189529c57c067e1b4637514132a76007ee8acd,DIRECT PRIMARY
2,PB263441(1).pdf,248,,,,,,,methodology,1628,d7513f2a95105a9fe2fe1fc642ef492f924a07c42496b0e319b11ad53ec5b099,DIRECT PRIMARY
2,PB263441(1).pdf,249,,,,,,,methodology,1225,383c35ef1bbe3e310a16f7b05ca530d5dab11392b167c2fd348629930ca7aeee,DIRECT PRIMARY
2,PB263441(1).pdf,250,,,,,,,methodology,1113,eb8f7c8f01bfd8495f81336dd861bd03f7da063615e944433b884143e35cb3a9,DIRECT PRIMARY
2,PB263441(1).pdf,251,,,,,,,methodology,1242,1a54fa1dcc57d9e87d88d894348b21dcefa7cdabff2af32e14dc41591f7f3157,DIRECT PRIMARY
2,PB263441(1).pdf,252,,,,,,,methodology,899,3fe196bbc715dc34fe8890feb4687f8033c4d7e929987a530ae0fb5c1bc9d872,DIRECT PRIMARY
2,PB263441(1).pdf,253,,,,,,,methodology,1267,8d83b55661229ae1eed053a77c4ee60ffa6a05d6ee76680a256d9bf25ea1bf1e,DIRECT PRIMARY
2,PB263441(1).pdf,254,,,,,,,methodology,1366,1dddc3798e00c89dffab2650ca5468c92052807d6cd47bce483b3a4d14f9dcba,DIRECT PRIMARY
2,PB263441(1).pdf,255,,,,,,,methodology,1243,2b0842a3fd6f9268b17ebd43828d47fd73e43e8b39a1fb848b5030de0726fd61,DIRECT PRIMARY
2,PB263441(1).pdf,256,,,,,,,methodology,866,8fed36103eef2ca19ff3580992090a43951c82e64e6cd211cf1f4e0db4f29bbb,DIRECT PRIMARY
2,PB263441(1).pdf,257,,,,,,,methodology,1279,fb27ba64f5c4a8736cc1a22d46bc71690a69b857fdc1049b61327dac65fd5c88,DIRECT PRIMARY
2,PB263441(1).pdf,258,,,,,,,methodology,1270,da8bc45fbaa874714de3eca4c883f1bfaa30c9925b8eef79150c2638dab4aa63,DIRECT PRIMARY
2,PB263441(1).pdf,259,,,,,,,methodology,1323,26b1e8dd7ba7be5e1fe88ee2922b2b58e243de70fc3aa74d7157842f8171580f,DIRECT PRIMARY
2,PB263441(1).pdf,260,,,,,,,methodology,1341,bdf6a236fe36e2eb1a2d9f2645e9d910264b961b13a70d16306f8ef370915834,DIRECT PRIMARY
2,PB263441(1).pdf,261,,,,,,,methodology,1256,b48ae35cee8ca30e195afac8d6d41d36029bb5f5c3093c526693ca81d67bd8b6,DIRECT PRIMARY
2,PB263441(1).pdf,262,,,,,,,methodology,1163,b7f2fa86ddecd5b4a395b73d4d5a2d5dc84db10676ea2519ccb3d021b75962d5,DIRECT PRIMARY
2,PB263441(1).pdf,263,,,,,,,methodology,1366,3d469e477c08bf1120abe36e451364dbcdf0333017c98f488c05fec2f98f9602,DIRECT PRIMARY
2,PB263441(1).pdf,264,,,,,,,methodology,0,e3b0c44298fc1c149afbf4c8996fb92427ae41e4649b934ca495991b7852b855,DIRECT PRIMARY
2,PB263441(1).pdf,265,,,,,,,methodology,286,f1d4db3ee2f1effa959bc2ebab634b7cf40ebeb19bbb524e9f0cce3caeea8fba,DIRECT PRIMARY
2,PB263441(1).pdf,266,,,,,,,methodology,168,46942527e259242f25ce37a93dd90491b1467e8b681e7759f5d1108339b89ef3,DIRECT PRIMARY
2,PB263441(1).pdf,267,,,,,,,methodology,85,9d8775f8a614ac671ce3c6c93e9ea10a1e43e6a12826834e13d2f93e0335e2e9,DIRECT PRIMARY
2,PB263441(1).pdf,268,,,,,,,methodology,147,8d5fc8656941b62091689b1ab6ca1d08fd2c05dd5346d9a7ac1edba8ef9bfdd3,DIRECT PRIMARY
2,PB263441(1).pdf,269,,,,,,,methodology,4002,cc6836d537910b8a032baacdddc5a070628b6293f055260516d57a512c1d0348,DIRECT PRIMARY
2,PB263441(1).pdf,270,,,,,,,methodology,2223,356fba55501b3bea29963852f483f9b92ef7bc5910b05b078cecf43699bfe2bb,DIRECT PRIMARY
2,PB263441(1).pdf,271,,,,,,,methodology,1477,afdf820d1ac4af9c20395c50ad083004ea1d92cefa709019a453dca2d84bf9ee,DIRECT PRIMARY
2,PB263441(1).pdf,272,,,,,,,methodology,58,944582528b111905ab8a0437ba4b956328dc6ac164c013e3b6dd22ec7a106234,DIRECT PRIMARY
2,PB263441(1).pdf,273,,,,,,,methodology,99,28c7aacefdb2358fb72d4f525843cc1657312ae2ffac6de21b457758f9ad115d,DIRECT PRIMARY
2,PB263441(1).pdf,274,,,,,,,methodology,1388,ea1e00d0ca84594523e0a78ed7095adf1d061add947ec3cbac7b35686afe0a01,DIRECT PRIMARY
2,PB263441(1).pdf,275,,,,,,,methodology,407,695ed7cc17b08325eac3513e3fa257537d8242dee3b7488b6c7064d4b47e70ab,DIRECT PRIMARY
2,PB263441(1).pdf,276,,,,,,,methodology,428,2de2cf6d57fbdf84755af3e0c72641ea3e21f9ad676c906580892b31a7c4f5d6,DIRECT PRIMARY
2,PB263441(1).pdf,277,,,,,,,methodology,2998,ec5c5e769acd6752fbf65c2dea82cac647a2093474d92ab64d4512d0232f0bca,DIRECT PRIMARY
2,PB263441(1).pdf,278,,,,,,,methodology,233,7436cc187b2d510f7b97c84326173723d482384531d639bbf256f3bb41bf2ccb,DIRECT PRIMARY
2,PB263441(1).pdf,279,,,,,,,methodology,3673,15e80201a0b73af9b7b6156ad5a232d067301513e65354742f5042bfb33388b9,DIRECT PRIMARY
2,PB263441(1).pdf,280,,,,,,,methodology,2638,b0a9f7e1bb099ec050259087c1d158f2498763954602dfa785b415dca5e429bb,DIRECT PRIMARY
2,PB263441(1).pdf,281,,,,,,,methodology,26,ea08df9c8a5c1c5cb279a52f04a8c68ab5345baa79b2d9cf8cd1f2262b9e2244,DIRECT PRIMARY
2,PB263441(1).pdf,282,,,,,,,methodology,7,97c40c7f5330a3262166c91bf642b1139aa61866238945cfe59800db1cf68334,DIRECT PRIMARY
2,PB263441(1).pdf,283,,,,,,,methodology,185,c3a3d9158993884b2f3dd5221b9d4b3191b9f2f649a644af993ce505ced2df21,DIRECT PRIMARY
2,PB263441(1).pdf,284,,,,,,,methodology,1191,b41a9df2a7a661eada4c74d3f226d1c07c4ade9af6afc8c7ed2a322bccd47aef,DIRECT PRIMARY
2,PB263441(1).pdf,285,,,,,,,methodology,143,9fda6a2d6ba1babaa1cb6ac9984f68edceaa552033aa9ef57ada24b4973509d8,DIRECT PRIMARY
2,PB263441(1).pdf,286,,,,,,,methodology,403,42016266ae39d6242bd2e44e474b96f04c66c474651840c72dd3769a42e59a11,DIRECT PRIMARY
2,PB263441(1).pdf,287,,,,,,,methodology,2204,2b594e04febdabf0ab541088c8fe924d181a2e22637624615907ddf226e51846,DIRECT PRIMARY
2,PB263441(1).pdf,288,,,,,,,methodology,181,9203ecfd9a27542709d9079b9ea53093d9d282d5c6350b72ca9268093d778ba6,DIRECT PRIMARY
2,PB263441(1).pdf,289,,,,,,,methodology,352,865c402cffef9ee6911b5a9089578efec16b1d323e47383c857e09d38b1806ad,DIRECT PRIMARY
2,PB263441(1).pdf,290,,,,,,,methodology,347,258e6f292975c8c2953a02554b4a0d27e4d5f9a1d8e88b21c99ff8833037cbd0,DIRECT PRIMARY
2,PB263441(1).pdf,291,,,,,,,methodology,2054,b4f761b7bdf2f64838dde27cc15d0b5dfc80a1a1aea78d73e1f908679c8ac675,DIRECT PRIMARY
2,PB263441(1).pdf,292,,,,,,,methodology,781,940bb0afe83d3ce13030e4166b92d3428ff0c777e62aa2a52f76084777009fde,DIRECT PRIMARY
2,PB263441(1).pdf,293,,,,,,,methodology,593,09cd94f445a054b749dd22fb69dd9aacea36852094e20799516cccae4bdc2b0b,DIRECT PRIMARY
2,PB263441(1).pdf,294,,,,,,,methodology,61,9866da337fd294f26cd6b291c70559fe76f44bdc8cfc46a0ee6750e4af65c5f1,DIRECT PRIMARY
2,PB263441(1).pdf,295,,,,,,,methodology,3459,23d361a30b676f6c9448a60928881266a90c458aa233cd43fdab6734b777b66c,DIRECT PRIMARY
2,PB263441(1).pdf,296,,,,,,,methodology,2747,28a353eb29b9f07fcf20f16b11df600d5e6aac664f0bbdf57607bb2b67ed47bc,DIRECT PRIMARY
2,PB263441(1).pdf,297,,,,,,,methodology,125,b5ba1957a40565654eec610da1344cff26b93cb86db074150f0d1e6a207edd69,DIRECT PRIMARY
2,PB263441(1).pdf,298,,,,,,,methodology,2367,04c61b918332f8baee2f3e510eb8d1624cf97787b0aba89d062e83de8f2821c5,DIRECT PRIMARY
2,PB263441(1).pdf,299,,,,,,,methodology,1953,fac24ac519e660756070ba6804e9483ded871b511307dc1ebfd1e44dc6c89cc7,DIRECT PRIMARY
2,PB263441(1).pdf,300,,,,,,,methodology,2,c666fab7ccb62a6387b7ee0ff91697f46488af0b56507a025f8fd915638a26c3,DIRECT PRIMARY
3,PB263442(1).pdf,1,,,,,,,test_data,402,1d230448efe53afabf84dc22cca947889d39f06bfeabd5dd94b299bc41183258,DIRECT PRIMARY
3,PB263442(1).pdf,2,,,,,,,other,229,eaa32a7fe8e69718a24308cd8db2d713a8da6c89712ff6879f46a18d1a1e000a,DIRECT PRIMARY
3,PB263442(1).pdf,3,,,,,,,test_data,2350,29ae7a506b5d6e92a80bc240ef62c54abd2642e417c87676aea6af9cedb52cb9,DIRECT PRIMARY
3,PB263442(1).pdf,4,,,,,,,other,2539,c2ec4024041f18f082cb37c76596ba083f55b13e182325fe40ca7145487cfb16,DIRECT PRIMARY
3,PB263442(1).pdf,5,,,,,,,test_data,976,c6d49c8b89716943f79ad840009e21031665c13ee9cf7b667ed62ff6bb732a2d,DIRECT PRIMARY
3,PB263442(1).pdf,6,,,,,,,image_or_blank,0,e3b0c44298fc1c149afbf4c8996fb92427ae41e4649b934ca495991b7852b855,DIRECT PRIMARY
3,PB263442(1).pdf,7,,,,,,,combined_interaction,259,26965bfb474b8ff5749c9220a2167d92761ad9b0baa844799e8d47850261cba4,DIRECT PRIMARY
3,PB263442(1).pdf,8,,,,,,,tire_uniformity,434,4fe1b3d4d22a890f509ad2dac5c0ed9789dff25ffb27b3c1ce00dd690bc57d73,DIRECT PRIMARY
3,PB263442(1).pdf,9,V03-P009,1,TIRF-008,8,HIGH,0,tire_identification,1073,8545c5edc005d87eaee23ce4b9afc952426a9e1f38d5126b7b302c207e173093,DIRECT PRIMARY
3,PB263442(1).pdf,10,V03-P009,1,TIRF-008,8,HIGH,1,footprint_or_image,51,1b62693ef3f70dcd0159416ba69ba55c6ffc6febf721a362d40a3e2af724b038,DIRECT PRIMARY
3,PB263442(1).pdf,11,V03-P009,1,TIRF-008,8,HIGH,2,tire_uniformity,368,3772995ee1773df8c7d5505fd85b818d0adb893db3158230204d63e5e55bc905,DIRECT PRIMARY
3,PB263442(1).pdf,12,V03-P009,1,TIRF-008,8,HIGH,3,cornering_coefficients,1199,221a658bc7b935b5f2f4e394bf433a405c297e799386e0f8e53c73b40e4bec34,DIRECT PRIMARY
3,PB263442(1).pdf,13,V03-P009,1,TIRF-008,8,HIGH,4,braking_coefficients,603,6d5c8497bf4549f356f71a55391a05d7376907b072ceeaa71906144ab446dae2,DIRECT PRIMARY
3,PB263442(1).pdf,14,V03-P009,1,TIRF-008,8,HIGH,5,cornering_plot,347,cce2740c76caa06973410ea94a9e4dc73f70e5a176b7276fb17f581cb896eb9c,DIRECT PRIMARY
3,PB263442(1).pdf,15,V03-P009,1,TIRF-008,8,HIGH,6,cornering_plot,286,c8e10f2d160ab0d386d39ec77463758673aceeaf468699c9dff72eebee015638,DIRECT PRIMARY
3,PB263442(1).pdf,16,V03-P009,1,TIRF-008,8,HIGH,7,other,86,af62e5291323a4b2f8ec8b5d411f06a065e52eded53cce165546cfb82038d784,DIRECT PRIMARY
3,PB263442(1).pdf,17,V03-P017,2,TIRF-010,10,MEDIUM,0,tire_identification,1177,f7d0b68a51878da6214a9021e84a69f1407ba856a832f04fb763c14ea1d34970,DIRECT PRIMARY
3,PB263442(1).pdf,18,V03-P017,2,TIRF-010,10,MEDIUM,1,footprint_or_image,57,f6d934763a319a1065ca81f6ce12d69b17aa9439fda032457a43704bbaf2038c,DIRECT PRIMARY
3,PB263442(1).pdf,19,V03-P017,2,TIRF-010,10,MEDIUM,2,tire_uniformity,350,cb4a29f33ff6b14b5a5b3c3fc595dd26de25405a4092caf3b16c4b680ff8de61,DIRECT PRIMARY
3,PB263442(1).pdf,20,V03-P017,2,TIRF-010,10,MEDIUM,3,cornering_coefficients,1350,70fb33a4460ba65c1dd23d53f2109cf9592a09594bae625efbc8d7f1d26152db,DIRECT PRIMARY
3,PB263442(1).pdf,21,V03-P017,2,TIRF-010,10,MEDIUM,4,braking_coefficients,601,6e929c0db87e96ed305c308ee71a5234986ebb61ea8bc84a0e0f0db9b619c803,DIRECT PRIMARY
3,PB263442(1).pdf,22,V03-P017,2,TIRF-010,10,MEDIUM,5,other,457,a9315ab17e95139d18b57b8e5070d121f1cae1d4cf8609e859f20efe272a4671,DIRECT PRIMARY
3,PB263442(1).pdf,23,V03-P017,2,TIRF-010,10,MEDIUM,6,other,321,9f8a29cf1698c13ac67401f6502497be28ba4b71414eae0cfd64130b75beaccb,DIRECT PRIMARY
3,PB263442(1).pdf,24,V03-P017,2,TIRF-010,10,MEDIUM,7,other,88,a5c0efc758fb28b07103c3f928fad77f16b0461370914fa83e39fe1f499c1411,DIRECT PRIMARY
3,PB263442(1).pdf,25,V03-P025,3,TIRF-011,11,HIGH,0,tire_identification,1172,2f7674e81ced03e84c376d63d6c03066e2d3def9418b6987c8b61f83c511d376,DIRECT PRIMARY
3,PB263442(1).pdf,26,V03-P025,3,TIRF-011,11,HIGH,1,footprint_or_image,35,48358f72a70fec1bab35e1118e00f844ab47bf272b77e4ab3f471d731ec40965,DIRECT PRIMARY
3,PB263442(1).pdf,27,V03-P025,3,TIRF-011,11,HIGH,2,tire_uniformity,369,d3e672026e3db89589748f808bbd841f5d8558f67e46d43c59f509c1ce9075ea,DIRECT PRIMARY
3,PB263442(1).pdf,28,V03-P025,3,TIRF-011,11,HIGH,3,cornering_coefficients,1340,bc2bae74d3940a7f070f254f38b221916895bd134bf97effcecd20b629a5290c,DIRECT PRIMARY
3,PB263442(1).pdf,29,V03-P025,3,TIRF-011,11,HIGH,4,braking_coefficients,606,256dab6f8d53fff4991bf322692005e5ff1003fe9db7d03ef260f54ab935708b,DIRECT PRIMARY
3,PB263442(1).pdf,30,V03-P025,3,TIRF-011,11,HIGH,5,other,94,04f91bb9ab2d92ef618ea12d60065c11d9437cc89931510d6b88277f4c5fe1c4,DIRECT PRIMARY
3,PB263442(1).pdf,31,V03-P025,3,TIRF-011,11,HIGH,6,other,288,64aade22e9a75b27fbb8491d6885e4e21da1c2b26b8fddc36d58d4e3c665287e,DIRECT PRIMARY
3,PB263442(1).pdf,32,V03-P025,3,TIRF-011,11,HIGH,7,other,455,337ed01b1c566bfa7f5242c096fae94d24ce912c4b7c1728ad50ee5cf16f3dac,DIRECT PRIMARY
3,PB263442(1).pdf,33,V03-P033,4,TIRF-014,14,HIGH,0,tire_identification,1174,0f5fd2b474727300a4f45ad82dc008a5e8c361eaba83dc6b1efceffe204e6ed8,DIRECT PRIMARY
3,PB263442(1).pdf,34,V03-P033,4,TIRF-014,14,HIGH,1,cornering_coefficients,1205,4d4ab87d11bd1168b1cbe7abf15ba6609b154d95b03dd6f1fe960217df7b8d7f,DIRECT PRIMARY
3,PB263442(1).pdf,35,V03-P033,4,TIRF-014,14,HIGH,2,braking_coefficients,603,657dd9eeb7e90e7b8ffc7a0c73eff9ea4945c42aa1a410566e048dbd48455e19,DIRECT PRIMARY
3,PB263442(1).pdf,36,V03-P033,4,TIRF-014,14,HIGH,3,other,38,78d8f4275baa946af40bd90c5198f94bf5737c57798f112553c0797ff6d78db9,DIRECT PRIMARY
3,PB263442(1).pdf,37,V03-P033,4,TIRF-014,14,HIGH,4,other,242,d598a59bda42721646786e435a99192cbc13991506185ce4ae3e26e95a908eb9,DIRECT PRIMARY
3,PB263442(1).pdf,38,V03-P033,4,TIRF-014,14,HIGH,5,other,91,66cdfd5a2ad184804f29dcc20165b3ba382151c3780b6acda9e4ff8a052769a6,DIRECT PRIMARY
3,PB263442(1).pdf,39,V03-P033,4,TIRF-014,14,HIGH,6,other,1110,0190e05c29a88e44713d2ae74214a91b5673b26cd48ef2f9170a9f256a83b6c3,DIRECT PRIMARY
3,PB263442(1).pdf,40,V03-P033,4,TIRF-014,14,HIGH,7,cornering_coefficients,1184,f91d7a2646d2a74c64f099e0d699bdb6cc899b8841ee5bdea2f48530e7fd2146,DIRECT PRIMARY
3,PB263442(1).pdf,41,V03-P033,4,TIRF-014,14,HIGH,8,braking_plot,617,79684bbb3a67da934adb453ef058b62740606fcff7b2abbc9e124e44ddee2fb5,DIRECT PRIMARY
3,PB263442(1).pdf,42,V03-P033,4,TIRF-014,14,HIGH,9,other,81,641f71372b3f1d17c0ed05410b7161dddcc05798d7fe9bb978d85bbd58fda5c6,DIRECT PRIMARY
3,PB263442(1).pdf,43,V03-P033,4,TIRF-014,14,HIGH,10,cornering_plot,159,69fffa02b9799bd35ad65c8bae001e6ae45739acb7656b8763f8f57e9fabe881,DIRECT PRIMARY
3,PB263442(1).pdf,44,V03-P033,4,TIRF-014,14,HIGH,11,other,83,ec11b486962c3c10efea83914a40d5d612d6c0a085990716af309e7d63efac54,DIRECT PRIMARY
3,PB263442(1).pdf,45,V03-P045,5,TIRF-017,17,MEDIUM,0,tire_identification,1138,9d6511fcbda5133e52f62590dd94cf995a2c8b10e82f83497336ca5d806ee6ff,DIRECT PRIMARY
3,PB263442(1).pdf,46,V03-P045,5,TIRF-017,17,MEDIUM,1,footprint_or_image,3,908982d11ca4ee28251dade8eb43a224a066bce3c31aceca73edacf4f1454b6d,DIRECT PRIMARY
3,PB263442(1).pdf,47,V03-P045,5,TIRF-017,17,MEDIUM,2,tire_uniformity,372,db0827e81f407cc4808bc487dddb0405b3040dedc1da32d13ccb205481e96498,DIRECT PRIMARY
3,PB263442(1).pdf,48,V03-P045,5,TIRF-017,17,MEDIUM,3,cornering_coefficients,1183,f8ee8f2916b0320c8255931de378c71d7a17fec3bb2abbaf49ea20d6eddb807c,DIRECT PRIMARY
3,PB263442(1).pdf,49,V03-P045,5,TIRF-017,17,MEDIUM,4,braking_coefficients,607,b5811b93f650eacc7edfcb6ae30fa4a2c39048df11e82da93c770de094f7a96f,DIRECT PRIMARY
3,PB263442(1).pdf,50,V03-P045,5,TIRF-017,17,MEDIUM,5,other,40,ec30783939142848e289dedb233b19d8176bf0430ec517b9a4240535ebcf3b43,DIRECT PRIMARY
3,PB263442(1).pdf,51,V03-P045,5,TIRF-017,17,MEDIUM,6,other,1113,8bf8f9abb427d113abb43256ac285c4621042bd385c5716bdc2379f7e6a2975c,DIRECT PRIMARY
3,PB263442(1).pdf,52,V03-P045,5,TIRF-017,17,MEDIUM,7,image_or_blank,0,e3b0c44298fc1c149afbf4c8996fb92427ae41e4649b934ca495991b7852b855,DIRECT PRIMARY
3,PB263442(1).pdf,53,V03-P045,5,TIRF-017,17,MEDIUM,8,tire_uniformity,362,52ac8f62f53e5e374954420fdee6aac7067a5a7f21741133f95e5ce9d0e92058,DIRECT PRIMARY
3,PB263442(1).pdf,54,V03-P045,5,TIRF-017,17,MEDIUM,9,cornering_coefficients,1244,885f1423e9cf1e31916cd3ded5608a019b75701479f37e56f8d5273331e205ec,DIRECT PRIMARY
3,PB263442(1).pdf,55,V03-P045,5,TIRF-017,17,MEDIUM,10,braking_plot,551,a01c0d4dcba2ab719dd53b86214073dffcbb71934c9889d9d60f010e74f0229a,DIRECT PRIMARY
3,PB263442(1).pdf,56,V03-P045,5,TIRF-017,17,MEDIUM,11,other,74,fd0220c3482ba06e53c0f39ba075182e3802d0dd41eedf3141fe1500c8607b0c,DIRECT PRIMARY
3,PB263442(1).pdf,57,V03-P045,5,TIRF-017,17,MEDIUM,12,other,240,c0992f8a0ed2dced8a54abcb35cfefa574eb6c6110a3d775ec72554fdc7dd10b,DIRECT PRIMARY
3,PB263442(1).pdf,58,V03-P045,5,TIRF-017,17,MEDIUM,13,other,165,b928e62979f00c6484565f6042603a6f36df7e3f4ad83207e92a539a237884e7,DIRECT PRIMARY
3,PB263442(1).pdf,59,V03-P045,5,TIRF-017,17,MEDIUM,14,other,1142,3318a5dc996b8ae2290edc0e483b0a8931ec95445cb99e1a7feb2f9adb722187,DIRECT PRIMARY
3,PB263442(1).pdf,60,V03-P045,5,TIRF-017,17,MEDIUM,15,image_or_blank,0,e3b0c44298fc1c149afbf4c8996fb92427ae41e4649b934ca495991b7852b855,DIRECT PRIMARY
3,PB263442(1).pdf,61,V03-P045,5,TIRF-017,17,MEDIUM,16,tire_uniformity,428,7b637e16ef888e814def65f68b7fbf47e0c0178efe8ebc3bc5c4835f744f2bc5,DIRECT PRIMARY
3,PB263442(1).pdf,62,V03-P045,5,TIRF-017,17,MEDIUM,17,cornering_coefficients,1203,a3a3194297505ff1ae71e3a7f827e10304c1237629d06fefe845f14d6eb443c4,DIRECT PRIMARY
3,PB263442(1).pdf,63,V03-P045,5,TIRF-017,17,MEDIUM,18,braking_plot,622,940bd5ffcdb5ebd754de50ef3c5608e25d6b6e51da98053f8dbc331725c7a637,DIRECT PRIMARY
3,PB263442(1).pdf,64,V03-P045,5,TIRF-017,17,MEDIUM,19,cornering_plot,385,24d7b51925db1a4a2511fa8f8b033345b1a6d29f10b6c8f4e73074d3bee37bc9,DIRECT PRIMARY
3,PB263442(1).pdf,65,V03-P045,5,TIRF-017,17,MEDIUM,20,other,195,5e65a2e0928d048cb68b05aeb61a2ea24c1d7c58f8077bc25160a2fa9668e73e,DIRECT PRIMARY
3,PB263442(1).pdf,66,V03-P045,5,TIRF-017,17,MEDIUM,21,other,170,9ada3a35af79f51cb1ede2bd292770eb33d460ede8428c79932243d598d2d37f,DIRECT PRIMARY
3,PB263442(1).pdf,67,V03-P067,6,TIRF-021,21,HIGH,0,tire_identification,1108,684b0e02974065a1b6b018ffce80c57a46e0929325563eef35cc31aa8120348b,DIRECT PRIMARY
3,PB263442(1).pdf,68,V03-P067,6,TIRF-021,21,HIGH,1,footprint_or_image,0,e3b0c44298fc1c149afbf4c8996fb92427ae41e4649b934ca495991b7852b855,DIRECT PRIMARY
3,PB263442(1).pdf,69,V03-P067,6,TIRF-021,21,HIGH,2,tire_uniformity,379,923e141d1bb1211e2d80b55227a8c1f78934691d053d697446d780c5cc7970d9,DIRECT PRIMARY
3,PB263442(1).pdf,70,V03-P067,6,TIRF-021,21,HIGH,3,cornering_coefficients,1179,5d582b6a2eb0cd61fc7ebe64d69792af95ae59015b20a1d16b0a26b64bc10686,DIRECT PRIMARY
3,PB263442(1).pdf,71,V03-P067,6,TIRF-021,21,HIGH,4,braking_coefficients,618,a55837a636632eea2c4a2c449ef37bb5b2d3b80a2f0861a7f13023811da17fb6,DIRECT PRIMARY
3,PB263442(1).pdf,72,V03-P067,6,TIRF-021,21,HIGH,5,image_or_blank,6,bc5c0815eb30ea43deb2db22546bb3db41088c78b9b392f152a24cc389c20eb7,DIRECT PRIMARY
3,PB263442(1).pdf,73,V03-P067,6,TIRF-021,21,HIGH,6,other,216,2e4ad6064f6819538c60ec35e32ad2124d2d0487d596371428aaed51bc925b74,DIRECT PRIMARY
3,PB263442(1).pdf,74,V03-P067,6,TIRF-021,21,HIGH,7,other,257,a0e258581e129c93f33418594bd16b6fe6ad9a493c06322d220dab3d71f0e177,DIRECT PRIMARY
3,PB263442(1).pdf,75,V03-P067,6,TIRF-021,21,HIGH,8,other,1097,fbe09e35486687fc519315b18c062f1139dff7763e695309f8872de0be46ebf8,DIRECT PRIMARY
3,PB263442(1).pdf,76,V03-P067,6,TIRF-021,21,HIGH,9,image_or_blank,0,e3b0c44298fc1c149afbf4c8996fb92427ae41e4649b934ca495991b7852b855,DIRECT PRIMARY
3,PB263442(1).pdf,77,V03-P067,6,TIRF-021,21,HIGH,10,tire_uniformity,352,26a0f61d0e0128e877134ec20845f872989ce816fe9b5d648fb9c960870b3027,DIRECT PRIMARY
3,PB263442(1).pdf,78,V03-P067,6,TIRF-021,21,HIGH,11,cornering_coefficients,1170,3eee84c527ef6158b5b8288f14b656163c9e42ac7e3e750fd457546e6747db23,DIRECT PRIMARY
3,PB263442(1).pdf,79,V03-P067,6,TIRF-021,21,HIGH,12,test_data,622,1aec1bc08512312e053117623b8ff32a2a8d989d7d0974878f6562bee680be29,DIRECT PRIMARY
3,PB263442(1).pdf,80,V03-P067,6,TIRF-021,21,HIGH,13,other,105,4a049746fe406ec126a51805015deb1ce43d2421db6e495d11e306c796334907,DIRECT PRIMARY
3,PB263442(1).pdf,81,V03-P067,6,TIRF-021,21,HIGH,14,cornering_plot,198,4ae39b3c5d52b2ced2d359a0bd501c65fb7c7371c269c0d8b473f4653da41b81,DIRECT PRIMARY
3,PB263442(1).pdf,82,V03-P067,6,TIRF-021,21,HIGH,15,other,95,5c21ea603c451859ad8cef2852566f1a75953d01eaafbd97b2810d92d5917105,DIRECT PRIMARY
3,PB263442(1).pdf,83,V03-P067,6,TIRF-021,21,HIGH,16,other,1124,159d6db465a5db1be395a37fb810a9f1978cebeec60c181984ac4c96cdbceeed,DIRECT PRIMARY
3,PB263442(1).pdf,84,V03-P067,6,TIRF-021,21,HIGH,17,image_or_blank,19,740b7c2ea0bc7b33d518771387eed97f411626fbd358499cafcf41cc94f911ba,DIRECT PRIMARY
3,PB263442(1).pdf,85,V03-P067,6,TIRF-021,21,HIGH,18,tire_uniformity,353,7c2e8204ac1a717b77ae2563ab75038d6dc100c2cad46bbe7cd8bb38fe681139,DIRECT PRIMARY
3,PB263442(1).pdf,86,V03-P067,6,TIRF-021,21,HIGH,19,test_data,1238,d935df1a7d39a48e1bf8aecc8359d215073386253e4adf878624ffcb9601a479,DIRECT PRIMARY
3,PB263442(1).pdf,87,V03-P067,6,TIRF-021,21,HIGH,20,braking_plot,615,3a2b732b55bc36d2058ecd5a664e246a60b3cffe8d42f4d300d8f32c56a076be,DIRECT PRIMARY
3,PB263442(1).pdf,88,V03-P067,6,TIRF-021,21,HIGH,21,other,125,67d823a28467ec7fda32d0e0a9be903ec5df3738b3400aee1331c1e61a89e1cc,DIRECT PRIMARY
3,PB263442(1).pdf,89,V03-P067,6,TIRF-021,21,HIGH,22,other,194,755f2b302ed6c078ed48f5836ec8ad6d229d1cce6c0ac9404c76f1bff4f0d097,DIRECT PRIMARY
3,PB263442(1).pdf,90,V03-P067,6,TIRF-021,21,HIGH,23,other,511,0bf7d40091298c681f8b6418a07ab78ca72eeafd5148fb4f391bdd29132b8763,DIRECT PRIMARY
3,PB263442(1).pdf,91,V03-P067,6,TIRF-021,21,HIGH,24,other,1115,7fdce8d7bde3b857244c78061cd25db09ebbe15043f318177fcdc2b6d1e18637,DIRECT PRIMARY
3,PB263442(1).pdf,92,V03-P067,6,TIRF-021,21,HIGH,25,other,40,e46a9b6c948d1a63b410c559bd62891bea88848de7a1a0d4989e76dd256244e7,DIRECT PRIMARY
3,PB263442(1).pdf,93,V03-P067,6,TIRF-021,21,HIGH,26,tire_uniformity,360,7d20cd71a46fe43096eb049b86078748a675008628b1a9f9087e4f6ed8dba9fe,DIRECT PRIMARY
3,PB263442(1).pdf,94,V03-P067,6,TIRF-021,21,HIGH,27,cornering_coefficients,1189,edb8a9263e845fe26a69d19a2b30e3422ba446c492f80fd58ddc96ae6807490a,DIRECT PRIMARY
3,PB263442(1).pdf,95,V03-P067,6,TIRF-021,21,HIGH,28,braking_coefficients,617,ada699ca75fe2db3cd49bf2c6b421741f5feeb5e33a3f491f5bdcaaf31fbc5ea,DIRECT PRIMARY
3,PB263442(1).pdf,96,V03-P067,6,TIRF-021,21,HIGH,29,other,410,715a27519b15d708c09cda5bee77b142239c2c95c9246efbbe493bc9e2ea9401,DIRECT PRIMARY
3,PB263442(1).pdf,97,V03-P067,6,TIRF-021,21,HIGH,30,other,286,60cfc5c06826d0a41aa634eed25dab9ac883191aa740ae0e8ac5a6eba2ee82dd,DIRECT PRIMARY
3,PB263442(1).pdf,98,V03-P067,6,TIRF-021,21,HIGH,31,other,91,3652d4a8c6fc6ebaab695af74550f864321f385c24abc4b84d3e21d56247b121,DIRECT PRIMARY
3,PB263442(1).pdf,99,V03-P099,7,TIRF-025,25,HIGH,0,tire_identification,1081,262d2fbd99eb55c624902acaa4c53783289ca0b052ac94109fb3cef608dbe8f4,DIRECT PRIMARY
3,PB263442(1).pdf,100,V03-P099,7,TIRF-025,25,HIGH,1,footprint_or_image,15,222134d0a1479dba797568e02b4af69283c7da1fafe8f4ac7a093953a9224026,DIRECT PRIMARY
3,PB263442(1).pdf,101,V03-P099,7,TIRF-025,25,HIGH,2,tire_uniformity,416,05e783654bcde8b4e4ba0cb7ccbb3d624928089149943cbe5c448603ed3e833e,DIRECT PRIMARY
3,PB263442(1).pdf,102,V03-P099,7,TIRF-025,25,HIGH,3,cornering_coefficients,1200,9f46085d1b0083d993541b7b8ad480f9a78b5e7a44eb2fcca1f6b1abb6786264,DIRECT PRIMARY
3,PB263442(1).pdf,103,V03-P099,7,TIRF-025,25,HIGH,4,braking_coefficients,605,dcd04f2f62eed5f29eb5903de59b3c3524116b0a45f16a583b1918a5c0b2a0f5,DIRECT PRIMARY
3,PB263442(1).pdf,104,V03-P099,7,TIRF-025,25,HIGH,5,other,130,7107c6caa2405719f9f568fa42eb4b1140655760e5aac7bf9a73b6b7eeb714e1,DIRECT PRIMARY
3,PB263442(1).pdf,105,V03-P099,7,TIRF-025,25,HIGH,6,other,186,4592832bfe7c00ac980e7d04904e758ccf06242b9431fa7bcaa841c8e02fd2ac,DIRECT PRIMARY
3,PB263442(1).pdf,106,V03-P099,7,TIRF-025,25,HIGH,7,other,65,bdcff15a12740a610af2a4e6f5e05bceb2dfd9355e0c9a8ae0ef730088331336,DIRECT PRIMARY
3,PB263442(1).pdf,107,V03-P107,8,TIRF-026,26,HIGH,0,tire_identification,1089,122f2962af04a31790059655e5d3a3ea5bb8f40a3515f2de30f9dfe5dbcbf098,DIRECT PRIMARY
3,PB263442(1).pdf,108,V03-P107,8,TIRF-026,26,HIGH,1,footprint_or_image,17,535492a8ec05f59253d23ac4b98f64750dd9d77a2071d28ee43048ce905cc6ef,DIRECT PRIMARY
3,PB263442(1).pdf,109,V03-P107,8,TIRF-026,26,HIGH,2,tire_uniformity,351,03968a5494e836d300eb2706d072e5c95becb85d10f57275093a4685dd4170d8,DIRECT PRIMARY
3,PB263442(1).pdf,110,V03-P107,8,TIRF-026,26,HIGH,3,other,1181,28afd101adf702876bb2436538840687abbe83df10dd60fdb19696b087b0b18c,DIRECT PRIMARY
3,PB263442(1).pdf,111,V03-P107,8,TIRF-026,26,HIGH,4,braking_coefficients,613,c3ea9a0780481de9c310f071339552f983326f679bca1b08aa453fc89f87a5e1,DIRECT PRIMARY
3,PB263442(1).pdf,112,V03-P107,8,TIRF-026,26,HIGH,5,image_or_blank,20,1049ac89633572c83cfe67ea352c948abd8379e8603daac77f1900e54c1f0650,DIRECT PRIMARY
3,PB263442(1).pdf,113,V03-P107,8,TIRF-026,26,HIGH,6,other,208,0b6b0701aabdb2539b9e8f3468419fba906ddf0a391781e5116c186123ebfbe2,DIRECT PRIMARY
3,PB263442(1).pdf,114,V03-P107,8,TIRF-026,26,HIGH,7,other,69,fab8bc84c58040785cd4fa3424222469e5c0474af49432d33bb662e7c7000bd9,DIRECT PRIMARY
3,PB263442(1).pdf,115,V03-P115,9,TIRF-027,27,HIGH,0,tire_identification,1070,66d4976b9d2c1cfc749fe72aa5a0112305fbdaa7ddf302367a2dacbdc2b647d3,DIRECT PRIMARY
3,PB263442(1).pdf,116,V03-P115,9,TIRF-027,27,HIGH,1,footprint_or_image,33,1b4c995b2a90181b54c47c42186f06ab1766e16534dfec66fbecf89cbdc627f5,DIRECT PRIMARY
3,PB263442(1).pdf,117,V03-P115,9,TIRF-027,27,HIGH,2,tire_uniformity,354,1ddab858e3d19b54479a5a9f5c8019267312f387dd92fa94688719d55b99b3d6,DIRECT PRIMARY
3,PB263442(1).pdf,118,V03-P115,9,TIRF-027,27,HIGH,3,cornering_coefficients,1193,c719359eaae1467d41a3cca65b866206aefa15e70622c1dbd775e5737da6e54c,DIRECT PRIMARY
3,PB263442(1).pdf,119,V03-P115,9,TIRF-027,27,HIGH,4,braking_coefficients,600,56e7a927f7e8ef71a1f94cf7fbd2fdd98903eba59841a170615e8692c7e25c66,DIRECT PRIMARY
3,PB263442(1).pdf,120,V03-P115,9,TIRF-027,27,HIGH,5,other,319,48864b40f25c2574410680c7cb3ab9591ba6595990b15659461db9770e6b913b,DIRECT PRIMARY
3,PB263442(1).pdf,121,V03-P115,9,TIRF-027,27,HIGH,6,other,242,84365a420c8ffd8d7bbf880db6a01204a428ad5f8fe66daebfdce6470893aa9e,DIRECT PRIMARY
3,PB263442(1).pdf,122,V03-P115,9,TIRF-027,27,HIGH,7,other,545,fa26a4accb17c30a139db0988a3d6d7f8018150493bd37e860e5f87dc97404a8,DIRECT PRIMARY
3,PB263442(1).pdf,123,V03-P123,10,TIRF-028,28,HIGH,0,tire_identification,1150,9490c76796d933e1ac01cdb91f046ee247142a15468f196dbe86f9e40634f412,DIRECT PRIMARY
3,PB263442(1).pdf,124,V03-P123,10,TIRF-028,28,HIGH,1,footprint_or_image,0,e3b0c44298fc1c149afbf4c8996fb92427ae41e4649b934ca495991b7852b855,DIRECT PRIMARY
3,PB263442(1).pdf,125,V03-P123,10,TIRF-028,28,HIGH,2,image_or_blank,27,cbaff708378ddb56aa3a95911cf8d41bee8949d0c189fc59f74b19de335f522d,DIRECT PRIMARY
3,PB263442(1).pdf,126,V03-P123,10,TIRF-028,28,HIGH,3,tire_uniformity,356,ac56f9686963a97bac344dc052d39f19395c50d3e5c86b2b2617d8dbdcb3180b,DIRECT PRIMARY
3,PB263442(1).pdf,127,V03-P123,10,TIRF-028,28,HIGH,4,cornering_coefficients,1212,0400f0e4d3329a204d8e7e95dc64d1fc767c93b849e080b08e53667215b5b873,DIRECT PRIMARY
3,PB263442(1).pdf,128,V03-P123,10,TIRF-028,28,HIGH,5,braking_plot,609,5c4c1d92619d56a931700dad24bea8c44ff7ddf7bfd78675dbe302b536b094ce,DIRECT PRIMARY
3,PB263442(1).pdf,129,V03-P123,10,TIRF-028,28,HIGH,6,other,337,430d167f3c01bfbe0eab8159167760eb2144664275b9d0fe8ffa10565b26e21f,DIRECT PRIMARY
3,PB263442(1).pdf,130,V03-P123,10,TIRF-028,28,HIGH,7,other,226,28ff56e5c129a236a945e18d3a9dc998dbf3e880e24e59df68941d8a1f1be49a,DIRECT PRIMARY
3,PB263442(1).pdf,131,V03-P123,10,TIRF-028,28,HIGH,8,other,250,da838c96e9f5228cb42699d38decaed7fe068b40c43bb023d6598fa8bbeba435,DIRECT PRIMARY
3,PB263442(1).pdf,132,V03-P132,11,TIRF-029,29,MEDIUM,0,tire_identification,1098,5a1434a2c85e0ea23e7209b512c78a3433a24d6030914467179b4ae6a6fbfe15,DIRECT PRIMARY
3,PB263442(1).pdf,133,V03-P132,11,TIRF-029,29,MEDIUM,1,footprint_or_image,3,b20aa5bc1b461e88904d58d4ab13d861c610ee649363d20c733fa26be2e3fb83,DIRECT PRIMARY
3,PB263442(1).pdf,134,V03-P132,11,TIRF-029,29,MEDIUM,2,tire_uniformity,348,94913db7d87018e293966c88a5124f960ca7cb9c91805681f7d0b396e6775cea,DIRECT PRIMARY
3,PB263442(1).pdf,135,V03-P132,11,TIRF-029,29,MEDIUM,3,test_data,1196,41abf26c0e17aeb691caa4f6af71795573f68878a8280ae1fcf163557a1718fb,DIRECT PRIMARY
3,PB263442(1).pdf,136,V03-P132,11,TIRF-029,29,MEDIUM,4,braking_coefficients,601,4c9a40f4a296e3fe73b5fb3798a11ec076fc31b9017ca0e6595c74f9ee6e68e4,DIRECT PRIMARY
3,PB263442(1).pdf,137,V03-P132,11,TIRF-029,29,MEDIUM,5,other,376,7b1eed6e03a43ad7d42b38c27fd88e53608596861e41b12c910390e18bd08aef,DIRECT PRIMARY
3,PB263442(1).pdf,138,V03-P132,11,TIRF-029,29,MEDIUM,6,cornering_plot,203,c508345e6d86f044f7505e4bf2e3092f482f9fc4a1be7ea6d3f90426eb27b9c0,DIRECT PRIMARY
3,PB263442(1).pdf,139,V03-P132,11,TIRF-029,29,MEDIUM,7,other,540,57fcb6a8af17152547743ae759cc7894854653d0be4dbbd2405698f4efb39ebf,DIRECT PRIMARY
3,PB263442(1).pdf,140,V03-P132,11,TIRF-029,29,MEDIUM,8,other,1110,2810e4a033906924be9ee439a39dae82ecbb61a312bd250d6400cf2dc83724b2,DIRECT PRIMARY
3,PB263442(1).pdf,141,V03-P132,11,TIRF-029,29,MEDIUM,9,other,54,90d8ed494e308cd5c7b0485a882cd8ba0927403a880b6d0276d9dc78da196ebd,DIRECT PRIMARY
3,PB263442(1).pdf,142,V03-P132,11,TIRF-029,29,MEDIUM,10,tire_uniformity,348,2578385516adedeeb246a8d47406c06e4ea23dbf3ff5ae96e372d37b827c7d85,DIRECT PRIMARY
3,PB263442(1).pdf,143,V03-P132,11,TIRF-029,29,MEDIUM,11,cornering_coefficients,1341,137fd3420c3d43a7db4ea8f275acdc6c94ad960c9a7bcc00312b612ff7897558,DIRECT PRIMARY
3,PB263442(1).pdf,144,V03-P132,11,TIRF-029,29,MEDIUM,12,braking_coefficients,607,77218a0d9e62a84f410ff760bbc04cf30ff0e58fa420b14c368d407c9401fb45,DIRECT PRIMARY
3,PB263442(1).pdf,145,V03-P132,11,TIRF-029,29,MEDIUM,13,other,402,355fc852b221cf695c7ec1444e30fb1dfc6faea50f4365655262f1a298e8689f,DIRECT PRIMARY
3,PB263442(1).pdf,146,V03-P132,11,TIRF-029,29,MEDIUM,14,other,263,3f7fabed7bef628b9e6339d5a88d914f0fa988378f55bffe6f566cc7d61c364d,DIRECT PRIMARY
3,PB263442(1).pdf,147,V03-P132,11,TIRF-029,29,MEDIUM,15,other,234,5f7f963b2b0be6bbbcead2ce1a138aeb8313b9e7b9ce526a5c3f9e4063c3862c,DIRECT PRIMARY
3,PB263442(1).pdf,148,V03-P148,12,TIRF-030,30,MEDIUM,0,tire_identification,1174,69f00390abea43bf72ff3d7981516a40352ceaf42133ae92a06242e04f614acc,DIRECT PRIMARY
3,PB263442(1).pdf,149,V03-P148,12,TIRF-030,30,MEDIUM,1,footprint_or_image,73,c97be8779884dd64b59bfc1650356eab02bff65e96ca1a3186f67eea0c13d01f,DIRECT PRIMARY
3,PB263442(1).pdf,150,V03-P148,12,TIRF-030,30,MEDIUM,2,tire_uniformity,348,7432d051ca758865a58d589a63070e84daa496fcbcb22aaad1c68bbd577329d9,DIRECT PRIMARY
3,PB263442(1).pdf,151,V03-P148,12,TIRF-030,30,MEDIUM,3,cornering_coefficients,1308,f9154ace6a8a7b943de1f65637075d8ad39b243a3ae075eb36ce6fde109c2273,DIRECT PRIMARY
3,PB263442(1).pdf,152,V03-P148,12,TIRF-030,30,MEDIUM,4,braking_coefficients,601,f004ff4d31b3967eff2b467c4844ffceb0c4a42e2e5fe43d333bc528d986a457,DIRECT PRIMARY
3,PB263442(1).pdf,153,V03-P148,12,TIRF-030,30,MEDIUM,5,other,401,dd98096314aeb2b74d1c9fc129dff094db3a4abb9312a7196e523ac323720e84,DIRECT PRIMARY
3,PB263442(1).pdf,154,V03-P148,12,TIRF-030,30,MEDIUM,6,other,298,b1e0761a83c3ab759fa001c4ac9ca5b072fc2011a3d7d8af00a1c248b818a448,DIRECT PRIMARY
3,PB263442(1).pdf,155,V03-P148,12,TIRF-030,30,MEDIUM,7,other,387,1ea7cebf2ff3d6d0625032313375cfd7aac12e342fa0f44107a6ec42b821b79d,DIRECT PRIMARY
3,PB263442(1).pdf,156,V03-P156,13,TIRF-031,31,MEDIUM,0,tire_identification,1182,f37b1ad4d5ae96519a59a84fa8e4d2e5791878c962513c8de3dad0690de8567e,DIRECT PRIMARY
3,PB263442(1).pdf,157,V03-P156,13,TIRF-031,31,MEDIUM,1,footprint_or_image,18,ff85539de78d89f37ec0ebc8528f816c379a94762753934ce63905657c79eb47,DIRECT PRIMARY
3,PB263442(1).pdf,158,V03-P156,13,TIRF-031,31,MEDIUM,2,tire_uniformity,342,c3337388f339cb18054d6f13eb0875d3fbef10f9d676562ad2b80790606b1f2a,DIRECT PRIMARY
3,PB263442(1).pdf,159,V03-P156,13,TIRF-031,31,MEDIUM,3,cornering_coefficients,1178,f2f8aa3c1e4d9af68ff31a39c89f37ef9ca8a0861cbdefcf18a0c3291ded4bc7,DIRECT PRIMARY
3,PB263442(1).pdf,160,V03-P156,13,TIRF-031,31,MEDIUM,4,braking_coefficients,598,04b6f07d15c5f24c8faa77371b0a84dd271f99748f4dc6ff7b15ddc5535ff196,DIRECT PRIMARY
3,PB263442(1).pdf,161,V03-P156,13,TIRF-031,31,MEDIUM,5,cornering_plot,374,950bd934523947790984b5e5b3f00bfa90d8c16bab4d58131f5cd7bb1abe5c19,DIRECT PRIMARY
3,PB263442(1).pdf,162,V03-P156,13,TIRF-031,31,MEDIUM,6,other,199,475ebd47e5005c3e7640f4001bce377cbbbe800bbc961c4523023f15f4a10e0f,DIRECT PRIMARY
3,PB263442(1).pdf,163,V03-P156,13,TIRF-031,31,MEDIUM,7,other,302,d6e1404eb71597d0e9516850592acdb42608993e210c11118fd5002fdc7fe8fb,DIRECT PRIMARY
3,PB263442(1).pdf,164,V03-P164,14,TIRF-032,32,LOW,0,tire_identification,1054,dff3b052b7d58c3233289cb1f7946aa21f53c97fb66db9b67222ee6a9ebbc269,DIRECT PRIMARY
3,PB263442(1).pdf,165,V03-P164,14,TIRF-032,32,LOW,1,footprint_or_image,3,908982d11ca4ee28251dade8eb43a224a066bce3c31aceca73edacf4f1454b6d,DIRECT PRIMARY
3,PB263442(1).pdf,166,V03-P164,14,TIRF-032,32,LOW,2,tire_uniformity,350,399d436ea80ab172836d686296acdd08feeaadbc0d01c08f03837237c9f0cb09,DIRECT PRIMARY
3,PB263442(1).pdf,167,V03-P164,14,TIRF-032,32,LOW,3,cornering_coefficients,1191,be69b77f5b21db8ea044fb476aaf10301894305f3c72cc590652f2cacee8ecf4,DIRECT PRIMARY
3,PB263442(1).pdf,168,V03-P164,14,TIRF-032,32,LOW,4,braking_plot,616,9b8bb2bfdccfbfcdc249bdaa29e13e65ce0cf86793ae52f156baaa61b0b23df7,DIRECT PRIMARY
3,PB263442(1).pdf,169,V03-P164,14,TIRF-032,32,LOW,5,cornering_plot,385,3375ad7ed24e94a49f233d8a1489338989e825571e2d1b1aab9827f8a5b89569,DIRECT PRIMARY
3,PB263442(1).pdf,170,V03-P164,14,TIRF-032,32,LOW,6,other,190,138a01c95d5ef08d44e43fb342186a93f6926184270b2542b9b4d5ba86018589,DIRECT PRIMARY
3,PB263442(1).pdf,171,V03-P164,14,TIRF-032,32,LOW,7,other,96,73250667225a8a21c2ce17b218d9fe43778caf081ee8c40c887abaf07dd7e59d,DIRECT PRIMARY
3,PB263442(1).pdf,172,V03-P172,15,TIRF-033,33,MEDIUM,0,tire_identification,1432,03dd690758bf2d75d6653bbf208483d6151922e0a0e60ae798d118cfc0d32fb3,DIRECT PRIMARY
3,PB263442(1).pdf,173,V03-P172,15,TIRF-033,33,MEDIUM,1,footprint_or_image,41,14a33d418493b88212fc186047a65918fbffcdc6a80204c62ec519dba89db06d,DIRECT PRIMARY
3,PB263442(1).pdf,174,V03-P172,15,TIRF-033,33,MEDIUM,2,tire_uniformity,366,885189f841d5376553e93940de9285a6b01b5c14807366115dd1fe144215b55c,DIRECT PRIMARY
3,PB263442(1).pdf,175,V03-P172,15,TIRF-033,33,MEDIUM,3,test_data,1196,7a94b02da7e24d1bb6f326a80e68e95b57b92360b9bec698742b2ecbbee7cdd7,DIRECT PRIMARY
3,PB263442(1).pdf,176,V03-P172,15,TIRF-033,33,MEDIUM,4,braking_coefficients,615,53aaef3f8ebf37ddda7cde04bff60365115271e240552a3a513d09fd85261d42,DIRECT PRIMARY
3,PB263442(1).pdf,177,V03-P172,15,TIRF-033,33,MEDIUM,5,cornering_plot,360,44687e4620b6636ea4f16d15bccf55804f2709e9e7df5832936f73f8bb738ea4,DIRECT PRIMARY
3,PB263442(1).pdf,178,V03-P172,15,TIRF-033,33,MEDIUM,6,other,245,7b3f4d6458cb23a596ae6990a4a52cda28a52bd3c829e744fcab89a5c2a4a7d2,DIRECT PRIMARY
3,PB263442(1).pdf,179,V03-P172,15,TIRF-033,33,MEDIUM,7,other,318,bcebcefae1ae7ec308145d900523959d97a92907783d2c46e4d9f5810d6473ca,DIRECT PRIMARY
3,PB263442(1).pdf,180,V03-P172,15,TIRF-033,33,MEDIUM,8,other,1164,6d270880f097371a027ffb594fd86c65281b03c813adcf7d826c8b55eb19589b,DIRECT PRIMARY
3,PB263442(1).pdf,181,V03-P172,15,TIRF-033,33,MEDIUM,9,other,52,debae99ae1507feaf40aef962edf40934a87a4dda022d1e19c54ccfb8d20075c,DIRECT PRIMARY
3,PB263442(1).pdf,182,V03-P172,15,TIRF-033,33,MEDIUM,10,tire_uniformity,354,ae590d4b9f9eea642c737acf7d741f5def5d8eabbeb72afd1da7232cbe4cac25,DIRECT PRIMARY
3,PB263442(1).pdf,183,V03-P172,15,TIRF-033,33,MEDIUM,11,cornering_coefficients,1182,46f75e4277ec5f2dbc369f6455b4b8e86a9033ed9c785006bf8cc4d16a7053d2,DIRECT PRIMARY
3,PB263442(1).pdf,184,V03-P172,15,TIRF-033,33,MEDIUM,12,braking_plot,608,17fa9fc96880ac04132807708b26cf2b69709cf10b736899bf189c1fbb17047b,DIRECT PRIMARY
3,PB263442(1).pdf,185,V03-P172,15,TIRF-033,33,MEDIUM,13,other,389,b10c0d305c5d7631eea91e838e599360e9ce0804b6e0ffe1894f933fbd42fc2f,DIRECT PRIMARY
3,PB263442(1).pdf,186,V03-P172,15,TIRF-033,33,MEDIUM,14,cornering_plot,249,2d327e47447b1b5c2fc2a71fbc4479406a0e1671267d34cfdfffbb96476f5467,DIRECT PRIMARY
3,PB263442(1).pdf,187,V03-P172,15,TIRF-033,33,MEDIUM,15,other,265,f100c0578654c949931cc63c263e5779133b5483dc437e63e63017455ddc7a63,DIRECT PRIMARY
3,PB263442(1).pdf,188,V03-P188,16,TIRF-036,36,LOW,0,tire_identification,1147,5295dbe8d6c8ce9a6aca0b84fd02decbff6f22505d28a632c7585b628ab64c90,DIRECT PRIMARY
3,PB263442(1).pdf,189,V03-P188,16,TIRF-036,36,LOW,1,footprint_or_image,28,48a6582849f1ca743db0322a4b68c04dabc442bb9ffcb4b6fffebdce2043d80e,DIRECT PRIMARY
3,PB263442(1).pdf,190,V03-P188,16,TIRF-036,36,LOW,2,tire_uniformity,344,1cc1b768240faf51665ba47f2b536792996b7c7bc36fe84f9c52299714a0e066,DIRECT PRIMARY
3,PB263442(1).pdf,191,V03-P188,16,TIRF-036,36,LOW,3,cornering_coefficients,1185,bdda2e682d6900345e0c1a3d98d3ff7765b6a5096f038e81e9fb73cb6f7e231a,DIRECT PRIMARY
3,PB263442(1).pdf,192,V03-P188,16,TIRF-036,36,LOW,4,braking_coefficients,604,7d048d57e1c00e9fff05ee4cf76bbfc95ad88b33d673e8c042af9e9f2bb651cf,DIRECT PRIMARY
3,PB263442(1).pdf,193,V03-P188,16,TIRF-036,36,LOW,5,other,409,ffefb1749af9a466cf630cdc139e88dd2bd11b7a1c27b3040252e45c383d74e5,DIRECT PRIMARY
3,PB263442(1).pdf,194,V03-P188,16,TIRF-036,36,LOW,6,other,253,2a22ae01b68e41969cfce49273d9a136dbb86046ceaafcdc3dc2ec7fb0f77a47,DIRECT PRIMARY
3,PB263442(1).pdf,195,V03-P188,16,TIRF-036,36,LOW,7,other,433,a40fa15be5403e80e09c83b3a7e98d92efddfebad43a71596799cc3b1bbda85e,DIRECT PRIMARY
3,PB263442(1).pdf,196,V03-P196,17,TIRF-037,37,LOW,0,tire_identification,1446,8fb2c848b72f3ffbd22f448331bcda2a4dd9bb134944a5253d226f64f3ed101e,DIRECT PRIMARY
3,PB263442(1).pdf,197,V03-P196,17,TIRF-037,37,LOW,1,footprint_or_image,5,011debc651e5c9756c46e60e051679372b2b54b1db927cac51343bbce8dca451,DIRECT PRIMARY
3,PB263442(1).pdf,198,V03-P196,17,TIRF-037,37,LOW,2,tire_uniformity,362,e5bc9b96b58e327e5d92e83ba93e4ee059fbcb6970760d4b592c15a572bc01ca,DIRECT PRIMARY
3,PB263442(1).pdf,199,V03-P196,17,TIRF-037,37,LOW,3,test_data,1191,9e8fc0de500e78639f212858bf78ee6f2d2e9764160138a747d0253427016496,DIRECT PRIMARY
3,PB263442(1).pdf,200,V03-P196,17,TIRF-037,37,LOW,4,braking_coefficients,602,1a006115c0db7304c7f52783c06f299e758ea31fe1a874df48602619d6cdda39,DIRECT PRIMARY
3,PB263442(1).pdf,201,V03-P196,17,TIRF-037,37,LOW,5,other,370,1e60f23b9f6f93c44269d854d4aff753b0e52e4a41071190da982ad9259a6aac,DIRECT PRIMARY
3,PB263442(1).pdf,202,V03-P196,17,TIRF-037,37,LOW,6,cornering_plot,190,492fe999f12661870ad5efdd1f18b9c9d7f4716799578e31d69c57e63a82ab8b,DIRECT PRIMARY
3,PB263442(1).pdf,203,V03-P196,17,TIRF-037,37,LOW,7,other,473,f7c2e4f45805235022942dc585d95f83a97ee7da44af96b6465efd7dfa1ab67e,DIRECT PRIMARY
3,PB263442(1).pdf,204,V03-P204,18,TIRF-038,38,LOW,0,tire_identification,1176,05928356758afdb6133b339284a82a5a26c4afcc1877f7832107aa68bbe880bf,DIRECT PRIMARY
3,PB263442(1).pdf,205,V03-P204,18,TIRF-038,38,LOW,1,footprint_or_image,50,d78cd1ff2a2df8b6a5d266f3ed6fbf50f18614b624029645238e064ba1453183,DIRECT PRIMARY
3,PB263442(1).pdf,206,V03-P204,18,TIRF-038,38,LOW,2,tire_uniformity,356,8d89d5d33f79c3b3f46df5e86f92210498810092942fb8c6d29ccfbbdc4849fc,DIRECT PRIMARY
3,PB263442(1).pdf,207,V03-P204,18,TIRF-038,38,LOW,3,cornering_coefficients,1181,902c45201c520390bdf4afe06eb17d301a023e53b4d7037ed1d52313c466c87b,DIRECT PRIMARY
3,PB263442(1).pdf,208,V03-P204,18,TIRF-038,38,LOW,4,braking_coefficients,607,ca8647a0b76d2fdb8e5c1dfddee29e46c40e5a7ee0a3e6b7b4b409d7a2426a54,DIRECT PRIMARY
3,PB263442(1).pdf,209,V03-P204,18,TIRF-038,38,LOW,5,other,347,d649fa4582cb6d0da56d9206d48116aef5ae0022121ed240eb6d6b7219ed59be,DIRECT PRIMARY
3,PB263442(1).pdf,210,V03-P204,18,TIRF-038,38,LOW,6,other,250,d6c396ce9ded1f278b7c329d6e93a7c2832b65b39f4f0299b3c0ce7e2afc5a54,DIRECT PRIMARY
3,PB263442(1).pdf,211,V03-P204,18,TIRF-038,38,LOW,7,other,159,66344089f156006666b46ec8a48a6718c4909d7abd4b325c57ef4a7c25a71401,DIRECT PRIMARY
3,PB263442(1).pdf,212,V03-P212,19,TIRF-039,39,MEDIUM,0,tire_identification,1150,b9b3e22587d3fe28983dc595c7502b6e9da853ad9a547be415e1a9d13ebbc5fb,DIRECT PRIMARY
3,PB263442(1).pdf,213,V03-P212,19,TIRF-039,39,MEDIUM,1,footprint_or_image,47,80bc880f94c73c0b828202911ae38e141942e2ee418adace9461c0babfbb1847,DIRECT PRIMARY
3,PB263442(1).pdf,214,V03-P212,19,TIRF-039,39,MEDIUM,2,tire_uniformity,358,bb382999644b466ca922c4bd882af054b242d00d994e704cd6f8fda13be89ab8,DIRECT PRIMARY
3,PB263442(1).pdf,215,V03-P212,19,TIRF-039,39,MEDIUM,3,cornering_coefficients,1201,987dbf2d106101c0cc0959c06f26a23bda890b985c6d9cedab8fe2e3643fb651,DIRECT PRIMARY
3,PB263442(1).pdf,216,V03-P212,19,TIRF-039,39,MEDIUM,4,braking_coefficients,615,d04daab7d44833ce3d18afa761c9cc8720c95902b672acb932f904e7c92f9b69,DIRECT PRIMARY
3,PB263442(1).pdf,217,V03-P212,19,TIRF-039,39,MEDIUM,5,other,367,a3cb2b76b032f48192ca287da33f01c91c9c3a092058dc3e9db33d0f169ece6b,DIRECT PRIMARY
3,PB263442(1).pdf,218,V03-P212,19,TIRF-039,39,MEDIUM,6,cornering_plot,180,163fb362695bb14aab8ff2403db730c6d66c7fd533ff8a2aa8658f09ad06e92f,DIRECT PRIMARY
3,PB263442(1).pdf,219,V03-P212,19,TIRF-039,39,MEDIUM,7,other,54,84343ea5b5ee22949e6f013f52eedebc5e913dde1cb95c970f687b608aba6d76,DIRECT PRIMARY
3,PB263442(1).pdf,220,V03-P220,20,TIRF-040,40,MEDIUM,0,tire_identification,1102,298be1a125ff44556b917b2a7260d1a7b30880edaf63e3b3f423ada7e276f261,DIRECT PRIMARY
3,PB263442(1).pdf,221,V03-P220,20,TIRF-040,40,MEDIUM,1,footprint_or_image,5,c248e86011a8261304b7fdacc14676b59310a72403906eac3540f6c2d34168d6,DIRECT PRIMARY
3,PB263442(1).pdf,222,V03-P220,20,TIRF-040,40,MEDIUM,2,tire_uniformity,346,9db23c5acffce20b298bc51f74abc62c65c5278bf57bb02f7417afc244b32edb,DIRECT PRIMARY
3,PB263442(1).pdf,223,V03-P220,20,TIRF-040,40,MEDIUM,3,test_data,1191,ae012fe318d174999b2977eaa96f292d3bcb66a77ea40c2eec9a8bd1511c1873,DIRECT PRIMARY
3,PB263442(1).pdf,224,V03-P220,20,TIRF-040,40,MEDIUM,4,braking_coefficients,598,666469ff84b2ca54e0d8af98f1028bfad6d444729bed1a99c7b1544ca646127a,DIRECT PRIMARY
3,PB263442(1).pdf,225,V03-P220,20,TIRF-040,40,MEDIUM,5,other,377,89ac997f804e20bdda994e4bf773e60aa873ca50f14dc5bf9be195a2f3733423,DIRECT PRIMARY
3,PB263442(1).pdf,226,V03-P220,20,TIRF-040,40,MEDIUM,6,other,193,89231cff27d9de2ee75a8cdbb8ce968cda56bb5fdbda9a2878f0129296d96697,DIRECT PRIMARY
3,PB263442(1).pdf,227,V03-P220,20,TIRF-040,40,MEDIUM,7,other,89,5a9230605235d79f029ed6bf4de9db9c76f621ea898d84ff783429eaf6178b27,DIRECT PRIMARY
3,PB263442(1).pdf,228,V03-P228,21,TIRF-041,41,MEDIUM,0,tire_identification,1129,da21adde9da8bb64a1d44fe95307035fa6461b2dba35347e968031a5aceade12,DIRECT PRIMARY
3,PB263442(1).pdf,229,V03-P228,21,TIRF-041,41,MEDIUM,1,footprint_or_image,36,1fb27d5680504a066f01263a63250be2c2c16de71333f27034eff527553c48ef,DIRECT PRIMARY
3,PB263442(1).pdf,230,V03-P228,21,TIRF-041,41,MEDIUM,2,tire_uniformity,357,4fe0837d818686422606eba09ae81b7d4ec60a0a03177fb0115f56f298abb5a9,DIRECT PRIMARY
3,PB263442(1).pdf,231,V03-P228,21,TIRF-041,41,MEDIUM,3,cornering_coefficients,1223,e81b7f58d149e8e20fdc4724988542ef4cecea38abd8ba7e5d08c7b4ff832e00,DIRECT PRIMARY
3,PB263442(1).pdf,232,V03-P228,21,TIRF-041,41,MEDIUM,4,braking_coefficients,580,29d392a1da8f97bcde41fb6d081b85ff022c227ff07f234dc47612c64101531e,DIRECT PRIMARY
3,PB263442(1).pdf,233,V03-P228,21,TIRF-041,41,MEDIUM,5,other,387,01950fec116c88b967578b91909198216758acc56bc5bdf11d1dbbbc46d636e0,DIRECT PRIMARY
3,PB263442(1).pdf,234,V03-P228,21,TIRF-041,41,MEDIUM,6,other,206,773ac3879d10873530cf5468c992bc9264011d6e00ec2c68e6eb895d6189c3d3,DIRECT PRIMARY
3,PB263442(1).pdf,235,V03-P228,21,TIRF-041,41,MEDIUM,7,other,482,ebc0a49bfd9253121ffaefd96ac94a248326c18312fe47ff3977bd68ec82ed9e,DIRECT PRIMARY
3,PB263442(1).pdf,236,V03-P236,22,TIRF-042,42,MEDIUM,0,tire_identification,1143,e39167b928a5f49b5fcfc08a390e40d8fbefd333d0b5d404d5fad198613a105e,DIRECT PRIMARY
3,PB263442(1).pdf,237,V03-P236,22,TIRF-042,42,MEDIUM,1,footprint_or_image,3,908982d11ca4ee28251dade8eb43a224a066bce3c31aceca73edacf4f1454b6d,DIRECT PRIMARY
3,PB263442(1).pdf,238,V03-P236,22,TIRF-042,42,MEDIUM,2,tire_uniformity,355,b72e02637d473b928f816c45067927d2dc791a47b649dbe6e92bbe8d6c986c58,DIRECT PRIMARY
3,PB263442(1).pdf,239,V03-P236,22,TIRF-042,42,MEDIUM,3,cornering_coefficients,1198,2b923d0c4fa6ec3bfc15cea85fb50fd58f7dcca691dccd37f30e18d6b684adfc,DIRECT PRIMARY
3,PB263442(1).pdf,240,V03-P236,22,TIRF-042,42,MEDIUM,4,image_or_blank,0,e3b0c44298fc1c149afbf4c8996fb92427ae41e4649b934ca495991b7852b855,DIRECT PRIMARY
3,PB263442(1).pdf,241,V03-P236,22,TIRF-042,42,MEDIUM,5,cornering_plot,417,6a0a583d9c96855aef0ff8b4439b9ff7ac590f5e59663791a469743aa603c6f0,DIRECT PRIMARY
3,PB263442(1).pdf,242,V03-P236,22,TIRF-042,42,MEDIUM,6,other,204,1287d6387eea5ecad6f94e6b66901277be57fe5684212e590e9444b53726dad6,DIRECT PRIMARY
3,PB263442(1).pdf,243,V03-P236,22,TIRF-042,42,MEDIUM,7,other,483,ffc1b60000bb8063c33416d732311fca887287f5782267e5088f466a16f1d72c,DIRECT PRIMARY
3,PB263442(1).pdf,244,V03-P244,23,TIRF-043,43,MEDIUM,0,tire_identification,1187,dea5fef23c41ff3db86887889e246cc9a3197896b5003c6690246e0be4596ce0,DIRECT PRIMARY
3,PB263442(1).pdf,245,V03-P244,23,TIRF-043,43,MEDIUM,1,footprint_or_image,8,869393ad3dc3daaad3a5bad275f1b95107cda857504ea73a961e2ec30b0f5712,DIRECT PRIMARY
3,PB263442(1).pdf,246,V03-P244,23,TIRF-043,43,MEDIUM,2,tire_uniformity,347,5605a6534af4e51050c95cfefd7539ebc96d9c5416a8307b0328dda078accf74,DIRECT PRIMARY
3,PB263442(1).pdf,247,V03-P244,23,TIRF-043,43,MEDIUM,3,cornering_coefficients,1190,625cf576c4daf7bcb37a8ef70e74e10ad91e5ed8aef8248336469b8cbb5cf7c2,DIRECT PRIMARY
3,PB263442(1).pdf,248,V03-P244,23,TIRF-043,43,MEDIUM,4,braking_coefficients,617,fc83b15b9880fca3ef219d68ced0549ec1bd7208a8562bd04fa47e8dec13c1e2,DIRECT PRIMARY
3,PB263442(1).pdf,249,V03-P244,23,TIRF-043,43,MEDIUM,5,other,379,f3b87e840903232dc40270245ba508b54a4173497ef530aa8adb03eb90e8dcde,DIRECT PRIMARY
3,PB263442(1).pdf,250,V03-P244,23,TIRF-043,43,MEDIUM,6,other,193,1fa9c84d744367b7f83c89968edf46aa4fcc389a4da56b2d3222969090f683a6,DIRECT PRIMARY
3,PB263442(1).pdf,251,V03-P244,23,TIRF-043,43,MEDIUM,7,other,34,fb73eedc7c5a0afc17296ac17beb38dd984a636f6270556e23d58a6a6e9b3865,DIRECT PRIMARY
3,PB263442(1).pdf,252,V03-P252,24,TIRF-044,44,MEDIUM,0,tire_identification,1112,8ce255a0ca9faa1a476bbf66d1f6e67dabea602e8b8315c2d31e16210883fa09,DIRECT PRIMARY
3,PB263442(1).pdf,253,V03-P252,24,TIRF-044,44,MEDIUM,1,footprint_or_image,18,3948722a65dc746081207de155c511eec9ffbafb16005c796c2c6f7e2b51db6e,DIRECT PRIMARY
3,PB263442(1).pdf,254,V03-P252,24,TIRF-044,44,MEDIUM,2,tire_uniformity,354,be423ca6f55e7b088382eaad5d6cc99bc3aadfff28847317483c2bebc98aae5b,DIRECT PRIMARY
3,PB263442(1).pdf,255,V03-P252,24,TIRF-044,44,MEDIUM,3,cornering_coefficients,1178,6326dc1a3e6b914712904c17c06e97836f9dc284b3c35aab3e6caf5343733961,DIRECT PRIMARY
3,PB263442(1).pdf,256,V03-P252,24,TIRF-044,44,MEDIUM,4,braking_coefficients,594,f467656ef9f778fbf949f3bf014f91cd2d5de88c1b09c41c0168a06625286a79,DIRECT PRIMARY
3,PB263442(1).pdf,257,V03-P252,24,TIRF-044,44,MEDIUM,5,other,422,04a3fb4406275cc8a9fbed03a5e9f00dda8fc89a7a4d4a146ed559acb5a36103,DIRECT PRIMARY
3,PB263442(1).pdf,258,V03-P252,24,TIRF-044,44,MEDIUM,6,cornering_plot,194,8a0ac4fcb4466d54d1841babaefc1ac73603aeca2e45fa770acc384c3fb7d6f4,DIRECT PRIMARY
3,PB263442(1).pdf,259,V03-P252,24,TIRF-044,44,MEDIUM,7,other,415,1a51c2e629d8788b2122d01fc307463d17d2c62ce05cc2ce773db547ea7980b8,DIRECT PRIMARY
3,PB263442(1).pdf,260,V03-P260,25,TIRF-045,45,MEDIUM,0,tire_identification,1073,ebdfe012e5009eebd5aa8a828b3f98ba5400cba27c3548a6b032cef415f8ccc0,DIRECT PRIMARY
3,PB263442(1).pdf,261,V03-P260,25,TIRF-045,45,MEDIUM,1,footprint_or_image,0,e3b0c44298fc1c149afbf4c8996fb92427ae41e4649b934ca495991b7852b855,DIRECT PRIMARY
3,PB263442(1).pdf,262,V03-P260,25,TIRF-045,45,MEDIUM,2,tire_uniformity,352,2fd500134af4b5c0a466376e48f04a5a2157a071f0da89cc4367f9c83ace454f,DIRECT PRIMARY
3,PB263442(1).pdf,263,V03-P260,25,TIRF-045,45,MEDIUM,3,cornering_coefficients,1210,dd8b4e7150597813ed5620a9afdab71e03c0d0ad5db9ffa8fd317fee15253c74,DIRECT PRIMARY
3,PB263442(1).pdf,264,V03-P260,25,TIRF-045,45,MEDIUM,4,braking_coefficients,595,415c919b0970136055eb9c386f14175e6332b4aac73bd835cc4a7bc561950312,DIRECT PRIMARY
3,PB263442(1).pdf,265,V03-P260,25,TIRF-045,45,MEDIUM,5,other,374,5988635ce64281373746038eb801adf59d7caf88d7226745c209a7256ec92771,DIRECT PRIMARY
3,PB263442(1).pdf,266,V03-P260,25,TIRF-045,45,MEDIUM,6,other,207,fcd15b9fc53812c201b00d114dd00e099052e00c24c140cff9118ea3cc0a3f95,DIRECT PRIMARY
3,PB263442(1).pdf,267,V03-P260,25,TIRF-045,45,MEDIUM,7,other,423,f7bda1fc8b7582aae5705802a7181fa32ca43bdb3182b005591fd35143bf6b6b,DIRECT PRIMARY
3,PB263442(1).pdf,268,V03-P268,26,TIRF-048,48,LOW,0,tire_identification,1153,5c763c6ea844701ba294150cc3776f8f465dbeed05482876a4900eeac0cbf715,DIRECT PRIMARY
3,PB263442(1).pdf,269,V03-P268,26,TIRF-048,48,LOW,1,footprint_or_image,61,57a55c5f4482a6afe57d00fbc1e922b76e1a87f78a4230403c7c10a81c6ee7db,DIRECT PRIMARY
3,PB263442(1).pdf,270,V03-P268,26,TIRF-048,48,LOW,2,tire_uniformity,347,f9a9714b67c28b789b347531e480974470b186fd6014ffb91e23abbdaf1ed353,DIRECT PRIMARY
3,PB263442(1).pdf,271,V03-P268,26,TIRF-048,48,LOW,3,cornering_coefficients,1162,44cd7581a914a1ed439f8d17a9216b5e6bc116592ec04694f0ecdd39fdce316c,DIRECT PRIMARY
3,PB263442(1).pdf,272,V03-P268,26,TIRF-048,48,LOW,4,braking_coefficients,597,96a9149c2148aef1c80770d97fdc487ec55eeb03b1518d4eacf602348fd72120,DIRECT PRIMARY
3,PB263442(1).pdf,273,V03-P268,26,TIRF-048,48,LOW,5,other,278,626d6a12500d9bb1d37a7b3b73042ada964ea1d44d255bbb39e9b91b9be47cc9,DIRECT PRIMARY
3,PB263442(1).pdf,274,V03-P268,26,TIRF-048,48,LOW,6,cornering_plot,203,93b3eb39a5453ee69b806f0f8a8a336b0a5fd1d1c1a3265975918cc2a5ed4575,DIRECT PRIMARY
3,PB263442(1).pdf,275,V03-P268,26,TIRF-048,48,LOW,7,other,127,b510517b10025ce5e297eab76793303f8b0f81c09bf251382363fc938f3312ee,DIRECT PRIMARY
3,PB263442(1).pdf,276,V03-P276,27,TIRF-049,49,LOW,0,tire_identification,1076,a6d2b1c379e50e1ab3c8a8a62904ea1aa731fa4d8cf954aa586f287b9572e1b9,DIRECT PRIMARY
3,PB263442(1).pdf,277,V03-P276,27,TIRF-049,49,LOW,1,footprint_or_image,26,18578babe86e3b8f8cf1754c0e8f30343092402a8eff475420992d4c46e3fef3,DIRECT PRIMARY
3,PB263442(1).pdf,278,V03-P276,27,TIRF-049,49,LOW,2,tire_uniformity,342,182bc59091e691958587103436a72166e4bc777b1ee549a9e0783abfda9203da,DIRECT PRIMARY
3,PB263442(1).pdf,279,V03-P276,27,TIRF-049,49,LOW,3,cornering_coefficients,1176,d6a1ef550314c23f733a7ebddde07d36be425de03c09c0d7da8424cad5c26704,DIRECT PRIMARY
3,PB263442(1).pdf,280,V03-P276,27,TIRF-049,49,LOW,4,braking_coefficients,607,e5eb2acf5e6b25993fe0433aa48004438a6ef5e2f9d5b96edbf1d0e668d0b5df,DIRECT PRIMARY
3,PB263442(1).pdf,281,V03-P276,27,TIRF-049,49,LOW,5,other,333,493310eb915fbf5797ada49b33df077db7fbe629c8bf7b5f0f730c72c5138a74,DIRECT PRIMARY
3,PB263442(1).pdf,282,V03-P276,27,TIRF-049,49,LOW,6,other,201,4abf86bbbe9103839f80055f6817b1dd26aa1048020726148701339029a6685f,DIRECT PRIMARY
3,PB263442(1).pdf,283,V03-P276,27,TIRF-049,49,LOW,7,other,86,d53e7e862b059788818d67369b09ac71af6fddea4b5f69265b26ddf0ed1600cb,DIRECT PRIMARY
3,PB263442(1).pdf,284,V03-P284,28,TIRF-050,50,LOW,0,tire_identification,1153,65afdc1cc59f568a54eda3abc7be6914690653f0116eebdb76de71cfda7fd56a,DIRECT PRIMARY
3,PB263442(1).pdf,285,V03-P284,28,TIRF-050,50,LOW,1,footprint_or_image,32,6083f34a82fb5d9b13a20009bfec73724d29b1e01b8fbf05e05321fea0694492,DIRECT PRIMARY
3,PB263442(1).pdf,286,V03-P284,28,TIRF-050,50,LOW,2,tire_uniformity,358,d441dd76fcaab10106df25385812fa561412c4471e81b1a0d5c11c1a17d62126,DIRECT PRIMARY
3,PB263442(1).pdf,287,V03-P284,28,TIRF-050,50,LOW,3,cornering_coefficients,1184,bab22550761365f00b25908cfdbfbb2b17e745efd5e383967c24235835e32f95,DIRECT PRIMARY
3,PB263442(1).pdf,288,V03-P284,28,TIRF-050,50,LOW,4,braking_coefficients,596,222af0846d868d7133dac1b7b9a823d83c976e4a507ad91985a0ddadf08cfaed,DIRECT PRIMARY
3,PB263442(1).pdf,289,V03-P284,28,TIRF-050,50,LOW,5,cornering_plot,272,76b3f93a52e8671e49fa23db08e7e96e0819627c6033d7cda1b6f56708c11e0d,DIRECT PRIMARY
3,PB263442(1).pdf,290,V03-P284,28,TIRF-050,50,LOW,6,cornering_plot,194,a3163177303b4aec6ec6854d1fe5fde49c88015aa0d31fac2dee65ce87d276f8,DIRECT PRIMARY
3,PB263442(1).pdf,291,V03-P284,28,TIRF-050,50,LOW,7,other,387,78175dbefeb216db75fe9b607ac099d260feb9d409374ed40a8b1492218317b6,DIRECT PRIMARY
3,PB263442(1).pdf,292,V03-P284,28,TIRF-050,50,LOW,8,other,1130,d2b6afc465e6dc45d7cbbd394d5ed528473d98d2a8bfe86b9a5a786f17dc86a5,DIRECT PRIMARY
3,PB263442(1).pdf,293,V03-P284,28,TIRF-050,50,LOW,9,image_or_blank,23,95495541ba4830817e72530f6b18ce8c3e3688a591d473a153d1f8f192f81054,DIRECT PRIMARY
3,PB263442(1).pdf,294,V03-P284,28,TIRF-050,50,LOW,10,tire_uniformity,350,d2ee39cabbe086a7addcaaebe9163d211aef081695d3e87cdd1b465206047f67,DIRECT PRIMARY
3,PB263442(1).pdf,295,V03-P284,28,TIRF-050,50,LOW,11,cornering_coefficients,1198,f70961f54fe51705173e257aacf32c2cd07436105c4158803d1fd253acf2075e,DIRECT PRIMARY
3,PB263442(1).pdf,296,V03-P284,28,TIRF-050,50,LOW,12,braking_coefficients,608,36f91c30db7cfd4fc0ce4af9aba26cc8f544fadc0fb82de2429a454f5d237b44,DIRECT PRIMARY
3,PB263442(1).pdf,297,V03-P284,28,TIRF-050,50,LOW,13,other,367,9de543854d9561887deebb96dbab0796e5ee43dcfc11c31f393d3f48ca90d131,DIRECT PRIMARY
3,PB263442(1).pdf,298,V03-P284,28,TIRF-050,50,LOW,14,cornering_plot,276,690370f3609cf952f810994a149b8155726754a3bba298af39ab11895e3d9cda,DIRECT PRIMARY
3,PB263442(1).pdf,299,V03-P284,28,TIRF-050,50,LOW,15,other,361,ec25b19c722ba20742b22a728471cfa0a6e1fbcf2f7fa324e1e307615f3137bf,DIRECT PRIMARY
3,PB263442(1).pdf,300,V03-P300,29,TIRF-052,52,LOW,0,tire_identification,1155,104592b1b308ffa46a6ba89804d2ab8029db67c9d1984935caaa8813b27fd158,DIRECT PRIMARY
3,PB263442(1).pdf,301,V03-P300,29,TIRF-052,52,LOW,1,footprint_or_image,102,73bc9763bcd45ca7353b566b412075846e95d765b4b7578d8abbdacff03aa2a9,DIRECT PRIMARY
3,PB263442(1).pdf,302,V03-P300,29,TIRF-052,52,LOW,2,tire_uniformity,346,6bedc183c7e6083ecdb8864ade32014a9ba4791a7802a7349f1d694a537b43f3,DIRECT PRIMARY
3,PB263442(1).pdf,303,V03-P300,29,TIRF-052,52,LOW,3,cornering_coefficients,1192,5c9ebc0f87713eb689b9ffa0253d831ef609ec2317b9c5909ed1c5d53ad59c99,DIRECT PRIMARY
3,PB263442(1).pdf,304,V03-P300,29,TIRF-052,52,LOW,4,braking_coefficients,604,e9f2b2f930c55a59137d4c535ff203ec077c0f1462a5469784e5f5f80e1f3607,DIRECT PRIMARY
3,PB263442(1).pdf,305,V03-P300,29,TIRF-052,52,LOW,5,cornering_plot,328,7758d66e67f0ca9a230debb37a73aa105e1ebb24d3a17d02231652ad35342309,DIRECT PRIMARY
3,PB263442(1).pdf,306,V03-P300,29,TIRF-052,52,LOW,6,cornering_plot,284,387510dc401ff4764306ce73171cb3c22ee1b1d8e474d1b2a6c2906ecb469df2,DIRECT PRIMARY
3,PB263442(1).pdf,307,V03-P300,29,TIRF-052,52,LOW,7,other,408,9563da155114488a27e256554ee346100a83ee04dd062071204856dd67166c1e,DIRECT PRIMARY
3,PB263442(1).pdf,308,V03-P300,29,TIRF-052,52,LOW,8,other,1203,5c5d315d9f2da8f1f659270544347b40126d4ec4eec2173ebff69bfc81bb5907,DIRECT PRIMARY
3,PB263442(1).pdf,309,V03-P300,29,TIRF-052,52,LOW,9,other,36,3d22beb4c1a6ea48f4f4f34b80e86369d73becb0a722e3c153ce202b27056219,DIRECT PRIMARY
3,PB263442(1).pdf,310,V03-P300,29,TIRF-052,52,LOW,10,tire_uniformity,343,eca54d4cd908998e6cd69a2790e8f31bfa20613eb9808a7fc1d51903c4d699b8,DIRECT PRIMARY
3,PB263442(1).pdf,311,V03-P300,29,TIRF-052,52,LOW,11,cornering_coefficients,1205,06f3bc562b512e2d0aafc0d45930a7e458ee279cbbf59e0dcfbf9d20f2510cae,DIRECT PRIMARY
3,PB263442(1).pdf,312,V03-P300,29,TIRF-052,52,LOW,12,braking_coefficients,601,fe7795accc51a53763c608fb4c0526a7ee97a862d4c216b97697278f071363b3,DIRECT PRIMARY
3,PB263442(1).pdf,313,V03-P300,29,TIRF-052,52,LOW,13,other,409,f6713ae614da16a9c13271ea4b5a3cf0a02589225723efa3eb249afeaf754285,DIRECT PRIMARY
3,PB263442(1).pdf,314,V03-P300,29,TIRF-052,52,LOW,14,cornering_plot,237,745e94a30968e824f863a2e40cf32b60f0ad4c243656f3f603927fae872232dc,DIRECT PRIMARY
3,PB263442(1).pdf,315,V03-P300,29,TIRF-052,52,LOW,15,other,186,8bfc4589a7349995e1a3c18c6e7820b5fa5d10e9afa4e0f9887a2123cdbea4c6,DIRECT PRIMARY
3,PB263442(1).pdf,316,V03-P316,30,TIRF-054,54,LOW,0,tire_identification,1086,3124bef63cc23cd05146a47ec5357d94c7ca29983ce948c4ca88ba8dfac0d4ab,DIRECT PRIMARY
3,PB263442(1).pdf,317,V03-P316,30,TIRF-054,54,LOW,1,footprint_or_image,32,b7fcbd40eac396af0a82e25d11444e8247543948375fa0183ad0d02d09473d01,DIRECT PRIMARY
3,PB263442(1).pdf,318,V03-P316,30,TIRF-054,54,LOW,2,other,351,d20aaf01ee42ceff83cce4d1897a5533c86bdd32dc260a3b03dd173b5705d236,DIRECT PRIMARY
3,PB263442(1).pdf,319,V03-P316,30,TIRF-054,54,LOW,3,cornering_coefficients,1314,af11beb3d92ade05455a19b64b5d2fb8aa18dfca066be003f78501434beab714,DIRECT PRIMARY
3,PB263442(1).pdf,320,V03-P316,30,TIRF-054,54,LOW,4,braking_coefficients,601,93a8d350f00a9ab433b32ba8d90abf804f97c821158030db85d9488e8485c50e,DIRECT PRIMARY
3,PB263442(1).pdf,321,V03-P316,30,TIRF-054,54,LOW,5,other,435,5cc2d76feca5dcabd601835e70d296d5ae19d1805c28ccc630e58bb910e90001,DIRECT PRIMARY
3,PB263442(1).pdf,322,V03-P316,30,TIRF-054,54,LOW,6,other,211,20af72be053507e30493c0bd94b101ef8a196300951836446bb839fa469ac508,DIRECT PRIMARY
3,PB263442(1).pdf,323,V03-P316,30,TIRF-054,54,LOW,7,other,200,e4ac914c08e63735dab126e743db14d82c432cb048a8d960b099714d35101621,DIRECT PRIMARY
3,PB263442(1).pdf,324,V03-P324,31,TIRF-055,55,HIGH,0,tire_identification,1099,cc4b90a7e6014c98c43339d7956b7d1d869431a17ecb776893c84bc4b240fbb5,DIRECT PRIMARY
3,PB263442(1).pdf,325,V03-P324,31,TIRF-055,55,HIGH,1,footprint_or_image,55,c0808b30ab7b6224707da0a5b6726abf9542c0fb6a8c4ad58c9592b4b4c89caf,DIRECT PRIMARY
3,PB263442(1).pdf,326,V03-P324,31,TIRF-055,55,HIGH,2,tire_uniformity,356,3a9b1f82653f7c3692483c962191c6c5dc0bf4bef3f28ed2a9d89e5b456d5293,DIRECT PRIMARY
3,PB263442(1).pdf,327,V03-P324,31,TIRF-055,55,HIGH,3,cornering_coefficients,1176,05afbf0a444f837555e12565f732dd94cc4b0344bfcedc11a729226a5eb8e739,DIRECT PRIMARY
3,PB263442(1).pdf,328,V03-P324,31,TIRF-055,55,HIGH,4,braking_plot,600,12a9f6c365212f4a9e24a617bbf2f532b40a2b64db000f88a446763cb9d4a3b5,DIRECT PRIMARY
3,PB263442(1).pdf,329,V03-P324,31,TIRF-055,55,HIGH,5,other,381,0478ba7e025cde3719ad742ead84bb0d7e0d7b30e4191d4db50372f440727559,DIRECT PRIMARY
3,PB263442(1).pdf,330,V03-P324,31,TIRF-055,55,HIGH,6,other,202,601684c1c3c216d8b189b56b87c53cb3e1b8a2f608ba7e36596d9dc3339cd667,DIRECT PRIMARY
3,PB263442(1).pdf,331,V03-P324,31,TIRF-055,55,HIGH,7,other,220,58234b7dbe7312d385c599ffea60c3780df94a21b01c54fff8a7f94d51149509,DIRECT PRIMARY
3,PB263442(1).pdf,332,V03-P332,32,TIRF-056,56,LOW,0,tire_identification,1164,df2c96713a200703fec8a5cd63fedefeeb8e5bd665a17bce5175182f47e7c8f3,DIRECT PRIMARY
3,PB263442(1).pdf,333,V03-P332,32,TIRF-056,56,LOW,1,footprint_or_image,18,a2b49757b28f024148c66ab9e447d39fd5de3f5157dad1146ccd918dbf54cf1d,DIRECT PRIMARY
3,PB263442(1).pdf,334,V03-P332,32,TIRF-056,56,LOW,2,tire_uniformity,349,fe03d92f68e78324bd3fd16c66d424ad87cf4cfdbb209b48fb9626d2265e140e,DIRECT PRIMARY
3,PB263442(1).pdf,335,V03-P332,32,TIRF-056,56,LOW,3,cornering_coefficients,1296,cba8577095ee8e3db0b00168230659401a3459291d540653f2ae874f1c4c0747,DIRECT PRIMARY
3,PB263442(1).pdf,336,V03-P332,32,TIRF-056,56,LOW,4,braking_plot,602,e0f5734631beca6b0181a81310715bedcc33bb30626d2c3f6ea33077c1352842,DIRECT PRIMARY
3,PB263442(1).pdf,337,V03-P332,32,TIRF-056,56,LOW,5,other,443,244c0e104b95d513ec56c54e35873361e19c7814ae3a71caca8e64206afb4c04,DIRECT PRIMARY
3,PB263442(1).pdf,338,V03-P332,32,TIRF-056,56,LOW,6,other,313,7528b143a7ce339243d44898727608f26e14bfaf4261bed444ae04259235b615,DIRECT PRIMARY
3,PB263442(1).pdf,339,V03-P332,32,TIRF-056,56,LOW,7,other,539,dd84413d2feab0909f3e301ad31b504381a9b050152addea914934585a4e7bb8,DIRECT PRIMARY
3,PB263442(1).pdf,340,V03-P340,33,TIRF-057,57,LOW,0,tire_identification,1065,ea8976b908f18a3ccc3967af6fa9b3cd22b181ef9117e0d07dd74a34cd94028b,DIRECT PRIMARY
3,PB263442(1).pdf,341,V03-P340,33,TIRF-057,57,LOW,1,footprint_or_image,31,75fc269c48927ff7a75627b40de71808301499260b42967dd7766ebeba8e7941,DIRECT PRIMARY
3,PB263442(1).pdf,342,V03-P340,33,TIRF-057,57,LOW,2,tire_uniformity,350,d4fbb45e04bb91c32c7a9f50af7465c8ebf7a4a12cb5745316e1cb37a00d992e,DIRECT PRIMARY
3,PB263442(1).pdf,343,V03-P340,33,TIRF-057,57,LOW,3,cornering_coefficients,1311,9d88b5f294556cd5674660045d8ff7c75f8dd3d927d64d01ef3a56fbb7e7e9eb,DIRECT PRIMARY
3,PB263442(1).pdf,344,V03-P340,33,TIRF-057,57,LOW,4,braking_coefficients,606,83513abbec956b57cd5df79c96851a674f4a56bb2ae6fdcdc13c15d01a35cf71,DIRECT PRIMARY
3,PB263442(1).pdf,345,V03-P340,33,TIRF-057,57,LOW,5,other,450,9e315c2fbba5785f545f0ae6fc9c65574119468269d8609b9c0d5766eb4b9310,DIRECT PRIMARY
3,PB263442(1).pdf,346,V03-P340,33,TIRF-057,57,LOW,6,other,343,c7d6172c4dad7139aa786e98d8d9188fef1b33d1aa103d8e66b5a50c7fa9fd16,DIRECT PRIMARY
3,PB263442(1).pdf,347,V03-P340,33,TIRF-057,57,LOW,7,other,625,c204ab31c0bcd02333a83a6bfda811788a18cfa232979a35ca8985281ce2254f,DIRECT PRIMARY
3,PB263442(1).pdf,348,V03-P348,34,TIRF-058,58,LOW,0,tire_identification,1293,2342a43b8ffc067e32853631d5cb74e2cd18da851237c1bd3620f3f8b359bb7d,DIRECT PRIMARY
3,PB263442(1).pdf,349,V03-P348,34,TIRF-058,58,LOW,1,footprint_or_image,13,38bed2e6ba94936edc1a443b25af0530d17a3c9c8b8e12d5a0193d11c8fa9225,DIRECT PRIMARY
3,PB263442(1).pdf,350,V03-P348,34,TIRF-058,58,LOW,2,tire_uniformity,350,dce2c8b4410377d22ce6f261ebb61a1ed2bb9bd0f334cc82ec2a5d8a67f0c98d,DIRECT PRIMARY
3,PB263442(1).pdf,351,V03-P348,34,TIRF-058,58,LOW,3,cornering_coefficients,1191,4fee00ccf4a48731be4f96b1f194f2ddd773203019f01bc80cdfb87d5ccfe7e7,DIRECT PRIMARY
3,PB263442(1).pdf,352,V03-P348,34,TIRF-058,58,LOW,4,braking_coefficients,604,2850d374adbbde02fbe9bb6c539909ce8b2428ef64def66b6dcf4d05d5e4168e,DIRECT PRIMARY
3,PB263442(1).pdf,353,V03-P348,34,TIRF-058,58,LOW,5,cornering_plot,400,12b8be4d84693d59df36b765570d5bef0b428decb7432d59e6be6b80f313c804,DIRECT PRIMARY
3,PB263442(1).pdf,354,V03-P348,34,TIRF-058,58,LOW,6,cornering_plot,170,0f79257c9d201a0e2ecf6d66b51eb072bd1c4cf3a5f1c8fc0800baed6f0bbe79,DIRECT PRIMARY
3,PB263442(1).pdf,355,V03-P348,34,TIRF-058,58,LOW,7,other,339,d2c4ab7da28e69a2126e2e9329de4b6dc1c78119ce9a3d75333ae7c374b32fe8,DIRECT PRIMARY
3,PB263442(1).pdf,356,V03-P356,35,TIRF-059,59,LOW,0,tire_identification,1140,8df4f77be7aa0cb9d72a28e4e3c7700efc8822522fae5f73f3dda083e7a8fbe4,DIRECT PRIMARY
3,PB263442(1).pdf,357,V03-P356,35,TIRF-059,59,LOW,1,footprint_or_image,5,c9ac11784b9c03b5172c67d91058906eca3450522b93a4f207c8fec3327ca5c6,DIRECT PRIMARY
3,PB263442(1).pdf,358,V03-P356,35,TIRF-059,59,LOW,2,tire_uniformity,348,78cb98dafeb636723766b9c8d0a3845eed9a83fe4c84f17c80ad376bc7c1a117,DIRECT PRIMARY
3,PB263442(1).pdf,359,V03-P356,35,TIRF-059,59,LOW,3,cornering_coefficients,1191,387be39f5418f41a895edff4bf65bfe1dd6de8c45c4e81fcb6d2d0592bce40b1,DIRECT PRIMARY
3,PB263442(1).pdf,360,V03-P356,35,TIRF-059,59,LOW,4,braking_coefficients,606,77a34996a1a522cb57c011e5ac6f42776f79d244330d5cbdc28c56cc88ad4ca5,DIRECT PRIMARY
3,PB263442(1).pdf,361,V03-P356,35,TIRF-059,59,LOW,5,cornering_plot,358,652d9bf3ca025d63a2c6c91c2665a79e647959d844bb7af17b59231f95492018,DIRECT PRIMARY
3,PB263442(1).pdf,362,V03-P356,35,TIRF-059,59,LOW,6,cornering_plot,218,8a29206fa909388954b98a063693e957e26697caeb2f368ced5fee15d6674166,DIRECT PRIMARY
3,PB263442(1).pdf,363,V03-P356,35,TIRF-059,59,LOW,7,other,588,6b625589f435fd7e3bd870212ce1bc15d9bb16fab79104a531a1f4bde9b13ca6,DIRECT PRIMARY
3,PB263442(1).pdf,364,V03-P364,36,TIRF-060,60,MEDIUM,0,tire_identification,1273,d611fb46daf1c4aac819b6185cd588a885cf6626e417f52f8fd0abacceec8022,DIRECT PRIMARY
3,PB263442(1).pdf,365,V03-P364,36,TIRF-060,60,MEDIUM,1,footprint_or_image,6,623807ac98ce0243513a9129680ed4e22b469b534c91db07ce41b177cea9cf94,DIRECT PRIMARY
3,PB263442(1).pdf,366,V03-P364,36,TIRF-060,60,MEDIUM,2,tire_uniformity,341,b32736d8664c82a33268e70abe150f612e768a0d29d2342d140305142964a86a,DIRECT PRIMARY
3,PB263442(1).pdf,367,V03-P364,36,TIRF-060,60,MEDIUM,3,cornering_coefficients,1178,be2c07a467bed0cc41daab0cf5c33c276b8970faa692fe21cc0967bfdcffbb18,DIRECT PRIMARY
3,PB263442(1).pdf,368,V03-P364,36,TIRF-060,60,MEDIUM,4,braking_coefficients,600,9692a481a724feb87b52e5e10ad6ed65d835c4cebe7b06b0874e1ec8cdd35e1a,DIRECT PRIMARY
3,PB263442(1).pdf,369,V03-P364,36,TIRF-060,60,MEDIUM,5,other,312,47639b60b544417877c3097a0fb20e6b8e51b8890687788521bde5003176f49c,DIRECT PRIMARY
3,PB263442(1).pdf,370,V03-P364,36,TIRF-060,60,MEDIUM,6,cornering_plot,193,f8775707a149fbbaef30d214f967f62de651d33780cddea437d480f0a9d6c313,DIRECT PRIMARY
3,PB263442(1).pdf,371,V03-P364,36,TIRF-060,60,MEDIUM,7,other,383,e0e3b1ab4c3d0855f15e500d753c25fe4f1dab135061e73ac1e83292c7fc6cea,DIRECT PRIMARY
3,PB263442(1).pdf,372,V03-P372,37,TIRF-061,61,LOW,0,tire_identification,1182,810626bcded5d8052fa4bd326ea68ed6a7ef21fea5f14c9b033471f080615314,DIRECT PRIMARY
3,PB263442(1).pdf,373,V03-P372,37,TIRF-061,61,LOW,1,footprint_or_image,46,78353e8997f4e51104564ff38442f58e6cf8be79fd20bd05853d7f420c65b1e5,DIRECT PRIMARY
3,PB263442(1).pdf,374,V03-P372,37,TIRF-061,61,LOW,2,tire_uniformity,350,80407485f16908c58e8176b516958c91089b44b256dfc9240d8ca3ad9c124179,DIRECT PRIMARY
3,PB263442(1).pdf,375,V03-P372,37,TIRF-061,61,LOW,3,cornering_coefficients,1308,e69655dc3dc676d34ae40e451a341cfd838915e65d466c217373e64a29b4772f,DIRECT PRIMARY
3,PB263442(1).pdf,376,V03-P372,37,TIRF-061,61,LOW,4,braking_coefficients,599,f7453156b22c004bfc03bd737d5ea5836c5e9ad28fd4ddd6d64f74d858e3d236,DIRECT PRIMARY
3,PB263442(1).pdf,377,V03-P372,37,TIRF-061,61,LOW,5,other,369,80a36438e79267e61e28e546bc1be66b658d4e72a0c6aff23cf9e2e06e2a68f2,DIRECT PRIMARY
3,PB263442(1).pdf,378,V03-P372,37,TIRF-061,61,LOW,6,other,252,cc54d609e22f7525857391e7b2a1df0b697da1dda9ded2cbf9ddba982d63927a,DIRECT PRIMARY
3,PB263442(1).pdf,379,V03-P372,37,TIRF-061,61,LOW,7,other,573,194e548fc4ac55afb33604de14d1939d5e13abca1e77f2394886d39e3cd02620,DIRECT PRIMARY
3,PB263442(1).pdf,380,V03-P380,38,TIRF-062,62,LOW,0,tire_identification,1150,78a5d618e460e87dbe510c1cc6bf6165473487858b925361282740d273a6376f,DIRECT PRIMARY
3,PB263442(1).pdf,381,V03-P380,38,TIRF-062,62,LOW,1,footprint_or_image,6,623807ac98ce0243513a9129680ed4e22b469b534c91db07ce41b177cea9cf94,DIRECT PRIMARY
3,PB263442(1).pdf,382,V03-P380,38,TIRF-062,62,LOW,2,tire_uniformity,356,6f8fea0ecb2b2aaa051c3bbe938ccad04cea1f462ee79d41ef24672a57ce56e7,DIRECT PRIMARY
3,PB263442(1).pdf,383,V03-P380,38,TIRF-062,62,LOW,3,cornering_coefficients,1311,2979c5d85df1843fdee87713f5735e98d01c10904a825d85a7effac6736e19d9,DIRECT PRIMARY
3,PB263442(1).pdf,384,V03-P380,38,TIRF-062,62,LOW,4,image_or_blank,0,e3b0c44298fc1c149afbf4c8996fb92427ae41e4649b934ca495991b7852b855,DIRECT PRIMARY
3,PB263442(1).pdf,385,V03-P380,38,TIRF-062,62,LOW,5,other,396,34ac217cc154ed938012a674f3d4cd13e2e2be92c632a3af118ed7ee2606be37,DIRECT PRIMARY
3,PB263442(1).pdf,386,V03-P380,38,TIRF-062,62,LOW,6,other,277,19679d9c8d69e03a897213945b0980a746df59766bc82481db405a0452329caa,DIRECT PRIMARY
3,PB263442(1).pdf,387,V03-P380,38,TIRF-062,62,LOW,7,other,575,38032353500fc91b335bd8661f7471f102d3b2749426202e7e40c9aed4b1846b,DIRECT PRIMARY
3,PB263442(1).pdf,388,V03-P388,39,TIRF-063,63,LOW,0,tire_identification,1146,753b59157d77e5714a47da959692d0798a342fa97808f125cf5147475156099c,DIRECT PRIMARY
3,PB263442(1).pdf,389,V03-P388,39,TIRF-063,63,LOW,1,footprint_or_image,25,d1081cb2ba0d8013bc92cec7e77ae7769ff21090bb99b47dfeff1528e5e03338,DIRECT PRIMARY
3,PB263442(1).pdf,390,V03-P388,39,TIRF-063,63,LOW,2,tire_uniformity,345,3fd23e05500fbd353cb08d24d4c2659912aef1849c86cde6dcdeb5c890ed7359,DIRECT PRIMARY
3,PB263442(1).pdf,391,V03-P388,39,TIRF-063,63,LOW,3,test_data,1324,f4a904a5f941ac1ad4ddd7b12ec93a19aa42c7e675023494c37b84cf50dcb23a,DIRECT PRIMARY
3,PB263442(1).pdf,392,V03-P388,39,TIRF-063,63,LOW,4,braking_coefficients,605,4ba096199e6d88c746955e6557a9b4e4b35efcd95e6a3c872316f7370370cca5,DIRECT PRIMARY
3,PB263442(1).pdf,393,V03-P388,39,TIRF-063,63,LOW,5,other,334,b354e1acc1596dfa9170de51df75b2a0bb7d511e97e1b89aff0b3f51b50b2c12,DIRECT PRIMARY
3,PB263442(1).pdf,394,V03-P388,39,TIRF-063,63,LOW,6,other,247,c7d9c0899a301776cc44823a3b0a954b5d0cbd4897fc7967d85af986b8d83ffa,DIRECT PRIMARY
3,PB263442(1).pdf,395,V03-P388,39,TIRF-063,63,LOW,7,other,498,a280030d352d0591c00149b26af0442539bd0255a3981c9305a274239b4792d5,DIRECT PRIMARY
3,PB263442(1).pdf,396,V03-P396,40,TIRF-064,64,LOW,0,tire_identification,1137,3ceea7c4d7abcfde41e2e8d502d1909b63d5ccccc960655c6f714b57c24e63c0,DIRECT PRIMARY
3,PB263442(1).pdf,397,V03-P396,40,TIRF-064,64,LOW,1,footprint_or_image,28,6620ebb9c50f731f1f80f8f7d4fb34855fadb68e47a1fb0ed5a32dd20a1802ce,DIRECT PRIMARY
3,PB263442(1).pdf,398,V03-P396,40,TIRF-064,64,LOW,2,tire_uniformity,348,5218a91ac6288dc492e6c40b2ac379992c2a5e7ab906f0970b0ffb6d58a46480,DIRECT PRIMARY
3,PB263442(1).pdf,399,V03-P396,40,TIRF-064,64,LOW,3,cornering_coefficients,1191,e8df57f532de53af6ef51539c9451ee0e81ffe55d9c07d154f27c209b2db535f,DIRECT PRIMARY
3,PB263442(1).pdf,400,V03-P396,40,TIRF-064,64,LOW,4,braking_coefficients,600,6f0832056f74b4121a43b0a1e9a9540b925ec792aa1e137377a4d1ace5384218,DIRECT PRIMARY
3,PB263442(1).pdf,401,V03-P396,40,TIRF-064,64,LOW,5,other,348,5ea2e7b3c6367c1bdead736a9dd8b41278129d9293140a9210774721e6267daa,DIRECT PRIMARY
3,PB263442(1).pdf,402,V03-P396,40,TIRF-064,64,LOW,6,other,240,5472ffa88ff121181ef2714f6ca2d10bbc3554a6bd9fffec1bb2e8d0f5007ff3,DIRECT PRIMARY
3,PB263442(1).pdf,403,V03-P396,40,TIRF-064,64,LOW,7,other,288,5fe34416ee02759d51f898541704506d6ce902e218b8f5b51543f79582ff18b1,DIRECT PRIMARY
3,PB263442(1).pdf,404,V03-P404,41,TIRF-065,65,MEDIUM,0,tire_identification,1110,6cacb854303962f56c9d892f9f94215309770085e94f7833ac1fd993fa926191,DIRECT PRIMARY
3,PB263442(1).pdf,405,V03-P404,41,TIRF-065,65,MEDIUM,1,footprint_or_image,104,d6eb73041c1db50f3515cf8234aaafb1fe872278dd26fb0222a3db8b5da383ea,DIRECT PRIMARY
3,PB263442(1).pdf,406,V03-P404,41,TIRF-065,65,MEDIUM,2,tire_uniformity,345,f9583af6f7d17f6aadf3905a85eaea5f3ed5831f4244618c32cd9df51bfdd658,DIRECT PRIMARY
3,PB263442(1).pdf,407,V03-P404,41,TIRF-065,65,MEDIUM,3,cornering_coefficients,1184,03405a7cb8cb62a618e11d68ac217f5ff1ee840064bf9044976e5672b17f60e8,DIRECT PRIMARY
3,PB263442(1).pdf,408,V03-P404,41,TIRF-065,65,MEDIUM,4,braking_plot,601,ad83edf0e4fc01680819e835a026285e715eaac4e2a112a0f942a78324f8434b,DIRECT PRIMARY
3,PB263442(1).pdf,409,V03-P404,41,TIRF-065,65,MEDIUM,5,other,329,638a2dd0da07900df42aa9ec016c9fc8042fbfce58c4af5d4a4c784035a5a910,DIRECT PRIMARY
3,PB263442(1).pdf,410,V03-P404,41,TIRF-065,65,MEDIUM,6,cornering_plot,235,d76fabe3645c768708a1c18162d0547cf305b28b884000344ca51847e71723ec,DIRECT PRIMARY
3,PB263442(1).pdf,411,V03-P404,41,TIRF-065,65,MEDIUM,7,other,493,25a03e82473f070fcfe5d5a7a3e6c66c7bef511e05b7808fea2eb9838e726c29,DIRECT PRIMARY
3,PB263442(1).pdf,412,V03-P412,42,TIRF-066,66,LOW,0,tire_identification,1232,a3791a94ca5684ca67cfcdd588ab92b740eae3f7cc3b079d8c09b885012c9118,DIRECT PRIMARY
3,PB263442(1).pdf,413,V03-P412,42,TIRF-066,66,LOW,1,footprint_or_image,62,d29f4b6a6b114e6c0900208b87714fbc82b5d1356aaff1877ac3246f564f6467,DIRECT PRIMARY
3,PB263442(1).pdf,414,V03-P412,42,TIRF-066,66,LOW,2,tire_uniformity,359,d0a52b8cf538d92384af4874b9b655b55e90bf2991c11b86e9a36e2c4e5cf637,DIRECT PRIMARY
3,PB263442(1).pdf,415,V03-P412,42,TIRF-066,66,LOW,3,cornering_coefficients,1214,3998451b9bdacec90b3a317ee4caae30251e51eb90a752ae7584cc00e10cd14a,DIRECT PRIMARY
3,PB263442(1).pdf,416,V03-P412,42,TIRF-066,66,LOW,4,braking_coefficients,601,e1bcef9a0d9d97bfc684f1a267e2ad1af72c6b4d858424e3602dff43c612f60b,DIRECT PRIMARY
3,PB263442(1).pdf,417,V03-P412,42,TIRF-066,66,LOW,5,other,345,a12a11e06b919558ac7f1a1ddbbcd1d325510661fb465840900d797cffdc5390,DIRECT PRIMARY
3,PB263442(1).pdf,418,V03-P412,42,TIRF-066,66,LOW,6,other,197,a59ac481546111ccf9cf0583f507953dfa35711db8b9554db809413be7d8ed2b,DIRECT PRIMARY
3,PB263442(1).pdf,419,V03-P412,42,TIRF-066,66,LOW,7,other,338,a071432e09652b4ee5235b11e0b87a43d81225f7e2a050a5ddf684c5603bfe76,DIRECT PRIMARY
3,PB263442(1).pdf,420,V03-P420,43,TIRF-067,67,LOW,0,tire_identification,1349,75e895eba022b2be5f03b5fa99703917df7a874f731c47b5080defb5ff519106,DIRECT PRIMARY
3,PB263442(1).pdf,421,V03-P420,43,TIRF-067,67,LOW,1,footprint_or_image,5,6ee763942fe4af5193af19467d8e50ee250200580ef3b41176601baf2bd397ef,DIRECT PRIMARY
3,PB263442(1).pdf,422,V03-P420,43,TIRF-067,67,LOW,2,tire_uniformity,354,901a614d2cb956525d8e117250e95fba3e3cb055940f302248d2cc47bb96899e,DIRECT PRIMARY
3,PB263442(1).pdf,423,V03-P420,43,TIRF-067,67,LOW,3,cornering_coefficients,1158,b126872037df222e7ee4a9da2406b990a84f9af2bd540e0a63eeb1e51d95ce4a,DIRECT PRIMARY
3,PB263442(1).pdf,424,V03-P420,43,TIRF-067,67,LOW,4,braking_coefficients,599,bb063d288a2d26a598bb268b8ba7b15c7a900f2cca4320026cf22a114a75b12b,DIRECT PRIMARY
3,PB263442(1).pdf,425,V03-P420,43,TIRF-067,67,LOW,5,other,328,5fb37b46c18e99d80a186cadfadaae5908b4d4baddcb7e9e19b4d6fd168ac758,DIRECT PRIMARY
3,PB263442(1).pdf,426,V03-P420,43,TIRF-067,67,LOW,6,cornering_plot,248,b8df113a26736b37a869047e65f36399bb3861d7a3b0e21c6da5f04b353b0649,DIRECT PRIMARY
3,PB263442(1).pdf,427,V03-P420,43,TIRF-067,67,LOW,7,other,608,e2578fbac935f011b1a6c6fc08ebf3d534bf3a400022cc7460e54c194cdd19f1,DIRECT PRIMARY
3,PB263442(1).pdf,428,V03-P428,44,TIRF-069,69,MEDIUM,0,tire_identification,1336,e0ce5e949fb52493f4e365589e68e1d99dc25f32e5c1b2f52ea509d04196b118,DIRECT PRIMARY
3,PB263442(1).pdf,429,V03-P428,44,TIRF-069,69,MEDIUM,1,footprint_or_image,0,e3b0c44298fc1c149afbf4c8996fb92427ae41e4649b934ca495991b7852b855,DIRECT PRIMARY
3,PB263442(1).pdf,430,V03-P428,44,TIRF-069,69,MEDIUM,2,tire_uniformity,347,0bfed0f06e136801cc89531308f0121dfc627fe05654cff0c234726afcbea87d,DIRECT PRIMARY
3,PB263442(1).pdf,431,V03-P428,44,TIRF-069,69,MEDIUM,3,cornering_coefficients,1188,21e9647ddae76ac283ea7a9a470588d6d8dd5672c056f1c8dc09c0c05a871c76,DIRECT PRIMARY
3,PB263442(1).pdf,432,V03-P428,44,TIRF-069,69,MEDIUM,4,braking_coefficients,601,930092ab414a6210823563b4b3eb6522d96bc780015b79316d69af8360e62401,DIRECT PRIMARY
3,PB263442(1).pdf,433,V03-P428,44,TIRF-069,69,MEDIUM,5,other,345,9c1d2d2b9f80cb675f1e6f8c6ab6bf8093b64b218ed8dc405f120405f9d8deca,DIRECT PRIMARY
3,PB263442(1).pdf,434,V03-P428,44,TIRF-069,69,MEDIUM,6,other,247,68a341aec110dd15d42298d1096c2255a0768eb428db1301b94ee10d2c2abdf1,DIRECT PRIMARY
3,PB263442(1).pdf,435,V03-P428,44,TIRF-069,69,MEDIUM,7,other,513,5ad0bd417f00b7b28435f229f4e6fe55513dbd283d2876ad9184f36de0d20723,DIRECT PRIMARY
3,PB263442(1).pdf,436,V03-P436,45,TIRF-070,70,LOW,0,tire_identification,1386,bec15b52ef217702d3070146020cb1e1b0a0b87beaae37709dd5ccd5c6fae189,DIRECT PRIMARY
3,PB263442(1).pdf,437,V03-P436,45,TIRF-070,70,LOW,1,footprint_or_image,34,99c630985da1eb4cb33ed50824795546cd4ab6a555092916f91f96695dea4477,DIRECT PRIMARY
3,PB263442(1).pdf,438,V03-P436,45,TIRF-070,70,LOW,2,tire_uniformity,360,97233ee8a54b56ed4dd70b8e189f3de6716bf1c6623ee0753fc6efa456306a46,DIRECT PRIMARY
3,PB263442(1).pdf,439,V03-P436,45,TIRF-070,70,LOW,3,cornering_coefficients,1190,575b5e7d66fecffcd8bcc2c7bf34fbaf63ea870751d4c137c3cdc913c9196042,DIRECT PRIMARY
3,PB263442(1).pdf,440,V03-P436,45,TIRF-070,70,LOW,4,braking_coefficients,598,5b6c292a7ce5e07ad897726ff3b4e4c74b6124469c4e8ca668a43178662e1f40,DIRECT PRIMARY
3,PB263442(1).pdf,441,V03-P436,45,TIRF-070,70,LOW,5,other,349,626e6f68f58fdbd19a55f50a9831035965e76baaa62c379f394410412cd3e522,DIRECT PRIMARY
3,PB263442(1).pdf,442,V03-P436,45,TIRF-070,70,LOW,6,cornering_plot,257,60ceda8d433ef1cfc422a048bb8e8eb3a71b363567c7ab1fc096706df2fd587f,DIRECT PRIMARY
3,PB263442(1).pdf,443,V03-P436,45,TIRF-070,70,LOW,7,other,697,62154ad11e26dc9668401cf865f785e9d476755d176aac560f6c33df7c41348a,DIRECT PRIMARY
3,PB263442(1).pdf,444,V03-P444,46,TIRF-071,71,LOW,0,tire_identification,1219,5890ad993af1ed2d4745bfee276f967e7dd901c882906f4e4e470e5842c2c966,DIRECT PRIMARY
3,PB263442(1).pdf,445,V03-P444,46,TIRF-071,71,LOW,1,footprint_or_image,28,c41f8f50870c7c5fb4a370a1e7f9763c39fe62854ba97cd68c38d64c3c8c7c16,DIRECT PRIMARY
3,PB263442(1).pdf,446,V03-P444,46,TIRF-071,71,LOW,2,other,359,301351167c141f902c1dc943815fb7d02ed9bd20d017924f1c247c5d9fac6abb,DIRECT PRIMARY
3,PB263442(1).pdf,447,V03-P444,46,TIRF-071,71,LOW,3,cornering_coefficients,1211,b057f9cefcddff3546e9d39965d38ba3966c02c1e2b9582b32dbdb1a6db1b3da,DIRECT PRIMARY
3,PB263442(1).pdf,448,V03-P444,46,TIRF-071,71,LOW,4,braking_coefficients,602,ce9d478aa08c573bccb3e7df43afcd4adfd57255e6ab9ddb39f93092a993b97c,DIRECT PRIMARY
3,PB263442(1).pdf,449,V03-P444,46,TIRF-071,71,LOW,5,cornering_plot,293,5d1e1768ab69174f61dbc7d001f99724d510822f0f06116a21ab2cc41b2da174,DIRECT PRIMARY
3,PB263442(1).pdf,450,V03-P444,46,TIRF-071,71,LOW,6,other,233,349f4de69d0b0ab97f724f518766490fb884e33193ec625209a23dd08127b1d2,DIRECT PRIMARY
3,PB263442(1).pdf,451,V03-P444,46,TIRF-071,71,LOW,7,other,119,9dcd89129c924ac631f4dbde39d29df459a7c3ff1556e30188c544129ffe1a86,DIRECT PRIMARY
3,PB263442(1).pdf,452,V03-P452,47,TIRF-072,72,LOW,0,tire_identification,1359,8cd0615fc86d9e46292994e3d07a1925dee673795dcb66b203638e834844c549,DIRECT PRIMARY
3,PB263442(1).pdf,453,V03-P452,47,TIRF-072,72,LOW,1,footprint_or_image,43,af15ee5b8dc7cf76339b6427ea94d47ab27b14131f426013b9da160c94a66865,DIRECT PRIMARY
3,PB263442(1).pdf,454,V03-P452,47,TIRF-072,72,LOW,2,tire_uniformity,379,98b0becb5815f130313b21056b8260412df405fd2c2981961f33daf5a38e9f6b,DIRECT PRIMARY
3,PB263442(1).pdf,455,V03-P452,47,TIRF-072,72,LOW,3,cornering_coefficients,1303,5090d9a598d215a88b2e5358f505bd8700a30de3d62f589bc0e90c458d96dc8d,DIRECT PRIMARY
3,PB263442(1).pdf,456,V03-P452,47,TIRF-072,72,LOW,4,braking_coefficients,602,854d847a847aead55029f029f83d32bdb9f9fce88430355ca3e857e38bacbf6b,DIRECT PRIMARY
3,PB263442(1).pdf,457,V03-P452,47,TIRF-072,72,LOW,5,other,472,2b9c13ce646d19500040c8e5449d1e1155a8099edc1ef5ce00ed1eea0e69706f,DIRECT PRIMARY
3,PB263442(1).pdf,458,V03-P452,47,TIRF-072,72,LOW,6,other,309,da03c4928e0b5b13c4ce8ec2c8cd9cfc55e91921fba3e505dd316e3b2b73c06f,DIRECT PRIMARY
3,PB263442(1).pdf,459,V03-P452,47,TIRF-072,72,LOW,7,other,472,cc82a9c8e6ca8d124f3867944e588d4f200868771939140e299cfb2215136659,DIRECT PRIMARY
3,PB263442(1).pdf,460,V03-P460,48,TIRF-073,73,MEDIUM,0,tire_identification,1151,eb0f219085952f61f187a0a8f664aad5e48faf5825173de38122e12aa063c8e8,DIRECT PRIMARY
3,PB263442(1).pdf,461,V03-P460,48,TIRF-073,73,MEDIUM,1,footprint_or_image,57,9e90a3623ec7379967dff50f78a5ab04dfc642b133aab5ed744cd8847463b3aa,DIRECT PRIMARY
3,PB263442(1).pdf,462,V03-P460,48,TIRF-073,73,MEDIUM,2,tire_uniformity,350,61f63cd306bea47b8dbd7c790d01465c585f4b0d7dbfdaf470974b8afc2b42a8,DIRECT PRIMARY
3,PB263442(1).pdf,463,V03-P460,48,TIRF-073,73,MEDIUM,3,cornering_coefficients,1297,8a8e43f39a55ad3aea37cfa3c10a0458668d3e8bc657ff28d779bbe9b5f6725b,DIRECT PRIMARY
3,PB263442(1).pdf,464,V03-P460,48,TIRF-073,73,MEDIUM,4,braking_coefficients,602,ddea1bf91899ce887abddf817736a47c083fb51702a5846cbe3613cadfee9762,DIRECT PRIMARY
3,PB263442(1).pdf,465,V03-P460,48,TIRF-073,73,MEDIUM,5,other,418,5d8a11f27f040b7fb4b87289f2109f316496faca3264e17ef69c3eb8a008e393,DIRECT PRIMARY
3,PB263442(1).pdf,466,V03-P460,48,TIRF-073,73,MEDIUM,6,cornering_plot,309,11b2989392ed9972800d6222ef9fd4f8d03cf71f01346eb4eb3c9d1ffd84187e,DIRECT PRIMARY
3,PB263442(1).pdf,467,V03-P460,48,TIRF-073,73,MEDIUM,7,other,416,29f4a1f5713c6f132371a2112aa6a128ee0ee4117bf863d5fa8c871e90db2f65,DIRECT PRIMARY
3,PB263442(1).pdf,468,V03-P468,49,TIRF-074,74,LOW,0,tire_identification,1158,bed4be30bcb890ff765e9e9675d405548b0ce550832e99ad0a064bce86cb807a,DIRECT PRIMARY
3,PB263442(1).pdf,469,V03-P468,49,TIRF-074,74,LOW,1,footprint_or_image,0,e3b0c44298fc1c149afbf4c8996fb92427ae41e4649b934ca495991b7852b855,DIRECT PRIMARY
3,PB263442(1).pdf,470,V03-P468,49,TIRF-074,74,LOW,2,tire_uniformity,351,ab1eecbda2056b3e43ecf74a8cf3395f212a01dcf13da7060e0c82cc8f48df5b,DIRECT PRIMARY
3,PB263442(1).pdf,471,V03-P468,49,TIRF-074,74,LOW,3,cornering_coefficients,1173,cf8e2f12a21d4b93ea67c2f136fbc1be48c58af6a797adde74b678dbc22256fc,DIRECT PRIMARY
3,PB263442(1).pdf,472,V03-P468,49,TIRF-074,74,LOW,4,braking_coefficients,601,63aa2c7f9b35925bc2eec3804f9b05b59c35ca81322ccc1c7f3e7610f65af698,DIRECT PRIMARY
3,PB263442(1).pdf,473,V03-P468,49,TIRF-074,74,LOW,5,cornering_plot,332,90379604a969e0db39e6bbe56bf72125f9cd73b7816cddcab6868acb3de8adbc,DIRECT PRIMARY
3,PB263442(1).pdf,474,V03-P468,49,TIRF-074,74,LOW,6,cornering_plot,252,e709bb0e6bf5fc154baf5a3db5c9fd257736c897b8d50878b05cd279cb6ea004,DIRECT PRIMARY
3,PB263442(1).pdf,475,V03-P468,49,TIRF-074,74,LOW,7,other,177,703a31cc7f367d1360bfdea3e81a2c02015529eae3d24f88a51cf26806e03eb1,DIRECT PRIMARY
3,PB263442(1).pdf,476,V03-P476,50,TIRF-075,75,LOW,0,tire_identification,1210,eadb311473eff1a607a014c7af54a88241c6f4f380b7230e47c8d0ffb37c2d27,DIRECT PRIMARY
3,PB263442(1).pdf,477,V03-P476,50,TIRF-075,75,LOW,1,footprint_or_image,9,0513ff181b0702556d86437da910bbdd83808012e1796a70982e707dbcc24336,DIRECT PRIMARY
3,PB263442(1).pdf,478,V03-P476,50,TIRF-075,75,LOW,2,tire_uniformity,350,9bd84316b0c94f11a775ea69136d3522383c170c818d26995caa21710749c851,DIRECT PRIMARY
3,PB263442(1).pdf,479,V03-P476,50,TIRF-075,75,LOW,3,cornering_coefficients,1209,a83304c42d06d5e88726a24e6ae3d59fd015e82a9736dc294be190486a8312a8,DIRECT PRIMARY
3,PB263442(1).pdf,480,V03-P476,50,TIRF-075,75,LOW,4,braking_plot,589,0fe8a109a294b672ef03e4e3776b233a7dcf35f9faa1b6e979cfc00fea01b825,DIRECT PRIMARY
3,PB263442(1).pdf,481,V03-P476,50,TIRF-075,75,LOW,5,other,365,588064a98b8b1d18421e9de278ba8f554ebb9d656c995db07a9a416cc41cfd1a,DIRECT PRIMARY
3,PB263442(1).pdf,482,V03-P476,50,TIRF-075,75,LOW,6,cornering_plot,220,9264d0fba8573101756360f23420dfdf943c6f69a26693a2d740d60617f458a6,DIRECT PRIMARY
3,PB263442(1).pdf,483,V03-P476,50,TIRF-075,75,LOW,7,other,315,9bfc1f6d5459f82d8338fe3c87bd9fa8325c5b1edd631395ade9965a324acf06,DIRECT PRIMARY
3,PB263442(1).pdf,484,V03-P476,50,TIRF-075,75,LOW,8,image_or_blank,0,e3b0c44298fc1c149afbf4c8996fb92427ae41e4649b934ca495991b7852b855,DIRECT PRIMARY
4,PB263443(1).pdf,1,,,,,,,test_data,393,1cfb4d12457b7299798eb6ad8631fb7cd3c8f92c21220ea1ab6c245eacf01b42,DIRECT PRIMARY
4,PB263443(1).pdf,2,,,,,,,other,226,a8b78c330ddcaadcfe2db183d2fef399a22c7cd38abe6a3894231b50d5fdf289,DIRECT PRIMARY
4,PB263443(1).pdf,3,,,,,,,test_data,2451,51e386b7e7683ac8c5ff11693c02134058cd5bd44006775b3836da0d01c28a02,DIRECT PRIMARY
4,PB263443(1).pdf,4,,,,,,,other,2424,32ec1f09528683460ea29c307a2071012280b56863329b4f9cc9ac86fbc88e9d,DIRECT PRIMARY
4,PB263443(1).pdf,5,,,,,,,test_data,970,aee68e19085027d00bb3d4c531dfe2759b5c5699d6fd898655c4c51b08851c50,DIRECT PRIMARY
4,PB263443(1).pdf,6,,,,,,,image_or_blank,31,b2e7c27052b46e69eeb205d5c3c51ef4f1de2edf25dbb1de278fc8598c24a46c,DIRECT PRIMARY
4,PB263443(1).pdf,7,,,,,,,combined_interaction,241,a97a6b66b57ebdcbd734daac154238fc7966137377ca2cf3f84a5ad6f2e0bb32,DIRECT PRIMARY
4,PB263443(1).pdf,8,,,,,,,tire_uniformity,593,fda4ff208b3beb1c0e453f1106881b0ab5b53ec8b334048188f0c8721e0e0032,DIRECT PRIMARY
4,PB263443(1).pdf,9,,,,,,,other,1112,d7e2d02b2e5c48cebb7b2300398f728730632449df9fff5ac2270b8ba4f54317,DIRECT PRIMARY
4,PB263443(1).pdf,10,,,,,,,image_or_blank,12,c54dd7d87581f664cccf11478e3a1118ab109b21f7375f22eb86eeaa29cfec37,DIRECT PRIMARY
4,PB263443(1).pdf,11,,,,,,,tire_uniformity,447,bd7d287e67e1c419b923db3790af8f967de1dac34a55ea2f34d3998343f654a8,DIRECT PRIMARY
4,PB263443(1).pdf,12,,,,,,,cornering_coefficients,1179,3e6178b26ec9bc0603dfa3ebf14cfc71beff322686361849fc8b81728f662a78,DIRECT PRIMARY
4,PB263443(1).pdf,13,,,,,,,braking_coefficients,617,7ce1292efcac8dbbe468c644e031729902892e72628642800c2c9738333040be,DIRECT PRIMARY
4,PB263443(1).pdf,14,,,,,,,other,353,f929a006ddeb69234fd09d60c3ded31f19be8f06fd6f0a08e4d356ca24d03394,DIRECT PRIMARY
4,PB263443(1).pdf,15,,,,,,,other,220,d6dc30e95fe4f8e1b8c26c15a6f18e7283da00578633af6d9dffd14c1b3c508c,DIRECT PRIMARY
4,PB263443(1).pdf,16,,,,,,,other,495,ec7058e234508ddc4f274f772e91467ff535cb2ee194828459aebd08f52fd070,DIRECT PRIMARY
4,PB263443(1).pdf,17,V04-P017,51,TIRF-076,76,LOW,0,tire_identification,1107,93e36fc3387c791485bf0a75aac0884d861a8c0c17fcc75807f0de4591fdec7b,DIRECT PRIMARY
4,PB263443(1).pdf,18,V04-P017,51,TIRF-076,76,LOW,1,footprint_or_image,49,4adcb061bc96a8384652dd49fb2cc05836c1f7826c5f9a17f420835242b45d06,DIRECT PRIMARY
4,PB263443(1).pdf,19,V04-P017,51,TIRF-076,76,LOW,2,tire_uniformity,406,14bd1fccf506ecfd8f018988057c8ae55244caef75ded0d95c1265e70c3ae060,DIRECT PRIMARY
4,PB263443(1).pdf,20,V04-P017,51,TIRF-076,76,LOW,3,cornering_coefficients,1183,dca9088331cfa93f135f8d335d55f203d3629cead473002e1d2b8235a5cbabe8,DIRECT PRIMARY
4,PB263443(1).pdf,21,V04-P017,51,TIRF-076,76,LOW,4,braking_coefficients,599,008d94121855f53b339b0b78de064a239e6cf95e0e4842d101b03a11112f9f42,DIRECT PRIMARY
4,PB263443(1).pdf,22,V04-P017,51,TIRF-076,76,LOW,5,other,363,d8ba7e857a563260d28abfadc3ef68d60d386fe9534a65342f4c747f9f756a99,DIRECT PRIMARY
4,PB263443(1).pdf,23,V04-P017,51,TIRF-076,76,LOW,6,cornering_plot,218,fd12abf4dd978e781f1e34d0b04c7a0ab3bba8e28de65036cb650a58c3807094,DIRECT PRIMARY
4,PB263443(1).pdf,24,V04-P017,51,TIRF-076,76,LOW,7,other,230,d70f6f6ac8742df14e5909b0b2dba89eca31527d0e81d2c730cb8183c299cb65,DIRECT PRIMARY
4,PB263443(1).pdf,25,V04-P025,52,TIRF-078,78,LOW,0,tire_identification,1073,71164417cfe99db5eb9a3f7fe7ce75768de09a8ab3f97c6cf81378f72432ce96,DIRECT PRIMARY
4,PB263443(1).pdf,26,V04-P025,52,TIRF-078,78,LOW,1,footprint_or_image,0,e3b0c44298fc1c149afbf4c8996fb92427ae41e4649b934ca495991b7852b855,DIRECT PRIMARY
4,PB263443(1).pdf,27,V04-P025,52,TIRF-078,78,LOW,2,tire_uniformity,409,08622e55df296669a61ea4f57f8a9f2eb5cd4e4a7ca6168c678d1a48d8a74cb2,DIRECT PRIMARY
4,PB263443(1).pdf,28,V04-P025,52,TIRF-078,78,LOW,3,cornering_coefficients,1188,dbfc4bf316b56897d52f0d494a483432823a0f71baebf9c841f0a3bf18f6b6c0,DIRECT PRIMARY
4,PB263443(1).pdf,29,V04-P025,52,TIRF-078,78,LOW,4,braking_plot,625,64f2a366f5615a6d3cccd551c368cfdfddb86d737d743ca11c66fcc2da2a9cb0,DIRECT PRIMARY
4,PB263443(1).pdf,30,V04-P025,52,TIRF-078,78,LOW,5,other,118,2f846b8233bcff74b7e25920b8638b2f54a39eec2c5b5b652395ba2f7a909314,DIRECT PRIMARY
4,PB263443(1).pdf,31,V04-P025,52,TIRF-078,78,LOW,6,cornering_plot,223,3a2361f68d1cb70ddd7b7bc3b892642a27664fdab629d2cbc1b8ec15bcf3a1f4,DIRECT PRIMARY
4,PB263443(1).pdf,32,V04-P025,52,TIRF-078,78,LOW,7,other,204,69317ec4349ca126e76c2cbbc5ac08ca7e08a405eefa3b5c2b54a0f6121d3c13,DIRECT PRIMARY
4,PB263443(1).pdf,33,V04-P033,53,TIRF-079,79,HIGH,0,tire_identification,1094,0a0689fb90e723be974f0c8f9596248dab6782da5931e765272fc117f885f8c7,DIRECT PRIMARY
4,PB263443(1).pdf,34,V04-P033,53,TIRF-079,79,HIGH,1,footprint_or_image,44,8008abccc048b65d80591625d2bf3bd7addf4eca684299b473d4c7cc851cddec,DIRECT PRIMARY
4,PB263443(1).pdf,35,V04-P033,53,TIRF-079,79,HIGH,2,tire_uniformity,426,567d87587446d706da4d7578c601335b9bd129ca3967309628d5058b13bd018e,DIRECT PRIMARY
4,PB263443(1).pdf,36,V04-P033,53,TIRF-079,79,HIGH,3,cornering_coefficients,1182,64ed628314b4183cc6b37fc2d14a5bcfdce51f5a8970905dbf7dde3c108c658d,DIRECT PRIMARY
4,PB263443(1).pdf,37,V04-P033,53,TIRF-079,79,HIGH,4,braking_coefficients,599,df846a847f4165fdca6c2a2028bbc63d2c550e9181e17712eab23b7e99e1ef6f,DIRECT PRIMARY
4,PB263443(1).pdf,38,V04-P033,53,TIRF-079,79,HIGH,5,other,351,64789c7debb02460b7671cc5d56332a1ab703d1358852399693ecf1815b600fb,DIRECT PRIMARY
4,PB263443(1).pdf,39,V04-P033,53,TIRF-079,79,HIGH,6,other,277,3eca977148da86a1fdc22f38b15b1a24db66961d186d740717b24f0e538335e3,DIRECT PRIMARY
4,PB263443(1).pdf,40,V04-P033,53,TIRF-079,79,HIGH,7,other,76,4c112468d5af1074398cdd14e08e4702a73c13895435835479a125348b111bcf,DIRECT PRIMARY
4,PB263443(1).pdf,41,V04-P041,54,TIRF-080,80,MEDIUM,0,tire_identification,1132,b4e50fa06dc14f9e0e581d3fec97d401c2a391c4014b650c3aa24d9e4fbac8bf,DIRECT PRIMARY
4,PB263443(1).pdf,42,V04-P041,54,TIRF-080,80,MEDIUM,1,footprint_or_image,21,cc84872f7a9b7e89492d45c8a1a23a0527181d8306cf7b7f308c6fd0d92b5064,DIRECT PRIMARY
4,PB263443(1).pdf,43,V04-P041,54,TIRF-080,80,MEDIUM,2,tire_uniformity,420,5979f5ab5b437e502469b6f36adace70928923e91997b1766a3db367ef64c0ee,DIRECT PRIMARY
4,PB263443(1).pdf,44,V04-P041,54,TIRF-080,80,MEDIUM,3,cornering_coefficients,1181,1b5ab88c9ec77d27e92bfc1b9536a0f79faedeb6cee8a6a2ca1f1a7baca280fd,DIRECT PRIMARY
4,PB263443(1).pdf,45,V04-P041,54,TIRF-080,80,MEDIUM,4,braking_coefficients,587,bd225415a752f6ae0eafc7d0c43b87859d3638cd3408cdde07babf21cb853315,DIRECT PRIMARY
4,PB263443(1).pdf,46,V04-P041,54,TIRF-080,80,MEDIUM,5,other,113,449ca1a15f004e35fdb5d160c1fb9391a40ddcefdc42c831eb02e176e83cf5cf,DIRECT PRIMARY
4,PB263443(1).pdf,47,V04-P041,54,TIRF-080,80,MEDIUM,6,other,238,d765c783bd8731f3f680ec9acf7ce89397695f53740e19c8ec60021c43be2f8f,DIRECT PRIMARY
4,PB263443(1).pdf,48,V04-P041,54,TIRF-080,80,MEDIUM,7,other,515,3b3288d43577d6353fc030ddb8d570388e8283a16dbb7ad179f88422d1baf97a,DIRECT PRIMARY
4,PB263443(1).pdf,49,V04-P041,54,TIRF-080,80,MEDIUM,8,other,1129,40fe24f6af1886fecaf21a2e8016d60e9fd7e3943b5e336e6b58cfe1368e6949,DIRECT PRIMARY
4,PB263443(1).pdf,50,V04-P041,54,TIRF-080,80,MEDIUM,9,other,52,665e6208acacfb568846732103ce134facd8cd029db0ef5d6ca5ae7ea1b1cb8d,DIRECT PRIMARY
4,PB263443(1).pdf,51,V04-P041,54,TIRF-080,80,MEDIUM,10,tire_uniformity,459,413f7b01de33033f61b7db6224a923678947dc58cfd0c3e827927d59f5133914,DIRECT PRIMARY
4,PB263443(1).pdf,52,V04-P041,54,TIRF-080,80,MEDIUM,11,cornering_coefficients,1181,d7325f219d2e857b6cbc531171bed54f31b0f4ce5e72b0fd2770a057ed62793a,DIRECT PRIMARY
4,PB263443(1).pdf,53,V04-P041,54,TIRF-080,80,MEDIUM,12,braking_coefficients,612,c4d9b6716582b882837a7b17df4faea139bebb1efc72b6b8ae278f6ea01e5bf2,DIRECT PRIMARY
4,PB263443(1).pdf,54,V04-P041,54,TIRF-080,80,MEDIUM,13,other,305,0f2ff9808a939b672f56d92e091d9758e9d0f03379062fb872abf244c636af57,DIRECT PRIMARY
4,PB263443(1).pdf,55,V04-P041,54,TIRF-080,80,MEDIUM,14,other,314,54163e627879bd544cc28944024c4dbfedbf05625055c7ea32890971aeec3e93,DIRECT PRIMARY
4,PB263443(1).pdf,56,V04-P041,54,TIRF-080,80,MEDIUM,15,other,493,ab1a817002b92a1495a52b7085ff22b0a3a26f13aca045e70ba7948e9fa8e870,DIRECT PRIMARY
4,PB263443(1).pdf,57,V04-P057,55,TIRF-081,81,MEDIUM,0,tire_identification,1053,9cfd724dab72d7d5227c6247462f0bcf6fba1341158d2820133ffd11452de78e,DIRECT PRIMARY
4,PB263443(1).pdf,58,V04-P057,55,TIRF-081,81,MEDIUM,1,footprint_or_image,62,326b34a2a47b74b2401c7a904fe221949a6153eb762390bb4947e8f0dd803494,DIRECT PRIMARY
4,PB263443(1).pdf,59,V04-P057,55,TIRF-081,81,MEDIUM,2,tire_uniformity,352,36275099aa36b97edce9d77708dfedb309febd21d20f8527c108b0702a57347a,DIRECT PRIMARY
4,PB263443(1).pdf,60,V04-P057,55,TIRF-081,81,MEDIUM,3,cornering_coefficients,1176,22b1a6e734f4e14ee2e30c4e185a4e62a2e3c206767061a41a5c0339542c12bf,DIRECT PRIMARY
4,PB263443(1).pdf,61,V04-P057,55,TIRF-081,81,MEDIUM,4,other,583,65eb887b41707f4c4d60f32f24845dac7f891a651762bc9a70ff06c23ce67e95,DIRECT PRIMARY
4,PB263443(1).pdf,62,V04-P057,55,TIRF-081,81,MEDIUM,5,other,339,973dea6ae8289b352ebb6ed9923c82273af0699a77f8f0d5870ba6d0cc759f2a,DIRECT PRIMARY
4,PB263443(1).pdf,63,V04-P057,55,TIRF-081,81,MEDIUM,6,cornering_plot,204,16f819c136a50b2c3322c32396ad05b2fa7279f9428d590ee9ddb2962ae61e16,DIRECT PRIMARY
4,PB263443(1).pdf,64,V04-P057,55,TIRF-081,81,MEDIUM,7,other,243,c6b85a7cbc8befc1e803ffd7f3515c20cee6497c00ed109a39bd2e828f2f6e3f,DIRECT PRIMARY
4,PB263443(1).pdf,65,V04-P057,55,TIRF-081,81,MEDIUM,8,other,1224,24fa1d516bf31d8546b3c51ed9ce4b7cac3b4f2218dac51f3c35bcfecb9e68ba,DIRECT PRIMARY
4,PB263443(1).pdf,66,V04-P057,55,TIRF-081,81,MEDIUM,9,image_or_blank,0,e3b0c44298fc1c149afbf4c8996fb92427ae41e4649b934ca495991b7852b855,DIRECT PRIMARY
4,PB263443(1).pdf,67,V04-P057,55,TIRF-081,81,MEDIUM,10,tire_uniformity,455,cb9e919d1f30af7063cec0135d910c7a2cee3af4fae3ddd50a210c4de6543781,DIRECT PRIMARY
4,PB263443(1).pdf,68,V04-P057,55,TIRF-081,81,MEDIUM,11,cornering_coefficients,1180,86454b5b61e4e73ee53ca8a1e5f2db887c8c74e59ccf040acc037a828386940a,DIRECT PRIMARY
4,PB263443(1).pdf,69,V04-P057,55,TIRF-081,81,MEDIUM,12,braking_coefficients,621,65e141b68b652b5dee56b1f1c52ee22fbf1b39ea5c48ef121af37bbd642e1b2e,DIRECT PRIMARY
4,PB263443(1).pdf,70,V04-P057,55,TIRF-081,81,MEDIUM,13,other,326,4b08d5d68502c2f4701b07ae3ae159fac9047dca60437e773b81f35f8e484d75,DIRECT PRIMARY
4,PB263443(1).pdf,71,V04-P057,55,TIRF-081,81,MEDIUM,14,other,217,1c4f1bf0abd1734159a540f684b18c8086de3ee0abd6dc82da9ba576d9478df6,DIRECT PRIMARY
4,PB263443(1).pdf,72,V04-P057,55,TIRF-081,81,MEDIUM,15,other,223,4ae8eb549088169e8533aa599178e43d85676b762c7351ad8aa597c24526c9c4,DIRECT PRIMARY
4,PB263443(1).pdf,73,V04-P057,55,TIRF-081,81,MEDIUM,16,other,1170,c7623691ef3533e8ef8ee52c7774dc804252d8d883b315ff1b51338857b0c766,DIRECT PRIMARY
4,PB263443(1).pdf,74,V04-P057,55,TIRF-081,81,MEDIUM,17,other,44,2e9f98165bacbb96524e111c1dc72216b9fe9d6a896af06c042612c0419c9731,DIRECT PRIMARY
4,PB263443(1).pdf,75,V04-P057,55,TIRF-081,81,MEDIUM,18,tire_uniformity,529,f2542a1e6173703b459182f7df2c15927f8b616c4cc1a39027ce1e40dab7905d,DIRECT PRIMARY
4,PB263443(1).pdf,76,V04-P057,55,TIRF-081,81,MEDIUM,19,cornering_coefficients,1277,0cbd1814c22f67bb3b8948e6375f1866587469703188fa66887888c39fdf620d,DIRECT PRIMARY
4,PB263443(1).pdf,77,V04-P057,55,TIRF-081,81,MEDIUM,20,braking_plot,613,c44243f22e83835ba3b77ab0b0e20b8da3e10ffa0aeba8f0339dfaaf31d94968,DIRECT PRIMARY
4,PB263443(1).pdf,78,V04-P057,55,TIRF-081,81,MEDIUM,21,other,441,c68a6cf7d209fe5e977417dbfd9daba76153012eee051cee7e1920fc33fb9819,DIRECT PRIMARY
4,PB263443(1).pdf,79,V04-P057,55,TIRF-081,81,MEDIUM,22,other,231,f08cb5b90c797bf7e3d7c36c0021cfe93d14c4ef9bf61e82b44c9b8e8749d8cf,DIRECT PRIMARY
4,PB263443(1).pdf,80,V04-P057,55,TIRF-081,81,MEDIUM,23,other,425,a9a1f469acc217d28ac0d9d512835ddaa207a054aa10b396b29cb5b83fbd2790,DIRECT PRIMARY
4,PB263443(1).pdf,81,V04-P057,55,TIRF-081,81,MEDIUM,24,other,1165,485fe90292b3c729dba3d9571d4103af1f9816ba6b1d770bd70d256f77e8ce99,DIRECT PRIMARY
4,PB263443(1).pdf,82,V04-P057,55,TIRF-081,81,MEDIUM,25,image_or_blank,24,9dd26cbe2b2beffbcedc9ffa1df72892a3e0d2867481be2b6ea87e32dc0ff6f5,DIRECT PRIMARY
4,PB263443(1).pdf,83,V04-P057,55,TIRF-081,81,MEDIUM,26,tire_uniformity,555,6695f0420bd90b82e73770923654af4d34e240fbbb4045989d48e287c724be96,DIRECT PRIMARY
4,PB263443(1).pdf,84,V04-P057,55,TIRF-081,81,MEDIUM,27,cornering_coefficients,1195,69d3c5d2a5175314eee57cfee2bd156034602f2c872c005259aaa415365c4792,DIRECT PRIMARY
4,PB263443(1).pdf,85,V04-P057,55,TIRF-081,81,MEDIUM,28,braking_plot,627,1961b76752e08e245794a1a550d202eb363719abf68c00a9199b86153d9ed04e,DIRECT PRIMARY
4,PB263443(1).pdf,86,V04-P057,55,TIRF-081,81,MEDIUM,29,other,171,88b3828f0ec82cba67c0395cd8a3d0bc8a31435ee852cf57c48fc8c75460c6fe,DIRECT PRIMARY
4,PB263443(1).pdf,87,V04-P057,55,TIRF-081,81,MEDIUM,30,other,204,56df78cb2f973d0039d2c125f6afaa964b0bc56c7789213f2346ac6a9eb3edb4,DIRECT PRIMARY
4,PB263443(1).pdf,88,V04-P057,55,TIRF-081,81,MEDIUM,31,other,185,df10028bab063333ff25a9e4bd6cc95ad2466e97ddb5e7923a26b24f0625ffb4,DIRECT PRIMARY
4,PB263443(1).pdf,89,V04-P089,56,TIRF-085,85,MEDIUM,0,tire_identification,1111,6105cd9673fbbe901b07bfafdbb606dbf39f8023e4555f326bda9b49c57c1516,DIRECT PRIMARY
4,PB263443(1).pdf,90,V04-P089,56,TIRF-085,85,MEDIUM,1,footprint_or_image,4,91026b00a4799a801611ef0d298195d0603e0471ec787fb4679b0018ec9078e0,DIRECT PRIMARY
4,PB263443(1).pdf,91,V04-P089,56,TIRF-085,85,MEDIUM,2,tire_uniformity,521,1c2a6bb10918dac20fcb4ca23e62b6a66f3ce61e2d249003e2a0da8c7ae008f1,DIRECT PRIMARY
4,PB263443(1).pdf,92,V04-P089,56,TIRF-085,85,MEDIUM,3,cornering_coefficients,1194,ac13b46085e1741abaad7368e22f4c02b3c819935f17c06684e0ccfef15c9b23,DIRECT PRIMARY
4,PB263443(1).pdf,93,V04-P089,56,TIRF-085,85,MEDIUM,4,braking_coefficients,621,2044f8add5e140c749f074fe79dc880d2651aee003063da462238cbd592628c4,DIRECT PRIMARY
4,PB263443(1).pdf,94,V04-P089,56,TIRF-085,85,MEDIUM,5,other,294,4a476a43c3522da7b9ad2d7febe6226effbcb181dd3b3e015c3bcf973b4b9360,DIRECT PRIMARY
4,PB263443(1).pdf,95,V04-P089,56,TIRF-085,85,MEDIUM,6,other,219,ca56a9e8010a3085893b261f1cd7b5836a1e58490bdb23d109ca1defa3554901,DIRECT PRIMARY
4,PB263443(1).pdf,96,V04-P089,56,TIRF-085,85,MEDIUM,7,other,302,ad151479f5ea64072d3bee38f86b15025ddee83674856780bc2be73803a80cfa,DIRECT PRIMARY
4,PB263443(1).pdf,97,V04-P097,57,TIRF-088,88,MEDIUM,0,tire_identification,1089,cf955f4a84988e11275f570ed909929a480c85085e7adab5e6d0979c186f6042,DIRECT PRIMARY
4,PB263443(1).pdf,98,V04-P097,57,TIRF-088,88,MEDIUM,1,footprint_or_image,0,e3b0c44298fc1c149afbf4c8996fb92427ae41e4649b934ca495991b7852b855,DIRECT PRIMARY
4,PB263443(1).pdf,99,V04-P097,57,TIRF-088,88,MEDIUM,2,tire_uniformity,399,17923b552ea7fe744a8f0b26ad9254f156c747a44288057216080e5d637636fb,DIRECT PRIMARY
4,PB263443(1).pdf,100,V04-P097,57,TIRF-088,88,MEDIUM,3,cornering_coefficients,1192,09604e8ce809982e6cb11b6cab262c1c301130b6c312b82361b0dd6978863d2b,DIRECT PRIMARY
4,PB263443(1).pdf,101,V04-P097,57,TIRF-088,88,MEDIUM,4,braking_plot,609,142c29c8a2f67981a2a5110d9e4b3bf9e7478598e97dd4f998c1a91232c57db8,DIRECT PRIMARY
4,PB263443(1).pdf,102,V04-P097,57,TIRF-088,88,MEDIUM,5,other,275,f1545e3d12c844d6fef75a01ce55bc9efa62dd6a386a89e175ae79225ebc4a36,DIRECT PRIMARY
4,PB263443(1).pdf,103,V04-P097,57,TIRF-088,88,MEDIUM,6,other,191,e6ed4e71ba101875228fd0e9a27ec8bbc887c456fd8505d4f7c3536384affeed,DIRECT PRIMARY
4,PB263443(1).pdf,104,V04-P097,57,TIRF-088,88,MEDIUM,7,other,175,0f97a16653ea6764797ec6959aed040382468b7e3052b0b28bb59dfec3448853,DIRECT PRIMARY
4,PB263443(1).pdf,105,V04-P105,58,TIRF-089,89,MEDIUM,0,tire_identification,1090,33d5fa47edd28cf5176705fb340a239617a2c5d57e6e975e65d71b22e729a337,DIRECT PRIMARY
4,PB263443(1).pdf,106,V04-P105,58,TIRF-089,89,MEDIUM,1,footprint_or_image,27,5c584059f37508d0c0a28daa64bb39e956fb0e59db6e40b22198b8bbbcf9111e,DIRECT PRIMARY
4,PB263443(1).pdf,107,V04-P105,58,TIRF-089,89,MEDIUM,2,tire_uniformity,549,5befd7edec4e5b8bff73ae7169ed89b7bba648f0f1e670596419b8188641441e,DIRECT PRIMARY
4,PB263443(1).pdf,108,V04-P105,58,TIRF-089,89,MEDIUM,3,cornering_coefficients,1180,161b0b593b58307d38f47b86464a1cacd8579a41fbc255dfb8ef4e6427789535,DIRECT PRIMARY
4,PB263443(1).pdf,109,V04-P105,58,TIRF-089,89,MEDIUM,4,braking_coefficients,603,bbceb56c5f9a08f0aa8dffe1ebcf09430031b1494a818c48ef311aae8991da8c,DIRECT PRIMARY
4,PB263443(1).pdf,110,V04-P105,58,TIRF-089,89,MEDIUM,5,cornering_plot,297,a4376cec19ccba27feed4ba4350a73aea68df191ad3854e648aeba7923af70db,DIRECT PRIMARY
4,PB263443(1).pdf,111,V04-P105,58,TIRF-089,89,MEDIUM,6,other,191,7787546b0620733772fb17226565befe8275bd6b12a68d492e0c5748d1ddf2c9,DIRECT PRIMARY
4,PB263443(1).pdf,112,V04-P105,58,TIRF-089,89,MEDIUM,7,other,172,8a9594b3db2e3a7141702c16c22dddecfc2765a083b3d147a9aac30ffd105915,DIRECT PRIMARY
4,PB263443(1).pdf,113,V04-P113,59,TIRF-091,91,LOW,0,tire_identification,1114,d77bed1ab569187f878aec9fcaf0b7d64e1421e1a6a50a5c38df4cc8b0f09ea4,DIRECT PRIMARY
4,PB263443(1).pdf,114,V04-P113,59,TIRF-091,91,LOW,1,footprint_or_image,0,e3b0c44298fc1c149afbf4c8996fb92427ae41e4649b934ca495991b7852b855,DIRECT PRIMARY
4,PB263443(1).pdf,115,V04-P113,59,TIRF-091,91,LOW,2,tire_uniformity,423,dd27e79796586737f8f17f97a2f5e6a5f3ef23e1b7bb2edda1761c2b16fb9ae2,DIRECT PRIMARY
4,PB263443(1).pdf,116,V04-P113,59,TIRF-091,91,LOW,3,cornering_coefficients,1190,bdd6f9e2d2b025a3f3411ef1e9266624dbe7748f4b602a83d0aa5a48a78b0303,DIRECT PRIMARY
4,PB263443(1).pdf,117,V04-P113,59,TIRF-091,91,LOW,4,braking_coefficients,605,df462387da7f80515291c850e4738783e284eaa35743360a5da1adb2f1c6eced,DIRECT PRIMARY
4,PB263443(1).pdf,118,V04-P113,59,TIRF-091,91,LOW,5,cornering_plot,388,a2efe97041d658ad7481e1c8112822a45314ee141ec7ad0128b1d0b57fa1501a,DIRECT PRIMARY
4,PB263443(1).pdf,119,V04-P113,59,TIRF-091,91,LOW,6,other,262,e3bd651219e5fd17409155d6b2a8ddfb86f3eb004236423a238158dc158a4bd1,DIRECT PRIMARY
4,PB263443(1).pdf,120,V04-P113,59,TIRF-091,91,LOW,7,other,463,b2ab57a09e592589b4f5c259a17f391b087ccd4b1bfa9fc4328c0a59ad3f58a9,DIRECT PRIMARY
4,PB263443(1).pdf,121,V04-P121,60,TIRF-092,92,HIGH,0,tire_identification,1076,69a84c0516edef0ab78af9c7c490a5fadd2a7e884811f6996fdb74beb1227d6d,DIRECT PRIMARY
4,PB263443(1).pdf,122,V04-P121,60,TIRF-092,92,HIGH,1,footprint_or_image,65,d31d533129ce5a97a806f4fff5f18d009190fa0bfcee692578ab51661ecdfb2a,DIRECT PRIMARY
4,PB263443(1).pdf,123,V04-P121,60,TIRF-092,92,HIGH,2,tire_uniformity,473,819f322da01c9c059457f475a7ff66db45931245fe502122d9fbbac4617ce810,DIRECT PRIMARY
4,PB263443(1).pdf,124,V04-P121,60,TIRF-092,92,HIGH,3,cornering_coefficients,1188,382ef2b560c851baa2469f2d16017cad3f895e53f3264a524ff97a3e268b7833,DIRECT PRIMARY
4,PB263443(1).pdf,125,V04-P121,60,TIRF-092,92,HIGH,4,braking_coefficients,600,335dbcd73c78180b43f364cd11182e1dfff856c5ed020d552ab9b05c23999498,DIRECT PRIMARY
4,PB263443(1).pdf,126,V04-P121,60,TIRF-092,92,HIGH,5,other,376,b6aa1ec7ce46fd3c5e0efe654361021187ec733cffb98300f680469ff7c0b11c,DIRECT PRIMARY
4,PB263443(1).pdf,127,V04-P121,60,TIRF-092,92,HIGH,6,other,234,57c234b0e2ee077e6c3d77ad8c4fcace045aed7542df903843b597ec28907865,DIRECT PRIMARY
4,PB263443(1).pdf,128,V04-P121,60,TIRF-092,92,HIGH,7,other,213,e2db2fac77017d1b6d95ff9f6db101358dd691ca9b7a0b7c6e0a66ed9747fba3,DIRECT PRIMARY
4,PB263443(1).pdf,129,V04-P129,61,TIRF-093,93,HIGH,0,tire_identification,1073,0a68024dfd92d10fb9033e1cd49aa981a094f90a268edca880d7158a35b945cb,DIRECT PRIMARY
4,PB263443(1).pdf,130,V04-P129,61,TIRF-093,93,HIGH,1,footprint_or_image,11,da54dab67033ec9e454bbb49c826e8654f94a13346a9cce95169d8cfa34ce3d2,DIRECT PRIMARY
4,PB263443(1).pdf,131,V04-P129,61,TIRF-093,93,HIGH,2,tire_uniformity,401,54f081d18910973510a649d2d17fe8fdcac2ea9bce5b0e01448709110d794010,DIRECT PRIMARY
4,PB263443(1).pdf,132,V04-P129,61,TIRF-093,93,HIGH,3,cornering_coefficients,1185,ed3bd2839b92edfd2a3ce83376a2102a13c1e7b278e46c3523322cabf4f26bf6,DIRECT PRIMARY
4,PB263443(1).pdf,133,V04-P129,61,TIRF-093,93,HIGH,4,braking_coefficients,598,5a3e3cb28c646b840493f6878e566f8271bdec6992636447c12e299dd58fe7cc,DIRECT PRIMARY
4,PB263443(1).pdf,134,V04-P129,61,TIRF-093,93,HIGH,5,other,368,4d7ca66906456858fc2481c40e4df45971107457de6ee72336bd5b7fa2397aa5,DIRECT PRIMARY
4,PB263443(1).pdf,135,V04-P129,61,TIRF-093,93,HIGH,6,other,198,48390901cf5573d0774b36a343dd5126293d5783d3f14c70eddaddc2ca29bb48,DIRECT PRIMARY
4,PB263443(1).pdf,136,V04-P129,61,TIRF-093,93,HIGH,7,other,331,5c7df7d8c57c081a2d0ccfc9f5a33f0086f30af0a2ef465465fce57aab97693c,DIRECT PRIMARY
4,PB263443(1).pdf,137,V04-P137,62,TIRF-094,94,HIGH,0,tire_identification,1041,93ac4bd4bce4da54c012516068f47a8aa0931afe723134d2ce35734d6febda30,DIRECT PRIMARY
4,PB263443(1).pdf,138,V04-P137,62,TIRF-094,94,HIGH,1,footprint_or_image,37,9fefaf621d80cd1f869753b62578bea849c9329ed333564cc95d9fc2139873f6,DIRECT PRIMARY
4,PB263443(1).pdf,139,V04-P137,62,TIRF-094,94,HIGH,2,tire_uniformity,439,3a4fc3f35dc736ba723c64b8646e8a9a148337984ce14e7dd40696a4793ea5fd,DIRECT PRIMARY
4,PB263443(1).pdf,140,V04-P137,62,TIRF-094,94,HIGH,3,cornering_coefficients,1185,34ff5a03631bc5790057d1cff81edf9784ef004f18078a8c1b16a7b53bbd8e08,DIRECT PRIMARY
4,PB263443(1).pdf,141,V04-P137,62,TIRF-094,94,HIGH,4,braking_coefficients,595,4d7bd1f6d578cd7dffc3750dc8b529ab7261fed269e33ae2e5efb06480c685c5,DIRECT PRIMARY
4,PB263443(1).pdf,142,V04-P137,62,TIRF-094,94,HIGH,5,other,328,c01598e57888eb79752b8e374831feebde913c358752c07b421ee27405acccd4,DIRECT PRIMARY
4,PB263443(1).pdf,143,V04-P137,62,TIRF-094,94,HIGH,6,cornering_plot,222,4c556b6f82da6544aaf5060e581ace4b47c8719e591cb336b97f8be6df4eb410,DIRECT PRIMARY
4,PB263443(1).pdf,144,V04-P137,62,TIRF-094,94,HIGH,7,other,84,0a23360f1944531a12a098ea41f773b3e7f70229a8acef0afebd8d809e97b21d,DIRECT PRIMARY
4,PB263443(1).pdf,145,V04-P145,63,TIRF-095,95,HIGH,0,tire_identification,1091,327628126d1c6e7b31dac5dd9214afa2369630e97c350d44b04a63e954d94e0f,DIRECT PRIMARY
4,PB263443(1).pdf,146,V04-P145,63,TIRF-095,95,HIGH,1,footprint_or_image,46,07388e007ff4bdab69112543848c7b5c7291a315eaf1e083c9553edcb507c69b,DIRECT PRIMARY
4,PB263443(1).pdf,147,V04-P145,63,TIRF-095,95,HIGH,2,other,527,00b3e7224fca83642a3c1078d72de56c042e5c1a77ae07403f26aedc5a438fde,DIRECT PRIMARY
4,PB263443(1).pdf,148,V04-P145,63,TIRF-095,95,HIGH,3,cornering_coefficients,1294,7756235c8e59b9a8998c3e83d1c7bfb0debbd9d2c3aa795035416ad0a0dd7bc0,DIRECT PRIMARY
4,PB263443(1).pdf,149,V04-P145,63,TIRF-095,95,HIGH,4,braking_coefficients,612,d5eef18e710f893dd33426b9f9d706ed6f1ffc33e7b80fabb2370dad977ea892,DIRECT PRIMARY
4,PB263443(1).pdf,150,V04-P145,63,TIRF-095,95,HIGH,5,other,389,4e0cbe790c5fad400741c16be45bd3cf489fe425b27a9f6e288fcffb06f5bfed,DIRECT PRIMARY
4,PB263443(1).pdf,151,V04-P145,63,TIRF-095,95,HIGH,6,other,303,830f1509e127ffb7a0b3776a84a5333c157517c87b76b1ab9af34f787164fdd9,DIRECT PRIMARY
4,PB263443(1).pdf,152,V04-P145,63,TIRF-095,95,HIGH,7,other,77,59e20e0578970a636c912fe5c1324feb6808efbb4c69794fe236acbe7eeb04f3,DIRECT PRIMARY
4,PB263443(1).pdf,153,V04-P153,64,TIRF-096,96,MEDIUM,0,tire_identification,1091,03739ca9378a5f227a45d29ec2568fa794428dba1f35f2d2ef6c21270c68780c,DIRECT PRIMARY
4,PB263443(1).pdf,154,V04-P153,64,TIRF-096,96,MEDIUM,1,footprint_or_image,4,f0eb95ad1a9368cdada337490fdaed75fd10ec717e41649c2e62adf7e7e3d08d,DIRECT PRIMARY
4,PB263443(1).pdf,155,V04-P153,64,TIRF-096,96,MEDIUM,2,tire_uniformity,419,e782097736881d1b8c66f09523d30ff397cdb880f70d258baaf8e54fee582c05,DIRECT PRIMARY
4,PB263443(1).pdf,156,V04-P153,64,TIRF-096,96,MEDIUM,3,cornering_coefficients,1182,0ed8088b8937b74b85a487554869cedb59cf8d031ded0ae2fbdb4d578b321d3a,DIRECT PRIMARY
4,PB263443(1).pdf,157,V04-P153,64,TIRF-096,96,MEDIUM,4,braking_coefficients,602,e49f0ceab097d2b3799ac6fa5d69a37bfc7beef43b5a9a112b3363543ba5337b,DIRECT PRIMARY
4,PB263443(1).pdf,158,V04-P153,64,TIRF-096,96,MEDIUM,5,cornering_plot,355,27bf2114074fe858ddd5bb5889e217f0a38eb34e81acd2ce23a232b8df606cee,DIRECT PRIMARY
4,PB263443(1).pdf,159,V04-P153,64,TIRF-096,96,MEDIUM,6,other,189,ee463ff1e6f177847978bd4238c4edd436bec646f9f7c922c994719fbd1ed60a,DIRECT PRIMARY
4,PB263443(1).pdf,160,V04-P153,64,TIRF-096,96,MEDIUM,7,other,435,11157b89b4f57c0275235b210b976b9b451d68175d2b67113c75e52c2d435fd3,DIRECT PRIMARY
4,PB263443(1).pdf,161,V04-P161,65,TIRF-097,97,MEDIUM,0,tire_identification,1067,aab3115272b28e15576d5b961fe036b86c70cf19e216e763a69b57ac21a3e200,DIRECT PRIMARY
4,PB263443(1).pdf,162,V04-P161,65,TIRF-097,97,MEDIUM,1,footprint_or_image,7,6f83b764c893377605507de4e10126085c20cee822f68fa93cef094151038e01,DIRECT PRIMARY
4,PB263443(1).pdf,163,V04-P161,65,TIRF-097,97,MEDIUM,2,tire_uniformity,396,ba09836011e0ab73e2f02b6fee4809a1ad752253408f8219e85f0a43869f6781,DIRECT PRIMARY
4,PB263443(1).pdf,164,V04-P161,65,TIRF-097,97,MEDIUM,3,cornering_coefficients,1182,ce645169f2df992890897bc25f379016c3a26c19e14c74d53690b1a5ce5644a1,DIRECT PRIMARY
4,PB263443(1).pdf,165,V04-P161,65,TIRF-097,97,MEDIUM,4,braking_coefficients,608,7881c19a5b19673ac1bc1258b6ebecf381769b46e147b1f31be37ec5add89487,DIRECT PRIMARY
4,PB263443(1).pdf,166,V04-P161,65,TIRF-097,97,MEDIUM,5,other,276,b13c0133cd02e911d0b4cca257f20f36f5e3e390b101398cd6a9ffba30549d66,DIRECT PRIMARY
4,PB263443(1).pdf,167,V04-P161,65,TIRF-097,97,MEDIUM,6,other,191,69b30f501b701590158ad009b9be6cf97f0f5002bf1c979c67e4d8914da8a5f1,DIRECT PRIMARY
4,PB263443(1).pdf,168,V04-P161,65,TIRF-097,97,MEDIUM,7,other,350,e8c77f1e7979848458c8d3860f2d4dc58e1b6af612c204a6299674e85a1c33c6,DIRECT PRIMARY
4,PB263443(1).pdf,169,V04-P169,66,TIRF-098,98,HIGH,0,tire_identification,1102,29f077153ec330654cbd5d7f3cb375a0f24717ceef1a0af26889552607733b9c,DIRECT PRIMARY
4,PB263443(1).pdf,170,V04-P169,66,TIRF-098,98,HIGH,1,footprint_or_image,55,a9bae72d729501b393209c87f695c77380b5991394ddf04f998bb5bbbdcb7544,DIRECT PRIMARY
4,PB263443(1).pdf,171,V04-P169,66,TIRF-098,98,HIGH,2,tire_uniformity,412,deaaacab9ce254bfdea19a56a7179a935650960d66af4fe2e5b1cb7b9495894f,DIRECT PRIMARY
4,PB263443(1).pdf,172,V04-P169,66,TIRF-098,98,HIGH,3,cornering_coefficients,1173,111822ae4310dcce78e8c880e7d84fbccf5451b48139777a515d1fc0f9372902,DIRECT PRIMARY
4,PB263443(1).pdf,173,V04-P169,66,TIRF-098,98,HIGH,4,braking_coefficients,603,c8c1218cb5a77dbba5e936f5387ab66524815207dd76b84d8de131c610089209,DIRECT PRIMARY
4,PB263443(1).pdf,174,V04-P169,66,TIRF-098,98,HIGH,5,other,195,172870ae1d7df7388b0d04c6d75fca37a151a58c13b32d5f7687faff7f20b9c9,DIRECT PRIMARY
4,PB263443(1).pdf,175,V04-P169,66,TIRF-098,98,HIGH,6,cornering_plot,217,6fabe244fb7604c51edfcf1c41206e8e7b38c79fb27d5b043a7105c75ce3145f,DIRECT PRIMARY
4,PB263443(1).pdf,176,V04-P169,66,TIRF-098,98,HIGH,7,other,435,374152cffa4266c36766048cd2a3c8b8ff69dfc7bfd419190b9034c27e913c10,DIRECT PRIMARY
4,PB263443(1).pdf,177,V04-P177,67,TIRF-099,99,HIGH,0,tire_identification,1109,13661296c10ea7679edf9badf382f19d187d372fa07552cb842344c57edb4420,DIRECT PRIMARY
4,PB263443(1).pdf,178,V04-P177,67,TIRF-099,99,HIGH,1,footprint_or_image,6,ca611571911d0de0986b58b6646a170b05c27a51a03cdbe40b9191af7e7ca5a8,DIRECT PRIMARY
4,PB263443(1).pdf,179,V04-P177,67,TIRF-099,99,HIGH,2,tire_uniformity,399,4a099515238158f7a23aa6a71a52e3500879426ddfbb24f990c14f607abd6686,DIRECT PRIMARY
4,PB263443(1).pdf,180,V04-P177,67,TIRF-099,99,HIGH,3,cornering_coefficients,1176,71927f88c6f2431a04e08605ffe0d94f4327983c1fe72460afd9a32ee5506220,DIRECT PRIMARY
4,PB263443(1).pdf,181,V04-P177,67,TIRF-099,99,HIGH,4,braking_coefficients,595,99fa6fcd1840e4133219fe8066933faaf6a345887352ab69307abe3651060f4a,DIRECT PRIMARY
4,PB263443(1).pdf,182,V04-P177,67,TIRF-099,99,HIGH,5,cornering_plot,303,60f9617069095eed1d9d764ac4b4326127dcb17b21beb7921aea6dc05883b1a0,DIRECT PRIMARY
4,PB263443(1).pdf,183,V04-P177,67,TIRF-099,99,HIGH,6,cornering_plot,187,c38b98fede5a6df6aad10a443063f047173368fd8487587be3ba6950f3b5ed16,DIRECT PRIMARY
4,PB263443(1).pdf,184,V04-P177,67,TIRF-099,99,HIGH,7,other,480,5be48a6506240991162538048fa620b0f83e327128c6d746b28401ca152f4c73,DIRECT PRIMARY
4,PB263443(1).pdf,185,V04-P177,67,TIRF-099,99,HIGH,8,other,1144,b57d2f1b9908a7e7016892b0cc54ca0f2f077d40c40a7c29729bc43fd6c0a0dd,DIRECT PRIMARY
4,PB263443(1).pdf,186,V04-P177,67,TIRF-099,99,HIGH,9,other,46,3575e5b2fe5c3b3aaf327eb4d3c5ece9a12ecc1a01947fa7092db23818b02b60,DIRECT PRIMARY
4,PB263443(1).pdf,187,V04-P177,67,TIRF-099,99,HIGH,10,tire_uniformity,606,9e457b1b8f53788e7f16aeb7f926976d96dbc326fab1fd01edb0e8b472d35253,DIRECT PRIMARY
4,PB263443(1).pdf,188,V04-P177,67,TIRF-099,99,HIGH,11,cornering_coefficients,1284,476b013038ffd86159b4c6e3b508a5f0d0fce0f0b3d24c67e416630b1692abec,DIRECT PRIMARY
4,PB263443(1).pdf,189,V04-P177,67,TIRF-099,99,HIGH,12,braking_coefficients,608,2f063fb91b8261cc6aa2caf8f4660d8cac349faf1824558510fb46581d5028f9,DIRECT PRIMARY
4,PB263443(1).pdf,190,V04-P177,67,TIRF-099,99,HIGH,13,other,325,f7579c6bd73fd1baac0270fd06bb4b63d3934e80be68af7a4aacbf9b8b496a6d,DIRECT PRIMARY
4,PB263443(1).pdf,191,V04-P177,67,TIRF-099,99,HIGH,14,other,274,bde3421ce12c86d8798b8dc047e84837359e68276a243e611ffc4a420121565a,DIRECT PRIMARY
4,PB263443(1).pdf,192,V04-P177,67,TIRF-099,99,HIGH,15,other,534,81cf2bb0a0f87fb50a6a9624d636fbd120486e35adf735747c345f6d1bcf6a0a,DIRECT PRIMARY
4,PB263443(1).pdf,193,V04-P193,68,TIRF-101,101,MEDIUM,0,tire_identification,1117,67f7dbf2c09d6015dc1edbd03c1f6b2959ed9cd522a9e0a72c4b316db4aa8dd1,DIRECT PRIMARY
4,PB263443(1).pdf,194,V04-P193,68,TIRF-101,101,MEDIUM,1,footprint_or_image,46,d9935b5603680bac1e9b65e0a09d72df3e27d71fcb858f075da1abbe81486f76,DIRECT PRIMARY
4,PB263443(1).pdf,195,V04-P193,68,TIRF-101,101,MEDIUM,2,tire_uniformity,403,d47088eb96398dd36017797d0aa2df9a7af50cb47773cff03249c043bff789e3,DIRECT PRIMARY
4,PB263443(1).pdf,196,V04-P193,68,TIRF-101,101,MEDIUM,3,cornering_coefficients,1172,2a7dd0a98b82173ea99dccf9427e38fb29796bded56922ef910707eaeaa9662f,DIRECT PRIMARY
4,PB263443(1).pdf,197,V04-P193,68,TIRF-101,101,MEDIUM,4,braking_coefficients,605,9aca9ef2cd2e4216571efd2e18fb90a595cd26c96d801b7c7b5996a8cb7d5e20,DIRECT PRIMARY
4,PB263443(1).pdf,198,V04-P193,68,TIRF-101,101,MEDIUM,5,other,348,b5e2f23baef2d7f07026f01d483ddbd49c898c0c5d6082e92083198d7d7ccea0,DIRECT PRIMARY
4,PB263443(1).pdf,199,V04-P193,68,TIRF-101,101,MEDIUM,6,other,209,5a1578a4b9d86b8b9b70c6da15074d6d8480cdaea7ef37c168f19cdd6c30d83e,DIRECT PRIMARY
4,PB263443(1).pdf,200,V04-P193,68,TIRF-101,101,MEDIUM,7,other,279,bf702487c797835a75089ba31b73bc24db9a38d1e984661da2952c4851ab24cb,DIRECT PRIMARY
4,PB263443(1).pdf,201,V04-P201,69,TIRF-102,102,MEDIUM,0,tire_identification,1095,2c92d3d02e787dc0ef4451bd12653976705606d4ecc2d0cafd4ceff4845de342,DIRECT PRIMARY
4,PB263443(1).pdf,202,V04-P201,69,TIRF-102,102,MEDIUM,1,footprint_or_image,55,e0044584cb03af907824e82f256bfe3ac834d9372744f37f991a1efe08b5cbbd,DIRECT PRIMARY
4,PB263443(1).pdf,203,V04-P201,69,TIRF-102,102,MEDIUM,2,tire_uniformity,417,8bdfda23cbc4a42c07c441bf88c4782612da88bc32fcf74931425d05f39e8d62,DIRECT PRIMARY
4,PB263443(1).pdf,204,V04-P201,69,TIRF-102,102,MEDIUM,3,cornering_coefficients,1184,d7c42d09a0b7b2e2be9257b8d37d9490850f74d0423715b332d1fa3a904a7a10,DIRECT PRIMARY
4,PB263443(1).pdf,205,V04-P201,69,TIRF-102,102,MEDIUM,4,braking_coefficients,611,dd835c9355d3d750a0190cacf10fba252278060ae58ebc8f6ebd63d67175229a,DIRECT PRIMARY
4,PB263443(1).pdf,206,V04-P201,69,TIRF-102,102,MEDIUM,5,cornering_plot,324,7032d8db7e29eec18026fa8ed2bd8d094d475316ecbc908606fe1253e8a175c0,DIRECT PRIMARY
4,PB263443(1).pdf,207,V04-P201,69,TIRF-102,102,MEDIUM,6,other,208,f7094c756b2f0ac93894f48b2c03cd54e6a557b997abedcebec3c7b17d4cd29c,DIRECT PRIMARY
4,PB263443(1).pdf,208,V04-P201,69,TIRF-102,102,MEDIUM,7,other,211,9d50a5652e57a58015f6fc13e4ed9c209a4108769a3cfefde10df95692cdb01a,DIRECT PRIMARY
4,PB263443(1).pdf,209,V04-P209,70,TIRF-103,103,HIGH,0,tire_identification,1090,e325f11672385e5ad1ea8805a32d1841fc573ac6c68a3e12c3d881ca497facc9,DIRECT PRIMARY
4,PB263443(1).pdf,210,V04-P209,70,TIRF-103,103,HIGH,1,footprint_or_image,31,8b2e47361e5e86c69cf4f8224e9a798af33ea66f6c10967aef0b1e377f378657,DIRECT PRIMARY
4,PB263443(1).pdf,211,V04-P209,70,TIRF-103,103,HIGH,2,tire_uniformity,365,b2892c043d362922ba2d468c2a74b59f960f59a55e1b0cae7890d87bb178a390,DIRECT PRIMARY
4,PB263443(1).pdf,212,V04-P209,70,TIRF-103,103,HIGH,3,cornering_coefficients,1180,38c382367dc08b7d47c46995b31dc75174a765113dc1df5bc848f521ffe42932,DIRECT PRIMARY
4,PB263443(1).pdf,213,V04-P209,70,TIRF-103,103,HIGH,4,braking_coefficients,602,ed9a566ed9d889ef6432451bada07be207a52cf829ccfd66ad938fa0867fb3a8,DIRECT PRIMARY
4,PB263443(1).pdf,214,V04-P209,70,TIRF-103,103,HIGH,5,other,355,d51f64c23ac118802c23b9acd94800d041bb8302bd44900b2633a89a068af41f,DIRECT PRIMARY
4,PB263443(1).pdf,215,V04-P209,70,TIRF-103,103,HIGH,6,other,219,b03a7f58b7feea72b645665fa759c32b13bdb3b522e5b070a6b7995ae53eb243,DIRECT PRIMARY
4,PB263443(1).pdf,216,V04-P209,70,TIRF-103,103,HIGH,7,other,429,53aea3cfd16ba2c4653826d3286c1c60a28aba158fe2e937caa87e68b261b31f,DIRECT PRIMARY
4,PB263443(1).pdf,217,V04-P217,71,TIRF-104,104,MEDIUM,0,tire_identification,1104,10006bf273928f2ea652907ee17ad76bdc855da47fbf13f4d6e0d7d41ae05410,DIRECT PRIMARY
4,PB263443(1).pdf,218,V04-P217,71,TIRF-104,104,MEDIUM,1,footprint_or_image,8,b89547f846c7f8d0876f9b3e238f8862c326859be9bbee5d2f902a329f84c20c,DIRECT PRIMARY
4,PB263443(1).pdf,219,V04-P217,71,TIRF-104,104,MEDIUM,2,tire_uniformity,401,e1bb882f405f5da4424515a17c5bf8ff01db8aed4b842804f94cee2762286131,DIRECT PRIMARY
4,PB263443(1).pdf,220,V04-P217,71,TIRF-104,104,MEDIUM,3,cornering_coefficients,1186,e0b5be9e0835cb353696a5f821915ab46dd3547c5dc8b0a7f350fb7570759ac7,DIRECT PRIMARY
4,PB263443(1).pdf,221,V04-P217,71,TIRF-104,104,MEDIUM,4,braking_coefficients,628,88c31e64f921e5ab3cdac85982507e7ac53bc8817670b7f8702f4aa26708a2fc,DIRECT PRIMARY
4,PB263443(1).pdf,222,V04-P217,71,TIRF-104,104,MEDIUM,5,other,295,8114e97037e4cacb36d577503b88bc9311520a5eb4046fb2b4028d7bc3436692,DIRECT PRIMARY
4,PB263443(1).pdf,223,V04-P217,71,TIRF-104,104,MEDIUM,6,other,181,efc43a228d5f51b02b45972f92736f2ccedcccf517515966e1654662c036fc95,DIRECT PRIMARY
4,PB263443(1).pdf,224,V04-P217,71,TIRF-104,104,MEDIUM,7,other,343,71df16419dcb60649c4dca61e011f0baff4b7ed984903dd77faf7ab8dff6d07d,DIRECT PRIMARY
4,PB263443(1).pdf,225,V04-P225,72,TIRF-106,106,MEDIUM,0,tire_identification,1126,47b45843e6198f980d663fe1aaeb268fea22904aac1101c97cdc3b6310d9fd44,DIRECT PRIMARY
4,PB263443(1).pdf,226,V04-P225,72,TIRF-106,106,MEDIUM,1,footprint_or_image,54,d3f28649bcd5c2954ecd3286f0a3289ea5216ed3204aca09d4455b1717f254a1,DIRECT PRIMARY
4,PB263443(1).pdf,227,V04-P225,72,TIRF-106,106,MEDIUM,2,tire_uniformity,377,099d81b8c334236a55faf7097ec85d15066fdd8323b5bb36b76edf28baafac96,DIRECT PRIMARY
4,PB263443(1).pdf,228,V04-P225,72,TIRF-106,106,MEDIUM,3,cornering_coefficients,1177,4bada8bd199f17298abd79d154e44a7d419c225be095fb34ca46f3d1e0494745,DIRECT PRIMARY
4,PB263443(1).pdf,229,V04-P225,72,TIRF-106,106,MEDIUM,4,braking_coefficients,599,d1e3e40cded5e99fc771dc91f4cbf98ab1cc82ef7c3f497f4f8361996e9f926e,DIRECT PRIMARY
4,PB263443(1).pdf,230,V04-P225,72,TIRF-106,106,MEDIUM,5,other,368,806b869c865c28f2e3075fde8a4eb2ad7b68fbf24879a875050c8121bdb467f1,DIRECT PRIMARY
4,PB263443(1).pdf,231,V04-P225,72,TIRF-106,106,MEDIUM,6,cornering_plot,189,ca5769bfbb812f8baa163c77df2a18993f31147c78e0b45adfeae0858a5e8440,DIRECT PRIMARY
4,PB263443(1).pdf,232,V04-P225,72,TIRF-106,106,MEDIUM,7,other,374,13c3c7fd983da87f606c5b15609f4193b0b700e84c11bf25f5d8b6410d1f4cc1,DIRECT PRIMARY
4,PB263443(1).pdf,233,V04-P233,73,TIRF-107,107,MEDIUM,0,tire_identification,1092,67759431f6fd63403c4886530a503a778b4e8bfd634efe3ada5f736c7441316a,DIRECT PRIMARY
4,PB263443(1).pdf,234,V04-P233,73,TIRF-107,107,MEDIUM,1,footprint_or_image,42,a65dae57f3fe0c31a69692436dde6f42b774aa2fbfd64caf776f7e62e8e6ee99,DIRECT PRIMARY
4,PB263443(1).pdf,235,V04-P233,73,TIRF-107,107,MEDIUM,2,tire_uniformity,368,0efd92fef97e9657f341d1b97e92f513c01041e326b868bc31bb5a45775946b6,DIRECT PRIMARY
4,PB263443(1).pdf,236,V04-P233,73,TIRF-107,107,MEDIUM,3,cornering_coefficients,1190,aeb57b9e79a666ac596d6598838c57560abe6a66bd820cfd5365fbb316d6de46,DIRECT PRIMARY
4,PB263443(1).pdf,237,V04-P233,73,TIRF-107,107,MEDIUM,4,braking_coefficients,603,321979461643eef049f20eb3cd7c108a7c89e5546f658f8a91b5f9630895bbbd,DIRECT PRIMARY
4,PB263443(1).pdf,238,V04-P233,73,TIRF-107,107,MEDIUM,5,other,355,3c33617e17970bce9c87adbc2b831332123c9dea3125cbdfbac1421d2c735d77,DIRECT PRIMARY
4,PB263443(1).pdf,239,V04-P233,73,TIRF-107,107,MEDIUM,6,other,223,ea85036b407dd44f7959abb00c1bb07a1abb7ac0ded48c9e80a7e144d4959762,DIRECT PRIMARY
4,PB263443(1).pdf,240,V04-P233,73,TIRF-107,107,MEDIUM,7,other,280,4de0f9123d2dd07d8b5d3c0587ac876f25adc566a414c06ffa1daadce336531f,DIRECT PRIMARY
4,PB263443(1).pdf,241,V04-P241,74,TIRF-109,109,MEDIUM,0,tire_identification,1089,fe8faf44620ee0dc47973f10f68b157bee753e1a97da6b8a829f3b876edbff2a,DIRECT PRIMARY
4,PB263443(1).pdf,242,V04-P241,74,TIRF-109,109,MEDIUM,1,footprint_or_image,4,c6df500902f0b8dad18cbce1df0417ba831202f35e4a1ff09ec35b3d500ce237,DIRECT PRIMARY
4,PB263443(1).pdf,243,V04-P241,74,TIRF-109,109,MEDIUM,2,tire_uniformity,370,7a82e52a66e4151aee4a9928e3f9a4b299e7f850637299aee92111d589434db8,DIRECT PRIMARY
4,PB263443(1).pdf,244,V04-P241,74,TIRF-109,109,MEDIUM,3,cornering_coefficients,1187,a18e72a84fa0057e42eb192cc8b44e1f3beed436a4ae79c97bf9648bfea747f5,DIRECT PRIMARY
4,PB263443(1).pdf,245,V04-P241,74,TIRF-109,109,MEDIUM,4,braking_coefficients,604,e128e471fdd2c97911596f8fbdd1d7c5f75e3c4e6437db16caddee59e84061fd,DIRECT PRIMARY
4,PB263443(1).pdf,246,V04-P241,74,TIRF-109,109,MEDIUM,5,other,356,443d8441c673ca0b8e53649f446f78b29675e96e1f360c03a14117f1f020d679,DIRECT PRIMARY
4,PB263443(1).pdf,247,V04-P241,74,TIRF-109,109,MEDIUM,6,cornering_plot,219,509e2f7af20d84a11e879c9986e7c7c4e14c66f60a7d845794cc0c85920e1e5b,DIRECT PRIMARY
4,PB263443(1).pdf,248,V04-P241,74,TIRF-109,109,MEDIUM,7,other,250,819ff81278faa900b7205359da8b0e46c2ade92486b16ee61539b8768b0ae8fd,DIRECT PRIMARY
4,PB263443(1).pdf,249,V04-P249,75,TIRF-110,110,HIGH,0,tire_identification,1070,5bae2abe8e99e98607980478a8a8ef997573268df6210ae2b0b0b535a73d59c0,DIRECT PRIMARY
4,PB263443(1).pdf,250,V04-P249,75,TIRF-110,110,HIGH,1,footprint_or_image,3,908982d11ca4ee28251dade8eb43a224a066bce3c31aceca73edacf4f1454b6d,DIRECT PRIMARY
4,PB263443(1).pdf,251,V04-P249,75,TIRF-110,110,HIGH,2,tire_uniformity,399,37b826bf6163f9f97a35269b880b66af429429c950ef85764e09caddb8389b29,DIRECT PRIMARY
4,PB263443(1).pdf,252,V04-P249,75,TIRF-110,110,HIGH,3,cornering_coefficients,1190,6d007822caababa514ca948df383521ae2254ef943b888f36bcf5a977118d737,DIRECT PRIMARY
4,PB263443(1).pdf,253,V04-P249,75,TIRF-110,110,HIGH,4,braking_coefficients,602,e988d965ebc1640f8c8c0baee18e3fb98ddbbeebc7cdfd5406588be5ec79254d,DIRECT PRIMARY
4,PB263443(1).pdf,254,V04-P249,75,TIRF-110,110,HIGH,5,other,318,bfb690ac80bf838677f9c997de7f8ce6c27ec66607225bbefd355df3380d5aed,DIRECT PRIMARY
4,PB263443(1).pdf,255,V04-P249,75,TIRF-110,110,HIGH,6,other,226,92447ade517c7a628e74f09b60583ecc25b4941dfa038b8d1859282eb860207a,DIRECT PRIMARY
4,PB263443(1).pdf,256,V04-P249,75,TIRF-110,110,HIGH,7,other,698,92d177ddf109ccd4b2c453de1f1ccfe8606cd99f4a3b533b76ccdc949b6bb89b,DIRECT PRIMARY
4,PB263443(1).pdf,257,V04-P257,76,TIRF-114,114,HIGH,0,tire_identification,1089,f6f54d83a94f5958bb9a0b7342832c15bf3e9ecf9b5b4ccae40e552581c32958,DIRECT PRIMARY
4,PB263443(1).pdf,258,V04-P257,76,TIRF-114,114,HIGH,1,footprint_or_image,9,a53485ccb33d0133d5c59ce6e80195c821dba28b21cd8afee40480f84d737dca,DIRECT PRIMARY
4,PB263443(1).pdf,259,V04-P257,76,TIRF-114,114,HIGH,2,tire_uniformity,397,449c7ef8253bdc6f762709361d037254f66d68c48db02a573a04d1b5b8f04c14,DIRECT PRIMARY
4,PB263443(1).pdf,260,V04-P257,76,TIRF-114,114,HIGH,3,cornering_coefficients,1179,62ae00b84cce93646cab95576a7a50e8601dc32d905edf8661bdca2695e37ff0,DIRECT PRIMARY
4,PB263443(1).pdf,261,V04-P257,76,TIRF-114,114,HIGH,4,braking_coefficients,596,6b83bf9f26c94c8f3e40c83c2d1beecd9997c78ff9bd3905c65537fd3da47647,DIRECT PRIMARY
4,PB263443(1).pdf,262,V04-P257,76,TIRF-114,114,HIGH,5,other,347,583040356ce3ff8b1c716e7adee8cb0607515aff8019bf9c0de93727d05368d4,DIRECT PRIMARY
4,PB263443(1).pdf,263,V04-P257,76,TIRF-114,114,HIGH,6,other,239,711ef86f10bcc681a39fb07f4aa49f48f91a7b1012171319f33e5a62963ba9b5,DIRECT PRIMARY
4,PB263443(1).pdf,264,V04-P257,76,TIRF-114,114,HIGH,7,other,216,94369ed08e06b5aea1f7e09879dfd47b041331a741300ee820c3c683a024f9e9,DIRECT PRIMARY
4,PB263443(1).pdf,265,V04-P265,77,TIRF-115,115,MEDIUM,0,tire_identification,1047,7a3a9594ab58c9dd5972c680ee6340aa0ebeffaa0681ce4ac415f13f2ba90eae,DIRECT PRIMARY
4,PB263443(1).pdf,266,V04-P265,77,TIRF-115,115,MEDIUM,1,footprint_or_image,52,a65b454ad2c497a4b3c9e8d2076c4df437f36756c9c103bcf536afa65cd447e0,DIRECT PRIMARY
4,PB263443(1).pdf,267,V04-P265,77,TIRF-115,115,MEDIUM,2,tire_uniformity,393,e3cae8e267750eadbab2af8e0ee60a8bc2a569dec79773069e616f928dd2f46c,DIRECT PRIMARY
4,PB263443(1).pdf,268,V04-P265,77,TIRF-115,115,MEDIUM,3,cornering_coefficients,1177,3c3499866748b69cbd599d0bef747372d057aa2d8bb8c981d9ee76bd0de911fe,DIRECT PRIMARY
4,PB263443(1).pdf,269,V04-P265,77,TIRF-115,115,MEDIUM,4,braking_plot,630,f10a86f9181be644acaeb83febe978a749b9cbc53fc98ec8e42d3f6e18c315a6,DIRECT PRIMARY
4,PB263443(1).pdf,270,V04-P265,77,TIRF-115,115,MEDIUM,5,other,344,2d9ab34d2d8d94d1efd63a23c623634d154cdc982233fe61432129f2ff46a249,DIRECT PRIMARY
4,PB263443(1).pdf,271,V04-P265,77,TIRF-115,115,MEDIUM,6,other,228,065bb6e14dd1fc95856fce4d853c51539e98b1721e4619009a76eddc70ed6cff,DIRECT PRIMARY
4,PB263443(1).pdf,272,V04-P265,77,TIRF-115,115,MEDIUM,7,other,251,86c82c5ed6e95e91d3ad4df74e897cd365b248b9b0688f70d746ac00d471527a,DIRECT PRIMARY
4,PB263443(1).pdf,273,V04-P273,78,TIRF-116,116,MEDIUM,0,tire_identification,1073,bad45445e19d20ea5ca1129b817c652dfedb5c079c25961550c8929797c2ccae,DIRECT PRIMARY
4,PB263443(1).pdf,274,V04-P273,78,TIRF-116,116,MEDIUM,1,footprint_or_image,3,908982d11ca4ee28251dade8eb43a224a066bce3c31aceca73edacf4f1454b6d,DIRECT PRIMARY
4,PB263443(1).pdf,275,V04-P273,78,TIRF-116,116,MEDIUM,2,tire_uniformity,507,693879180fd32beef0d65d68743f0bac24fa92a5a65b757851ebd3beaa81ba76,DIRECT PRIMARY
4,PB263443(1).pdf,276,V04-P273,78,TIRF-116,116,MEDIUM,3,cornering_coefficients,1179,9e6af88a7d642dce614707207c5b7720731142403323a2c30a0230ae2a162d0e,DIRECT PRIMARY
4,PB263443(1).pdf,277,V04-P273,78,TIRF-116,116,MEDIUM,4,braking_plot,622,7c4a65c69545b84ffab73dfdda34c0edaed40c2549b034b210b0bcc2308c5e23,DIRECT PRIMARY
4,PB263443(1).pdf,278,V04-P273,78,TIRF-116,116,MEDIUM,5,other,359,0dde0a5327ffe47bbc5b377022d1e60ff07f3fb779d3a93dc5279b2eb297ecde,DIRECT PRIMARY
4,PB263443(1).pdf,279,V04-P273,78,TIRF-116,116,MEDIUM,6,other,226,dfd53c727777e65e686194dada2b404c7f173a4c4241b2a6bbe6f322cb96fe0c,DIRECT PRIMARY
4,PB263443(1).pdf,280,V04-P273,78,TIRF-116,116,MEDIUM,7,other,527,59d2be217f1b73ffd4cff337d642b55b8d260ca2861311cd2cf8c628bdf201a3,DIRECT PRIMARY
4,PB263443(1).pdf,281,V04-P281,79,TIRF-117,117,MEDIUM,0,tire_identification,1119,525033bae5110845581c35c931e9bc6248c3412d60ffbe36f13c2e3c2e075b9d,DIRECT PRIMARY
4,PB263443(1).pdf,282,V04-P281,79,TIRF-117,117,MEDIUM,1,footprint_or_image,16,d2d5393d8d35210ca5eb600a557791471d93e11a8a278fe8eb209650a45aa510,DIRECT PRIMARY
4,PB263443(1).pdf,283,V04-P281,79,TIRF-117,117,MEDIUM,2,tire_uniformity,397,f8cc09dda7b6f7bcd249c9b69f1a330397277610dc3335e0c1d51fa5526e9918,DIRECT PRIMARY
4,PB263443(1).pdf,284,V04-P281,79,TIRF-117,117,MEDIUM,3,cornering_coefficients,1151,8e615a9236c562e0c49982b1120cffd130f90432af7f2cc95607101ab55ff103,DIRECT PRIMARY
4,PB263443(1).pdf,285,V04-P281,79,TIRF-117,117,MEDIUM,4,braking_coefficients,600,f201215e36b1c1074cd6e94de673c7297f4f0008ab81c9a3061fc47d12b9daba,DIRECT PRIMARY
4,PB263443(1).pdf,286,V04-P281,79,TIRF-117,117,MEDIUM,5,cornering_plot,340,99c72c7bf344003a3333770001c05b7836254112110cdda9ed654159303dc45e,DIRECT PRIMARY
4,PB263443(1).pdf,287,V04-P281,79,TIRF-117,117,MEDIUM,6,other,206,61253b63c59a4e33da98af52a57d27d9567f260ee2dc14e22304b098c58cabe3,DIRECT PRIMARY
4,PB263443(1).pdf,288,V04-P281,79,TIRF-117,117,MEDIUM,7,other,189,d27fdbed406053dc8490000ac0cfe395b90f85c1d1500e4f6859a5a469b46482,DIRECT PRIMARY
4,PB263443(1).pdf,289,V04-P289,80,TIRF-118,118,MEDIUM,0,tire_identification,1063,b62dfc9e2b0d3090a22a330ecbf88d3d102c518e1bfb736e33d85b8428bc91f6,DIRECT PRIMARY
4,PB263443(1).pdf,290,V04-P289,80,TIRF-118,118,MEDIUM,1,footprint_or_image,0,e3b0c44298fc1c149afbf4c8996fb92427ae41e4649b934ca495991b7852b855,DIRECT PRIMARY
4,PB263443(1).pdf,291,V04-P289,80,TIRF-118,118,MEDIUM,2,tire_uniformity,413,8bb3fdf0c1a2a979c7820bcdbb4c9867f40a544108e553b7ed7595c0a9bb63a6,DIRECT PRIMARY
4,PB263443(1).pdf,292,V04-P289,80,TIRF-118,118,MEDIUM,3,cornering_coefficients,1192,862bd7640cf12b7301e0c9caeca0918a5772fd694a2b223187c5175e5e792a02,DIRECT PRIMARY
4,PB263443(1).pdf,293,V04-P289,80,TIRF-118,118,MEDIUM,4,braking_coefficients,600,63cdcc3688c4ad1caf7c98daf0da4d1267e10f1c3cc8d06ba7bbc2268762b187,DIRECT PRIMARY
4,PB263443(1).pdf,294,V04-P289,80,TIRF-118,118,MEDIUM,5,cornering_plot,352,155b5f4bba26f6e622b5a81683b448d5fbc75978098d02820dde50fb5e71b110,DIRECT PRIMARY
4,PB263443(1).pdf,295,V04-P289,80,TIRF-118,118,MEDIUM,6,cornering_plot,211,6ceda66881815507dfc2892572d6c51ccb4c9fc29a50b8f33bffbe31414bf929,DIRECT PRIMARY
4,PB263443(1).pdf,296,V04-P289,80,TIRF-118,118,MEDIUM,7,other,172,d18eb3884e08fe3d59a6d5acf89911e8e6c8ef7f1bf703bee23c7146b66339ee,DIRECT PRIMARY
4,PB263443(1).pdf,297,V04-P297,81,TIRF-119,119,MEDIUM,0,tire_identification,1093,dc9de6067d45a2fdb50147e2c4e57bd3712cbe60bc4d2c98a1505265526e0a6d,DIRECT PRIMARY
4,PB263443(1).pdf,298,V04-P297,81,TIRF-119,119,MEDIUM,1,footprint_or_image,7,a1fc0a20368f4428346dd81dc0056ed3a1da29aadc7cee82278746a15aa2ac13,DIRECT PRIMARY
4,PB263443(1).pdf,299,V04-P297,81,TIRF-119,119,MEDIUM,2,tire_uniformity,355,6e1909d6d316c2c93b4dcfc56228fc955b12651935998b83cb897c7c6365ed2e,DIRECT PRIMARY
4,PB263443(1).pdf,300,V04-P297,81,TIRF-119,119,MEDIUM,3,cornering_coefficients,1172,22e0e56be55f2206a0f8e971514a9e9c24c466205cefded802ad1b33172c1fbe,DIRECT PRIMARY
4,PB263443(1).pdf,301,V04-P297,81,TIRF-119,119,MEDIUM,4,braking_coefficients,601,1a777b9ddcaeae0988ebdc01dc63e728ad79a7de323ab565242f14e89f68dfad,DIRECT PRIMARY
4,PB263443(1).pdf,302,V04-P297,81,TIRF-119,119,MEDIUM,5,other,350,f86057903f0652e940ea60f655f9743f0ab633913da6bd33d740e32abb987d75,DIRECT PRIMARY
4,PB263443(1).pdf,303,V04-P297,81,TIRF-119,119,MEDIUM,6,other,221,414012888569b8b3adbbea0d1ae3deb9652547063c6f5096be38a7675d21c129,DIRECT PRIMARY
4,PB263443(1).pdf,304,V04-P297,81,TIRF-119,119,MEDIUM,7,other,102,77314e17a873fdd9b1300ec4489ca0e0356bb3b6163da565acda85cf7bbf46c1,DIRECT PRIMARY
4,PB263443(1).pdf,305,V04-P305,82,TIRF-122,122,MEDIUM,0,tire_identification,1105,8d16fe61ff2d809228a9cc377b995e77efcbc0525609f123b28a0ee981326e36,DIRECT PRIMARY
4,PB263443(1).pdf,306,V04-P305,82,TIRF-122,122,MEDIUM,1,footprint_or_image,0,e3b0c44298fc1c149afbf4c8996fb92427ae41e4649b934ca495991b7852b855,DIRECT PRIMARY
4,PB263443(1).pdf,307,V04-P305,82,TIRF-122,122,MEDIUM,2,tire_uniformity,357,f94ddbceedcdc7c5057181ca82b42be258fdd540eda169552d351c23618c3ebd,DIRECT PRIMARY
4,PB263443(1).pdf,308,V04-P305,82,TIRF-122,122,MEDIUM,3,cornering_coefficients,1183,0dac5818740772632b2930fcc7347929d723e5381d00e64bd34d615a1ff396de,DIRECT PRIMARY
4,PB263443(1).pdf,309,V04-P305,82,TIRF-122,122,MEDIUM,4,braking_coefficients,611,f3c8f4e8bbb675a303dad913443d4384627b986ffe404c3632d0157ca77c67a6,DIRECT PRIMARY
4,PB263443(1).pdf,310,V04-P305,82,TIRF-122,122,MEDIUM,5,cornering_plot,366,3a879e2fcb7337b768b69266e568ab4a357ee31c3d3df3e12175aa7c7f74db5c,DIRECT PRIMARY
4,PB263443(1).pdf,311,V04-P305,82,TIRF-122,122,MEDIUM,6,other,223,02f6f1cfa34b9637acdb9210f3c8360070af22dad4b04708a4bb33943052ae7a,DIRECT PRIMARY
4,PB263443(1).pdf,312,V04-P305,82,TIRF-122,122,MEDIUM,7,other,434,82874a271336e880fbd19f092b394fb273cc93058738912017916bc001aa2702,DIRECT PRIMARY
4,PB263443(1).pdf,313,V04-P313,83,TIRF-123,123,HIGH,0,tire_identification,1113,670d39f47ff005e046e933673f6dc518d335d30456ef18f6a7c2acec978634a0,DIRECT PRIMARY
4,PB263443(1).pdf,314,V04-P313,83,TIRF-123,123,HIGH,1,footprint_or_image,0,e3b0c44298fc1c149afbf4c8996fb92427ae41e4649b934ca495991b7852b855,DIRECT PRIMARY
4,PB263443(1).pdf,315,V04-P313,83,TIRF-123,123,HIGH,2,tire_uniformity,366,8a09ab3c8f1aedfe97b2693d4eb38cb9d72aaf368809c695e9a292cc92538178,DIRECT PRIMARY
4,PB263443(1).pdf,316,V04-P313,83,TIRF-123,123,HIGH,3,cornering_coefficients,1171,2f9e5ae997040eff393f0a825634b5ac7c0f068a8fd72f03a777b9b2a7075655,DIRECT PRIMARY
4,PB263443(1).pdf,317,V04-P313,83,TIRF-123,123,HIGH,4,braking_coefficients,607,1c8965e6bace544f788fe29ffdcba2110f9c3e52215704ec99c285a15f47d791,DIRECT PRIMARY
4,PB263443(1).pdf,318,V04-P313,83,TIRF-123,123,HIGH,5,other,360,dc5da9d9625b86bc0b865dee96c60582638a64d0221cd55dbf9ba1e459f03e23,DIRECT PRIMARY
4,PB263443(1).pdf,319,V04-P313,83,TIRF-123,123,HIGH,6,other,247,7681c638c6b43c04fe71de030fdd665086e8279c73a9df6066ae2ee58cba7c9a,DIRECT PRIMARY
4,PB263443(1).pdf,320,V04-P313,83,TIRF-123,123,HIGH,7,other,537,927f327ef20924a19c52a7bddc6af5bdacd30b6e7f4ebc099c4023c192673af7,DIRECT PRIMARY
4,PB263443(1).pdf,321,V04-P321,84,TIRF-124,124,MEDIUM,0,tire_identification,1084,c8d142a30ce54a095bdaa92993d0e4c365f6d522b457fd0cd7890ec740cdce4c,DIRECT PRIMARY
4,PB263443(1).pdf,322,V04-P321,84,TIRF-124,124,MEDIUM,1,footprint_or_image,12,f4ee12697a75dd0a26429129efe70d92ddf8eda5e5f28cecaedbfd7d32de0583,DIRECT PRIMARY
4,PB263443(1).pdf,323,V04-P321,84,TIRF-124,124,MEDIUM,2,tire_uniformity,439,cbfe30e3132e7a910b93bd2291f3fd9e59dd38ff6cf2b8a68b3fa081ceaec2c8,DIRECT PRIMARY
4,PB263443(1).pdf,324,V04-P321,84,TIRF-124,124,MEDIUM,3,cornering_coefficients,1173,9369f64b28471e9176041b7d9d40c9e152bd897a1b6b03840332460ae026a5a7,DIRECT PRIMARY
4,PB263443(1).pdf,325,V04-P321,84,TIRF-124,124,MEDIUM,4,braking_coefficients,599,75a934d1ee48acb3b63edd135129bc59b3112a4865a5fff5ed1356ae4665f806,DIRECT PRIMARY
4,PB263443(1).pdf,326,V04-P321,84,TIRF-124,124,MEDIUM,5,other,333,6bab185a6cf43cd09acb4016a457c09a447a951e7dda12d9ce31e566bede17da,DIRECT PRIMARY
4,PB263443(1).pdf,327,V04-P321,84,TIRF-124,124,MEDIUM,6,other,199,2064102d2edb8501670bb0c297c760842e9b8a186584a0ec47eb6b61ec86890b,DIRECT PRIMARY
4,PB263443(1).pdf,328,V04-P321,84,TIRF-124,124,MEDIUM,7,other,366,593a7a063dd4616bbb31f9cd59cbe150ee513807a0f4251c3fb847d2e35f0993,DIRECT PRIMARY
4,PB263443(1).pdf,329,V04-P329,85,TIRF-125,125,MEDIUM,0,tire_identification,1127,e7c8a9acee6ca9f68506d3398927b8e60ff147c32ce8e2c99109e2c338390c7b,DIRECT PRIMARY
4,PB263443(1).pdf,330,V04-P329,85,TIRF-125,125,MEDIUM,1,footprint_or_image,41,f34e57d595f1a8f1cc1925e40431ac569d2f2d2ee7e7d33dd526ef4e084bf56b,DIRECT PRIMARY
4,PB263443(1).pdf,331,V04-P329,85,TIRF-125,125,MEDIUM,2,tire_uniformity,364,2332680fcfc5844561be8f7093b9e8b913301e01a9d0b240fad039469cdbb9bd,DIRECT PRIMARY
4,PB263443(1).pdf,332,V04-P329,85,TIRF-125,125,MEDIUM,3,cornering_coefficients,1175,b78ee5b8457d4e47a9ffea6d7b82e8c8b6a2a82e2f33785072fac856776df37a,DIRECT PRIMARY
4,PB263443(1).pdf,333,V04-P329,85,TIRF-125,125,MEDIUM,4,braking_coefficients,595,3eef07611590e3e2572ca41de485ce0612cb5ed46ff31dd8e05c9e646f02117e,DIRECT PRIMARY
4,PB263443(1).pdf,334,V04-P329,85,TIRF-125,125,MEDIUM,5,other,328,6aa32acd833e4531d835a49ff917179538dfcd1fcec1a9688c9e3ecaa5588f75,DIRECT PRIMARY
4,PB263443(1).pdf,335,V04-P329,85,TIRF-125,125,MEDIUM,6,other,213,add9c62cac91e3f311c03a24580a28e5779a094a63d297f13a5f5930265855b0,DIRECT PRIMARY
4,PB263443(1).pdf,336,V04-P329,85,TIRF-125,125,MEDIUM,7,other,180,f18249cf655b6e68c6fcfbae380a2ac83440cd8b800e9cd1e18ce00cf7373315,DIRECT PRIMARY
4,PB263443(1).pdf,337,V04-P337,86,TIRF-126,126,MEDIUM,0,tire_identification,1091,284ae377373fbbaa871dd0410c824b21e180b9efbadcaf6af77e283ae94cf6a6,DIRECT PRIMARY
4,PB263443(1).pdf,338,V04-P337,86,TIRF-126,126,MEDIUM,1,footprint_or_image,0,e3b0c44298fc1c149afbf4c8996fb92427ae41e4649b934ca495991b7852b855,DIRECT PRIMARY
4,PB263443(1).pdf,339,V04-P337,86,TIRF-126,126,MEDIUM,2,tire_uniformity,671,fd39d91eedf53630e7b8232404820b83c8e47cbb4c4a6c0429d147af1558724b,DIRECT PRIMARY
4,PB263443(1).pdf,340,V04-P337,86,TIRF-126,126,MEDIUM,3,cornering_coefficients,1181,b3a369642cb7f3fcb4d080ea28bc812dacad3c279e013be5aab1cdc2558e62d0,DIRECT PRIMARY
4,PB263443(1).pdf,341,V04-P337,86,TIRF-126,126,MEDIUM,4,braking_coefficients,604,7e0dceac7f23cae5c1d2db36bea58cb46731b216b03ee6842440278b73b24b2b,DIRECT PRIMARY
4,PB263443(1).pdf,342,V04-P337,86,TIRF-126,126,MEDIUM,5,other,314,fa79c82a3c00513f70484f12d30f826c41e9b9cb11eecf05e5cd14c8ed5fd29f,DIRECT PRIMARY
4,PB263443(1).pdf,343,V04-P337,86,TIRF-126,126,MEDIUM,6,other,179,12c5e23101fae8693387dd728680c8759e5373bd7c5119f7ff7a1f5f523c4668,DIRECT PRIMARY
4,PB263443(1).pdf,344,V04-P337,86,TIRF-126,126,MEDIUM,7,other,161,2e58898a2e212046ffa6b088ae055f5c06dcecd79c6864b9b7c24eba2446d7db,DIRECT PRIMARY
4,PB263443(1).pdf,345,V04-P345,87,TIRF-127,127,MEDIUM,0,tire_identification,1056,dd5e1161bd7fc6568d6e6954c7e332e725f2d52037382cfb87900e27635ef8d1,DIRECT PRIMARY
4,PB263443(1).pdf,346,V04-P345,87,TIRF-127,127,MEDIUM,1,footprint_or_image,62,b213a56657e6d98dd621f777bcf5e1fc328cc36360895fe327467dbbe9982c96,DIRECT PRIMARY
4,PB263443(1).pdf,347,V04-P345,87,TIRF-127,127,MEDIUM,2,tire_uniformity,374,d7268036570aa2aa1ae6bcba0af90632a407111ef8b141d1c4b83cdd387713fc,DIRECT PRIMARY
4,PB263443(1).pdf,348,V04-P345,87,TIRF-127,127,MEDIUM,3,cornering_coefficients,1175,5995e67fcbb1e74f048dd1b993e926416f58557e419708ba6476460b662e28a7,DIRECT PRIMARY
4,PB263443(1).pdf,349,V04-P345,87,TIRF-127,127,MEDIUM,4,braking_coefficients,618,114431e455a687d439dc0323a751018d7f23cebf5cfc313b0429677d0dbfd238,DIRECT PRIMARY
4,PB263443(1).pdf,350,V04-P345,87,TIRF-127,127,MEDIUM,5,other,294,fafc0dbfaa5b150df931fea6d5d6d41ec031a9a73e7ee9a2b1b86ce5b77b034b,DIRECT PRIMARY
4,PB263443(1).pdf,351,V04-P345,87,TIRF-127,127,MEDIUM,6,other,185,a64029c52a3b68dcb6446e84f8d90473244b7db1b56c1df79632c7557f186a34,DIRECT PRIMARY
4,PB263443(1).pdf,352,V04-P345,87,TIRF-127,127,MEDIUM,7,other,292,7b7d6de5bad6e59aa0d6dbbb383eab7743bc55c34e88f496c5868c5e99431afd,DIRECT PRIMARY
4,PB263443(1).pdf,353,V04-P353,88,TIRF-128,128,MEDIUM,0,tire_identification,1079,8a8ada13e59f48d94b4aa936722d4f8fbd5a8904f577d260738bc1585fdd2f20,DIRECT PRIMARY
4,PB263443(1).pdf,354,V04-P353,88,TIRF-128,128,MEDIUM,1,footprint_or_image,29,3f30d90d9d6615261751f699000943d7fd34da589e9c8166e0fa107dcd144c85,DIRECT PRIMARY
4,PB263443(1).pdf,355,V04-P353,88,TIRF-128,128,MEDIUM,2,tire_uniformity,344,a3f0f12722ba22bbdae29c237b5025db78d8ddf21554afcc9c1191c6f463d17c,DIRECT PRIMARY
4,PB263443(1).pdf,356,V04-P353,88,TIRF-128,128,MEDIUM,3,cornering_coefficients,1171,297dcdb0f3e51af2bfb17a89eb7dd5dca4b578d62a452c72dd0116261346fb98,DIRECT PRIMARY
4,PB263443(1).pdf,357,V04-P353,88,TIRF-128,128,MEDIUM,4,braking_coefficients,595,cb229effdcb9088c08ce7affa23ecfca67527ae8a1c3d06df7041c47499846a4,DIRECT PRIMARY
4,PB263443(1).pdf,358,V04-P353,88,TIRF-128,128,MEDIUM,5,other,324,7536c365c78b55bc1e07ce8aadb46737fdcbd1fe4162330c5261050d3b4014eb,DIRECT PRIMARY
4,PB263443(1).pdf,359,V04-P353,88,TIRF-128,128,MEDIUM,6,other,204,1dc58b6ef5e4bd7498ce9c9a5501716aee08de0faed8a1835751cc3641c3ab70,DIRECT PRIMARY
4,PB263443(1).pdf,360,V04-P353,88,TIRF-128,128,MEDIUM,7,other,84,f8acf0aea6197bc55702c3af761e445abe7ffbe07545be392dd6135c745376b6,DIRECT PRIMARY
4,PB263443(1).pdf,361,V04-P361,89,TIRF-129,129,MEDIUM,0,tire_identification,1082,3b346ed6da3f1c27df4382991fa10ff5de1c3c5ed5c1ba098edfe3b4dc035f80,DIRECT PRIMARY
4,PB263443(1).pdf,362,V04-P361,89,TIRF-129,129,MEDIUM,1,footprint_or_image,4,ca786e56273fdbb0b9868da4e526c03e7e91248497636647e38fb738d98708ad,DIRECT PRIMARY
4,PB263443(1).pdf,363,V04-P361,89,TIRF-129,129,MEDIUM,2,tire_uniformity,375,24507f3e533a20c2734023e53467162f203b78a7472b4889366c0cb1d2c689f5,DIRECT PRIMARY
4,PB263443(1).pdf,364,V04-P361,89,TIRF-129,129,MEDIUM,3,cornering_coefficients,1181,40ffedcce2f0bebd674e9d4275e273ce8036a01a5813cd32570fb8b0998bc336,DIRECT PRIMARY
4,PB263443(1).pdf,365,V04-P361,89,TIRF-129,129,MEDIUM,4,braking_plot,608,8dbf28694860635bbc0f968bb6a677a0a302a5f753c8b5d545b9cafae44fe83c,DIRECT PRIMARY
4,PB263443(1).pdf,366,V04-P361,89,TIRF-129,129,MEDIUM,5,other,319,c528e1da6749b5120122d088eae74c7e0aeb7418724a92036d7af4ba39f7771c,DIRECT PRIMARY
4,PB263443(1).pdf,367,V04-P361,89,TIRF-129,129,MEDIUM,6,other,214,68e2e6fa94ece72ced40239212a9ea44f30166b54b9ebe7bf8391f843148d593,DIRECT PRIMARY
4,PB263443(1).pdf,368,V04-P361,89,TIRF-129,129,MEDIUM,7,other,156,b1532a670491a465b3ceaee2e6670f8d12eb9d74429760d83bfe05580ac7bf99,DIRECT PRIMARY
4,PB263443(1).pdf,369,V04-P369,90,TIRF-130,130,HIGH,0,tire_identification,1073,529188783bab1c521498168acf263e4903b2ae2b4e44540b83584cf6e93db1c4,DIRECT PRIMARY
4,PB263443(1).pdf,370,V04-P369,90,TIRF-130,130,HIGH,1,footprint_or_image,30,bc917e3145faa8a5e2e711d101e03a29ecb3780498b6c59bf6eca0131385614d,DIRECT PRIMARY
4,PB263443(1).pdf,371,V04-P369,90,TIRF-130,130,HIGH,2,tire_uniformity,367,7f2a8c94e9445bbd0a2c9a4ff0d3151a39973367435eb98a15468b9894eb32ae,DIRECT PRIMARY
4,PB263443(1).pdf,372,V04-P369,90,TIRF-130,130,HIGH,3,cornering_coefficients,1290,2175acf2120fb83214811c134248ef1ea4021c42ae572732b32fc2e1cd4697ac,DIRECT PRIMARY
4,PB263443(1).pdf,373,V04-P369,90,TIRF-130,130,HIGH,4,braking_coefficients,600,b8ff96046b7d85bb8c7bf104576d8d2fa5cf33bdb0d55aacc595b0737398b2c4,DIRECT PRIMARY
4,PB263443(1).pdf,374,V04-P369,90,TIRF-130,130,HIGH,5,other,287,0d75504030b2daf3a745096b852544663cfc447ab840281cb8e9169cf8cc662e,DIRECT PRIMARY
4,PB263443(1).pdf,375,V04-P369,90,TIRF-130,130,HIGH,6,other,257,25349b8a47b7df6ab4d5fd48b304eead593f3fa22783de8a5215fabd79b22ad5,DIRECT PRIMARY
4,PB263443(1).pdf,376,V04-P369,90,TIRF-130,130,HIGH,7,other,449,77258c8fd5e29575df8b4e895f017f4e94ec74a0d4c13db9b20ddff67f60397b,DIRECT PRIMARY
4,PB263443(1).pdf,377,V04-P377,91,TIRF-131,131,MEDIUM,0,tire_identification,1088,a9ac21ff2124ceb80f7a1bdf3878f58ee6dfaed01119ca455976fd0ec7259671,DIRECT PRIMARY
4,PB263443(1).pdf,378,V04-P377,91,TIRF-131,131,MEDIUM,1,footprint_or_image,42,939f4cded781658d72179c9c2889e573eda8f8be5bb01ef17cbf56d30173964d,DIRECT PRIMARY
4,PB263443(1).pdf,379,V04-P377,91,TIRF-131,131,MEDIUM,2,tire_uniformity,401,47124c5affb403ff139b8536c7073f8c5317638d4727ff2cde23408d5605f234,DIRECT PRIMARY
4,PB263443(1).pdf,380,V04-P377,91,TIRF-131,131,MEDIUM,3,cornering_coefficients,1174,1830748d8c324361cf006dfc4130d677dc29dc6f5b4b0b9293359027771b56da,DIRECT PRIMARY
4,PB263443(1).pdf,381,V04-P377,91,TIRF-131,131,MEDIUM,4,braking_coefficients,599,a919eac95491dece21c8b3cd12753eb5bd9c5296716df0163319a88bf5139769,DIRECT PRIMARY
4,PB263443(1).pdf,382,V04-P377,91,TIRF-131,131,MEDIUM,5,cornering_plot,309,b9e3bd0f4c0b7d603a6a416d7d3e96f090ff6ab5e98958887ee965a6b964e0b2,DIRECT PRIMARY
4,PB263443(1).pdf,383,V04-P377,91,TIRF-131,131,MEDIUM,6,other,178,5e11093e2cf7b71a3d15be0acc64041c488e81ec7454057cb81428be746c5142,DIRECT PRIMARY
4,PB263443(1).pdf,384,V04-P377,91,TIRF-131,131,MEDIUM,7,other,140,0c42eee0be3fc80449e517a9cd5da770f1aca67ce0a35271240dae770446b502,DIRECT PRIMARY
4,PB263443(1).pdf,385,V04-P385,92,TIRF-132,132,HIGH,0,tire_identification,1103,4459d4f87088a1db04ff0c5cd049f56137f654b6435efd6103db84334c473732,DIRECT PRIMARY
4,PB263443(1).pdf,386,V04-P385,92,TIRF-132,132,HIGH,1,footprint_or_image,50,d64be813f7e7844b8c2ab9b33338794aea8bc9e993a228773cb1aa121241e21d,DIRECT PRIMARY
4,PB263443(1).pdf,387,V04-P385,92,TIRF-132,132,HIGH,2,tire_uniformity,376,94426e91f170bde2493564b38aa60d2e59b8c529edf18cde73749d557bc3bb2f,DIRECT PRIMARY
4,PB263443(1).pdf,388,V04-P385,92,TIRF-132,132,HIGH,3,cornering_coefficients,1164,e7a5225278626199beecda35f14494ab6a287bc9c99960a669c44fe6dd36a3f0,DIRECT PRIMARY
4,PB263443(1).pdf,389,V04-P385,92,TIRF-132,132,HIGH,4,braking_coefficients,602,d14fb90fe30da4ac3b1d36572248812505dbb123db981cfbfac94ff533ef9a03,DIRECT PRIMARY
4,PB263443(1).pdf,390,V04-P385,92,TIRF-132,132,HIGH,5,other,223,0aee5cbbd5c7e00e79e9fa3de7c40cd21a970c1d7d431d587af3eab8434d3657,DIRECT PRIMARY
4,PB263443(1).pdf,391,V04-P385,92,TIRF-132,132,HIGH,6,other,188,8705eeb84a51aeddc856b54bb9c204c099cc2e03974654c50648c900eab54131,DIRECT PRIMARY
4,PB263443(1).pdf,392,V04-P385,92,TIRF-132,132,HIGH,7,other,154,9fc530dc87e18a0930f3697ef774f2854ca99bba7f55114fa022fa2dee69c678,DIRECT PRIMARY
4,PB263443(1).pdf,393,V04-P393,93,TIRF-133,133,MEDIUM,0,tire_identification,1083,1ea07038f3616702a1535c753664454da8865809e3083c57f5fa1c6478d9b617,DIRECT PRIMARY
4,PB263443(1).pdf,394,V04-P393,93,TIRF-133,133,MEDIUM,1,footprint_or_image,0,e3b0c44298fc1c149afbf4c8996fb92427ae41e4649b934ca495991b7852b855,DIRECT PRIMARY
4,PB263443(1).pdf,395,V04-P393,93,TIRF-133,133,MEDIUM,2,other,456,cc0f98877348833859c04f7eb159ad170ec66d67eae2d94ff5414cf12c8f2c2c,DIRECT PRIMARY
4,PB263443(1).pdf,396,V04-P393,93,TIRF-133,133,MEDIUM,3,cornering_coefficients,1176,cfaaead2b67de1abb7b5af35cc80a6f5f4aaca13c217eb7323bc45b0c6a65577,DIRECT PRIMARY
4,PB263443(1).pdf,397,V04-P393,93,TIRF-133,133,MEDIUM,4,braking_coefficients,592,16e451899d774253ed95e7d8e81e2635b4491b502de84fb157dda8481f2120e1,DIRECT PRIMARY
4,PB263443(1).pdf,398,V04-P393,93,TIRF-133,133,MEDIUM,5,other,344,2f3ba8a4a8d5d0869525ffb85248a7d4653dbfe69ef10cd45e19f0b2dabfe0c1,DIRECT PRIMARY
4,PB263443(1).pdf,399,V04-P393,93,TIRF-133,133,MEDIUM,6,other,195,48664efee2934c0372318536af26ae71363f7e0678a5403582a966eab17572a0,DIRECT PRIMARY
4,PB263443(1).pdf,400,V04-P393,93,TIRF-133,133,MEDIUM,7,other,230,c9bf157596b130ac6e93140c3e9258d27660fb7aa968bf5eaa4f1884849b64fe,DIRECT PRIMARY
4,PB263443(1).pdf,401,V04-P401,94,TIRF-134,134,MEDIUM,0,tire_identification,1269,31d21b32918d098841133989b9f45b2615fa8f4a015c97d1723dae90ce1085ef,DIRECT PRIMARY
4,PB263443(1).pdf,402,V04-P401,94,TIRF-134,134,MEDIUM,1,footprint_or_image,34,c2d27aabf3bf740681027648fe5fa95a7969bcda3432d53c92ad6ce89c68b0d9,DIRECT PRIMARY
4,PB263443(1).pdf,403,V04-P401,94,TIRF-134,134,MEDIUM,2,tire_uniformity,460,b12904dcfe4d06380b337a2ba545aa3f0db2ee298ee605041b59b4f0a2331f02,DIRECT PRIMARY
4,PB263443(1).pdf,404,V04-P401,94,TIRF-134,134,MEDIUM,3,cornering_coefficients,1188,f859c56eb9aefc1b6d728d19060e9a943e836b0930c02512b317d3ab730f1d2f,DIRECT PRIMARY
4,PB263443(1).pdf,405,V04-P401,94,TIRF-134,134,MEDIUM,4,braking_plot,606,5b13961f7dbb6bac93af35ccedacf97e49ecae1bd9bdc020314073e9b9e11a4c,DIRECT PRIMARY
4,PB263443(1).pdf,406,V04-P401,94,TIRF-134,134,MEDIUM,5,other,308,fdef165e4da5926b641f472635534d7617c06d9ee3939844dad96051d22722cd,DIRECT PRIMARY
4,PB263443(1).pdf,407,V04-P401,94,TIRF-134,134,MEDIUM,6,other,189,67b6de3cfe808bce63a8f2f36cc77549ea0d15c17df998718008b604534be69a,DIRECT PRIMARY
4,PB263443(1).pdf,408,V04-P401,94,TIRF-134,134,MEDIUM,7,other,165,88db8896097a6bb3fda337a63b9da85c4f592458378c279bdff0f6a0b7a54527,DIRECT PRIMARY
4,PB263443(1).pdf,409,V04-P409,95,TIRF-135,135,MEDIUM,0,tire_identification,1097,01d62b911acd0d16c8eec185a87b0ee3a0858c18ab5999877b15e97c5f8cf652,DIRECT PRIMARY
4,PB263443(1).pdf,410,V04-P409,95,TIRF-135,135,MEDIUM,1,footprint_or_image,35,50045c553bf551b6a3b60b1952027accf46b572a52c4e7a5186e96c389090540,DIRECT PRIMARY
4,PB263443(1).pdf,411,V04-P409,95,TIRF-135,135,MEDIUM,2,tire_uniformity,380,6a4459b0ffdbb5093a0b0de4120ebc212c6ce97febb590ca672f43bc75f54c39,DIRECT PRIMARY
4,PB263443(1).pdf,412,V04-P409,95,TIRF-135,135,MEDIUM,3,cornering_coefficients,1311,1f1b7b98a668d305e5cac70965ae7d98dbb530c8d0c1480050e4093ba4542f2d,DIRECT PRIMARY
4,PB263443(1).pdf,413,V04-P409,95,TIRF-135,135,MEDIUM,4,braking_plot,606,7e9450943e229c7e28ad389ffbe88dc0a947776ee31ceeb0fe0943cb1abaa83d,DIRECT PRIMARY
4,PB263443(1).pdf,414,V04-P409,95,TIRF-135,135,MEDIUM,5,other,342,0a4e96a8c871e6636ea2041fb3d821617922de5e734e9fab75f83171a875f8cf,DIRECT PRIMARY
4,PB263443(1).pdf,415,V04-P409,95,TIRF-135,135,MEDIUM,6,other,257,5da3f3b94b22907e5d5bba21c35c57da9a51b9026988bcaee40103e10204025c,DIRECT PRIMARY
4,PB263443(1).pdf,416,V04-P409,95,TIRF-135,135,MEDIUM,7,other,510,38a42bb7e6a08284f66bcd25972e2d8da0826b4426b51f088563283c0c2bb59b,DIRECT PRIMARY
4,PB263443(1).pdf,417,V04-P417,96,TIRF-136,136,MEDIUM,0,tire_identification,1099,54b9de6c6c267d3331035617ec8e72dc75b46d8fee32db1cde2bc8ffea4032dd,DIRECT PRIMARY
4,PB263443(1).pdf,418,V04-P417,96,TIRF-136,136,MEDIUM,1,footprint_or_image,35,c8427d31197b69a3de3a9fc59cf33793c63f76fe9cefa518c34409440f243969,DIRECT PRIMARY
4,PB263443(1).pdf,419,V04-P417,96,TIRF-136,136,MEDIUM,2,tire_uniformity,419,c58bd1b59a6e83b418c196a4b2f9eff75f4c6cb2117ecb9ee5c22c9f0643e39a,DIRECT PRIMARY
4,PB263443(1).pdf,420,V04-P417,96,TIRF-136,136,MEDIUM,3,cornering_coefficients,1295,3c4517b1233a0da2d28ff04b21705ca65305295ebacd9a63c64f4c8a097bd373,DIRECT PRIMARY
4,PB263443(1).pdf,421,V04-P417,96,TIRF-136,136,MEDIUM,4,braking_plot,631,7e031f12a9efab29a9c761581a5e4627b07213e8bacf56e13ad1b596604a9bd4,DIRECT PRIMARY
4,PB263443(1).pdf,422,V04-P417,96,TIRF-136,136,MEDIUM,5,cornering_plot,336,94a9b565708673da1b44e63fcd37cef3458b2d0041e025f64755f56ebda0f81f,DIRECT PRIMARY
4,PB263443(1).pdf,423,V04-P417,96,TIRF-136,136,MEDIUM,6,other,233,9ad4bb792adced1d7197fcb78e670b815245b6bb4dded6c0b31b682cbd602f05,DIRECT PRIMARY
4,PB263443(1).pdf,424,V04-P417,96,TIRF-136,136,MEDIUM,7,other,260,be064f6d5504e5154e81ef51ae9e74873a9e09c8d781f7ed8dca1a0ccc823e83,DIRECT PRIMARY
4,PB263443(1).pdf,425,V04-P425,97,TIRF-137,137,LOW,0,tire_identification,1518,2bd14cd51cddb1ddb0615c3de08add99f9c452bc71df21e530260cf5bc85b00b,DIRECT PRIMARY
4,PB263443(1).pdf,426,V04-P425,97,TIRF-137,137,LOW,1,footprint_or_image,49,6a7da0c06d8f4ecad6f901b5ce40db467402ea2bdd1b50f4af68204ac7d4a673,DIRECT PRIMARY
4,PB263443(1).pdf,427,V04-P425,97,TIRF-137,137,LOW,2,tire_uniformity,411,5d7d65c190ca040e9d2b96d442f6dd898e270031cf32fb9eeef3630cfaded514,DIRECT PRIMARY
4,PB263443(1).pdf,428,V04-P425,97,TIRF-137,137,LOW,3,cornering_coefficients,1314,e28c09e3de54b38b380a75d70530e48a3f6085bcf12a313af0dd0b52d470bd13,DIRECT PRIMARY
4,PB263443(1).pdf,429,V04-P425,97,TIRF-137,137,LOW,4,braking_coefficients,607,98bb814ac87d6bdc040045ba109b458501a64edee632dd7b25a49ee5420fa64c,DIRECT PRIMARY
4,PB263443(1).pdf,430,V04-P425,97,TIRF-137,137,LOW,5,other,313,51072d4275b4ace2bd5f8e92333e8444516ec219fc68f8489bed99a6ede835ef,DIRECT PRIMARY
4,PB263443(1).pdf,431,V04-P425,97,TIRF-137,137,LOW,6,other,311,444d6f3bf8ca9cb6020efee30e0e4adaf6a6248ef7256a6900be07123a7ff303,DIRECT PRIMARY
4,PB263443(1).pdf,432,V04-P425,97,TIRF-137,137,LOW,7,other,208,818b96d4c0a8a33f83a94634de128bb861acbbad47a0dccbd669972b6e9a392a,DIRECT PRIMARY
4,PB263443(1).pdf,433,V04-P433,98,TIRF-138,138,MEDIUM,0,tire_identification,1114,afc36f358b7639c9e9d6f6633829d8eb8ef50dab9ae905fdccd44c0758082c12,DIRECT PRIMARY
4,PB263443(1).pdf,434,V04-P433,98,TIRF-138,138,MEDIUM,1,footprint_or_image,30,2443996b9bd30cd32541da106cf9a5a18daf5e00d3de6ec8a0808ba9ba1b5992,DIRECT PRIMARY
4,PB263443(1).pdf,435,V04-P433,98,TIRF-138,138,MEDIUM,2,other,366,62f48646805491a6206481ef3e2409a23c37700cb0b74c47be0f4e50ddb613a0,DIRECT PRIMARY
4,PB263443(1).pdf,436,V04-P433,98,TIRF-138,138,MEDIUM,3,cornering_coefficients,1279,106b63caf1f14564de0acd6b5b79bc4acd9564a030c27508130ac7f95eb789bc,DIRECT PRIMARY
4,PB263443(1).pdf,437,V04-P433,98,TIRF-138,138,MEDIUM,4,braking_plot,599,dc6fbeeff7456f92b624befc6bcdff14f2e87766b34253d896e6f5a8a83a2d96,DIRECT PRIMARY
4,PB263443(1).pdf,438,V04-P433,98,TIRF-138,138,MEDIUM,5,other,322,b6c6c4e15c39066b56f48c81396ab73fa311bcfbc21fc0b282269bb1723cf773,DIRECT PRIMARY
4,PB263443(1).pdf,439,V04-P433,98,TIRF-138,138,MEDIUM,6,other,219,3523f9129e5cf5700f3d95a237dfc0d5c613b6d3b67882d6f7968add0ec573ce,DIRECT PRIMARY
4,PB263443(1).pdf,440,V04-P433,98,TIRF-138,138,MEDIUM,7,other,155,f76437a74f6c712f4ddf06a7314e60fda116c9fe6cb2a5e432194a8a70d72544,DIRECT PRIMARY
4,PB263443(1).pdf,441,V04-P441,99,TIRF-139,139,MEDIUM,0,tire_identification,1111,7c0fa30f8c0456eb669a74637b7714c9c5071f37999c87237f258276a078f6f9,DIRECT PRIMARY
4,PB263443(1).pdf,442,V04-P441,99,TIRF-139,139,MEDIUM,1,footprint_or_image,37,b55dc220f54ea262352eeb9ad2de81e8b5484bca20f00270a95193f8d547d3ea,DIRECT PRIMARY
4,PB263443(1).pdf,443,V04-P441,99,TIRF-139,139,MEDIUM,2,tire_uniformity,349,3447d5dfad93f525b0fab4bf783a8a4c98bb2500ae320f2e467b77c25d258bcb,DIRECT PRIMARY
4,PB263443(1).pdf,444,V04-P441,99,TIRF-139,139,MEDIUM,3,cornering_coefficients,1289,1a3d58917b757f2be3b6a11ecd0ac9a50b57f0955bbdf3e46d9d830cbde237a6,DIRECT PRIMARY
4,PB263443(1).pdf,445,V04-P441,99,TIRF-139,139,MEDIUM,4,braking_plot,599,c753f19575073dfd4608dbfc420a3855beff5a6d93655656cc14ec73a46f5a73,DIRECT PRIMARY
4,PB263443(1).pdf,446,V04-P441,99,TIRF-139,139,MEDIUM,5,other,327,61e0c5bf3b2a7d9819b9aaa4047e2ddd0cebdeb0b4ebb975b90d3f27304ae0b5,DIRECT PRIMARY
4,PB263443(1).pdf,447,V04-P441,99,TIRF-139,139,MEDIUM,6,cornering_plot,246,434dd46c21ee2d9d69624924f834df8e89444ab8df8e403c5163f55a9814f5d9,DIRECT PRIMARY
4,PB263443(1).pdf,448,V04-P441,99,TIRF-139,139,MEDIUM,7,other,377,f241ff21949cf703e66f59f6c96a405f235a594a69c068827f305ef390b776cc,DIRECT PRIMARY
4,PB263443(1).pdf,449,V04-P441,99,TIRF-139,139,MEDIUM,8,other,1120,5acda26e390052645d2fb135bf9ae8297e20a91dc79bfde6e07057b12700d293,DIRECT PRIMARY
4,PB263443(1).pdf,450,V04-P441,99,TIRF-139,139,MEDIUM,9,other,45,3ebec213441c65a3c04ea1b02252abcb9e4658cae5263ffc3018c81335ced479,DIRECT PRIMARY
4,PB263443(1).pdf,451,V04-P441,99,TIRF-139,139,MEDIUM,10,tire_uniformity,436,d08619b3035b4d85c86fbbdd5d5c48e74da093e23508eeaa059f9fa05cceb5e0,DIRECT PRIMARY
4,PB263443(1).pdf,452,V04-P441,99,TIRF-139,139,MEDIUM,11,cornering_coefficients,1304,be83ee2d34ed6fd458da87dc97b1624f3a68684c87448d79557a2978fffda2e6,DIRECT PRIMARY
4,PB263443(1).pdf,453,V04-P441,99,TIRF-139,139,MEDIUM,12,braking_coefficients,598,6f043d61f58f64b147314ebd095887766854dbb40c97d06b0c0308284e04d75d,DIRECT PRIMARY
4,PB263443(1).pdf,454,V04-P441,99,TIRF-139,139,MEDIUM,13,other,324,f67b35fd5867b0fcf400b6cfd492eaac135710024969f9f4352d92c2e5c91cdf,DIRECT PRIMARY
4,PB263443(1).pdf,455,V04-P441,99,TIRF-139,139,MEDIUM,14,other,263,249ea3858cf0c5debf9158260f9cf1c21aa43f3beff5f893605fd37445650d99,DIRECT PRIMARY
4,PB263443(1).pdf,456,V04-P441,99,TIRF-139,139,MEDIUM,15,other,457,5aed8cc2d76b9f5795d8beadeb8369ffec42020be0213fab471fcbf77bec63e9,DIRECT PRIMARY
4,PB263443(1).pdf,457,V04-P457,100,TIRF-141,141,HIGH,0,tire_identification,1355,184a4563a9d01e7d3f53a710261b669a207ffc760169b8de98451d789e449964,DIRECT PRIMARY
4,PB263443(1).pdf,458,V04-P457,100,TIRF-141,141,HIGH,1,footprint_or_image,17,8e5598bb2258b4994132b9afce87fd0544ad2ed13c670568fec3eeaafb4605dc,DIRECT PRIMARY
4,PB263443(1).pdf,459,V04-P457,100,TIRF-141,141,HIGH,2,tire_uniformity,455,42afad5b8a0bb14d704520a6dacfa0b3135f830bd1cb765b1c7f9838d7dde21b,DIRECT PRIMARY
4,PB263443(1).pdf,460,V04-P457,100,TIRF-141,141,HIGH,3,cornering_coefficients,1284,1dc6e1d79e019e951d999a0b2873987ac706a493c57d24fee8386f361dc56cd3,DIRECT PRIMARY
4,PB263443(1).pdf,461,V04-P457,100,TIRF-141,141,HIGH,4,braking_coefficients,609,f1511a34f9fc429251a957c972520fbdce31e57c9d159bab6fcb192b8c20b94b,DIRECT PRIMARY
4,PB263443(1).pdf,462,V04-P457,100,TIRF-141,141,HIGH,5,other,354,a2fe9ca33777ca62463d365f0948e2c1aa8bfc2bc62a4b1e487b05ac8a858156,DIRECT PRIMARY
4,PB263443(1).pdf,463,V04-P457,100,TIRF-141,141,HIGH,6,other,276,2ae76fbbc3bc1db1ad2d2c0991a8c389d7acd199663df0139c94592588d7f49d,DIRECT PRIMARY
4,PB263443(1).pdf,464,V04-P457,100,TIRF-141,141,HIGH,7,other,440,183d3002fc8fc23c7f7441bf283533e6f6b76c35a2dd7ca27e7f63fdfbb458c6,DIRECT PRIMARY
4,PB263443(1).pdf,465,V04-P465,101,TIRF-142,142,HIGH,0,tire_identification,1072,a91c9249402704bda67a0ad32adcc808939b2d395db3731cdcb09b17d7abad01,DIRECT PRIMARY
4,PB263443(1).pdf,466,V04-P465,101,TIRF-142,142,HIGH,1,footprint_or_image,19,1bd30105afd3c45aec12e1fc807e5aa9a5d56a784900f0fdd18964fe4d838dc9,DIRECT PRIMARY
4,PB263443(1).pdf,467,V04-P465,101,TIRF-142,142,HIGH,2,tire_uniformity,434,58827834af281523146c741a7382a9c5a5f9fcc7b603c86774dcbe4a687d7228,DIRECT PRIMARY
4,PB263443(1).pdf,468,V04-P465,101,TIRF-142,142,HIGH,3,cornering_coefficients,1303,e8d9de279b5a1d524a6490724a9962e251c74991674f9116ce1d74345418484b,DIRECT PRIMARY
4,PB263443(1).pdf,469,V04-P465,101,TIRF-142,142,HIGH,4,braking_plot,593,67ba1be689406d1bf3541140f10b4bb6e64a130b2ed08a7082551befe88a2993,DIRECT PRIMARY
4,PB263443(1).pdf,470,V04-P465,101,TIRF-142,142,HIGH,5,other,464,60a0a6df3b6d952720babcbb902a00d501522fd05e3f3716dd98593f0f61c76c,DIRECT PRIMARY
4,PB263443(1).pdf,471,V04-P465,101,TIRF-142,142,HIGH,6,other,343,44b2785fd96b673eadbac282dd8cbe23d4899bef13f77619854582122d14db85,DIRECT PRIMARY
4,PB263443(1).pdf,472,V04-P465,101,TIRF-142,142,HIGH,7,other,321,09b7f08f057e39489af2f8f03af16cd1da1ff8483a2b245594fbea9b45db0a85,DIRECT PRIMARY
4,PB263443(1).pdf,473,V04-P473,102,TIRF-143,143,LOW,0,tire_identification,1329,4f21544aa2a9cc777b3a0db9bfe4c765a80ca75d64b625557fce9f04f11d0e0a,DIRECT PRIMARY
4,PB263443(1).pdf,474,V04-P473,102,TIRF-143,143,LOW,1,footprint_or_image,25,affdd3d8d61a683a93d7bc1d280ab464b27b4ec1c9c880e782a89d37c9c05cde,DIRECT PRIMARY
4,PB263443(1).pdf,475,V04-P473,102,TIRF-143,143,LOW,2,tire_uniformity,425,b694b9b87ab65dfa09c78358283c31bd7199ef59312e5627bcac25a93508a2fa,DIRECT PRIMARY
4,PB263443(1).pdf,476,V04-P473,102,TIRF-143,143,LOW,3,cornering_coefficients,1297,699a4888957bb3baabc19e22756a6ed355f3238783d7ddf78545b363c53c03d5,DIRECT PRIMARY
4,PB263443(1).pdf,477,V04-P473,102,TIRF-143,143,LOW,4,braking_coefficients,609,afb10dcb55676c082b64c6a6d788bdeee040c160937e6ac9532f39c1c320bb7d,DIRECT PRIMARY
4,PB263443(1).pdf,478,V04-P473,102,TIRF-143,143,LOW,5,cornering_plot,368,b50ef98f5fe33dbe0296f48bd0fd124adc0a19d75025179f1ad4ef72cae9a659,DIRECT PRIMARY
4,PB263443(1).pdf,479,V04-P473,102,TIRF-143,143,LOW,6,other,278,55f536517cc25ceaeac0ca9f9b63fba7fa2fd0cb2a08e26322c48195f601130f,DIRECT PRIMARY
4,PB263443(1).pdf,480,V04-P473,102,TIRF-143,143,LOW,7,other,269,ed886210ba0cd6bbca7d4d71a6e94e87d9d9b11b976811fc8f96279c5dc91560,DIRECT PRIMARY
4,PB263443(1).pdf,481,V04-P481,103,TIRF-144,144,HIGH,0,tire_identification,1194,9384e03d273d95511329b3e65291e56f8052c04fde6f4eea4cb016ba69287875,DIRECT PRIMARY
4,PB263443(1).pdf,482,V04-P481,103,TIRF-144,144,HIGH,1,footprint_or_image,15,0414cb962817744ba0eff1d99a52884eb984969b2cd48e221cfcb321cdd07128,DIRECT PRIMARY
4,PB263443(1).pdf,483,V04-P481,103,TIRF-144,144,HIGH,2,tire_uniformity,473,62e83e365823e594280f92884bf6b7fa2ab3d06c260ce186edea9be272e744ba,DIRECT PRIMARY
4,PB263443(1).pdf,484,V04-P481,103,TIRF-144,144,HIGH,3,cornering_coefficients,1295,e7114aa1af9f37b587578ae42d6495737c82dca797a5fb18a76113153b7a2350,DIRECT PRIMARY
4,PB263443(1).pdf,485,V04-P481,103,TIRF-144,144,HIGH,4,braking_plot,617,226b9fef0ad8b88f9e816a6dbffacc147a9a2ee04207449d833f7c5d689e3e29,DIRECT PRIMARY
4,PB263443(1).pdf,486,V04-P481,103,TIRF-144,144,HIGH,5,other,389,44c964166ff39f2e0b528e8772c1001b2542695d8a61e630b05c67945ab8b59e,DIRECT PRIMARY
4,PB263443(1).pdf,487,V04-P481,103,TIRF-144,144,HIGH,6,other,317,d2aa4ab96824534fb3e85b5c983da7a0a0904893e5039da2c1e440e45ccc5e8f,DIRECT PRIMARY
4,PB263443(1).pdf,488,V04-P481,103,TIRF-144,144,HIGH,7,other,451,859cbf530120d6b3cf8790ced23a7a2769c6acc18fdbf0a0fadd606ca6185284,DIRECT PRIMARY
5,PB263444(1).pdf,1,,,,,,,test_data,496,e6b580ecd4f2f11a8e960ade4dff32c08a9e152d831a8fefa57e87745f9717a7,DIRECT PRIMARY
5,PB263444(1).pdf,2,,,,,,,other,226,a8b78c330ddcaadcfe2db183d2fef399a22c7cd38abe6a3894231b50d5fdf289,DIRECT PRIMARY
5,PB263444(1).pdf,3,,,,,,,test_data,2464,4617291f08c283e53f4cd3ec2d68326744ef099e479fde96bff263658e895eb8,DIRECT PRIMARY
5,PB263444(1).pdf,4,,,,,,,other,2525,4226220709c6fa826d8a391cfd3e981966d058f56cedb1633a095a6c808742f5,DIRECT PRIMARY
5,PB263444(1).pdf,5,,,,,,,test_data,973,9dc6f7d1f5628611ab888f53501e78e35ccc11958820e2a2e2f4160c13f731eb,DIRECT PRIMARY
5,PB263444(1).pdf,6,,,,,,,image_or_blank,0,e3b0c44298fc1c149afbf4c8996fb92427ae41e4649b934ca495991b7852b855,DIRECT PRIMARY
5,PB263444(1).pdf,7,,,,,,,combined_interaction,262,a035abee41834ae2a64900350e47dcf568dcbaa6568243d79fe6d14a82965a10,DIRECT PRIMARY
5,PB263444(1).pdf,8,,,,,,,braking_plot,552,6531a8ada14fc713abb5656deb9c3a270d7d659c6300b513f2db5d03f5fad322,DIRECT PRIMARY
5,PB263444(1).pdf,9,,,,,,,other,1140,04344b67a9c071e6a2c584429fed991ad8f4573fdf23b6f56adf4ea269cb7f47,DIRECT PRIMARY
5,PB263444(1).pdf,10,,,,,,,other,86,c4e3f93bd83be80df0e11def500b5d409157226249afef05bbca00aba39695f5,DIRECT PRIMARY
5,PB263444(1).pdf,11,,,,,,,tire_uniformity,397,5572ca151fdcce361696abf488a0b1742983b79bbaf9e1f255bbbd80f9d43e9c,DIRECT PRIMARY
5,PB263444(1).pdf,12,,,,,,,cornering_coefficients,1303,49bf3ad32f5bd5f8d76ef546f8817ccb89386cda31f1ab8ae1057777aed7ef9b,DIRECT PRIMARY
5,PB263444(1).pdf,13,,,,,,,braking_coefficients,605,5bcae83ea06efbc00b9231a1902daede158eafc2737380235fc9b22ba11327a9,DIRECT PRIMARY
5,PB263444(1).pdf,14,,,,,,,image_or_blank,0,e3b0c44298fc1c149afbf4c8996fb92427ae41e4649b934ca495991b7852b855,DIRECT PRIMARY
5,PB263444(1).pdf,15,,,,,,,other,171,5b245c9611ba13e77156b79b68bf92ee74c4f90aa2331d62a80b740871014d32,DIRECT PRIMARY
5,PB263444(1).pdf,16,,,,,,,other,241,134d77c1315492dd8547b1a23f1b80a0369030025980cbe316ce9d8c157dd7d4,DIRECT PRIMARY
5,PB263444(1).pdf,17,,,,,,,other,507,8eb734852e00e42fa4d28b11965b6ddaaebf6de7ef27965b0f27fe681dab3a58,DIRECT PRIMARY
5,PB263444(1).pdf,18,V05-P018,104,TIRF-145,145,LOW,0,tire_identification,1355,c9632f0f14a2539ff91e1a1c93c3360f6e66fd64d2e58fe6ee8531c5f8e85cac,DIRECT PRIMARY
5,PB263444(1).pdf,19,V05-P018,104,TIRF-145,145,LOW,1,footprint_or_image,5,581d3ae5bd4629d94425da76be18855bbd9162299f417e58d45d8789cc1b31b7,DIRECT PRIMARY
5,PB263444(1).pdf,20,V05-P018,104,TIRF-145,145,LOW,2,tire_uniformity,353,3ac92cf75e60c04b8c170e8e1d8d12cfa5032dfeb839a86c515644cb71f3fb0d,DIRECT PRIMARY
5,PB263444(1).pdf,21,V05-P018,104,TIRF-145,145,LOW,3,cornering_coefficients,1296,d88a1e4a6cc78d3a81d8b37c6cbd621ecffb0d373724bda6a8d4acaf51c0bcfa,DIRECT PRIMARY
5,PB263444(1).pdf,22,V05-P018,104,TIRF-145,145,LOW,4,braking_plot,607,9f73bb3bf7db2c7c2f4684f3ef81127cca54eb09bcd9ec858961a142d6ae66a6,DIRECT PRIMARY
5,PB263444(1).pdf,23,V05-P018,104,TIRF-145,145,LOW,5,other,314,641e930cd679c70489ee5d8e9e723eddfe3fcc52a7e3d4447176a7682905fcb4,DIRECT PRIMARY
5,PB263444(1).pdf,24,V05-P018,104,TIRF-145,145,LOW,6,other,301,b764bd83100c980bab78d58ab19dea42127de3bab81c0c038e0440f01cdd82ae,DIRECT PRIMARY
5,PB263444(1).pdf,25,V05-P018,104,TIRF-145,145,LOW,7,other,195,0bdc8f36b0d67cbd4003b0975301bc2ab8d0b6eb0bfbbe0e4df290b2ab263dca,DIRECT PRIMARY
5,PB263444(1).pdf,26,V05-P018,104,TIRF-145,145,LOW,8,other,1094,df3486f29ff86263539dde6b3d34f09fa1064c5503d6c546bf9fab86059aacb1,DIRECT PRIMARY
5,PB263444(1).pdf,27,V05-P018,104,TIRF-145,145,LOW,9,image_or_blank,9,2cda579e0ed57937fa62f6a1dee117b62af4563292c9de2d8013ceb49f291afa,DIRECT PRIMARY
5,PB263444(1).pdf,28,V05-P018,104,TIRF-145,145,LOW,10,tire_uniformity,359,c6289b30abdfbde71d8a61eec7f4adcf6313354afbaa1af36fc49b8c36e060d4,DIRECT PRIMARY
5,PB263444(1).pdf,29,V05-P018,104,TIRF-145,145,LOW,11,cornering_coefficients,1294,7a63de70d30f04c5710a5cc8ca5d24249325bfdec6746969120edac28ca5f0e9,DIRECT PRIMARY
5,PB263444(1).pdf,30,V05-P018,104,TIRF-145,145,LOW,12,braking_coefficients,551,f57afc631521b8d7113592574938a0f68c1520d831cf8df9fd7dc16660ef629e,DIRECT PRIMARY
5,PB263444(1).pdf,31,V05-P018,104,TIRF-145,145,LOW,13,other,76,c0de04009354f2db6a0721370081d95cac49c01eb6ef6fa7ceeff6ca9f252f34,DIRECT PRIMARY
5,PB263444(1).pdf,32,V05-P018,104,TIRF-145,145,LOW,14,other,251,760d13d4e1a50b36ccc513f137b46c4fd1336c04cd29d8867f78de44ea3299c4,DIRECT PRIMARY
5,PB263444(1).pdf,33,V05-P018,104,TIRF-145,145,LOW,15,other,381,19a9ddcdae3cdbbefd21be27396b1300f70b84d6955affa42c10709d002dedb1,DIRECT PRIMARY
5,PB263444(1).pdf,34,V05-P034,105,TIRF-145,145,HIGH,0,tire_identification,867,de0b989ca94de1f677138656fa5ae9a9fe24509552a239910aa4c347e63b4d17,DIRECT PRIMARY
5,PB263444(1).pdf,35,V05-P034,105,TIRF-145,145,HIGH,1,footprint_or_image,62,496d8bff20386b3df9642518d39818c1a2a138d102791d231936c11e5ebad17d,DIRECT PRIMARY
5,PB263444(1).pdf,36,V05-P034,105,TIRF-145,145,HIGH,2,tire_uniformity,414,8994d7b0a912c9a940e4e6ed61eb4af6449d1a13591bf9f208db31a6b11834da,DIRECT PRIMARY
5,PB263444(1).pdf,37,V05-P034,105,TIRF-145,145,HIGH,3,cornering_coefficients,1298,855f34b9501819f4057be9135a8607143861b01ed7b9dc2d169ac6dfaa511813,DIRECT PRIMARY
5,PB263444(1).pdf,38,V05-P034,105,TIRF-145,145,HIGH,4,braking_plot,534,02d007a722135282f0a89649c86dfea0bcf4d9d58aa11da34a5773f9b031daee,DIRECT PRIMARY
5,PB263444(1).pdf,39,V05-P034,105,TIRF-145,145,HIGH,5,other,475,ed5b7c805475b87c4f5e5d7ae8220a5706c00dd5c7d0b13f1bddc4c39328f3d2,DIRECT PRIMARY
5,PB263444(1).pdf,40,V05-P034,105,TIRF-145,145,HIGH,6,other,322,fa4c55768816ce30a4f80c7c8d5869efb0c597afcb4132bff904649c195615ce,DIRECT PRIMARY
5,PB263444(1).pdf,41,V05-P034,105,TIRF-145,145,HIGH,7,other,465,52c09eb79f72c50f8504de4f63e831870ed35c67a7dc39fd1d5ace1451031050,DIRECT PRIMARY
5,PB263444(1).pdf,42,V05-P042,106,TIRF-148,148,LOW,0,tire_identification,1120,776853c5ec6f7162f7f2beb75fafe0b308340f33e214781ac7121ecebcf0ced5,DIRECT PRIMARY
5,PB263444(1).pdf,43,V05-P042,106,TIRF-148,148,LOW,1,footprint_or_image,0,e3b0c44298fc1c149afbf4c8996fb92427ae41e4649b934ca495991b7852b855,DIRECT PRIMARY
5,PB263444(1).pdf,44,V05-P042,106,TIRF-148,148,LOW,2,tire_uniformity,388,6382e2c95ebbad04baf24c400ddf0287ebbc7a6532101d1aab74bbac206dff3c,DIRECT PRIMARY
5,PB263444(1).pdf,45,V05-P042,106,TIRF-148,148,LOW,3,test_data,1159,bd580018649d0d388f559c295d82844e51b5a070177bc99f985c76e477b2125b,DIRECT PRIMARY
5,PB263444(1).pdf,46,V05-P042,106,TIRF-148,148,LOW,4,braking_coefficients,626,f0652060f0a59617dc0a1d5b518cbaae520da685ab5de92f50ef3495db8b059e,DIRECT PRIMARY
5,PB263444(1).pdf,47,V05-P042,106,TIRF-148,148,LOW,5,other,374,13811663261019a7e5c45f066642a07c85ecf311273b25c399eec1b4e6d30d94,DIRECT PRIMARY
5,PB263444(1).pdf,48,V05-P042,106,TIRF-148,148,LOW,6,cornering_plot,281,0aafaab39357718a0e18c19c768151e8ae43b571f84c12b0beda93d3de3e49d3,DIRECT PRIMARY
5,PB263444(1).pdf,49,V05-P042,106,TIRF-148,148,LOW,7,other,156,88ceca7281ff9f45ed1441f8bdd02cebdad597ce7b84fe915512e910ba20816e,DIRECT PRIMARY
5,PB263444(1).pdf,50,V05-P050,107,TIRF-150,150,MEDIUM,0,tire_identification,1325,99d477f7dd1c109bcbf695bebfc8620ddd7fdbf82bf3b3c3357bd525cc0df7e1,DIRECT PRIMARY
5,PB263444(1).pdf,51,V05-P050,107,TIRF-150,150,MEDIUM,1,footprint_or_image,0,e3b0c44298fc1c149afbf4c8996fb92427ae41e4649b934ca495991b7852b855,DIRECT PRIMARY
5,PB263444(1).pdf,52,V05-P050,107,TIRF-150,150,MEDIUM,2,tire_uniformity,356,9e2a00bbe1335311607c9ac9b652958f7915755b751b45ace356dfe5b60b2831,DIRECT PRIMARY
5,PB263444(1).pdf,53,V05-P050,107,TIRF-150,150,MEDIUM,3,other,1178,37598c8e71cf28afcb94a0f4af60b9dbb24ca5abfc3485e17ff0d76af26153d4,DIRECT PRIMARY
5,PB263444(1).pdf,54,V05-P050,107,TIRF-150,150,MEDIUM,4,braking_coefficients,622,c5f994643b3210f6b0404a3248fa1925aa9581828002b336d69d301b7e9d03a2,DIRECT PRIMARY
5,PB263444(1).pdf,55,V05-P050,107,TIRF-150,150,MEDIUM,5,other,311,ce631239f0250f00cb92ebca06527e0f05d958e6b6ca2fd7c2d081af7f055286,DIRECT PRIMARY
5,PB263444(1).pdf,56,V05-P050,107,TIRF-150,150,MEDIUM,6,cornering_plot,243,d75ef46c0707b0aa7679d23c2de7bbf84981b9c64596d60fcc431bf6538d3f5a,DIRECT PRIMARY
5,PB263444(1).pdf,57,V05-P050,107,TIRF-150,150,MEDIUM,7,other,83,758fc866866bfb1c2fc0dfc32abed1962da4541ba559bc2ca0c3930a6ddad371,DIRECT PRIMARY
5,PB263444(1).pdf,58,V05-P058,108,TIRF-151,151,HIGH,0,tire_identification,1539,61b281bc8f9868416d7f66392293d404654cf050ac885c1d3a90ffaaa01d2804,DIRECT PRIMARY
5,PB263444(1).pdf,59,V05-P058,108,TIRF-151,151,HIGH,1,footprint_or_image,46,65e35ac0ed0952ef87d3611609dcceb44188116c723e2846f7f49180f52090d3,DIRECT PRIMARY
5,PB263444(1).pdf,60,V05-P058,108,TIRF-151,151,HIGH,2,tire_uniformity,372,a62fe2980fcab5baa77b4574c0aa2661e9bcea9899bb6f7e3d9c953d34229929,DIRECT PRIMARY
5,PB263444(1).pdf,61,V05-P058,108,TIRF-151,151,HIGH,3,cornering_coefficients,1179,db8a703f80e4e37ceb69c4f700fef476609079416bb4304b94530604db62252b,DIRECT PRIMARY
5,PB263444(1).pdf,62,V05-P058,108,TIRF-151,151,HIGH,4,braking_coefficients,607,05a037c3a8ab666ba5daa74f1740dc3268a8f5bb73636ebbabaf84ed414538d2,DIRECT PRIMARY
5,PB263444(1).pdf,63,V05-P058,108,TIRF-151,151,HIGH,5,other,59,7165c626f8a4a1f4c0a3b2feef53104fc45fdb2c15593eb0d2be64fb2be4e9fd,DIRECT PRIMARY
5,PB263444(1).pdf,64,V05-P058,108,TIRF-151,151,HIGH,6,other,201,8ab3aad3fc685c581b066f548e626b1a5017e713343ba4c96f589c18c56e829c,DIRECT PRIMARY
5,PB263444(1).pdf,65,V05-P058,108,TIRF-151,151,HIGH,7,other,400,ae03fda8afb204aed784bd42b6cfa13be5c27aa54fe06dbaa7d74c0ca173666a,DIRECT PRIMARY
5,PB263444(1).pdf,66,V05-P066,109,TIRF-151,151,HIGH,0,tire_identification,1132,0ecf3a5f96a45438fa1ce5ea8ebdee503953814a1f94a48f28ec9312153a5cac,DIRECT PRIMARY
5,PB263444(1).pdf,67,V05-P066,109,TIRF-151,151,HIGH,1,footprint_or_image,11,0a4aece65472bc6227538c133f5b9657a1f56955bccc2848d4409857144645e6,DIRECT PRIMARY
5,PB263444(1).pdf,68,V05-P066,109,TIRF-151,151,HIGH,2,tire_uniformity,348,1ff636ca94c9b5199b48e539de1b63cdec7aed341490d1864cded5c83e2ebd5f,DIRECT PRIMARY
5,PB263444(1).pdf,69,V05-P066,109,TIRF-151,151,HIGH,3,cornering_coefficients,1289,e7329c46bcf9e44ca3bdeb5dc2e6e42d890d0c64876ee92e84e3e34a2d37dcd9,DIRECT PRIMARY
5,PB263444(1).pdf,70,V05-P066,109,TIRF-151,151,HIGH,4,braking_coefficients,577,563e4411b71422a82af8e735007dd5c8aead8cbcd858065a611ab6bd98c53ad6,DIRECT PRIMARY
5,PB263444(1).pdf,71,V05-P066,109,TIRF-151,151,HIGH,5,cornering_plot,350,7169f8389a81a5bcf1e1d88df6c1943768d36a5911b566e37aac12249b6dcc8e,DIRECT PRIMARY
5,PB263444(1).pdf,72,V05-P066,109,TIRF-151,151,HIGH,6,other,70,67881b4ad43d924c1f23c08c7b0efb7d4f4dbda7f4058618cb0397bb26d8283a,DIRECT PRIMARY
5,PB263444(1).pdf,73,V05-P066,109,TIRF-151,151,HIGH,7,other,390,0099ed842e7964471efcb7d8d964be00ffd9417a2024c28f06c389fc2bb53ff0,DIRECT PRIMARY
5,PB263444(1).pdf,74,V05-P074,110,TIRF-153,153,LOW,0,tire_identification,1351,070ca7c247f632ff7f6d8868ba64afb068280049a1a8738c3eb913ccef416449,DIRECT PRIMARY
5,PB263444(1).pdf,75,V05-P074,110,TIRF-153,153,LOW,1,footprint_or_image,18,56999e5f8984d7da44cee0f1054addb84b617cee7bedbe0b4341f711c40eb46e,DIRECT PRIMARY
5,PB263444(1).pdf,76,V05-P074,110,TIRF-153,153,LOW,2,tire_uniformity,347,ddcc735bc41a82675513483eada7a9b95e964849ada9cf99ca019fb7f523349d,DIRECT PRIMARY
5,PB263444(1).pdf,77,V05-P074,110,TIRF-153,153,LOW,3,cornering_coefficients,1200,261b544978f938a8296036edb17cb580452a23d7fd9abfa3900e63bdec4c2514,DIRECT PRIMARY
5,PB263444(1).pdf,78,V05-P074,110,TIRF-153,153,LOW,4,braking_coefficients,540,33e864826b1491361fb30dc8baedf4d2beaa4bf2842d9c69482bfd9a93527e90,DIRECT PRIMARY
5,PB263444(1).pdf,79,V05-P074,110,TIRF-153,153,LOW,5,other,93,36efded732d4a1663d4e3d857d63dce19ced02f3efb0fcedb23275cb49b124f9,DIRECT PRIMARY
5,PB263444(1).pdf,80,V05-P074,110,TIRF-153,153,LOW,6,cornering_plot,177,983bce4e28c7f8291a838b2b8d57603566305e53d7cd96f369e20da1ea89d94e,DIRECT PRIMARY
5,PB263444(1).pdf,81,V05-P074,110,TIRF-153,153,LOW,7,other,383,512225376a735b3e497e16b252a3fe6026dcc7c104a5192c192497e7a36360e3,DIRECT PRIMARY
5,PB263444(1).pdf,82,V05-P082,111,TIRF-154,154,LOW,0,tire_identification,977,3d7e80889c30a1b5fc63027b34f27597ff5baadddbcba697029a053edcae6fc6,DIRECT PRIMARY
5,PB263444(1).pdf,83,V05-P082,111,TIRF-154,154,LOW,1,footprint_or_image,10,c0f2abe2b646c7ef70f948af3cce1f8c0286dec5a6d07ed5434cc55578ac884d,DIRECT PRIMARY
5,PB263444(1).pdf,84,V05-P082,111,TIRF-154,154,LOW,2,tire_uniformity,381,1460d2e26da0264f3d490d06dbfee2e11d7aafef2c03c73316fd0aa082dfc7ac,DIRECT PRIMARY
5,PB263444(1).pdf,85,V05-P082,111,TIRF-154,154,LOW,3,test_data,1175,6448e62d16f6ea0273e0f7a36bb53c1c19aeb1cfb243a9c1a08fd7922b0243cb,DIRECT PRIMARY
5,PB263444(1).pdf,86,V05-P082,111,TIRF-154,154,LOW,4,braking_coefficients,614,94409f5e4381ed337e2880e0075e7ce8d292013fa656b9ad91d8a603c7b338fe,DIRECT PRIMARY
5,PB263444(1).pdf,87,V05-P082,111,TIRF-154,154,LOW,5,other,340,da7233187590aaee364ac25c8c878bb8c368dc2ab8a5bcb071bfd4425612515d,DIRECT PRIMARY
5,PB263444(1).pdf,88,V05-P082,111,TIRF-154,154,LOW,6,other,186,44052fc31cc02cc7e212782f55f7b66b9afd1203fd50d8508fde38ab55199bf8,DIRECT PRIMARY
5,PB263444(1).pdf,89,V05-P082,111,TIRF-154,154,LOW,7,other,104,d0e3698f91e5fb9fe379a570f7e0d1231c903bd59c4c6234a7ff16dec16b6bb0,DIRECT PRIMARY
5,PB263444(1).pdf,90,V05-P090,112,TIRF-155,155,HIGH,0,tire_identification,1221,0b8db53daa2fed99827e16ba80ded04fd171468579223dbcab62476b9483688e,DIRECT PRIMARY
5,PB263444(1).pdf,91,V05-P090,112,TIRF-155,155,HIGH,1,footprint_or_image,38,791f7510a83f6f41cbf392ef0a4e305379a9e69b4664a8805c6c97d6f814d13c,DIRECT PRIMARY
5,PB263444(1).pdf,92,V05-P090,112,TIRF-155,155,HIGH,2,tire_uniformity,362,6f7a7b26c6af0d88dfb753397126977cabd25e9c1c2f6547e48c0b8471c95aad,DIRECT PRIMARY
5,PB263444(1).pdf,93,V05-P090,112,TIRF-155,155,HIGH,3,test_data,1170,29f3f20581fab28cc776793ad9cba44141e626d91eb0f5bea63eed3e7a4bda4e,DIRECT PRIMARY
5,PB263444(1).pdf,94,V05-P090,112,TIRF-155,155,HIGH,4,braking_coefficients,618,cf02d9db0152d7474e5a1e12f241acd446fb3ad8ae0453646ef5a04c3682adae,DIRECT PRIMARY
5,PB263444(1).pdf,95,V05-P090,112,TIRF-155,155,HIGH,5,other,92,7cecc124fe2cf11443eb33d1f5fe656099e0363a4c4b66c8a8173572b6ca5164,DIRECT PRIMARY
5,PB263444(1).pdf,96,V05-P090,112,TIRF-155,155,HIGH,6,other,179,35948e58d175bc61c35392782857b6110f251e02e2cbf01aa5a3d6bb30f9e12b,DIRECT PRIMARY
5,PB263444(1).pdf,97,V05-P090,112,TIRF-155,155,HIGH,7,other,95,1ceb5e6cadc1ed50c2ed3c9b686b296272725821bd1188e7e302fc7ac829ebac,DIRECT PRIMARY
5,PB263444(1).pdf,98,V05-P098,113,TIRF-156,156,LOW,0,tire_identification,1146,2f8e79628c53488d0318375b05f92e24da52ee3f24d1462772bd070d65ba5b12,DIRECT PRIMARY
5,PB263444(1).pdf,99,V05-P098,113,TIRF-156,156,LOW,1,footprint_or_image,30,31a8e4f64a5f78c41a2a44e28dfefe1a33b987435757f4164a164c64e3e3f021,DIRECT PRIMARY
5,PB263444(1).pdf,100,V05-P098,113,TIRF-156,156,LOW,2,tire_uniformity,355,4f5c8348a4d8a275b49dc7f604cab4e22c3ddb0a5992e31da663d9049c5007a4,DIRECT PRIMARY
5,PB263444(1).pdf,101,V05-P098,113,TIRF-156,156,LOW,3,cornering_coefficients,1336,8dee2406db84fad4692a93cceaf286c423483ca7cf317a0f3133d904438a6723,DIRECT PRIMARY
5,PB263444(1).pdf,102,V05-P098,113,TIRF-156,156,LOW,4,braking_coefficients,627,5fe4f2b487ab297d5ef3fc8646e710cc0847931e1cea6bbd2ea2736622219bc3,DIRECT PRIMARY
5,PB263444(1).pdf,103,V05-P098,113,TIRF-156,156,LOW,5,cornering_plot,382,f705d0f4026b888d2e979814e65eac75af0f39675b7b9434d17dfdd7d60defa4,DIRECT PRIMARY
5,PB263444(1).pdf,104,V05-P098,113,TIRF-156,156,LOW,6,cornering_plot,263,7be45943620b924e27219af0992ac50643dc1353c46bc962ac15d2d2adf035a9,DIRECT PRIMARY
5,PB263444(1).pdf,105,V05-P098,113,TIRF-156,156,LOW,7,other,120,039868b98f977b6127d884525c0f689f45f76e092c79cc616083e78f936e579b,DIRECT PRIMARY
5,PB263444(1).pdf,106,V05-P106,114,TIRF-158,158,MEDIUM,0,tire_identification,1634,53a484b6ddf3d20bdd2d66f898f318471b12de22dbebb1bfee0af2913b973734,DIRECT PRIMARY
5,PB263444(1).pdf,107,V05-P106,114,TIRF-158,158,MEDIUM,1,footprint_or_image,17,516c3acea8efe04d857ab4eba83a7908e6ffa10ecf9b59807e78e5fd1e6ccac5,DIRECT PRIMARY
5,PB263444(1).pdf,108,V05-P106,114,TIRF-158,158,MEDIUM,2,tire_uniformity,349,fdb7492f26f448b6d20d128d469a98a739da87c92618da3c8e99c651ba147051,DIRECT PRIMARY
5,PB263444(1).pdf,109,V05-P106,114,TIRF-158,158,MEDIUM,3,test_data,1171,c9892c4f42f273eb4e89230a6069b2c26b79db40f240cf00ca097c700eabbb3f,DIRECT PRIMARY
5,PB263444(1).pdf,110,V05-P106,114,TIRF-158,158,MEDIUM,4,braking_coefficients,546,624cc68b402dbacfffc31a74d5133464b7eaef248d44ffde5f1fe8c4ab0f1b45,DIRECT PRIMARY
5,PB263444(1).pdf,111,V05-P106,114,TIRF-158,158,MEDIUM,5,other,399,3012ac06ce0ae42d499ce099887ef961e5982a8d0d8f40b65dce43f54d83aaf8,DIRECT PRIMARY
5,PB263444(1).pdf,112,V05-P106,114,TIRF-158,158,MEDIUM,6,other,97,a6da09cc2a4ecdb79e4d69c5dfc7b61655cf4a0740c127d3f15ce5eee0f4c2a4,DIRECT PRIMARY
5,PB263444(1).pdf,113,V05-P106,114,TIRF-158,158,MEDIUM,7,other,484,d52948a620f3c52d8f9ad7cb24946327dccc6aa516b4a131491fca48933941c8,DIRECT PRIMARY
5,PB263444(1).pdf,114,V05-P114,115,TIRF-181,181,LOW,0,tire_identification,1372,e7ede8d682b84cef36b41e5035aa41aa4408b115ac7b4e11bed2dcc532848f25,DIRECT PRIMARY
5,PB263444(1).pdf,115,V05-P114,115,TIRF-181,181,LOW,1,footprint_or_image,52,f4cb4926b9a8efd2a23dc09ef27b3e38d3eb31957cdc7ddd0e588b9ffa3bbade,DIRECT PRIMARY
5,PB263444(1).pdf,116,V05-P114,115,TIRF-181,181,LOW,2,cornering_coefficients,1319,594113a5117948f8d40075ba1f7942d650018ee7b07280c0ab667ab8da4ed53b,DIRECT PRIMARY
5,PB263444(1).pdf,117,V05-P114,115,TIRF-181,181,LOW,3,braking_coefficients,608,f77e6db20517bb231715117c50f5889d26143fe9f7afff3b90a07fdd91f651f3,DIRECT PRIMARY
5,PB263444(1).pdf,118,V05-P114,115,TIRF-181,181,LOW,4,other,294,0482453065f4bc38db4a2872ff3a63eadde5aff073ccab04b4afff6516dc8b38,DIRECT PRIMARY
5,PB263444(1).pdf,119,V05-P114,115,TIRF-181,181,LOW,5,cornering_plot,194,72995096023dc6371e7a86d315d6f3ef4c91f48fc8c48f3fc73a6cbd3e08bb5e,DIRECT PRIMARY
5,PB263444(1).pdf,120,V05-P114,115,TIRF-181,181,LOW,6,other,91,ea7d15b9e2d5ac3c912225569f3f7088dd597d9de3cd9b465ab825a14a53478f,DIRECT PRIMARY
5,PB263444(1).pdf,121,V05-P114,115,TIRF-181,181,LOW,7,other,1066,831aa62040db474480e1ed0a2b408c5be8f5fdff3523e406cfb314ff10710a80,DIRECT PRIMARY
5,PB263444(1).pdf,122,V05-P114,115,TIRF-181,181,LOW,8,other,54,f938f60b846003c82917017ed0d0c2a3f381acddd0d3912f6c28a7c0ae2f5348,DIRECT PRIMARY
5,PB263444(1).pdf,123,V05-P114,115,TIRF-181,181,LOW,9,tire_uniformity,355,23ca351efa7ab3de8658272e1649d76b6b13864d3c1a8f4e95d73136a9187aa7,DIRECT PRIMARY
5,PB263444(1).pdf,124,V05-P114,115,TIRF-181,181,LOW,10,cornering_coefficients,1170,a8505bff187d95e13342f31215b37d9e166d2707129d0a91608bb26ae2bef5da,DIRECT PRIMARY
5,PB263444(1).pdf,125,V05-P114,115,TIRF-181,181,LOW,11,braking_coefficients,603,416bfe2134bcb3e0043fe14c7b2154512934155540f5910be0282d3c41ade1bf,DIRECT PRIMARY
5,PB263444(1).pdf,126,V05-P114,115,TIRF-181,181,LOW,12,other,182,d502ac56b2218bef075c5983b467b28ee43e13a49b40a6451562cd1ab588d65d,DIRECT PRIMARY
5,PB263444(1).pdf,127,V05-P114,115,TIRF-181,181,LOW,13,other,151,35faa3658a24327b746eb33d8f1ad90008e30a41af45259ae7c6afd46d2945fa,DIRECT PRIMARY
5,PB263444(1).pdf,128,V05-P114,115,TIRF-181,181,LOW,14,other,126,d73ed965305239774252c75a3ce3bea2b27cc3973397caeb777f6da93fc089c2,DIRECT PRIMARY
5,PB263444(1).pdf,129,V05-P114,115,TIRF-181,181,LOW,15,other,1098,4d39c0181b85193786648fd1def7956f5fd07ab75902f933cc984e7099a255b0,DIRECT PRIMARY
5,PB263444(1).pdf,130,V05-P114,115,TIRF-181,181,LOW,16,image_or_blank,22,c5345f74420edcc446ac0651a6b00d29ed238f9ebc8c8fba571c0c8f7d180c10,DIRECT PRIMARY
5,PB263444(1).pdf,131,V05-P114,115,TIRF-181,181,LOW,17,tire_uniformity,400,df8aa945d5d77377421d3cc141f269625eddec3c000aa4683b5de947bf008063,DIRECT PRIMARY
5,PB263444(1).pdf,132,V05-P114,115,TIRF-181,181,LOW,18,cornering_coefficients,1172,218cf291e130433f8ed262c0850cefcf1cc613f00249b6949efc5f24c6b7213a,DIRECT PRIMARY
5,PB263444(1).pdf,133,V05-P114,115,TIRF-181,181,LOW,19,braking_coefficients,603,a6c2d503d45991da062f771a2b9489aff03984022b31820e7ff63a7b7b26e971,DIRECT PRIMARY
5,PB263444(1).pdf,134,V05-P114,115,TIRF-181,181,LOW,20,other,53,880e756b7671462fa1659309953334d35982d4569776138fd225c974d0a56883,DIRECT PRIMARY
5,PB263444(1).pdf,135,V05-P114,115,TIRF-181,181,LOW,21,other,193,4cbd29d78f564943bdc05b99875d7d390d9bde4a1915ca85d83201f50808210a,DIRECT PRIMARY
5,PB263444(1).pdf,136,V05-P114,115,TIRF-181,181,LOW,22,image_or_blank,0,e3b0c44298fc1c149afbf4c8996fb92427ae41e4649b934ca495991b7852b855,DIRECT PRIMARY
5,PB263444(1).pdf,137,V05-P114,115,TIRF-181,181,LOW,23,other,337,5a801e4e07cbde31f5a8c620cfc0dd445b7554742dd133fae9ac386b0afe228b,DIRECT PRIMARY
5,PB263444(1).pdf,138,V05-P138,116,TIRF-182,182,HIGH,0,tire_identification,1090,ba7a1e0abcb567ce2167d155fb48582d2a292ce4dc782b1b78c5d7ea06c6a824,DIRECT PRIMARY
5,PB263444(1).pdf,139,V05-P138,116,TIRF-182,182,HIGH,1,footprint_or_image,40,03654b65eac29cae6810499b4b645c46352ea04f5f5cc73760827ea653f72dc2,DIRECT PRIMARY
5,PB263444(1).pdf,140,V05-P138,116,TIRF-182,182,HIGH,2,tire_uniformity,363,66ea747e150812d550e12208c3915a31a070364d8c72742f5af03b855a8bdf83,DIRECT PRIMARY
5,PB263444(1).pdf,141,V05-P138,116,TIRF-182,182,HIGH,3,other,1166,417ca575d4e942f18fd73a09b61d24fbb8622d63927bed3516c7c05395872837,DIRECT PRIMARY
5,PB263444(1).pdf,142,V05-P138,116,TIRF-182,182,HIGH,4,braking_plot,604,781881cba138a789d88858122befe044db44cdb1a9cfe08d4dcd62bcf07b04d3,DIRECT PRIMARY
5,PB263444(1).pdf,143,V05-P138,116,TIRF-182,182,HIGH,5,other,267,123ea10d7e63325769bdbbd6b54e1d0346031e76f60a667ed582db3d53251f25,DIRECT PRIMARY
5,PB263444(1).pdf,144,V05-P138,116,TIRF-182,182,HIGH,6,cornering_plot,208,4338f45f377767f1fcb8b10bdb1a27dd3cd237e4022a287031146136498e48a9,DIRECT PRIMARY
5,PB263444(1).pdf,145,V05-P138,116,TIRF-182,182,HIGH,7,other,306,b03bfec11dcf17238a00eb30d797936bd4cdaae6f18506efd890b24ceac80d4c,DIRECT PRIMARY
5,PB263444(1).pdf,146,V05-P146,117,TIRF-183,183,MEDIUM,0,tire_identification,1196,de0e016271de28c29dbb3f7a0c048f53310b9f932ec0d82af049c5b301e62ec7,DIRECT PRIMARY
5,PB263444(1).pdf,147,V05-P146,117,TIRF-183,183,MEDIUM,1,footprint_or_image,16,d4fdd2198a440a24646361124e58b4820c6bb128f344a180aa394df60b1688c6,DIRECT PRIMARY
5,PB263444(1).pdf,148,V05-P146,117,TIRF-183,183,MEDIUM,2,tire_uniformity,351,12bf76dbff64a78a17a5ee0f0c1b2caa4be67f0d6b9f4940d6e576cd112b06a5,DIRECT PRIMARY
5,PB263444(1).pdf,149,V05-P146,117,TIRF-183,183,MEDIUM,3,test_data,1166,e59d1f1f7cc754c1fbf3a14cfa190fdd1ab7b7f7cab021e4d8a008c1254afb52,DIRECT PRIMARY
5,PB263444(1).pdf,150,V05-P146,117,TIRF-183,183,MEDIUM,4,braking_coefficients,619,8a983eef750d3ce527e2cab414f44d7cfca7fc62e43f254a2752033a876a15d4,DIRECT PRIMARY
5,PB263444(1).pdf,151,V05-P146,117,TIRF-183,183,MEDIUM,5,other,53,ae2aaf59e19a6cf3fc6b43ab82af4c8eb3581373e120ea908c471623172dcd35,DIRECT PRIMARY
5,PB263444(1).pdf,152,V05-P146,117,TIRF-183,183,MEDIUM,6,other,199,eeff15d205558382c470642bb5b13813e82de6ce9a29e3c8fe398c58a055b9c0,DIRECT PRIMARY
5,PB263444(1).pdf,153,V05-P146,117,TIRF-183,183,MEDIUM,7,other,138,d7e3e2ad88283dd59185d60484b6add9a9590c5c11610d92f7104bfff0e4e052,DIRECT PRIMARY
5,PB263444(1).pdf,154,V05-P154,118,TIRF-184,184,HIGH,0,tire_identification,1149,42a9f11fea1abb7d1fa8f69803162d4314cd33f3c328577ca4b4b0d65a47bcbd,DIRECT PRIMARY
5,PB263444(1).pdf,155,V05-P154,118,TIRF-184,184,HIGH,1,footprint_or_image,9,b7abb9ae299db52fcb3750d49c562e6db45ec32650818656d16448a6636d8900,DIRECT PRIMARY
5,PB263444(1).pdf,156,V05-P154,118,TIRF-184,184,HIGH,2,tire_uniformity,390,ecf8ae811ffc3083397722847a51a5537d60ff4884996f354a1f1481ece2c8c4,DIRECT PRIMARY
5,PB263444(1).pdf,157,V05-P154,118,TIRF-184,184,HIGH,3,other,1284,b62691e7d86a6370824ab448a74d2e189754b3ccf8ed1a258e75fabdadfa5836,DIRECT PRIMARY
5,PB263444(1).pdf,158,V05-P154,118,TIRF-184,184,HIGH,4,braking_coefficients,594,5e5647ab3b41dddd34fca2cf91445bdfb58f889908e3cda0caebc71dc3dbd337,DIRECT PRIMARY
5,PB263444(1).pdf,159,V05-P154,118,TIRF-184,184,HIGH,5,other,315,e8362da468a55d7736a88662f18b89669b652b6834defa8c284abeeba48887c7,DIRECT PRIMARY
5,PB263444(1).pdf,160,V05-P154,118,TIRF-184,184,HIGH,6,other,211,80c3c484bb16e915aaafe2c07c9a4a1625348cc9b1aaf8732fb406d6ce104880,DIRECT PRIMARY
5,PB263444(1).pdf,161,V05-P154,118,TIRF-184,184,HIGH,7,other,425,167b8c591fa7c55588c6c6664ad4639de5d188e52e4c2380cc8952c42e7ff63d,DIRECT PRIMARY
5,PB263444(1).pdf,162,V05-P162,119,TIRF-185,185,MEDIUM,0,tire_identification,1169,f46558b4c8ff2ed42d13b053165ac7abbee0cd348bd332ec922075497f3da41b,DIRECT PRIMARY
5,PB263444(1).pdf,163,V05-P162,119,TIRF-185,185,MEDIUM,1,footprint_or_image,2,61d1954b9aba0c9aedb8d1338804e817c7262cfc36da94161dab8e3ed7a3a43a,DIRECT PRIMARY
5,PB263444(1).pdf,164,V05-P162,119,TIRF-185,185,MEDIUM,2,tire_uniformity,387,fe0eb064cf8bd087c29c40f1c9c57d09b0221ab8f23b561edb526623b83a4f0a,DIRECT PRIMARY
5,PB263444(1).pdf,165,V05-P162,119,TIRF-185,185,MEDIUM,3,cornering_coefficients,1221,2c9d8af011777dfd6ae1bfc3b7f6302e228f8477df8e7dc4805a9fab2c8870c3,DIRECT PRIMARY
5,PB263444(1).pdf,166,V05-P162,119,TIRF-185,185,MEDIUM,4,braking_coefficients,649,2e1fcd99a420011f4bedb380ec1e9f4e5afd8cd552bbf4c7c7c5dfb673ab175d,DIRECT PRIMARY
5,PB263444(1).pdf,167,V05-P162,119,TIRF-185,185,MEDIUM,5,other,302,e866f23cbea93dd73e3b621f1976973501d1f8f3409a140143ecb682605d2ef2,DIRECT PRIMARY
5,PB263444(1).pdf,168,V05-P162,119,TIRF-185,185,MEDIUM,6,cornering_plot,224,6ec62dc71e2cdad0ca4fd33859d4434379c58fd95015866117e5e45bd806a783,DIRECT PRIMARY
5,PB263444(1).pdf,169,V05-P162,119,TIRF-185,185,MEDIUM,7,other,450,49c3233722bac3ea9a850d61b0461c9d850d230a86a11b604841c3a0adb9a6a3,DIRECT PRIMARY
5,PB263444(1).pdf,170,V05-P170,120,TIRF-190,190,HIGH,0,tire_identification,1367,a4694156fbeea62868a21872e6f7291d6e7fad12ac2a60f74b2d1199424f8155,DIRECT PRIMARY
5,PB263444(1).pdf,171,V05-P170,120,TIRF-190,190,HIGH,1,footprint_or_image,36,423b8d0451e9d8c32b2ec7d6933afcc2fe50f9e520139a13cc52b630be7fcf76,DIRECT PRIMARY
5,PB263444(1).pdf,172,V05-P170,120,TIRF-190,190,HIGH,2,tire_uniformity,360,87ac033174ae22b486cdac2dbbe4170d618eb33842062cb7f73e14f559f078e2,DIRECT PRIMARY
5,PB263444(1).pdf,173,V05-P170,120,TIRF-190,190,HIGH,3,cornering_coefficients,1320,29c82161f8c2c2c34b505de920b517f189580d295d7d279e72faddf6f1ea7326,DIRECT PRIMARY
5,PB263444(1).pdf,174,V05-P170,120,TIRF-190,190,HIGH,4,braking_coefficients,621,a9de412edc77f3d36bd8abb94c155513483649996c47b4a4c8346930cd878421,DIRECT PRIMARY
5,PB263444(1).pdf,175,V05-P170,120,TIRF-190,190,HIGH,5,other,425,b06779a93f64a7f2e698701e6a8a923793daabf59d17133e18a569528e6f7eb0,DIRECT PRIMARY
5,PB263444(1).pdf,176,V05-P170,120,TIRF-190,190,HIGH,6,cornering_plot,107,73d5d3ad3e04d00b26c87a7e2e8c4709530fe5b45e25ac1887302c2189a917ae,DIRECT PRIMARY
5,PB263444(1).pdf,177,V05-P170,120,TIRF-190,190,HIGH,7,other,88,85e54fb176d73e4fc62356614823d4f1e0809fb43eddcec9547ccdb4413c11b8,DIRECT PRIMARY
5,PB263444(1).pdf,178,V05-P170,120,TIRF-190,190,HIGH,8,other,1021,4b77eb60aac5ac751d94911e9e76ae7da92840669f888cebdcaa2411565dfccc,DIRECT PRIMARY
5,PB263444(1).pdf,179,V05-P170,120,TIRF-190,190,HIGH,9,image_or_blank,17,98f1ca0ffa698499378b410a124f70ab76eda796c71e2928d7430e6214c0c37f,DIRECT PRIMARY
5,PB263444(1).pdf,180,V05-P170,120,TIRF-190,190,HIGH,10,braking_coefficients,634,35d48aeaefd09616c3fba6d3d34a621dfe48a6663f31ba3856a1317e1c6e6f6b,DIRECT PRIMARY
5,PB263444(1).pdf,181,V05-P170,120,TIRF-190,190,HIGH,11,other,423,bb3f793aeffd5791fe11a5c4aea58ac2de6bac2c810a9f60cd0c5a7e707f2584,DIRECT PRIMARY
5,PB263444(1).pdf,182,V05-P170,120,TIRF-190,190,HIGH,12,other,154,fbb5b51b6ba39f2cea9bf0700d78c7a3adae470cc19b0d18a8b283af00e27bb2,DIRECT PRIMARY
5,PB263444(1).pdf,183,V05-P170,120,TIRF-190,190,HIGH,13,other,498,bdceb86fa5fe813bb9761c02ab4e6f27f465cb33826d1bf4d47d572b99a6ae85,DIRECT PRIMARY
5,PB263444(1).pdf,184,V05-P184,121,TIRF-192,192,MEDIUM,0,tire_identification,1394,5b6668e3461bf287907ed50b6a587653528d6e9d1c990187bb61db03d024c97d,DIRECT PRIMARY
5,PB263444(1).pdf,185,V05-P184,121,TIRF-192,192,MEDIUM,1,footprint_or_image,40,b84919f751be8448fc89c6409219d394b038320c74e5785000d0d25cfcd67ae2,DIRECT PRIMARY
5,PB263444(1).pdf,186,V05-P184,121,TIRF-192,192,MEDIUM,2,tire_uniformity,354,c003f0135aac91c26907f3ecb4c2dcd79797ff1853aba6cd6a038d1963cc6ca0,DIRECT PRIMARY
5,PB263444(1).pdf,187,V05-P184,121,TIRF-192,192,MEDIUM,3,cornering_coefficients,1297,5af1d3e411c3abe1d98f4a8011b6dc13f7dc87b7d33731cc819bdcb7027ad161,DIRECT PRIMARY
5,PB263444(1).pdf,188,V05-P184,121,TIRF-192,192,MEDIUM,4,braking_coefficients,498,ab1823ab445374071e046dce3af0148a7b4c6d7590b3c8e3ac148ea91b7c0b32,DIRECT PRIMARY
5,PB263444(1).pdf,189,V05-P184,121,TIRF-192,192,MEDIUM,5,other,459,091c2662d11b28d46dc5044465b900becb411d4fc1c646f4273a4353b0b5c648,DIRECT PRIMARY
5,PB263444(1).pdf,190,V05-P184,121,TIRF-192,192,MEDIUM,6,other,334,11c676d34f48d5ae6d9993a8300a4da1f1d12fbf7ea21a00e54f0324c78d4b62,DIRECT PRIMARY
5,PB263444(1).pdf,191,V05-P184,121,TIRF-192,192,MEDIUM,7,other,510,4ab44d8f3ae1f4f608e8ac740e046896350e8fc3831302c14c0ae610f7f66636,DIRECT PRIMARY
5,PB263444(1).pdf,192,V05-P192,122,TIRF-193,193,MEDIUM,0,tire_identification,1632,ff03e512658a54197f22a64068e645d450ac074e091a03af54068db8be513547,DIRECT PRIMARY
5,PB263444(1).pdf,193,V05-P192,122,TIRF-193,193,MEDIUM,1,footprint_or_image,37,461fa334da6365858d31c2fa82cc0be4238edc9795bdbef3f6f7d6056c5ed810,DIRECT PRIMARY
5,PB263444(1).pdf,194,V05-P192,122,TIRF-193,193,MEDIUM,2,tire_uniformity,356,d987ee2c8928105daccceae9032b9414edc9f97a6a549ff52caaf0903d195fa3,DIRECT PRIMARY
5,PB263444(1).pdf,195,V05-P192,122,TIRF-193,193,MEDIUM,3,cornering_coefficients,1321,f36e1b261c3f44c70f8c30472480c6a8b76aad0e587815999751f99a764c6952,DIRECT PRIMARY
5,PB263444(1).pdf,196,V05-P192,122,TIRF-193,193,MEDIUM,4,braking_coefficients,544,5acf630d68f60e6b7593b2c2e419b64f0c28f378ca8ddca488d1174560470e18,DIRECT PRIMARY
5,PB263444(1).pdf,197,V05-P192,122,TIRF-193,193,MEDIUM,5,cornering_plot,474,62a87d1f66f3938a0746ef8ebaf71aac05d27477075849215524b3854b2cf78a,DIRECT PRIMARY
5,PB263444(1).pdf,198,V05-P198,123,TIRF-194,194,HIGH,0,tire_identification,1502,beae4e592b76c8a5a7bccbefcfbcd4aa9482439811f0bab6a3ad9b44a229b0b4,DIRECT PRIMARY
5,PB263444(1).pdf,199,V05-P198,123,TIRF-194,194,HIGH,1,footprint_or_image,49,cd7e7119ea892923d50b547c582b696832131b9a5ea508f9b047dbd0645e1e50,DIRECT PRIMARY
5,PB263444(1).pdf,200,V05-P198,123,TIRF-194,194,HIGH,2,tire_uniformity,407,9130781a7e24fe5ffef9f5258811524ba9287c7ca241ff5df85dc56a0afd67dc,DIRECT PRIMARY
5,PB263444(1).pdf,201,V05-P198,123,TIRF-194,194,HIGH,3,cornering_coefficients,1317,49031ed4182df7bfdf2083a8e6ceef8d30ecfc10f12a6fd3bcd20394c5c9787a,DIRECT PRIMARY
5,PB263444(1).pdf,202,V05-P198,123,TIRF-194,194,HIGH,4,braking_coefficients,612,2ac35ca8bca2c3845a55aa7863894aa635f206778979902a6d3b64f66690ffe8,DIRECT PRIMARY
5,PB263444(1).pdf,203,V05-P198,123,TIRF-194,194,HIGH,5,other,444,4000d6b0043a5ab444b51971daa7239111caadf1ce183fdefd168acacdc7af90,DIRECT PRIMARY
5,PB263444(1).pdf,204,V05-P198,123,TIRF-194,194,HIGH,6,other,225,7d83911c0c0877219742618fa34288ff9c3da78b32c473ece798619dcfdd89fd,DIRECT PRIMARY
5,PB263444(1).pdf,205,V05-P198,123,TIRF-194,194,HIGH,7,other,189,03d3f26013a485ed901dec22f815866e80fe47b52750f43ab03730f74409ddfa,DIRECT PRIMARY
5,PB263444(1).pdf,206,V05-P206,124,TIRF-195,195,HIGH,0,tire_identification,429,f3d04b59594cab52177e4feceaea752671d9e74576f591c96b3e3525a1b00257,DIRECT PRIMARY
5,PB263444(1).pdf,207,V05-P206,124,TIRF-195,195,HIGH,1,footprint_or_image,17,764e16277a0c22c419752695451b0f51a6ae93f8ea0d057d9a3f63594c50a1d3,DIRECT PRIMARY
5,PB263444(1).pdf,208,V05-P206,124,TIRF-195,195,HIGH,2,other,400,2ecd6fd5748b42fc122e3fc630873e668774382dd6cc4daa6e1166dbd0898cd4,DIRECT PRIMARY
5,PB263444(1).pdf,209,V05-P206,124,TIRF-195,195,HIGH,3,cornering_coefficients,1309,8e051ada54533ff1dbe19bf138215c2ebca562b5909bed7b101f64599144d07d,DIRECT PRIMARY
5,PB263444(1).pdf,210,V05-P206,124,TIRF-195,195,HIGH,4,braking_plot,537,8ad33fea384bdcecdcc8890928fc16efeec59beb4352ceba243f6b59632a0a2d,DIRECT PRIMARY
5,PB263444(1).pdf,211,V05-P206,124,TIRF-195,195,HIGH,5,other,385,20c2b3a2ed12befc439cc1c23ebca2dc98b1bf971e8c14daebb61b3f7c10d5ab,DIRECT PRIMARY
5,PB263444(1).pdf,212,V05-P206,124,TIRF-195,195,HIGH,6,other,288,711256429d15189ded1a8a773bcd479cf88ba02ad392ceead2b9e531a634620a,DIRECT PRIMARY
5,PB263444(1).pdf,213,V05-P206,124,TIRF-195,195,HIGH,7,other,97,ebf44c5e87bc9e571c0e3625a76e876a6cf7aadfaf3434d39e45bb4493637245,DIRECT PRIMARY
5,PB263444(1).pdf,214,V05-P214,125,TIRF-195,195,LOW,0,tire_identification,1523,c065188eef7b6cae3c04fec7aa508a94c54644f2426f2623339efa828474057b,DIRECT PRIMARY
5,PB263444(1).pdf,215,V05-P214,125,TIRF-195,195,LOW,1,footprint_or_image,49,7f6b27402ed851b7c5b772a12a8d0ef41e95ac3a5d7b2bfe92587ff1c9e67750,DIRECT PRIMARY
5,PB263444(1).pdf,216,V05-P214,125,TIRF-195,195,LOW,2,tire_uniformity,411,3e9ee280c60d251f3fc122dcc805a093114b62a9adeaf36c5211262f7718533c,DIRECT PRIMARY
5,PB263444(1).pdf,217,V05-P214,125,TIRF-195,195,LOW,3,cornering_coefficients,1313,f0dc8b95f2df0c44cb077d5ec99f6b01be35d11f8ae9ed41f8d858ca5551ab8d,DIRECT PRIMARY
5,PB263444(1).pdf,218,V05-P214,125,TIRF-195,195,LOW,4,braking_coefficients,628,f43d5b2d2c5892be0f8862470427e2a1aaa52c27a88ca46e398d41889991c355,DIRECT PRIMARY
5,PB263444(1).pdf,219,V05-P214,125,TIRF-195,195,LOW,5,other,379,6b616e7681789e77956e07acd7da5aa9bd3dfadf0836920fced1760be998d9e8,DIRECT PRIMARY
5,PB263444(1).pdf,220,V05-P214,125,TIRF-195,195,LOW,6,other,363,e94836903c2b50b11684006b4a68ff67de3c3f46afca8a64d1f8731c879800d3,DIRECT PRIMARY
5,PB263444(1).pdf,221,V05-P214,125,TIRF-195,195,LOW,7,other,136,c569459cc0f672a8e9b794738ac62fb9abcafff80469de24417dfbe24afb48eb,DIRECT PRIMARY
5,PB263444(1).pdf,222,V05-P214,125,TIRF-195,195,LOW,8,other,1297,00dddd87c315f6a2bf494214638ed6a862f03089568d2a54ffc8c378dab41790,DIRECT PRIMARY
5,PB263444(1).pdf,223,V05-P214,125,TIRF-195,195,LOW,9,other,48,08d09141023ba0d103ad297632dbf52b85569a6e8bad25bb00d24963ce25c59d,DIRECT PRIMARY
5,PB263444(1).pdf,224,V05-P214,125,TIRF-195,195,LOW,10,tire_uniformity,351,248d1bef3f6eafa6cf81671b0f2ddc5dc3e56c65d82c26d23d33e35f517bd017,DIRECT PRIMARY
5,PB263444(1).pdf,225,V05-P214,125,TIRF-195,195,LOW,11,cornering_coefficients,1303,edddf957f339417056c437adbaf8f693a6f01336c7e8e2047feb6578078d1bf3,DIRECT PRIMARY
5,PB263444(1).pdf,226,V05-P214,125,TIRF-195,195,LOW,12,braking_coefficients,631,8db1bc466f00b5428a12397b6d1a6b8abc1d66a069b77cac2b8084c8e8ee2c25,DIRECT PRIMARY
5,PB263444(1).pdf,227,V05-P214,125,TIRF-195,195,LOW,13,other,359,48aa70324e811f9ab7fece8bc49585e2b67cdce06e5bf298b6480198324a4ab9,DIRECT PRIMARY
5,PB263444(1).pdf,228,V05-P214,125,TIRF-195,195,LOW,14,other,233,511fec96ae67f5b38629db9d61e8a37474b5cd2f1c742562cb2e40dffaeb02dd,DIRECT PRIMARY
5,PB263444(1).pdf,229,V05-P214,125,TIRF-195,195,LOW,15,other,83,1e0e840dcac9614e38404ddce72371dd372e61cdadee80c885a1f9daee8b6196,DIRECT PRIMARY
5,PB263444(1).pdf,230,V05-P230,126,TIRF-195,195,HIGH,0,tire_identification,1331,d700fb7e1085dcbbb0ca173309c2a9c89fafc815de3f9d1ea36819a11d73d821,DIRECT PRIMARY
5,PB263444(1).pdf,231,V05-P230,126,TIRF-195,195,HIGH,1,footprint_or_image,7,47b691d6fa5143aaf3121658a9213089c73a564a1ab77ed1ab0d9e64bbae0748,DIRECT PRIMARY
5,PB263444(1).pdf,232,V05-P230,126,TIRF-195,195,HIGH,2,tire_uniformity,342,380f1ce0eb681373154d79c4b1c4c5548921aba58142cbe1d8554d9700351904,DIRECT PRIMARY
5,PB263444(1).pdf,233,V05-P230,126,TIRF-195,195,HIGH,3,cornering_coefficients,1311,1ce70f9dd2cc2e2ab6ccb9818f1b7a7555c5745206f11e88c3b8c5010e2b9c8b,DIRECT PRIMARY
5,PB263444(1).pdf,234,V05-P230,126,TIRF-195,195,HIGH,4,braking_coefficients,525,cdfcfbb498cd399bbf60f1a60274372753c58b80bc0a3dd308b317a6f534cf85,DIRECT PRIMARY
5,PB263444(1).pdf,235,V05-P230,126,TIRF-195,195,HIGH,5,other,447,d83c780e580b3a14d126094b5f7901093a7dd1091e55357476b674cecaec0951,DIRECT PRIMARY
5,PB263444(1).pdf,236,V05-P230,126,TIRF-195,195,HIGH,6,other,266,d75a19f3f553e71a7737ffa7eeb3f6f624986446109c8ee75599b7658909bbca,DIRECT PRIMARY
5,PB263444(1).pdf,237,V05-P230,126,TIRF-195,195,HIGH,7,other,513,ba57bf4001db200c711a39c5c03fac1c872e64cc24f59b1edf8e542a809a1aca,DIRECT PRIMARY
5,PB263444(1).pdf,238,V05-P238,127,TIRF-196,196,LOW,0,tire_identification,826,9a3304e15a6b68e2ffc7f20de49838b1fa03d1a9c414ff5967cf163ad77b74ef,DIRECT PRIMARY
5,PB263444(1).pdf,239,V05-P238,127,TIRF-196,196,LOW,1,footprint_or_image,44,5d37a64ea9419325de639930e22f48624996770bf0bf9fd0cb9eaa983bb947e6,DIRECT PRIMARY
5,PB263444(1).pdf,240,V05-P238,127,TIRF-196,196,LOW,2,tire_uniformity,389,4ec47da0a20a3d80754857761a96c097827229aecbe2e85a24a22b3d0908d056,DIRECT PRIMARY
5,PB263444(1).pdf,241,V05-P238,127,TIRF-196,196,LOW,3,cornering_coefficients,1285,5c84bdc9f99b3cd121e12d1b75e2e5d781621fe37f97e935bc76c519504e57cd,DIRECT PRIMARY
5,PB263444(1).pdf,242,V05-P238,127,TIRF-196,196,LOW,4,braking_coefficients,550,9a472d8421cf6930b3d6a9a6ae984df8ff24e7e158446a1e777e04fadacbb8e1,DIRECT PRIMARY
5,PB263444(1).pdf,243,V05-P238,127,TIRF-196,196,LOW,5,other,367,f4c8f7de8f12950181fdd75898e326d0a49bac986f07208c503dd6c3cf15478a,DIRECT PRIMARY
5,PB263444(1).pdf,244,V05-P238,127,TIRF-196,196,LOW,6,other,273,2ed4ddd3091ad5cbd8085e8125461ff2664d47fa9e13ba03a88c6a65a888204d,DIRECT PRIMARY
5,PB263444(1).pdf,245,V05-P238,127,TIRF-196,196,LOW,7,other,215,25f355fbbb1f474063f97142ac137a778a3de48df801702016c504627d4fd6c8,DIRECT PRIMARY
5,PB263444(1).pdf,246,V05-P238,127,TIRF-196,196,LOW,8,other,1475,e872994ca4addd6a023be97c1935645666d4eae4975364008e7cbf23c879a08b,DIRECT PRIMARY
5,PB263444(1).pdf,247,V05-P238,127,TIRF-196,196,LOW,9,other,36,3eba54616e712461f1e055062e46bee95f50aeb522d02a97a5aa954003ee4143,DIRECT PRIMARY
5,PB263444(1).pdf,248,V05-P238,127,TIRF-196,196,LOW,10,tire_uniformity,346,017ec524128a4c912a096664287758d8867feab1f53d2bfe5980c66c1f3a4c21,DIRECT PRIMARY
5,PB263444(1).pdf,249,V05-P238,127,TIRF-196,196,LOW,11,cornering_coefficients,1319,fc9b07fc40839d760ae4b7b5cd0b4ba06a09b0cfd9ec10545a20e64496362eb3,DIRECT PRIMARY
5,PB263444(1).pdf,250,V05-P238,127,TIRF-196,196,LOW,12,braking_coefficients,622,364e1c2fb987e3a53548300c4672927dc48fdb15aed1ba3e9eb1f18d8d0d3c89,DIRECT PRIMARY
5,PB263444(1).pdf,251,V05-P238,127,TIRF-196,196,LOW,13,other,317,4155265c3935b46e868108abfcd857f4c31e7f3645433c6bd5e283982967da82,DIRECT PRIMARY
5,PB263444(1).pdf,252,V05-P238,127,TIRF-196,196,LOW,14,other,239,73a03f78d7f7fd725bf94b83e5010073120f5060b849b599d5307c0806a9192e,DIRECT PRIMARY
5,PB263444(1).pdf,253,V05-P238,127,TIRF-196,196,LOW,15,other,90,3752b053ba48fa58a37d486ca6d0a8bcd8e9a8df2052aca6404d4f4f5f09a89a,DIRECT PRIMARY
5,PB263444(1).pdf,254,V05-P254,128,TIRF-201,201,HIGH,0,tire_identification,1655,2d9e0d76f7f87968a62a8c85a13d8e8213de8052442b8cfb32701c43c2e46182,DIRECT PRIMARY
5,PB263444(1).pdf,255,V05-P254,128,TIRF-201,201,HIGH,1,footprint_or_image,3,c5295c00ead93b36a700b78c0cae17503dba4fe423425220b23f8519b5f734cc,DIRECT PRIMARY
5,PB263444(1).pdf,256,V05-P254,128,TIRF-201,201,HIGH,2,tire_uniformity,388,4129fd593f6d87ba379f739a76656d27e12b4700d2dba1f3fd88a8a01637ffca,DIRECT PRIMARY
5,PB263444(1).pdf,257,V05-P254,128,TIRF-201,201,HIGH,3,cornering_coefficients,1327,8483840c0f998d9e8adecf1ffe926ddf943edf090c69ad4944675804d93aeecc,DIRECT PRIMARY
5,PB263444(1).pdf,258,V05-P254,128,TIRF-201,201,HIGH,4,braking_plot,622,0bc08bc9eb247a42a7d460884ed8fd4ecf284d7e14419816389f343a43ae7fcd,DIRECT PRIMARY
5,PB263444(1).pdf,259,V05-P254,128,TIRF-201,201,HIGH,5,other,432,569eae1eb8f9a5bd721892c60f8c442c04382b07847e81a2a94fec502c683cbd,DIRECT PRIMARY
5,PB263444(1).pdf,260,V05-P254,128,TIRF-201,201,HIGH,6,other,274,176069660e9bcd7d7ed7c1f9b55c45e7f9a592c42c877c20fae140dc2a99145f,DIRECT PRIMARY
5,PB263444(1).pdf,261,V05-P254,128,TIRF-201,201,HIGH,7,other,397,e681f9af9a2470497383b016ae07d91418a3013bd60ed646e0551544725d569a,DIRECT PRIMARY
5,PB263444(1).pdf,262,V05-P262,129,TIRF-202,202,MEDIUM,0,tire_identification,1080,be61c985104cca3f2d9376b95e00e05320f322d074e97630a43c66fd59f8a218,DIRECT PRIMARY
5,PB263444(1).pdf,263,V05-P262,129,TIRF-202,202,MEDIUM,1,footprint_or_image,23,a9571ed27f32db0c63145fa732aee24576261281fcced7dd8ac2209e4a83a4dc,DIRECT PRIMARY
5,PB263444(1).pdf,264,V05-P262,129,TIRF-202,202,MEDIUM,2,tire_uniformity,355,e3eae56276c6f28b9149dab350aa68513b34c996c7e827abcedec0a77b7371ba,DIRECT PRIMARY
5,PB263444(1).pdf,265,V05-P262,129,TIRF-202,202,MEDIUM,3,cornering_coefficients,1304,e16b5e6cadd0b9953f72ff15a87dc2cf77eea90b0dfb64e2e5daefe7d70021ca,DIRECT PRIMARY
5,PB263444(1).pdf,266,V05-P262,129,TIRF-202,202,MEDIUM,4,braking_plot,537,5eb5840f7c98992a18151bad50fcda65ca5d1994dd3fa68ac1fa7be077b31ca1,DIRECT PRIMARY
5,PB263444(1).pdf,267,V05-P262,129,TIRF-202,202,MEDIUM,5,other,368,ba7f6b04042dd7ac77870914825dddba30c9bcf0d5a4d749a779001151782e5e,DIRECT PRIMARY
5,PB263444(1).pdf,268,V05-P262,129,TIRF-202,202,MEDIUM,6,other,198,c97ed71ec3895be3db7ef9605f90ff1e974d955a24921c24ee9d30ad3dfae785,DIRECT PRIMARY
5,PB263444(1).pdf,269,V05-P262,129,TIRF-202,202,MEDIUM,7,other,39,64a63bb414536a9ff4569e6803d1ffc09a6642ec754993e3696e58d646b9b737,DIRECT PRIMARY
5,PB263444(1).pdf,270,V05-P270,130,TIRF-203,203,MEDIUM,0,tire_identification,1353,234164882033bb05dff1372f23bdf1b5aa7fec9781d250c2840ca6b1192a450e,DIRECT PRIMARY
5,PB263444(1).pdf,271,V05-P270,130,TIRF-203,203,MEDIUM,1,footprint_or_image,44,006991399280c91d8ec83e7b584197713402fbb6ceeead28e90b3973ee772f25,DIRECT PRIMARY
5,PB263444(1).pdf,272,V05-P270,130,TIRF-203,203,MEDIUM,2,tire_uniformity,783,88bf845c70d3dab11240969f9d95b5ec8fb19bc7f31725b19ce0d8575387e4fa,DIRECT PRIMARY
5,PB263444(1).pdf,273,V05-P270,130,TIRF-203,203,MEDIUM,3,cornering_coefficients,1302,c28778ab2f9a22935e3d554a6028a70bfd7f68b2f8133c110519d21b2d69509c,DIRECT PRIMARY
5,PB263444(1).pdf,274,V05-P270,130,TIRF-203,203,MEDIUM,4,braking_coefficients,611,665e12b5b8bc6dcff4f1a2a5d370ca81b59475e113cc1c97e1f60e83744e60fb,DIRECT PRIMARY
5,PB263444(1).pdf,275,V05-P270,130,TIRF-203,203,MEDIUM,5,other,407,930fc906ceb5c1c7cd9e6c9b298f7433ca21fff91b95954de6952fc4bd5d1ea1,DIRECT PRIMARY
5,PB263444(1).pdf,276,V05-P270,130,TIRF-203,203,MEDIUM,6,other,311,362caa10b53541f3259ff3d512bba762318f6f3b6310df3b9a9c6ed3575d1226,DIRECT PRIMARY
5,PB263444(1).pdf,277,V05-P270,130,TIRF-203,203,MEDIUM,7,other,409,e4860f541f3789153ca0518bd68ec712d7d987cc4940f96449d19c17bf3fa88d,DIRECT PRIMARY
5,PB263444(1).pdf,278,V05-P278,131,TIRF-204,204,HIGH,0,tire_identification,1342,f128c488821530c95b334de151aecb84bdd75156d29d672474dc591cf62431a3,DIRECT PRIMARY
5,PB263444(1).pdf,279,V05-P278,131,TIRF-204,204,HIGH,1,footprint_or_image,55,0518944cdecf0ae9fa0743235ad15f413526414da52a833c0a54d9e6189dd0e1,DIRECT PRIMARY
5,PB263444(1).pdf,280,V05-P278,131,TIRF-204,204,HIGH,2,tire_uniformity,375,32d0d3b088273ea32ffa5896520866ae6b7e23344abe6e4c5247809b7a7ebef2,DIRECT PRIMARY
5,PB263444(1).pdf,281,V05-P278,131,TIRF-204,204,HIGH,3,cornering_coefficients,1292,d758c4119e76bb03d9870da74f818c0275fd4f60d81707d4a586671be6791b70,DIRECT PRIMARY
5,PB263444(1).pdf,282,V05-P278,131,TIRF-204,204,HIGH,4,braking_coefficients,605,73291212c06803851568ee9951eadb9b299b9157d583705c2ef0519369d7c673,DIRECT PRIMARY
5,PB263444(1).pdf,283,V05-P278,131,TIRF-204,204,HIGH,5,cornering_plot,390,a20ead18a3c23600418cf5d56d270cdd165ff2753b60402b20ff1c2f0e9b19c4,DIRECT PRIMARY
5,PB263444(1).pdf,284,V05-P278,131,TIRF-204,204,HIGH,6,other,313,68bffeb178c1fdda8244fbbaf7f8c02edb8cb408b7ba5e47408c63f6ed6832da,DIRECT PRIMARY
5,PB263444(1).pdf,285,V05-P278,131,TIRF-204,204,HIGH,7,other,445,a3dee4c69b2e6c826a1d431eb6a513216bc4fca1668a7609e34053e1ed6cd7d0,DIRECT PRIMARY
5,PB263444(1).pdf,286,V05-P286,132,TIRF-205,205,HIGH,0,tire_identification,982,98fa9956e679719efd6cd4d4f4f86d292c4f2b524de1809782a93d46fe2e7d8f,DIRECT PRIMARY
5,PB263444(1).pdf,287,V05-P286,132,TIRF-205,205,HIGH,1,footprint_or_image,41,3bfa8662fad9b324e64f756aac91206f966a1b29ac5ed177936a120087ad756c,DIRECT PRIMARY
5,PB263444(1).pdf,288,V05-P286,132,TIRF-205,205,HIGH,2,tire_uniformity,368,9596dc2b064abf9eee3a57b780e4f481a52e0098285701b676f6c162cc113516,DIRECT PRIMARY
5,PB263444(1).pdf,289,V05-P286,132,TIRF-205,205,HIGH,3,cornering_coefficients,1302,b4a0de6f024548ed9f7d95e680cb1102ecb0cc2a73e0ec109f4da561a61ccbe7,DIRECT PRIMARY
5,PB263444(1).pdf,290,V05-P286,132,TIRF-205,205,HIGH,4,braking_plot,531,c5ccaee3cc6890813b83043c386621842148cb9add4e3820eca7de28f3a1d7c8,DIRECT PRIMARY
5,PB263444(1).pdf,291,V05-P286,132,TIRF-205,205,HIGH,5,other,407,0f2bd4d3d2568cd5c12613facf925c2c1613ffa2eb8b223eb7869328863e933f,DIRECT PRIMARY
5,PB263444(1).pdf,292,V05-P286,132,TIRF-205,205,HIGH,6,other,275,1c39f69ae1d3ff07923b966c34ce4f671d39ab9113f61641f79e1fcbe938fe47,DIRECT PRIMARY
5,PB263444(1).pdf,293,V05-P286,132,TIRF-205,205,HIGH,7,other,492,13c3d13ab9956d19a4d3836c868d52a794db04dd25c3822997a9dd68102842bd,DIRECT PRIMARY
5,PB263444(1).pdf,294,V05-P294,133,TIRF-206,206,MEDIUM,0,tire_identification,1590,6640514d5e88dca30d42f2088e543255365c847eb33d6dcebcfd4b6beac9aa6d,DIRECT PRIMARY
5,PB263444(1).pdf,295,V05-P294,133,TIRF-206,206,MEDIUM,1,footprint_or_image,0,e3b0c44298fc1c149afbf4c8996fb92427ae41e4649b934ca495991b7852b855,DIRECT PRIMARY
5,PB263444(1).pdf,296,V05-P294,133,TIRF-206,206,MEDIUM,2,tire_uniformity,388,1318bd5cf4bcb4dc3ea18b7130cdd711ecd5fd88a5fababcd4fc86ae76fbb7c0,DIRECT PRIMARY
5,PB263444(1).pdf,297,V05-P294,133,TIRF-206,206,MEDIUM,3,cornering_coefficients,1306,7452b59176b68b3c78a4151908a34bf1aad4adb8c6f35a9a9f67ff56c9db76f3,DIRECT PRIMARY
5,PB263444(1).pdf,298,V05-P294,133,TIRF-206,206,MEDIUM,4,braking_plot,597,585b6741e01921d47563dc084402ed2c370b01ac242528b9fde384c3dee6c2f1,DIRECT PRIMARY
5,PB263444(1).pdf,299,V05-P294,133,TIRF-206,206,MEDIUM,5,other,445,81b189316af0c928d5ceee872bbfc90204ae8d908774e234f3dd3047a8e1d516,DIRECT PRIMARY
5,PB263444(1).pdf,300,V05-P294,133,TIRF-206,206,MEDIUM,6,other,257,ebc41b213939b2565d65f8e9291796e4be6bd2b18bd116d92dd5bdad08326be2,DIRECT PRIMARY
5,PB263444(1).pdf,301,V05-P294,133,TIRF-206,206,MEDIUM,7,other,413,21241fc0a1771670067967dcb10c01fb08e8ecad0b888a7e28ebce2be6a56393,DIRECT PRIMARY
5,PB263444(1).pdf,302,V05-P294,133,TIRF-206,206,MEDIUM,8,other,1700,17deaa2a6fe7cffbbe4cd88c86e3dbfe9fdc4da706e9d715eb59a14e8e5e0724,DIRECT PRIMARY
5,PB263444(1).pdf,303,V05-P294,133,TIRF-206,206,MEDIUM,9,other,71,8b4c85f287f74b3c1e880872ff2349d287edf2f8930e44341571be20d4e40ac4,DIRECT PRIMARY
5,PB263444(1).pdf,304,V05-P294,133,TIRF-206,206,MEDIUM,10,tire_uniformity,393,ea364cb87078d5ae4d061261a140020092d2244827354fbbb7f2f58b8c6d85a3,DIRECT PRIMARY
5,PB263444(1).pdf,305,V05-P294,133,TIRF-206,206,MEDIUM,11,cornering_coefficients,1299,dbf33efeeffa1dd1f116f877308c5cd7bf9a09fafaa566a944dabcb9104380f0,DIRECT PRIMARY
5,PB263444(1).pdf,306,V05-P294,133,TIRF-206,206,MEDIUM,12,other,546,7a76fa893137816e05e6c54ccf91e8bab13d867e0e8e5b31d3e85ca64f0f42a0,DIRECT PRIMARY
5,PB263444(1).pdf,307,V05-P294,133,TIRF-206,206,MEDIUM,13,other,450,2f53c63b2c03d3d5d3389c2efd9c69cd52b16fb2b00c9a28a774cbeff153df76,DIRECT PRIMARY
5,PB263444(1).pdf,308,V05-P294,133,TIRF-206,206,MEDIUM,14,other,251,f90d0f407d813c8e4419863103f7f8136ea180b92a551cfa6bf5811dc1a10171,DIRECT PRIMARY
5,PB263444(1).pdf,309,V05-P294,133,TIRF-206,206,MEDIUM,15,other,80,d312ed4f1fc8df9abd9c81eba1120f22022572273f52b7972a8b267764030422,DIRECT PRIMARY
5,PB263444(1).pdf,310,V05-P294,133,TIRF-206,206,MEDIUM,16,other,1360,f3498e988cd627739591486d40dcafd8d3cfef3af6aafe5591e4b2227a4356f9,DIRECT PRIMARY
5,PB263444(1).pdf,311,V05-P294,133,TIRF-206,206,MEDIUM,17,image_or_blank,18,035590c0066a6a012d74037fea1f128b970e7b60b085a8d3a6fdc8aca0b64099,DIRECT PRIMARY
5,PB263444(1).pdf,312,V05-P294,133,TIRF-206,206,MEDIUM,18,tire_uniformity,355,f307267f651620f322e56ef0fb238aaba5be6e5a116a8413e191ea78d43e0842,DIRECT PRIMARY
5,PB263444(1).pdf,313,V05-P294,133,TIRF-206,206,MEDIUM,19,cornering_coefficients,1310,d7e5e53e2ad502428c58b552ef60feebf2dae492a4de068b9ca78c54f74d774d,DIRECT PRIMARY
5,PB263444(1).pdf,314,V05-P294,133,TIRF-206,206,MEDIUM,20,braking_coefficients,627,037f9687005ece72a816c753caeaa42702e03afd275134a55f1b989aee040a85,DIRECT PRIMARY
5,PB263444(1).pdf,315,V05-P294,133,TIRF-206,206,MEDIUM,21,other,427,7d9956fae0d899bb8b096326864e80a01a57b5a2a422238145ac778f6113e2d0,DIRECT PRIMARY
5,PB263444(1).pdf,316,V05-P294,133,TIRF-206,206,MEDIUM,22,other,241,5d72529f466647c50a86d083b6cd5d498bb7a04337555f661bd1b3562aa656ec,DIRECT PRIMARY
5,PB263444(1).pdf,317,V05-P294,133,TIRF-206,206,MEDIUM,23,other,91,e8cb280a7f63567dc594dd910b36bee4322d2a4a64c248835f4e1f6fa261d374,DIRECT PRIMARY
5,PB263444(1).pdf,318,V05-P318,134,TIRF-208,208,LOW,0,tire_identification,1735,9c56dfd54ac6217ae8b5926b7798a75629f33bf165bcad3b97d7cf530620d985,DIRECT PRIMARY
5,PB263444(1).pdf,319,V05-P318,134,TIRF-208,208,LOW,1,footprint_or_image,64,b457d99bd29e87df1fed6036e12a9eabe4f7d9100b6617ac83e18d4aea0cec04,DIRECT PRIMARY
5,PB263444(1).pdf,320,V05-P318,134,TIRF-208,208,LOW,2,tire_uniformity,362,1857e85fbdcc1cd21f8ed455b4b429811b1fa843e322a193c5774a9486388db8,DIRECT PRIMARY
5,PB263444(1).pdf,321,V05-P318,134,TIRF-208,208,LOW,3,cornering_coefficients,1335,5a0d630f8e4fb8a20ae57205a6d4c594674d232646868dea3bd864ba9f6e4229,DIRECT PRIMARY
5,PB263444(1).pdf,322,V05-P318,134,TIRF-208,208,LOW,4,braking_coefficients,588,eb02a04bace5bf1bbf31edf234e808a15f7eee3fd95214b8ee17660166d11a17,DIRECT PRIMARY
5,PB263444(1).pdf,323,V05-P318,134,TIRF-208,208,LOW,5,other,423,d67539a691915c4e65a450fecea3aa9d8af0c68594cb4fdff09f1439cf4f804d,DIRECT PRIMARY
5,PB263444(1).pdf,324,V05-P318,134,TIRF-208,208,LOW,6,image_or_blank,0,e3b0c44298fc1c149afbf4c8996fb92427ae41e4649b934ca495991b7852b855,DIRECT PRIMARY
5,PB263444(1).pdf,325,V05-P318,134,TIRF-208,208,LOW,7,other,479,bdef6995b0a738f2a1d7c1a8fa3fbccd6af20844674d77c782db0839318e088c,DIRECT PRIMARY
5,PB263444(1).pdf,326,V05-P318,134,TIRF-208,208,LOW,8,other,1449,6dbc5deda0ccce59ec626a2e91d78c0f033bf26f39afe78c07fea6da7893dfb9,DIRECT PRIMARY
5,PB263444(1).pdf,327,V05-P318,134,TIRF-208,208,LOW,9,other,63,198de028091195c00a62268caebab44506baa2dde64723a71e70a8e4637e306e,DIRECT PRIMARY
5,PB263444(1).pdf,328,V05-P318,134,TIRF-208,208,LOW,10,tire_uniformity,406,89e295aaf60278dece90fa43da077926b6430cc6dd901143109a161048f03959,DIRECT PRIMARY
5,PB263444(1).pdf,329,V05-P318,134,TIRF-208,208,LOW,11,cornering_coefficients,1306,4de7780e5158c914bc48fb29851abe12f9b7fe14165cf37975bb497a2ec83053,DIRECT PRIMARY
5,PB263444(1).pdf,330,V05-P318,134,TIRF-208,208,LOW,12,braking_coefficients,623,9a66ede58982ffb6d1dbe23677d57e228f97828b007a05cb079cc3fa55bf42a4,DIRECT PRIMARY
5,PB263444(1).pdf,331,V05-P318,134,TIRF-208,208,LOW,13,other,463,78ba5e292d5ddd17d2832262e99fc1c9a2265d676d53c42263570611afc261c5,DIRECT PRIMARY
5,PB263444(1).pdf,332,V05-P318,134,TIRF-208,208,LOW,14,other,397,34a698674461f31259517ff794103d65b16014326b60f150aab3a7f7c361e399,DIRECT PRIMARY
5,PB263444(1).pdf,333,V05-P318,134,TIRF-208,208,LOW,15,other,455,462dd3dc64eb99e572f8463b3ef6c120cf35e0df4ad50b21e6569f6cc864b39e,DIRECT PRIMARY
5,PB263444(1).pdf,334,V05-P334,135,TIRF-210,210,LOW,0,tire_identification,1527,b79ae67d21b2f46b8b98d9323346b42fd614a0d890392f0f1c801b86a70fc756,DIRECT PRIMARY
5,PB263444(1).pdf,335,V05-P334,135,TIRF-210,210,LOW,1,footprint_or_image,54,9ea1889947e4cef694aa65afe3ecd3a307b117bdc29ed0fd7ad08fc640a6df92,DIRECT PRIMARY
5,PB263444(1).pdf,336,V05-P334,135,TIRF-210,210,LOW,2,other,360,a6269a6c916b6eff2617d21f02091a5f3d6ba4ddcfe1255aa25edf0ef7039484,DIRECT PRIMARY
5,PB263444(1).pdf,337,V05-P334,135,TIRF-210,210,LOW,3,cornering_coefficients,1305,b78a1eec6db576ec4de8d04bd32757c4a88fc5ea43336d298898742a7841b735,DIRECT PRIMARY
5,PB263444(1).pdf,338,V05-P334,135,TIRF-210,210,LOW,4,braking_coefficients,614,6ce3f7fb66e9a0b117fe681ce0ad741b91e0aa4a6a26c92af66c9bf0bdfb0060,DIRECT PRIMARY
5,PB263444(1).pdf,339,V05-P334,135,TIRF-210,210,LOW,5,other,449,ab0861dd6ccee773d85d17cb8bb5039b92c7e0c75cd79d8062e60dfc3693f36e,DIRECT PRIMARY
5,PB263444(1).pdf,340,V05-P334,135,TIRF-210,210,LOW,6,image_or_blank,8,ea01c13b3d693eb6e925807e97cbb04798a0e697f2797c60ec70b36e880faac9,DIRECT PRIMARY
5,PB263444(1).pdf,341,V05-P334,135,TIRF-210,210,LOW,7,other,475,61798bd6ce8c90ec30ca702e45547df7b7b4018f2367b38f35fcef437b1117fd,DIRECT PRIMARY
5,PB263444(1).pdf,342,V05-P342,136,TIRF-211,211,MEDIUM,0,tire_identification,1431,2ad6805a412d50e2065ea53ff2b0c56d9c9be45db6d7fbef0e2e791ca7bb3a75,DIRECT PRIMARY
5,PB263444(1).pdf,343,V05-P342,136,TIRF-211,211,MEDIUM,1,footprint_or_image,122,dca93ffa752684f3544f0280672b4c88c63c9e49e2db31feafe1bf403e06e15b,DIRECT PRIMARY
5,PB263444(1).pdf,344,V05-P342,136,TIRF-211,211,MEDIUM,2,tire_uniformity,352,23f4a3ce575f93db39c332170388b20d8f260ede98dbf2f79d4220e2094ef9d3,DIRECT PRIMARY
5,PB263444(1).pdf,345,V05-P342,136,TIRF-211,211,MEDIUM,3,test_data,1283,92bee5fe336893bb276cddf7110410f9e7855bc6adf45674474341ea30314948,DIRECT PRIMARY
5,PB263444(1).pdf,346,V05-P342,136,TIRF-211,211,MEDIUM,4,braking_plot,590,052e004c3916fbfc31f423a3e2a06ce3ae2a4cd308d08efaf5a093e4808b9c27,DIRECT PRIMARY
5,PB263444(1).pdf,347,V05-P342,136,TIRF-211,211,MEDIUM,5,other,407,cec62e01e806af98fc66c570a94b03132ebfdd78ecb667201f9f14d107f48207,DIRECT PRIMARY
5,PB263444(1).pdf,348,V05-P342,136,TIRF-211,211,MEDIUM,6,other,243,7d7de2d5a272a5c144ff6f98735a1eee4077eb41ddff335cec08a30525497f26,DIRECT PRIMARY
5,PB263444(1).pdf,349,V05-P342,136,TIRF-211,211,MEDIUM,7,other,461,3a00c3e7a4757d49cf4ad552feb23ad2157ede72a8e97cd82f6df7efbd8fab78,DIRECT PRIMARY
5,PB263444(1).pdf,350,V05-P350,137,TIRF-212,212,LOW,0,tire_identification,1612,7fde828c5ab95981126507b29b972435badfa14d25e37db0ed8d6f47ee9e4125,DIRECT PRIMARY
5,PB263444(1).pdf,351,V05-P350,137,TIRF-212,212,LOW,1,footprint_or_image,27,23bc9be9412d2908760a0a562fb0ad05be921efdc2d3bc5542657cfefbda6539,DIRECT PRIMARY
5,PB263444(1).pdf,352,V05-P350,137,TIRF-212,212,LOW,2,other,353,1b0214c93f521a809e568f9c45f94513692cd2d7d75f1a6f738f23c202c06343,DIRECT PRIMARY
5,PB263444(1).pdf,353,V05-P350,137,TIRF-212,212,LOW,3,test_data,1287,680d6a2a498341cf8d3d7771c87d11174008e69c32928db7ff74875299bd72b6,DIRECT PRIMARY
5,PB263444(1).pdf,354,V05-P350,137,TIRF-212,212,LOW,4,other,574,61c4da12e867077e6cc80ff1570ee3d5764e8549a429c0c09be6333700e1ec04,DIRECT PRIMARY
5,PB263444(1).pdf,355,V05-P350,137,TIRF-212,212,LOW,5,other,494,5da87942dccb3bdac43d42de1e9ab914937e22d10803160e36d4f121e618fc3c,DIRECT PRIMARY
5,PB263444(1).pdf,356,V05-P350,137,TIRF-212,212,LOW,6,other,301,a459fe6fc09a877b1bb068382a79b0691853fda358ad04c9c7b874a4089eec95,DIRECT PRIMARY
5,PB263444(1).pdf,357,V05-P350,137,TIRF-212,212,LOW,7,other,491,b0c53b131f8414c7c8b4de4c81e16954b7030422e523a3e2bf58cdfb84a2d000,DIRECT PRIMARY
5,PB263444(1).pdf,358,V05-P358,138,TIRF-212,212,LOW,0,tire_identification,1873,8cc15bdc9e8e568dde54cbcd0b0ed98be5ee6c470b581cea20cdea8d3918b481,DIRECT PRIMARY
5,PB263444(1).pdf,359,V05-P358,138,TIRF-212,212,LOW,1,footprint_or_image,3,b17240f18707206d07db99270933360ca2fe5e9fa9295dd829b9968d685aff4d,DIRECT PRIMARY
5,PB263444(1).pdf,360,V05-P358,138,TIRF-212,212,LOW,2,tire_uniformity,393,d46ac1ecc89a9823708377348750c4599abe296fa022aa58e2d950560978dcbe,DIRECT PRIMARY
5,PB263444(1).pdf,361,V05-P358,138,TIRF-212,212,LOW,3,other,1307,5feac375cabcec9927bc1a0c217cfbcc2b8a249be8c9a681811810e0f64ca3bd,DIRECT PRIMARY
5,PB263444(1).pdf,362,V05-P358,138,TIRF-212,212,LOW,4,braking_coefficients,630,6b233df825836a4b0aa135371201cafd25e26c661abec4de98359138c12ea526,DIRECT PRIMARY
5,PB263444(1).pdf,363,V05-P358,138,TIRF-212,212,LOW,5,other,404,2a573c39df6d18884a6e52788984e686fd1e81c4c6ec03b452babd05fa3eab9a,DIRECT PRIMARY
5,PB263444(1).pdf,364,V05-P358,138,TIRF-212,212,LOW,6,other,157,ba1a723d93842f7cab5d2a9a01d7decf76f62bd3b9ba08846e5aafb2f682c472,DIRECT PRIMARY
5,PB263444(1).pdf,365,V05-P358,138,TIRF-212,212,LOW,7,other,104,a0183145c0d84bd3334f471119594360837eae0bd78980e18adb1a9a6597cd7e,DIRECT PRIMARY
5,PB263444(1).pdf,366,V05-P358,138,TIRF-212,212,LOW,8,other,1498,46e66637fa30bc0f2a4e993be07c7da41aa0d885f9f654eb85c8f56bbc7a7752,DIRECT PRIMARY
5,PB263444(1).pdf,367,V05-P358,138,TIRF-212,212,LOW,9,image_or_blank,10,89b7f541786b829ef1456c869bee478fc8b2241b626984219e80759a2a8a7088,DIRECT PRIMARY
5,PB263444(1).pdf,368,V05-P358,138,TIRF-212,212,LOW,10,tire_uniformity,377,a33c24b75e400e6be469834cd2109076223170c13184da10e93289c0854e61b2,DIRECT PRIMARY
5,PB263444(1).pdf,369,V05-P358,138,TIRF-212,212,LOW,11,cornering_coefficients,1301,a94e027b0f8923e20fd23539b5f9efbe092674c0f50db03ecf71dbe659c1101a,DIRECT PRIMARY
5,PB263444(1).pdf,370,V05-P358,138,TIRF-212,212,LOW,12,braking_plot,607,284c8037c04c8f928ac1febbd49d1e8fd2797fe7788922f003efb9a3143e778b,DIRECT PRIMARY
5,PB263444(1).pdf,371,V05-P358,138,TIRF-212,212,LOW,13,other,424,151fe094cb6324ea2de73ecf8f80b946d3f3e04b79cb98880d872e10bec399ff,DIRECT PRIMARY
5,PB263444(1).pdf,372,V05-P358,138,TIRF-212,212,LOW,14,other,243,42ce93db39bd74e9f4b693f78b5a55a29460a11b0e982a437f49240011c17e32,DIRECT PRIMARY
5,PB263444(1).pdf,373,V05-P358,138,TIRF-212,212,LOW,15,other,129,8682b63b9e75d133831d62f3ce2298878b1238b4517de90ecdd69184ff9099c0,DIRECT PRIMARY
5,PB263444(1).pdf,374,V05-P374,139,TIRF-212,212,LOW,0,tire_identification,1355,f62d9788e3e5e3977c5dbd7ac49daed8848ee5d0646fb431937adad1ffd75c11,DIRECT PRIMARY
5,PB263444(1).pdf,375,V05-P374,139,TIRF-212,212,LOW,1,footprint_or_image,24,81a78405288d2deb4ee9e207e98d3e16d9d0b9a7c54b3654bcb64d30b04353f0,DIRECT PRIMARY
5,PB263444(1).pdf,376,V05-P374,139,TIRF-212,212,LOW,2,tire_uniformity,443,97ca62465ce63986a2ba6ce93f9297e460348287f06e4d9538ccf9c5a6e141f5,DIRECT PRIMARY
5,PB263444(1).pdf,377,V05-P374,139,TIRF-212,212,LOW,3,test_data,1308,b979b06c8db97265e9ec96a3b5016e201bd99a1676cb5cb837eac0d919355b91,DIRECT PRIMARY
5,PB263444(1).pdf,378,V05-P374,139,TIRF-212,212,LOW,4,other,627,00582a9abfab3c45a24313e54cb500d0c15335f24a4f86686c3f715119bdb04f,DIRECT PRIMARY
5,PB263444(1).pdf,379,V05-P374,139,TIRF-212,212,LOW,5,other,431,79b453c9069ede9a584969449335c8bc8eebad974f575754e9aaafa89757a131,DIRECT PRIMARY
5,PB263444(1).pdf,380,V05-P374,139,TIRF-212,212,LOW,6,other,232,c349727d36a6a03a9f7de37af388bb14742e066581ae8b20ffe791cf883182df,DIRECT PRIMARY
5,PB263444(1).pdf,381,V05-P374,139,TIRF-212,212,LOW,7,other,499,3cb17b593923b7f0ddd6f3d938b2d7d16a075f6b8669249e8d1820c35e271964,DIRECT PRIMARY
5,PB263444(1).pdf,382,V05-P374,139,TIRF-212,212,LOW,8,tire_uniformity,427,82ed2f0d0a9deab91d112681be4a313e778ca11589b3b3b231ff2f8912646e6c,DIRECT PRIMARY
5,PB263444(1).pdf,383,V05-P374,139,TIRF-212,212,LOW,9,cornering_coefficients,1327,3bc901b04495c6ed3ca8bcc991af8aba24fce94cdd8a7dd36eedb3e23cc38b1d,DIRECT PRIMARY
5,PB263444(1).pdf,384,V05-P374,139,TIRF-212,212,LOW,10,braking_coefficients,618,4f27254b607a218885eab25ccdddfea11c0f30c16313dab62888a7890d9fb2e7,DIRECT PRIMARY
5,PB263444(1).pdf,385,V05-P374,139,TIRF-212,212,LOW,11,other,393,a4dc0c97ce6f8d6ff5c224d9ef444eb4998d7263247691d2fe4d3e728c9875b5,DIRECT PRIMARY
5,PB263444(1).pdf,386,V05-P374,139,TIRF-212,212,LOW,12,other,258,7ef41b43b9b30b51051de8125441371c6d737d06ddad25868c3e77392c11cca6,DIRECT PRIMARY
5,PB263444(1).pdf,387,V05-P374,139,TIRF-212,212,LOW,13,other,581,5228b91a3b98428e21ca7faab6e8df0cf0fd03c0f0c7d6a6896dc9ec6903ed0a,DIRECT PRIMARY
5,PB263444(1).pdf,388,V05-P374,139,TIRF-212,212,LOW,14,other,1808,3c1584b3b5f5af614b4b600ae322acb407d8868d8c3896183e5f2e8dd20f2edb,DIRECT PRIMARY
5,PB263444(1).pdf,389,V05-P374,139,TIRF-212,212,LOW,15,other,35,b863ccc5390c74fc951fc4457cc57f5c4c8ea0847d43b9215c20c6c4726e54a2,DIRECT PRIMARY
5,PB263444(1).pdf,390,V05-P374,139,TIRF-212,212,LOW,16,tire_uniformity,366,9da5f9779af6af2bb0176668b99c0f0c83958a13a7cabe1a29966fa12ce1bbcd,DIRECT PRIMARY
5,PB263444(1).pdf,391,V05-P374,139,TIRF-212,212,LOW,17,cornering_coefficients,1300,3fb7fb433df28da97ec5b1b43f2c3979f30b4f62cd5db1adebe53e8dab878f37,DIRECT PRIMARY
5,PB263444(1).pdf,392,V05-P374,139,TIRF-212,212,LOW,18,braking_coefficients,612,7a8790b2d2ab270f186a444fd500bf1aa1191a135f831b621519d134fee484aa,DIRECT PRIMARY
5,PB263444(1).pdf,393,V05-P374,139,TIRF-212,212,LOW,19,cornering_plot,358,c17147f379a3b9b142e1228414482f4c59c7096bf5ee6a2e00f91608a6867fec,DIRECT PRIMARY
5,PB263444(1).pdf,394,V05-P374,139,TIRF-212,212,LOW,20,other,258,9ae2bdc19108be75013b69e66eee302cf5f7267ba1902c35536f84bb417ddacb,DIRECT PRIMARY
5,PB263444(1).pdf,395,V05-P374,139,TIRF-212,212,LOW,21,other,380,80fdc8961963658b3bc499c4afeff79a1a0271bff0f2bd104370c85e9bad1ce5,DIRECT PRIMARY
5,PB263444(1).pdf,396,V05-P396,140,TIRF-212,212,LOW,0,tire_identification,1814,d149b5ac765c2e0896459d821105fe69ab8ffd2b878191b1662e3446a3391b32,DIRECT PRIMARY
5,PB263444(1).pdf,397,V05-P396,140,TIRF-212,212,LOW,1,footprint_or_image,44,24d89e9a501fac453ecd5067d658494301d111d4f85fc26cb63047218e2ee142,DIRECT PRIMARY
5,PB263444(1).pdf,398,V05-P396,140,TIRF-212,212,LOW,2,other,571,995f2e0994a99562f2adb4e7d85b9b88e9df80b8a535686069f85b435b0309e3,DIRECT PRIMARY
5,PB263444(1).pdf,399,V05-P396,140,TIRF-212,212,LOW,3,cornering_coefficients,1302,36267e0a0fefc02150b6c8f64a9bb39fe2eebfbe2e3340384942dc3c1c385db0,DIRECT PRIMARY
5,PB263444(1).pdf,400,V05-P396,140,TIRF-212,212,LOW,4,braking_coefficients,625,ae8df9548812fc5614e8ebdb7e9b51410bdebc9483fb17210882015f0df0bd5e,DIRECT PRIMARY
5,PB263444(1).pdf,401,V05-P396,140,TIRF-212,212,LOW,5,other,388,2b97848729db802c7fb78ab1690495bbc6f556fb3dbc123adac97a06215a4144,DIRECT PRIMARY
5,PB263444(1).pdf,402,V05-P396,140,TIRF-212,212,LOW,6,cornering_plot,240,bec1524d2898991e6624a722b51d08b37611fbbd0c52f50043b68b573541bf93,DIRECT PRIMARY
5,PB263444(1).pdf,403,V05-P396,140,TIRF-212,212,LOW,7,other,437,5d03e84f838578de8f950dadec980b640ffed4f8c001ce3b85a9bfe63c0ff841,DIRECT PRIMARY
5,PB263444(1).pdf,404,V05-P404,141,TIRF-212,212,HIGH,0,tire_identification,1208,d9b2cc79d7fb0472036b85ceb5396b36dcac57b2856d0f3c6f27b7b6aa475334,DIRECT PRIMARY
5,PB263444(1).pdf,405,V05-P404,141,TIRF-212,212,HIGH,1,footprint_or_image,4,cd05e27f77f690355ee183068c08a9c9710a73dc2af3c794e6e859ab8845a11b,DIRECT PRIMARY
5,PB263444(1).pdf,406,V05-P404,141,TIRF-212,212,HIGH,2,tire_uniformity,422,e3043461d147ef4c2b6882a3898cab40cfae59bc962f6c57b6462d6a38646565,DIRECT PRIMARY
5,PB263444(1).pdf,407,V05-P404,141,TIRF-212,212,HIGH,3,cornering_coefficients,1293,1e82f14b10d6251cc8454d396b4930d97fdda3349316a02e53e82b402eb8e5f0,DIRECT PRIMARY
5,PB263444(1).pdf,408,V05-P404,141,TIRF-212,212,HIGH,4,braking_coefficients,537,b8fd658f1ada2a52232eccf693ec9b64d385a658198230cef55477eea75f3770,DIRECT PRIMARY
5,PB263444(1).pdf,409,V05-P404,141,TIRF-212,212,HIGH,5,other,481,c87fd4285f38b6ae91d505c4275f6f66dbc660d04a4904a5839078b55b1a0ae2,DIRECT PRIMARY
5,PB263444(1).pdf,410,V05-P404,141,TIRF-212,212,HIGH,6,other,260,0217da0b4caa9fc0a6441935052b540c68998eb45ab5843946460dc52a514969,DIRECT PRIMARY
5,PB263444(1).pdf,411,V05-P404,141,TIRF-212,212,HIGH,7,other,75,351bbeda2582ccaa18f67718bc285a1eefc5ae8a417d9d5c11624a7b1669404b,DIRECT PRIMARY
5,PB263444(1).pdf,412,V05-P404,141,TIRF-212,212,HIGH,8,other,1637,20536b0b1043c569ceb5f783a340588de33887365989788984d4f2fbd05ece93,DIRECT PRIMARY
5,PB263444(1).pdf,413,V05-P404,141,TIRF-212,212,HIGH,9,other,41,412d1e2f127ff46b58747c3cd776814724a1e059cb2b919d6f8ef3b26434aadf,DIRECT PRIMARY
5,PB263444(1).pdf,414,V05-P404,141,TIRF-212,212,HIGH,10,tire_uniformity,381,c8029086d9d9d42603dfc0bbe325544b6fa3c3cdb447d5f05ac36bd043dd4039,DIRECT PRIMARY
5,PB263444(1).pdf,415,V05-P404,141,TIRF-212,212,HIGH,11,cornering_coefficients,1314,a9aa566be91346c4d4caa345497c5540b60f5472a975e2b9e02cb4f77a5eee7f,DIRECT PRIMARY
5,PB263444(1).pdf,416,V05-P404,141,TIRF-212,212,HIGH,12,braking_coefficients,582,f56bc30c4a4f7abef9d5831dfb037c56e536f170e0bb11141d7b62a8233e97bb,DIRECT PRIMARY
5,PB263444(1).pdf,417,V05-P404,141,TIRF-212,212,HIGH,13,other,377,22ed34ffe26b37442be005bed8ac098608b98acd2d8e3a62072a1c6980b1c7d9,DIRECT PRIMARY
5,PB263444(1).pdf,418,V05-P404,141,TIRF-212,212,HIGH,14,other,173,4b34acb60933517d7e3a3ce1560115f9a511872de073556f659aca82dfaf385d,DIRECT PRIMARY
5,PB263444(1).pdf,419,V05-P404,141,TIRF-212,212,HIGH,15,other,107,6189233b2c5820105ae28292ab05366c2326db7a60323e436a8c48055ce2607e,DIRECT PRIMARY
5,PB263444(1).pdf,420,V05-P420,142,TIRF-222,222,LOW,0,tire_identification,1759,78cc9c8570038f406ff495c8c1fd064cfb4893f5d8eb1080888226ad2e5e4f9e,DIRECT PRIMARY
5,PB263444(1).pdf,421,V05-P420,142,TIRF-222,222,LOW,1,footprint_or_image,10,b1a50f63f06b5017b4ac33c94dbae9dc10cce7a6322dafe477860663a545ff00,DIRECT PRIMARY
5,PB263444(1).pdf,422,V05-P420,142,TIRF-222,222,LOW,2,tire_uniformity,388,ebb743aef5bdc861be7acdd47f60fbb37447ccb4f7a58711c80662b710fc3cc3,DIRECT PRIMARY
5,PB263444(1).pdf,423,V05-P420,142,TIRF-222,222,LOW,3,cornering_coefficients,1286,a04ce0704426f0c2a3ddc9999cfbf3a91fff2ab1ec0d68933a3455239814e397,DIRECT PRIMARY
5,PB263444(1).pdf,424,V05-P420,142,TIRF-222,222,LOW,4,braking_plot,632,48d9db5ea0f70c3d9a395625fb9d9efe61934834adbb41715b438872e2115e21,DIRECT PRIMARY
5,PB263444(1).pdf,425,V05-P420,142,TIRF-222,222,LOW,5,other,354,c12328bdf3aaf619bc5166d05e3d40e2525a76756d7ebb6846144b4e670d2e70,DIRECT PRIMARY
5,PB263444(1).pdf,426,V05-P420,142,TIRF-222,222,LOW,6,other,242,c03841450b426ea1d62b0c5e0815e2847db49135b7855ed590fd8f6e8a9cce72,DIRECT PRIMARY
5,PB263444(1).pdf,427,V05-P420,142,TIRF-222,222,LOW,7,other,382,9853d270dcdb22561309a18dc699ab0739f439e7151adfb14c287867d08c9cf4,DIRECT PRIMARY
5,PB263444(1).pdf,428,V05-P428,143,TIRF-225,225,LOW,0,tire_identification,1745,9a55d159e42daa2943ef83cbf8f6e5f0a5aea33b35d0b2cde6db5d7b790bd06c,DIRECT PRIMARY
5,PB263444(1).pdf,429,V05-P428,143,TIRF-225,225,LOW,1,footprint_or_image,102,6581ac70a703383e73b64e584300b9400a35de33fcd4839b8421dcfb1ef9ec7f,DIRECT PRIMARY
5,PB263444(1).pdf,430,V05-P428,143,TIRF-225,225,LOW,2,tire_uniformity,410,417bff8f13173dad568ffbd336393992ab1fa218ee1e13daea3b299e719fe9d8,DIRECT PRIMARY
5,PB263444(1).pdf,431,V05-P428,143,TIRF-225,225,LOW,3,cornering_coefficients,1348,c75a3ce2cfa472734af046d69a8a946a51c68da53461535405bef48344cc46d8,DIRECT PRIMARY
5,PB263444(1).pdf,432,V05-P428,143,TIRF-225,225,LOW,4,braking_coefficients,598,0921b57a4f1a86065733dd0784c9efb6caf5afd7f956d0e086b869adecf6abfe,DIRECT PRIMARY
5,PB263444(1).pdf,433,V05-P428,143,TIRF-225,225,LOW,5,other,503,a5a8071cd804fbcdf4962cf4e181ec1b7034d1e1039cb9ab984bc5ee393ed284,DIRECT PRIMARY
5,PB263444(1).pdf,434,V05-P428,143,TIRF-225,225,LOW,6,other,260,6429ac64b87ac15f0c58e93d3466567dfe509a8ab0343ca700fa4ae7847459cb,DIRECT PRIMARY
5,PB263444(1).pdf,435,V05-P428,143,TIRF-225,225,LOW,7,other,485,a3533bc2441cc3452cf4b3dcd663ad54dae7b221ab2636ad66bc74c2681a3dec,DIRECT PRIMARY
5,PB263444(1).pdf,436,V05-P436,144,TIRF-226,226,LOW,0,tire_identification,1628,34dae82f4e455828f275a877e21cc2204149b1abc09b1885b966447964c3c7ee,DIRECT PRIMARY
5,PB263444(1).pdf,437,V05-P436,144,TIRF-226,226,LOW,1,footprint_or_image,47,a0fb9410554bb3d9afcc5bac84f7174065dba5baa89d9a8a275dc1ffb75ebec4,DIRECT PRIMARY
5,PB263444(1).pdf,438,V05-P436,144,TIRF-226,226,LOW,2,tire_uniformity,360,bef337079a82f4f2a994416699a89fa5c61663b43295f1b304de806e322d581e,DIRECT PRIMARY
5,PB263444(1).pdf,439,V05-P436,144,TIRF-226,226,LOW,3,cornering_coefficients,1341,5f26388abbe72a097b962c4285e63dafd3c48dadb8f93fa0b0656e03a6c270b6,DIRECT PRIMARY
5,PB263444(1).pdf,440,V05-P436,144,TIRF-226,226,LOW,4,braking_plot,585,add11bcecc31b15edad833d8521ed1b987f46690b3daad1f3262dbc3a24a98af,DIRECT PRIMARY
5,PB263444(1).pdf,441,V05-P436,144,TIRF-226,226,LOW,5,other,413,7602accc0b045fecc31d2b517e4d7967a06c4eccccb04d4345433af9497824e3,DIRECT PRIMARY
5,PB263444(1).pdf,442,V05-P436,144,TIRF-226,226,LOW,6,other,250,3b34ec745db8af0ceb2d044c0c2d3ad733024e70cf85bdf35b04fb71afecb314,DIRECT PRIMARY
5,PB263444(1).pdf,443,V05-P436,144,TIRF-226,226,LOW,7,other,365,99c94b23344816250625bbd3f4c996f96d08aa997be0017c2a72bbf76516a6c4,DIRECT PRIMARY
5,PB263444(1).pdf,444,V05-P436,144,TIRF-226,226,LOW,8,other,1303,b2052a1f7895d8c272428a2f08a7e180fe156da827874db35885b7d79a76a3da,DIRECT PRIMARY
5,PB263444(1).pdf,445,V05-P436,144,TIRF-226,226,LOW,9,other,34,9a05485560b61ac3427a6c49f1d7a60b6d21a8d929f95739ef5f57003239946a,DIRECT PRIMARY
5,PB263444(1).pdf,446,V05-P436,144,TIRF-226,226,LOW,10,tire_uniformity,345,5600b2f58b12fbd55956369c3d787c3dff441727ac119c9aa63cd3651ce4dfae,DIRECT PRIMARY
5,PB263444(1).pdf,447,V05-P436,144,TIRF-226,226,LOW,11,cornering_coefficients,1306,58b7c2b86652fc6638faa0cbcb9a3bb43d453084105be83ed40eaa555d820c41,DIRECT PRIMARY
5,PB263444(1).pdf,448,V05-P436,144,TIRF-226,226,LOW,12,test_data,601,923fc547da4aee394abb5a77f133ab7a22f13bdc49f44f8fa8a6d153d7b02af7,DIRECT PRIMARY
5,PB263444(1).pdf,449,V05-P436,144,TIRF-226,226,LOW,13,cornering_plot,435,d4dc4b4dff11c1d32f7d1f92ddd9c9d91a4a3e7e89d12cc60ea59572d0306809,DIRECT PRIMARY
5,PB263444(1).pdf,450,V05-P436,144,TIRF-226,226,LOW,14,other,285,318c2fb47e14f90d4a0344cc838d331a05bebe1e9199df782a169c43f30e2474,DIRECT PRIMARY
5,PB263444(1).pdf,451,V05-P436,144,TIRF-226,226,LOW,15,other,443,e4b44dd92e81a57c9fc202147d7f6633cbee7e7c0f24036cce7cb6efe6ee3a55,DIRECT PRIMARY
5,PB263444(1).pdf,452,V05-P452,145,TIRF-227,227,MEDIUM,0,tire_identification,1283,33047c427a7ebd1960244fd510bcaf5c311e8328c2000326331ee8ce0165e8ce,DIRECT PRIMARY
5,PB263444(1).pdf,453,V05-P452,145,TIRF-227,227,MEDIUM,1,footprint_or_image,51,a2bec503f86c0df5fb423f5cfa7e3a42f76c71b944a38d171177faccace088f3,DIRECT PRIMARY
5,PB263444(1).pdf,454,V05-P452,145,TIRF-227,227,MEDIUM,2,tire_uniformity,394,ed38c1729bfff4a522576548e94981990b9beb3e7cc7353a1dddb765dbaa22e1,DIRECT PRIMARY
5,PB263444(1).pdf,455,V05-P452,145,TIRF-227,227,MEDIUM,3,cornering_coefficients,1323,600aa110d27c440d91d0ff169fb28c38d123c3720908c7ee364e94625529d96b,DIRECT PRIMARY
5,PB263444(1).pdf,456,V05-P452,145,TIRF-227,227,MEDIUM,4,braking_coefficients,609,95b00f8add94826243821bc00065a356f217171784ddea6613ad0de9f65016eb,DIRECT PRIMARY
5,PB263444(1).pdf,457,V05-P452,145,TIRF-227,227,MEDIUM,5,other,435,cbf5fef4f81e8bcf5b752dbf2c11a17227bd4f591f5fcdfded2f56b2c762ead2,DIRECT PRIMARY
5,PB263444(1).pdf,458,V05-P452,145,TIRF-227,227,MEDIUM,6,cornering_plot,284,41e37db09a9bd55e85fa1882bb86e9d7787a68b5d9259543df83769a02287c2d,DIRECT PRIMARY
5,PB263444(1).pdf,459,V05-P452,145,TIRF-227,227,MEDIUM,7,other,490,0162e535f1f5fd7c351a36ec07b516b48b9d9cc23b18373731dfe41d84297276,DIRECT PRIMARY
5,PB263444(1).pdf,460,V05-P460,146,TIRF-228,228,MEDIUM,0,tire_identification,1680,9563ea42333adace97e60b993eaf29154f3b0beb6db3f387a83808aceacd7e32,DIRECT PRIMARY
5,PB263444(1).pdf,461,V05-P460,146,TIRF-228,228,MEDIUM,1,footprint_or_image,27,9d794c5f689984a3b260215f4e1781c980442cd66ef344a2e6ad225b74a547a0,DIRECT PRIMARY
5,PB263444(1).pdf,462,V05-P460,146,TIRF-228,228,MEDIUM,2,tire_uniformity,362,0b80178d0c8ff522cd1bfb4054ebb5b4633e51730cc1fe45027f41f62e62929d,DIRECT PRIMARY
5,PB263444(1).pdf,463,V05-P460,146,TIRF-228,228,MEDIUM,3,cornering_coefficients,1309,bfa80a62459ffdcd5438ac87a3a3ebe24f75e9d2a00b4a353cc7cf85069737a3,DIRECT PRIMARY
5,PB263444(1).pdf,464,V05-P460,146,TIRF-228,228,MEDIUM,4,braking_coefficients,606,2c254c6c7c2d6032ed63728de65d46002b9cd1f8f5bb2681f74339931accd13a,DIRECT PRIMARY
5,PB263444(1).pdf,465,V05-P460,146,TIRF-228,228,MEDIUM,5,cornering_plot,397,7b0472e3c8288b738abf42e881a3c6625e507ddcbd18e1fc5bfdb625d6c40593,DIRECT PRIMARY
5,PB263444(1).pdf,466,V05-P460,146,TIRF-228,228,MEDIUM,6,other,271,ddd7a5ffa06a3d99a66ec5e84364bc6b923cdce246f7a33547b32e8e9916110d,DIRECT PRIMARY
5,PB263444(1).pdf,467,V05-P460,146,TIRF-228,228,MEDIUM,7,other,43,906a052168f397a79c9c25359d0d75c1876e7f3b9fc77d721c253e032fe718ca,DIRECT PRIMARY
5,PB263444(1).pdf,468,V05-P468,147,TIRF-229,229,LOW,0,tire_identification,1373,6ecff3a692e8768910bf8d92b3d3b317e1292eb93649b5cd80fe9730ee1b7583,DIRECT PRIMARY
5,PB263444(1).pdf,469,V05-P468,147,TIRF-229,229,LOW,1,footprint_or_image,60,605a166b8431e931ff772748f1320dbfbb9a10486f36c7d173bf23a2ade3f697,DIRECT PRIMARY
5,PB263444(1).pdf,470,V05-P468,147,TIRF-229,229,LOW,2,tire_uniformity,390,fcc9598c9d369a7ee15f1da747d3ad70e9c10d2b4281213a0e21da086cfeff9a,DIRECT PRIMARY
5,PB263444(1).pdf,471,V05-P468,147,TIRF-229,229,LOW,3,cornering_coefficients,1324,94b92ca334a0f7ea760e9c12c8370c46df5c04cfabb882cf82347806f2b08de2,DIRECT PRIMARY
5,PB263444(1).pdf,472,V05-P468,147,TIRF-229,229,LOW,4,braking_plot,610,18f4f417af683930c95d44ad661fce6be1f640b5925a30784fb7d1b6d03a9d49,DIRECT PRIMARY
5,PB263444(1).pdf,473,V05-P468,147,TIRF-229,229,LOW,5,other,389,5251f12d7ff836b0573a2d1a6c43ba1922fd088b348c4c742358280e2b4eb746,DIRECT PRIMARY
5,PB263444(1).pdf,474,V05-P468,147,TIRF-229,229,LOW,6,other,253,2d657e31b0335f1234da6db34ec35400f0155ff678aa9636223976d9b703a7ba,DIRECT PRIMARY
5,PB263444(1).pdf,475,V05-P468,147,TIRF-229,229,LOW,7,other,461,8238aaee7390b694550e3bd902e3156315ddce5b2e26d319203e3dc49b818173,DIRECT PRIMARY
5,PB263444(1).pdf,476,V05-P476,148,TIRF-230,230,MEDIUM,0,tire_identification,1350,db8ceda5b55ff61c880f59db0f2d7fa5a96ab7b7a3675a2bf49f33cde093bbb0,DIRECT PRIMARY
5,PB263444(1).pdf,477,V05-P476,148,TIRF-230,230,MEDIUM,1,footprint_or_image,14,81325876f3582bd9a6498ff25e8309484161848df0285b8f5dc0fc03dc7bf279,DIRECT PRIMARY
5,PB263444(1).pdf,478,V05-P476,148,TIRF-230,230,MEDIUM,2,tire_uniformity,372,0a01d82585b098a58dfa038072fd9b78eea771b38cd7f2c9b10aa0f130d949f5,DIRECT PRIMARY
5,PB263444(1).pdf,479,V05-P476,148,TIRF-230,230,MEDIUM,3,cornering_coefficients,1316,e7f850e170326ef35a20e5c9fcf42f2a07ba56b1b2ad16a9e1879fc7f5403f47,DIRECT PRIMARY
5,PB263444(1).pdf,480,V05-P476,148,TIRF-230,230,MEDIUM,4,braking_coefficients,617,640bb94caba04f3b3e3731e416200ec0caf2db0b020cb86033588924b8941d31,DIRECT PRIMARY
5,PB263444(1).pdf,481,V05-P476,148,TIRF-230,230,MEDIUM,5,other,363,5d50a6868878b48f2785a2a89feafca2bad876a12ae2c3cccb5954e6752d4cb7,DIRECT PRIMARY
5,PB263444(1).pdf,482,V05-P476,148,TIRF-230,230,MEDIUM,6,other,245,3c3a5ee4249bfe624a9df0777b4aab57254d7b140da2d81d5e5beb63e5908e21,DIRECT PRIMARY
5,PB263444(1).pdf,483,V05-P476,148,TIRF-230,230,MEDIUM,7,other,464,3a10a1819a5a52b9111b5771c06c0060a194a85f4299d2a12bfefbfe21b2078a,DIRECT PRIMARY
5,PB263444(1).pdf,484,V05-P476,148,TIRF-230,230,MEDIUM,8,image_or_blank,0,e3b0c44298fc1c149afbf4c8996fb92427ae41e4649b934ca495991b7852b855,DIRECT PRIMARY
6,PB263445(1).pdf,1,,,,,,,test_data,453,427aa1519fa80a7e9069045963a1609a9a3b2ddb35681db618d3d4e0b8af1485,DIRECT PRIMARY
6,PB263445(1).pdf,2,,,,,,,other,223,bbdd05e851a3608074f7987cdf9a40f6ebe5cb8286ed66b34053c8c7b64c6c5f,DIRECT PRIMARY
6,PB263445(1).pdf,3,,,,,,,other,252,be44e7e9e4dd2f6d9d5ccc75e94727c8289ebd6ba90d7626d4c09123ddf7d4c1,DIRECT PRIMARY
6,PB263445(1).pdf,4,,,,,,,image_or_blank,0,e3b0c44298fc1c149afbf4c8996fb92427ae41e4649b934ca495991b7852b855,DIRECT PRIMARY
6,PB263445(1).pdf,5,,,,,,,test_data,2432,a0f1675bb60852166af118ae9677c26831a79c0d46fc8c4f5a8f340f15e8c030,DIRECT PRIMARY
6,PB263445(1).pdf,6,,,,,,,other,1903,72173b0aaedba4c2c17a60ad60d3df498f8e24e0cfbabbc3dca7f894600a388f,DIRECT PRIMARY
6,PB263445(1).pdf,7,,,,,,,test_data,948,fbf66afaae41803333cb392324587c23e756714604c8dd8e644b4d0b1f1fda9d,DIRECT PRIMARY
6,PB263445(1).pdf,8,,,,,,,image_or_blank,7,4025212c53b5f33d99d7794146355051a66618a4a46f4e5c3e935dae4a241d0f,DIRECT PRIMARY
6,PB263445(1).pdf,9,,,,,,,combined_interaction,254,cdb30f79e3c4ea27d3fa3bd9eacf81e6daa3491a80e1013c8ffc733a30f3acb3,DIRECT PRIMARY
6,PB263445(1).pdf,10,,,,,,,tire_uniformity,516,2229aa4d1471c4eba876845913eabbde35746a6de076d0b4c721ae09bc7bf5c3,DIRECT PRIMARY
6,PB263445(1).pdf,11,,,,,,,other,941,bc3ab193c2313d7818f2e435593c4f6deedc0c046e49f27e8c70589a7376c047,DIRECT PRIMARY
6,PB263445(1).pdf,12,,,,,,,image_or_blank,28,c20d55da1ef55a5ee0b2eeb10d9f130cf9882850624d46d6a006162ad4cfed94,DIRECT PRIMARY
6,PB263445(1).pdf,13,,,,,,,tire_uniformity,318,5c622df023a9860ad70c2592dc79eb4ff53efa1b084d48dffbecaa113a63e565,DIRECT PRIMARY
6,PB263445(1).pdf,14,,,,,,,cornering_coefficients,1157,111095b4467896b3a71189746b4b2218ea12559e2978bdd4581112040eb713a6,DIRECT PRIMARY
6,PB263445(1).pdf,15,,,,,,,braking_coefficients,525,1274b43f8a054d4e8e94591b9baea6c49fa4922e309ec251239b3e62f1a7d01a,DIRECT PRIMARY
6,PB263445(1).pdf,16,,,,,,,other,287,52f0571b646e0d5cfd9ff1149746e1ee8dd3a9b5bfd1584c30710ad2ecbe019c,DIRECT PRIMARY
6,PB263445(1).pdf,17,,,,,,,other,258,fc9475fb650b8359e52025aca2ead14de9272c36cebede58c80a6a78fadb8ca7,DIRECT PRIMARY
6,PB263445(1).pdf,18,,,,,,,other,312,492f165e9b5f5b235244c86719e2e356432591a56a04571970efd723ff228b75,DIRECT PRIMARY
6,PB263445(1).pdf,19,V06-P019,149,TIRF-232,232,HIGH,0,tire_identification,963,41b7903ff853133aac5e5e2b200c042c5dbe1068ecc56fe289eafcf5f831031d,DIRECT PRIMARY
6,PB263445(1).pdf,20,V06-P019,149,TIRF-232,232,HIGH,1,footprint_or_image,22,89e493349e35248506e66db6f0c6358cce446ae96731207dd4b448fa8bdd4ae4,DIRECT PRIMARY
6,PB263445(1).pdf,21,V06-P019,149,TIRF-232,232,HIGH,2,tire_uniformity,334,854db4a4c943808d7a2b21a799054239aa8e8f585a5dfbf7930645986421ff84,DIRECT PRIMARY
6,PB263445(1).pdf,22,V06-P019,149,TIRF-232,232,HIGH,3,cornering_coefficients,958,bf8fbf0e3d2575ab12582b5f2d193c3ab38c27a60c7831c27db43bf29ee9a6cd,DIRECT PRIMARY
6,PB263445(1).pdf,23,V06-P019,149,TIRF-232,232,HIGH,4,braking_coefficients,534,298e541c61f993d1e20f6d457b1e7254c273af430c77c094e6187b4de6e34459,DIRECT PRIMARY
6,PB263445(1).pdf,24,V06-P019,149,TIRF-232,232,HIGH,5,other,356,1ea655157060e654a8978dada0efb95761003e261c642b0cc76cd34416a1fe66,DIRECT PRIMARY
6,PB263445(1).pdf,25,V06-P019,149,TIRF-232,232,HIGH,6,other,244,935b1d2152634242261b07a7ace256298904ee32289115742a894fbb8bda6ffd,DIRECT PRIMARY
6,PB263445(1).pdf,26,V06-P019,149,TIRF-232,232,HIGH,7,other,241,0cf310ad8371488e5cc3be013d494bf3267c8174c0c60155f0612b00d6b5e1f3,DIRECT PRIMARY
6,PB263445(1).pdf,27,V06-P027,150,TIRF-233,233,LOW,0,tire_identification,903,90cf7a21e5c4ba8cdee77b51e63ae07fc5e117474d7d9a1c978652562d4dcced,DIRECT PRIMARY
6,PB263445(1).pdf,28,V06-P027,150,TIRF-233,233,LOW,1,footprint_or_image,25,eb6fbea964197e22df388f9f286f6cbc92f20c522a3b79b7b3dc7d1f6da1459a,DIRECT PRIMARY
6,PB263445(1).pdf,29,V06-P027,150,TIRF-233,233,LOW,2,tire_uniformity,329,6923225f20ac6c1930abc747707875f2c072c75b0e44e742edf5f261f1b90c89,DIRECT PRIMARY
6,PB263445(1).pdf,30,V06-P027,150,TIRF-233,233,LOW,3,cornering_coefficients,1145,c3b89cec594e9f1c589b068cbdb785f883fd8ae83afb2a1d95833d0d5ce77d1d,DIRECT PRIMARY
6,PB263445(1).pdf,31,V06-P027,150,TIRF-233,233,LOW,4,braking_coefficients,535,799b5ff6d4e0a2bd5cbf0a2bb93f6f59d8c0b8238bc6353ef9c0966dc14a5b7c,DIRECT PRIMARY
6,PB263445(1).pdf,32,V06-P027,150,TIRF-233,233,LOW,5,other,377,06d54cda4b8bfc0ae3808700fb8a6766bb1b31a4c3d2d530e569b0fed3851798,DIRECT PRIMARY
6,PB263445(1).pdf,33,V06-P027,150,TIRF-233,233,LOW,6,other,222,567186a85217c35347f1cf429f952218244ccc051ab985040403fa619e287482,DIRECT PRIMARY
6,PB263445(1).pdf,34,V06-P027,150,TIRF-233,233,LOW,7,other,396,2c9d78817daaec1df43ef344ff24b4a744ac3ff507183a981a8c652ee419bc32,DIRECT PRIMARY
6,PB263445(1).pdf,35,V06-P027,150,TIRF-233,233,LOW,8,other,946,70201d9fa2ca46e7edd793ff537148cbf287eee43a76e7e5da890eed09d455ee,DIRECT PRIMARY
6,PB263445(1).pdf,36,V06-P027,150,TIRF-233,233,LOW,9,other,64,3f2cf72be7bcb9d8186e4171c2e98914bb36925a42a2a76cfba98f79c150ef53,DIRECT PRIMARY
6,PB263445(1).pdf,37,V06-P027,150,TIRF-233,233,LOW,10,tire_uniformity,345,1ca3cbe46bea2a0063e8574ac57c3d2c087dadacdeb8932cdda6577ddf0d9380,DIRECT PRIMARY
6,PB263445(1).pdf,38,V06-P027,150,TIRF-233,233,LOW,11,cornering_coefficients,1143,b195294a031e81bf383e7618fd13efb5f390aa05cfe76b74ff1ac6c84f8601aa,DIRECT PRIMARY
6,PB263445(1).pdf,39,V06-P027,150,TIRF-233,233,LOW,12,braking_coefficients,540,7a4ddaac118e7250560bb7eff5b201c3f7458481f4f0255bbf0a712487ad4e52,DIRECT PRIMARY
6,PB263445(1).pdf,40,V06-P027,150,TIRF-233,233,LOW,13,other,384,1d5927fc0c0f4349f141026ad9351410c1a8a3123138b94168d1312e5271c2e9,DIRECT PRIMARY
6,PB263445(1).pdf,41,V06-P027,150,TIRF-233,233,LOW,14,other,235,26353acad37ad73fe3b26bd40455856b6a844f9d9a25c29d2f9f9f0efaf05dfe,DIRECT PRIMARY
6,PB263445(1).pdf,42,V06-P027,150,TIRF-233,233,LOW,15,other,386,ffd816d8f27ab71146fc682dc51ba98dae49cc50461f27c23a994439ae29c004,DIRECT PRIMARY
6,PB263445(1).pdf,43,V06-P043,151,TIRF-234,234,MEDIUM,0,tire_identification,936,4afa57353c515c29cae85d8f6c0fbad89349e3795d7cd3ed310a3532191a7b0e,DIRECT PRIMARY
6,PB263445(1).pdf,44,V06-P043,151,TIRF-234,234,MEDIUM,1,footprint_or_image,52,ae89feadbb483304fb094b5bdead5d9546923c4788aaf1ab7c46014f5a7498cf,DIRECT PRIMARY
6,PB263445(1).pdf,45,V06-P043,151,TIRF-234,234,MEDIUM,2,tire_uniformity,324,425dfd7849923b841ddbe4c16707382af7b910f32db39e0c60bd62db4cf7f45a,DIRECT PRIMARY
6,PB263445(1).pdf,46,V06-P043,151,TIRF-234,234,MEDIUM,3,cornering_coefficients,1137,7766f1fecdaefb2908eeeb4b87bfe57910eafd83c27c8f2657b1c4652d083628,DIRECT PRIMARY
6,PB263445(1).pdf,47,V06-P043,151,TIRF-234,234,MEDIUM,4,braking_coefficients,541,f59b60626a1c4ba876d5b1953187aeef76fab3046b4271fa581f69893c7507e8,DIRECT PRIMARY
6,PB263445(1).pdf,48,V06-P043,151,TIRF-234,234,MEDIUM,5,other,330,54ecac671a660fbf056637c228ec92a381044d1a71cc0bd701b567776a2199cb,DIRECT PRIMARY
6,PB263445(1).pdf,49,V06-P043,151,TIRF-234,234,MEDIUM,6,other,209,92f92725559f451543accafdb82c35a23a4802c7e1dcbfac91f3d0904ec0a75b,DIRECT PRIMARY
6,PB263445(1).pdf,50,V06-P043,151,TIRF-234,234,MEDIUM,7,other,366,3cff90ffc25416c1247697778314509062dacb88f49d569f0c073c20d986c532,DIRECT PRIMARY
6,PB263445(1).pdf,51,V06-P051,152,TIRF-236,236,MEDIUM,0,tire_identification,911,2becf5b1b624af0d7a0c18d44b3b9d98d3e925895a7114d07fa63555741f2e15,DIRECT PRIMARY
6,PB263445(1).pdf,52,V06-P051,152,TIRF-236,236,MEDIUM,1,footprint_or_image,34,6495b5dd7e0abc2d1bdd889f4df527938b4584ac902f2a409860273839c3cb4a,DIRECT PRIMARY
6,PB263445(1).pdf,53,V06-P051,152,TIRF-236,236,MEDIUM,2,tire_uniformity,326,b357eeca50f0095145411c27d3ce740858f812361bbe74cc75fd1d2cc9da6477,DIRECT PRIMARY
6,PB263445(1).pdf,54,V06-P051,152,TIRF-236,236,MEDIUM,3,cornering_coefficients,1142,0a29ba181a5b362ac0795397ad4a34ce51afaec6f092d4a26746c47d61f5cc26,DIRECT PRIMARY
6,PB263445(1).pdf,55,V06-P051,152,TIRF-236,236,MEDIUM,4,braking_plot,522,df499d31d3812870504c76e07b09dcce667d23ea11a8024afe6c3a37beaa4829,DIRECT PRIMARY
6,PB263445(1).pdf,56,V06-P051,152,TIRF-236,236,MEDIUM,5,cornering_plot,348,2bb56477676542970d635bb9c5b1f3278168d9d049dd25a054bf19216f666bd3,DIRECT PRIMARY
6,PB263445(1).pdf,57,V06-P051,152,TIRF-236,236,MEDIUM,6,other,232,65ba9682e98dd57b8609f69ebe712de9cac456ab2c3cdb6713911460bf428d3a,DIRECT PRIMARY
6,PB263445(1).pdf,58,V06-P051,152,TIRF-236,236,MEDIUM,7,other,322,5536aaf1ea6b4ceee92b28c1e0ad06112e8ce8d2de31f0d268c7f4abf7d23d4c,DIRECT PRIMARY
6,PB263445(1).pdf,59,V06-P059,153,TIRF-237,237,LOW,0,tire_identification,943,69bfd4566f1098439492e860830b5de3e6d175020fbd8097b9c16b1c2701f010,DIRECT PRIMARY
6,PB263445(1).pdf,60,V06-P059,153,TIRF-237,237,LOW,1,footprint_or_image,93,6a8a2169fd6a520584b130134a8e8b2d158bba9c561af91bb42189d0137046cd,DIRECT PRIMARY
6,PB263445(1).pdf,61,V06-P059,153,TIRF-237,237,LOW,2,tire_uniformity,331,2817ab7949e9820b0c2c46ea7a11f8f5158c361ddd411ac4d386c819ea9893aa,DIRECT PRIMARY
6,PB263445(1).pdf,62,V06-P059,153,TIRF-237,237,LOW,3,cornering_coefficients,1143,0ba6e168d66a6947a09b8428858abe3b2f11e9de09a527ae660d3d8cb86dd5be,DIRECT PRIMARY
6,PB263445(1).pdf,63,V06-P059,153,TIRF-237,237,LOW,4,braking_coefficients,534,60302e84de47e4378690b872955de21379f3d6fa3cbd826a34cb4873ec2afd06,DIRECT PRIMARY
6,PB263445(1).pdf,64,V06-P059,153,TIRF-237,237,LOW,5,other,315,40f3d0c576182acd4af3102e19292b659a88a6e9a324b19a1ad39cc563a056ae,DIRECT PRIMARY
6,PB263445(1).pdf,65,V06-P059,153,TIRF-237,237,LOW,6,other,165,73cfc0d136dea8e031d8041b63aaf568bfc120ea325179b83c9b40cc7c58a110,DIRECT PRIMARY
6,PB263445(1).pdf,66,V06-P059,153,TIRF-237,237,LOW,7,other,309,b27dba457ac391bd66ed2a46af302e96fecd75bd22a85378b0606f13d4b19b26,DIRECT PRIMARY
6,PB263445(1).pdf,67,V06-P067,154,TIRF-238,238,MEDIUM,0,tire_identification,878,d3704c7f3e1d5182fa41d3192519eae7a00de6eb6c7d4381a73b9edb6da54468,DIRECT PRIMARY
6,PB263445(1).pdf,68,V06-P067,154,TIRF-238,238,MEDIUM,1,footprint_or_image,27,b1fc5a5946e849cc83cb77cdc3fadc3e8d074e17cd35ec28f062adfac09744bb,DIRECT PRIMARY
6,PB263445(1).pdf,69,V06-P067,154,TIRF-238,238,MEDIUM,2,tire_uniformity,330,16441254dcfbfa0e8ce0e8f4d35d5d41446e7c968b9b9c4cb9019548ba684abb,DIRECT PRIMARY
6,PB263445(1).pdf,70,V06-P067,154,TIRF-238,238,MEDIUM,3,cornering_coefficients,1151,7029ab459712c6ad4020f652ac6c48b4a27c17911659aa05157b6e2e51a89f96,DIRECT PRIMARY
6,PB263445(1).pdf,71,V06-P067,154,TIRF-238,238,MEDIUM,4,braking_coefficients,534,7eaeb173221339d9f8ca2e9f5a16a2e34adf13d270e1cf3778993d500c099229,DIRECT PRIMARY
6,PB263445(1).pdf,72,V06-P067,154,TIRF-238,238,MEDIUM,5,other,343,a538f0b893e351af26e3f8b40085d1f36c65203e01d0c4acf927a3af2b0c0ee1,DIRECT PRIMARY
6,PB263445(1).pdf,73,V06-P067,154,TIRF-238,238,MEDIUM,6,other,244,619274f2877c2ca210e3103f16becb608b0fb60b80834a88f720e0b46d9a832e,DIRECT PRIMARY
6,PB263445(1).pdf,74,V06-P067,154,TIRF-238,238,MEDIUM,7,other,272,75d038132cd0bc2bd2372d53381e44078ffa02f7e333b54f4ec4268df9e2b901,DIRECT PRIMARY
6,PB263445(1).pdf,75,V06-P075,155,TIRF-239,239,MEDIUM,0,tire_identification,916,e6ab3cc7c31ab8994910ecd85a0c075b92ce7754716a8bc2f8db5b7000cb67f6,DIRECT PRIMARY
6,PB263445(1).pdf,76,V06-P075,155,TIRF-239,239,MEDIUM,1,footprint_or_image,55,ed708d184b18fc78484e26e0e2c425384c6ccb0ed2c4b59e281247dbbb0c7668,DIRECT PRIMARY
6,PB263445(1).pdf,77,V06-P075,155,TIRF-239,239,MEDIUM,2,tire_uniformity,318,b93ee760c3b87dd268c2d5c837282bdba393f4b399050cad5635114d5bcef7f1,DIRECT PRIMARY
6,PB263445(1).pdf,78,V06-P075,155,TIRF-239,239,MEDIUM,3,cornering_coefficients,1142,a3b3ba5e70d22c9cd2e62c936fd69a7cda5595f739c785be7a2101f3387b3e95,DIRECT PRIMARY
6,PB263445(1).pdf,79,V06-P075,155,TIRF-239,239,MEDIUM,4,braking_coefficients,525,59e03e00f692af64c04e6335bde4b0ebaa172b8529c9c49c3bbc01ab21b7036d,DIRECT PRIMARY
6,PB263445(1).pdf,80,V06-P075,155,TIRF-239,239,MEDIUM,5,other,333,92663f459dc111216b69900144f116c512c4a13a73a07e7f42cfc53679e4f52f,DIRECT PRIMARY
6,PB263445(1).pdf,81,V06-P075,155,TIRF-239,239,MEDIUM,6,other,204,7ee16de9b768f4033cd5b199753e4c93b5578dc41b1bedc0141f915cebaf57ea,DIRECT PRIMARY
6,PB263445(1).pdf,82,V06-P075,155,TIRF-239,239,MEDIUM,7,other,225,1b103d88c16e2b4606ef00bebaae70f9052fb80eb411dbd21c4031f23decee2f,DIRECT PRIMARY
6,PB263445(1).pdf,83,V06-P083,156,TIRF-240,240,HIGH,0,tire_identification,882,519eb52436824202e4270f0cf54f6c5b466f69641f7f1b8362abad6920e6243a,DIRECT PRIMARY
6,PB263445(1).pdf,84,V06-P083,156,TIRF-240,240,HIGH,1,footprint_or_image,48,d5ed08e99cf500c727faf1a96ac8beec4a90f5a89f227b419cbc08e0c6a64bc1,DIRECT PRIMARY
6,PB263445(1).pdf,85,V06-P083,156,TIRF-240,240,HIGH,2,tire_uniformity,322,fee33a72b013591e6e3cba09107a59ed0472bec9383706385d6169565a7e4a88,DIRECT PRIMARY
6,PB263445(1).pdf,86,V06-P083,156,TIRF-240,240,HIGH,3,cornering_coefficients,1138,118a2095e389e2fc49b505afa01a6d37083e14d9041d4d0d6853b765d2ff2784,DIRECT PRIMARY
6,PB263445(1).pdf,87,V06-P083,156,TIRF-240,240,HIGH,4,braking_coefficients,545,23d2aef225f5315eac53107a311f575e7fb363dcd2d6c37d04896af290a784d9,DIRECT PRIMARY
6,PB263445(1).pdf,88,V06-P083,156,TIRF-240,240,HIGH,5,other,352,c998507f27b0c17d8a12df0060fbe994248d12172551182bf109925dfae1c4b7,DIRECT PRIMARY
6,PB263445(1).pdf,89,V06-P083,156,TIRF-240,240,HIGH,6,other,193,5878c9abede6ec785e4ccf74a1bf864b50db3b29d893366b67830d4374919dd8,DIRECT PRIMARY
6,PB263445(1).pdf,90,V06-P083,156,TIRF-240,240,HIGH,7,other,287,434c0b3a56c79d5416284d0163845edf950d1956cee5be28de25e32f9ae42f86,DIRECT PRIMARY
6,PB263445(1).pdf,91,V06-P083,156,TIRF-240,240,HIGH,8,other,959,38749377c056766ef4150c0ed54b487b99599b79d03c7e7cf3e26e6dfed78918,DIRECT PRIMARY
6,PB263445(1).pdf,92,V06-P083,156,TIRF-240,240,HIGH,9,other,76,215c323d1d211b99a8fa35db8461530400028eaf09398fcdc38ffdb3a867fc40,DIRECT PRIMARY
6,PB263445(1).pdf,93,V06-P083,156,TIRF-240,240,HIGH,10,tire_uniformity,318,74ee16ce46e33adad2cd1148c68cd49c6f336fa928b3e5acb8664b164c181735,DIRECT PRIMARY
6,PB263445(1).pdf,94,V06-P083,156,TIRF-240,240,HIGH,11,cornering_coefficients,1143,373f504053839e3ce2efd24b032c1833c828600d314c899a500453c680b23af1,DIRECT PRIMARY
6,PB263445(1).pdf,95,V06-P083,156,TIRF-240,240,HIGH,12,braking_coefficients,535,06ffd6f0aeab4df227cae1971a8a41aadd4403ec50e680271cdc2a946cfb74fe,DIRECT PRIMARY
6,PB263445(1).pdf,96,V06-P083,156,TIRF-240,240,HIGH,13,other,332,74e386668d503c79f80920aab3209049b8c644f781db0cf5a1f6ff0de0fa79d9,DIRECT PRIMARY
6,PB263445(1).pdf,97,V06-P083,156,TIRF-240,240,HIGH,14,other,180,e61ac68bd706c156e73cf8551fd6a4618e96bcf350ee94131d4c200e34fa8760,DIRECT PRIMARY
6,PB263445(1).pdf,98,V06-P083,156,TIRF-240,240,HIGH,15,other,113,9e2d9f5c01e44276a7f6c321e967a033fd8158e07e77f2d470ab55c8f1668fa3,DIRECT PRIMARY
6,PB263445(1).pdf,99,V06-P099,157,TIRF-242,242,HIGH,0,tire_identification,921,2fe242335cada78d79676febc3a6d163bf4cd34b79d6bfbf6e9cb18e9e83abb4,DIRECT PRIMARY
6,PB263445(1).pdf,100,V06-P099,157,TIRF-242,242,HIGH,1,footprint_or_image,22,0ccd0dc041ea1397b014523e0658d9efcb5e4f2fefebf3f908cc9c935d0996ab,DIRECT PRIMARY
6,PB263445(1).pdf,101,V06-P099,157,TIRF-242,242,HIGH,2,tire_uniformity,330,3f3b6589eadef7923f5d328a0ac50f2a16752405aecd92c4873fadc243bcd144,DIRECT PRIMARY
6,PB263445(1).pdf,102,V06-P099,157,TIRF-242,242,HIGH,3,other,1177,76f7c6b3a703e7b512b627e7298fbcedad1c56947e7735403da2af02ecbae4bd,DIRECT PRIMARY
6,PB263445(1).pdf,103,V06-P099,157,TIRF-242,242,HIGH,4,braking_plot,540,e7ac973be3cd96774388b03a8b7c5c119e5e96d32c3f6e6e76374b3333f37f36,DIRECT PRIMARY
6,PB263445(1).pdf,104,V06-P099,157,TIRF-242,242,HIGH,5,other,294,0ca09e3bd916b5d24a3ea7ba19ede0683db1a5df5fc5826a5ab3a36423dfd096,DIRECT PRIMARY
6,PB263445(1).pdf,105,V06-P099,157,TIRF-242,242,HIGH,6,other,202,ef63839da860ff75d79f1adec428dd5ddd939b66294c30a821996757449801ae,DIRECT PRIMARY
6,PB263445(1).pdf,106,V06-P099,157,TIRF-242,242,HIGH,7,other,297,d4cffb12107f326644aa2c66b437d6b672e5da2c17b7e9d4b66d2142c133f9c2,DIRECT PRIMARY
6,PB263445(1).pdf,107,V06-P107,158,TIRF-243,243,HIGH,0,tire_identification,922,b0dd7fa561743fe40d271d862be5d8ade5a89ff04e09ca48e246fbbe2d7dd34b,DIRECT PRIMARY
6,PB263445(1).pdf,108,V06-P107,158,TIRF-243,243,HIGH,1,footprint_or_image,14,5b03ccfba65fff17e8621ce86bd578793a7854a6422e7c2d752598d51a8cf15a,DIRECT PRIMARY
6,PB263445(1).pdf,109,V06-P107,158,TIRF-243,243,HIGH,2,tire_uniformity,321,b4e14549079b8eac59916a1f641cadfc3494abf4338188504486a0a62ada6630,DIRECT PRIMARY
6,PB263445(1).pdf,110,V06-P107,158,TIRF-243,243,HIGH,3,cornering_coefficients,1139,7963eae7cf2b4f558ada3c40a817fe9e003b1f05286a3e64435bbb3cfce8d558,DIRECT PRIMARY
6,PB263445(1).pdf,111,V06-P107,158,TIRF-243,243,HIGH,4,braking_coefficients,506,66d1a0867d62b8bfa43b32f7815b0de4d3ae05de7786eaa1284fc40d036a003a,DIRECT PRIMARY
6,PB263445(1).pdf,112,V06-P107,158,TIRF-243,243,HIGH,5,other,346,2a51bb683f1603efa74251b4e750fc5d6f66ce8a8b37ed7bcd17cc9d25707b50,DIRECT PRIMARY
6,PB263445(1).pdf,113,V06-P107,158,TIRF-243,243,HIGH,6,other,208,889cc732d7c47840cc0541d32c58fdf6f8bcaf8273afea7c324288ee87cb5d83,DIRECT PRIMARY
6,PB263445(1).pdf,114,V06-P107,158,TIRF-243,243,HIGH,7,other,309,0b41c22ba5f9bc385cbc0d7d91c89912cd8ef691e017646a786c8470e8052df4,DIRECT PRIMARY
6,PB263445(1).pdf,115,V06-P115,159,TIRF-244,244,HIGH,0,tire_identification,937,d2a1b36f415bb20b762b2cd6da40c8332135576ebc89ea2e39bc1569214ed2dd,DIRECT PRIMARY
6,PB263445(1).pdf,116,V06-P115,159,TIRF-244,244,HIGH,1,footprint_or_image,25,e816369477658cabd3f9d11571532961769c2710ee0ac4aec80938edef8db673,DIRECT PRIMARY
6,PB263445(1).pdf,117,V06-P115,159,TIRF-244,244,HIGH,2,tire_uniformity,325,19bf0be97b9ca1a9d91583ea8c4d7e779e4eb21ca5ec44372e998c9eb70beb15,DIRECT PRIMARY
6,PB263445(1).pdf,118,V06-P115,159,TIRF-244,244,HIGH,3,cornering_coefficients,1103,af3a80f230b0adda7d71af2811460c8c92def1d3e552178f1b11465e132ce2d5,DIRECT PRIMARY
6,PB263445(1).pdf,119,V06-P115,159,TIRF-244,244,HIGH,4,braking_coefficients,534,5699ac69ba00cbd3d14f2c6edc2ba5234913754788cb2fc45d855318201d2bc4,DIRECT PRIMARY
6,PB263445(1).pdf,120,V06-P115,159,TIRF-244,244,HIGH,5,other,364,768a742b73cb2d759fe5076984476fbba9de46dbcae56191cf606142bb6e1e2a,DIRECT PRIMARY
6,PB263445(1).pdf,121,V06-P115,159,TIRF-244,244,HIGH,6,other,213,1588e36d0ef329fdce4871315b2701c88803412282128aa17a30afbc22c0b044,DIRECT PRIMARY
6,PB263445(1).pdf,122,V06-P115,159,TIRF-244,244,HIGH,7,other,296,a4f155c0b5758742276bf3e39caba463ad193e216dd5d1a1b9c21d46e344351d,DIRECT PRIMARY
6,PB263445(1).pdf,123,V06-P123,160,TIRF-245,245,HIGH,0,tire_identification,959,9dddef85193a6289148ca147a781a15727fd9bc66f6f5df3f82bef73744bafe0,DIRECT PRIMARY
6,PB263445(1).pdf,124,V06-P123,160,TIRF-245,245,HIGH,1,footprint_or_image,26,4d45a016f09c4710c8ca6d6d74f2b7f68720001a6dbc6ab6bf65d877959ecddd,DIRECT PRIMARY
6,PB263445(1).pdf,125,V06-P123,160,TIRF-245,245,HIGH,2,tire_uniformity,325,8e3baa6253a4d2e23b6f55a466c2609f5a8fe0caa59708ff4f6830552a85a41b,DIRECT PRIMARY
6,PB263445(1).pdf,126,V06-P123,160,TIRF-245,245,HIGH,3,cornering_coefficients,1143,2cb48d92c5bd6870d435ecfb45252a45f59b0a41e9e50df7666c0c6ff1d61f66,DIRECT PRIMARY
6,PB263445(1).pdf,127,V06-P123,160,TIRF-245,245,HIGH,4,braking_plot,535,823f35af407155de967137f341a96f3de7c728ec112eb040336eadf92f43ed0e,DIRECT PRIMARY
6,PB263445(1).pdf,128,V06-P123,160,TIRF-245,245,HIGH,5,other,328,5d08929393bd40a3e3e6c68c05f877fc3546b5fa132e5868f745435a1eea4a65,DIRECT PRIMARY
6,PB263445(1).pdf,129,V06-P123,160,TIRF-245,245,HIGH,6,other,203,28dc5aca3ce709eda305696da28de734f398104928f52efdeee6bc1bc10ca0a4,DIRECT PRIMARY
6,PB263445(1).pdf,130,V06-P123,160,TIRF-245,245,HIGH,7,other,380,aae90ca6ff41fc787d11d311cd66f54ffc09724432031a7159c73d02cf6293c6,DIRECT PRIMARY
6,PB263445(1).pdf,131,V06-P131,161,TIRF-246,246,MEDIUM,0,tire_identification,957,adeacb35125ac6de84b230a5548ae751532a29de9cff141fc68542f30c29e7f1,DIRECT PRIMARY
6,PB263445(1).pdf,132,V06-P131,161,TIRF-246,246,MEDIUM,1,footprint_or_image,12,98ad3926c330d38cfac5316589928b7ecb638cf39b8a23c08ea1ee8a8ef48cc9,DIRECT PRIMARY
6,PB263445(1).pdf,133,V06-P131,161,TIRF-246,246,MEDIUM,2,tire_uniformity,316,6cc61dcdfa95d5c172b71bd45f9d920d8412cbe16898b71c51dd23aa896a9a65,DIRECT PRIMARY
6,PB263445(1).pdf,134,V06-P131,161,TIRF-246,246,MEDIUM,3,cornering_coefficients,1156,d4897bd480b6ae39be4c3bf814cec42e44208f3935d277b12709d24c0145d318,DIRECT PRIMARY
6,PB263445(1).pdf,135,V06-P131,161,TIRF-246,246,MEDIUM,4,braking_plot,535,c9385731b4ec340e10bbe6cb0ba677e9f00511b56fc77c14d38950481868e0db,DIRECT PRIMARY
6,PB263445(1).pdf,136,V06-P131,161,TIRF-246,246,MEDIUM,5,other,310,b109f01c2129bf9e3207a4f2b8c9bc2b27f7455fb7e6bc7897d4cab9b756c5b6,DIRECT PRIMARY
6,PB263445(1).pdf,137,V06-P131,161,TIRF-246,246,MEDIUM,6,other,217,cf96a1456da72336aea6bbeb1867601b6def941357c24079bf33a4897caa58e2,DIRECT PRIMARY
6,PB263445(1).pdf,138,V06-P131,161,TIRF-246,246,MEDIUM,7,other,289,6f57a09e2ba71d51a977255a3ff1a1bccc82225ee44a83c88aa7e6b28691a0c6,DIRECT PRIMARY
6,PB263445(1).pdf,139,V06-P131,161,TIRF-246,246,MEDIUM,8,other,954,fbb06cd0fedad4199196c910a8dcacbc8db4fb35e823c32c0cb015eae4e9ca71,DIRECT PRIMARY
6,PB263445(1).pdf,140,V06-P131,161,TIRF-246,246,MEDIUM,9,other,31,2a44b3074604deaec8889f40c103a3d4c5c657cf559a04331e4d21e289102220,DIRECT PRIMARY
6,PB263445(1).pdf,141,V06-P131,161,TIRF-246,246,MEDIUM,10,tire_uniformity,323,f0c1d11c2ebdce4069feb3a9eaac126e7f895b12930869f7cc2d63afd475a027,DIRECT PRIMARY
6,PB263445(1).pdf,142,V06-P131,161,TIRF-246,246,MEDIUM,11,test_data,1145,4800f72aec6e488012666e04e16fd6f2d67c4860ed4603ff5f2b32004a44a54d,DIRECT PRIMARY
6,PB263445(1).pdf,143,V06-P131,161,TIRF-246,246,MEDIUM,12,braking_coefficients,503,8eebccb1e267c1f7c00eacb91ce0abe67af2a1bacfda98b37fcd93495c5363e8,DIRECT PRIMARY
6,PB263445(1).pdf,144,V06-P131,161,TIRF-246,246,MEDIUM,13,other,306,de842b38f3259d50354039014f0c8657551075d51fc030f6bf4019af52a72e46,DIRECT PRIMARY
6,PB263445(1).pdf,145,V06-P131,161,TIRF-246,246,MEDIUM,14,other,215,5549d088652bf73c0c27bcb7e75c2b99af9a329a0927611fc4a2335d9a3a8e98,DIRECT PRIMARY
6,PB263445(1).pdf,146,V06-P131,161,TIRF-246,246,MEDIUM,15,other,279,7b961f497d30485e57410ab59d8c37d1de7652e7822890a7c3f549c47cec0819,DIRECT PRIMARY
6,PB263445(1).pdf,147,V06-P147,162,TIRF-249,249,HIGH,0,tire_identification,937,f231050030a7380493fbaaae82a8f7828c6dcde6449fcf0131fd8ffbd6d64448,DIRECT PRIMARY
6,PB263445(1).pdf,148,V06-P147,162,TIRF-249,249,HIGH,1,footprint_or_image,27,a0a14d3173091c6a452188789212f96107020f701a159fe025e6ce437bd79ba3,DIRECT PRIMARY
6,PB263445(1).pdf,149,V06-P147,162,TIRF-249,249,HIGH,2,tire_uniformity,323,cf79f30bcf1a4179e28a75e5f5cac024e313560199fefaaafbab3686db7f625a,DIRECT PRIMARY
6,PB263445(1).pdf,150,V06-P147,162,TIRF-249,249,HIGH,3,cornering_coefficients,1158,036766715be6f6d8ec275c46a0caa30990a3f7331838e9ebd33afe114853955c,DIRECT PRIMARY
6,PB263445(1).pdf,151,V06-P147,162,TIRF-249,249,HIGH,4,braking_plot,542,1b738236a35773600bf54ca680ad32c92590e8c1850c6eecbf0cfea2c12d3afd,DIRECT PRIMARY
6,PB263445(1).pdf,152,V06-P147,162,TIRF-249,249,HIGH,5,other,366,7910d6ecc8e4269aac85c1106ab39e59d77fc7fb4fa7443b0c08f4d5d23427a0,DIRECT PRIMARY
6,PB263445(1).pdf,153,V06-P147,162,TIRF-249,249,HIGH,6,other,200,d5ebfe7894b4149ef81ceff87d03a74e48771062c44755168bf7b7516d804dfc,DIRECT PRIMARY
6,PB263445(1).pdf,154,V06-P147,162,TIRF-249,249,HIGH,7,other,414,5b35356b8f7c6e4bd040dec7e59a53ef244971a035b51deffe69d6fd7581bdab,DIRECT PRIMARY
6,PB263445(1).pdf,155,V06-P155,163,TIRF-250,250,HIGH,0,tire_identification,903,0229ad9f3ce54cc633193a41d0b9aefeb2bf3390544694cc643b62607d5e0c36,DIRECT PRIMARY
6,PB263445(1).pdf,156,V06-P155,163,TIRF-250,250,HIGH,1,footprint_or_image,28,f45183fbed6bde2b136175a25670171e58997ebe264591021b64c3986fe77dd7,DIRECT PRIMARY
6,PB263445(1).pdf,157,V06-P155,163,TIRF-250,250,HIGH,2,tire_uniformity,321,51492f6c1e8faf58f1544ab5101621d50d0d2b24dffcaad13a488bf1eb03d39e,DIRECT PRIMARY
6,PB263445(1).pdf,158,V06-P155,163,TIRF-250,250,HIGH,3,cornering_coefficients,1121,960018672eff2cf562799ec722778f2c8db552d81bcb5f1613c260d84cf30347,DIRECT PRIMARY
6,PB263445(1).pdf,159,V06-P155,163,TIRF-250,250,HIGH,4,braking_coefficients,514,0bf503679fd911288b2b5ae0836c7373ab58be14d22446ec1d20de62bc97ad0d,DIRECT PRIMARY
6,PB263445(1).pdf,160,V06-P155,163,TIRF-250,250,HIGH,5,other,332,cf3a013605239d5a689ca43420d5914b67a89abf83bc539a953f1bf042f6402d,DIRECT PRIMARY
6,PB263445(1).pdf,161,V06-P155,163,TIRF-250,250,HIGH,6,other,187,c041b6ada64db512bfcb15dc6ecf7a593bf2441313e118d00e14988dadf3a939,DIRECT PRIMARY
6,PB263445(1).pdf,162,V06-P155,163,TIRF-250,250,HIGH,7,other,324,cd1e1aa4149fe0df76abb427350d674a4f57dd4ea69fbbb5c9e6a58a50f23c2d,DIRECT PRIMARY
6,PB263445(1).pdf,163,V06-P163,164,TIRF-251,251,HIGH,0,tire_identification,959,a53ded1929e41d2d88ad3a69327184819266152a54813e28dd0dad9c8a4bdf51,DIRECT PRIMARY
6,PB263445(1).pdf,164,V06-P163,164,TIRF-251,251,HIGH,1,footprint_or_image,22,b32b04bfdceb37dc748bcf58507e95ace3ec79ec342a99237454553407ec3e2b,DIRECT PRIMARY
6,PB263445(1).pdf,165,V06-P163,164,TIRF-251,251,HIGH,2,tire_uniformity,320,45e766f4870bb241b58275af8da87afcdb46a09f1754ac3b3b22a01ba8b840a1,DIRECT PRIMARY
6,PB263445(1).pdf,166,V06-P163,164,TIRF-251,251,HIGH,3,cornering_coefficients,1130,45f681314e4e9536c988920d0ee691673462934f92b9f9c0ece212d9f28a9d8a,DIRECT PRIMARY
6,PB263445(1).pdf,167,V06-P163,164,TIRF-251,251,HIGH,4,braking_coefficients,515,a4f5c84008ac8554af0ef85c4028934899ede448094616996773ba595e31cde1,DIRECT PRIMARY
6,PB263445(1).pdf,168,V06-P163,164,TIRF-251,251,HIGH,5,other,372,f3e3c90e93c572627135ee8040dfd393780a9abde836150bb59a88ca3201866f,DIRECT PRIMARY
6,PB263445(1).pdf,169,V06-P163,164,TIRF-251,251,HIGH,6,cornering_plot,192,ace78a98c72c5d5cf795f9caeb4097847f06f3036b37e4b234c81b5e8a09e43a,DIRECT PRIMARY
6,PB263445(1).pdf,170,V06-P163,164,TIRF-251,251,HIGH,7,other,346,8a81cac5c033bf97af206e1ce329638c84b255bfcc2fcc3a804d54bc6cb27e6f,DIRECT PRIMARY
6,PB263445(1).pdf,171,V06-P171,165,TIRF-251,251,HIGH,0,tire_identification,987,6bc9ab1ecb3a2007dcc7735b5d4639cc32ffc033a27b753d34a0ef3272695c3c,DIRECT PRIMARY
6,PB263445(1).pdf,172,V06-P171,165,TIRF-251,251,HIGH,1,footprint_or_image,2,955d4ffed31fc6f1d6a094aa86375994f1c6cb07d39cc8ba3af16eb4ab757ec2,DIRECT PRIMARY
6,PB263445(1).pdf,173,V06-P171,165,TIRF-251,251,HIGH,2,tire_uniformity,324,aa6cff9c37bddbb7a1628df4e30a8fae4c6798f0490a42d9e22bfffece855d5e,DIRECT PRIMARY
6,PB263445(1).pdf,174,V06-P171,165,TIRF-251,251,HIGH,3,cornering_coefficients,1150,c40c77aae321538ca01c43b85f474fbbded4d9a70179697addc384f4b34844e6,DIRECT PRIMARY
6,PB263445(1).pdf,175,V06-P171,165,TIRF-251,251,HIGH,4,braking_coefficients,511,4f8c68f50f968d5ff4a23d71b94bfc581820ed17edbd903d64ba3a280c2ae524,DIRECT PRIMARY
6,PB263445(1).pdf,176,V06-P171,165,TIRF-251,251,HIGH,5,other,364,daf24ac720e876dc49df1b5561e2425bdc6f71b13f8217f87bb80f2764ab13e7,DIRECT PRIMARY
6,PB263445(1).pdf,177,V06-P171,165,TIRF-251,251,HIGH,6,other,212,83b83d0a1680b51fd83d06959e8ee7a0a8f118c83ab01512f9bc83f72a1ea554,DIRECT PRIMARY
6,PB263445(1).pdf,178,V06-P171,165,TIRF-251,251,HIGH,7,other,360,ed2c945729925b108e1804e63f95a29f1971d146caa4cc2e30dfcb55f6b66721,DIRECT PRIMARY
6,PB263445(1).pdf,179,V06-P171,165,TIRF-251,251,HIGH,8,other,967,17c1765f7a484ea722adf02bdfb605fa8f6436cce79cd40629c5328e259abdb4,DIRECT PRIMARY
6,PB263445(1).pdf,180,V06-P171,165,TIRF-251,251,HIGH,9,other,31,059760c78f3a5c8149818de0f0807ceb1ba96f4323ea7de18fb73fe0e6e0b5ff,DIRECT PRIMARY
6,PB263445(1).pdf,181,V06-P171,165,TIRF-251,251,HIGH,10,tire_uniformity,335,1e59553fd58eb6923cafc7799d8e8f7d0a8e89f239e8de198001a2c67c6809d1,DIRECT PRIMARY
6,PB263445(1).pdf,182,V06-P171,165,TIRF-251,251,HIGH,11,test_data,1138,feb040b36b7022398161caf606197c7e6dde451def87065fe2e459ac4ce1ebdb,DIRECT PRIMARY
6,PB263445(1).pdf,183,V06-P171,165,TIRF-251,251,HIGH,12,braking_coefficients,516,21602ffb69f512bb108be0e175bad7af74dd6a76b8fc2e42f8f8dcb1a47866db,DIRECT PRIMARY
6,PB263445(1).pdf,184,V06-P171,165,TIRF-251,251,HIGH,13,other,402,636463755d6823572f6a5369cf9d61d44dec7fd9b0a1c797002cfd01ee0c5214,DIRECT PRIMARY
6,PB263445(1).pdf,185,V06-P171,165,TIRF-251,251,HIGH,14,other,327,9c5c7cba8b3f516fcec064320ef245ae95613fc05933e57411af4dcb39b4a4bd,DIRECT PRIMARY
6,PB263445(1).pdf,186,V06-P171,165,TIRF-251,251,HIGH,15,cornering_plot,227,ca0940f65d0bdf19e89714ee97e1000ecfd2de7fa16fd6cb5bc8be9779badd65,DIRECT PRIMARY
6,PB263445(1).pdf,187,V06-P187,166,TIRF-253,253,HIGH,0,tire_identification,977,070225cc124a9c6dec432558053cbf7565a7af92c0234158915fda36c9b221b2,DIRECT PRIMARY
6,PB263445(1).pdf,188,V06-P187,166,TIRF-253,253,HIGH,1,footprint_or_image,12,6c52a5128ce937f0fae9077a6001d2af6615c763634c9b29422adc47eeb11d04,DIRECT PRIMARY
6,PB263445(1).pdf,189,V06-P187,166,TIRF-253,253,HIGH,2,tire_uniformity,323,fc8a33d38bd82092d44587d9cd986ba7311559c3377aa5b222235042fea9c48f,DIRECT PRIMARY
6,PB263445(1).pdf,190,V06-P187,166,TIRF-253,253,HIGH,3,cornering_coefficients,1158,6e418d8aa1e0f734ac5c8eb16564deeef5677156e6daedd77f1ea9595980388b,DIRECT PRIMARY
6,PB263445(1).pdf,191,V06-P187,166,TIRF-253,253,HIGH,4,braking_coefficients,517,0458628e1f433345bd8fbb4237c5e81e0eba498c8de92940703bdd6b8d540187,DIRECT PRIMARY
6,PB263445(1).pdf,192,V06-P187,166,TIRF-253,253,HIGH,5,other,326,3ccbfbabff128374b5f444e342a1e1d5d112f0269649abfa647c86a8704ffd9b,DIRECT PRIMARY
6,PB263445(1).pdf,193,V06-P187,166,TIRF-253,253,HIGH,6,other,222,0008c0057fdce6079b521e5b4081c1a7a141e97d253633d9cc84af4a5d80dae6,DIRECT PRIMARY
6,PB263445(1).pdf,194,V06-P187,166,TIRF-253,253,HIGH,7,other,377,77065119d506ae331e56ea58d9cdb12dbb85981b147b1e83fd71b5d9325d9557,DIRECT PRIMARY
6,PB263445(1).pdf,195,V06-P195,167,TIRF-255,255,HIGH,0,tire_identification,947,905c92577c69fc8bab6ec496d42e52cb63162f81d19628ce37df0f2a7c9d3e0f,DIRECT PRIMARY
6,PB263445(1).pdf,196,V06-P195,167,TIRF-255,255,HIGH,1,footprint_or_image,48,8ea06627ed1afe26640d2f5be6c5c4c93b67ee4300f14a96b2fa05b97646bda8,DIRECT PRIMARY
6,PB263445(1).pdf,197,V06-P195,167,TIRF-255,255,HIGH,2,tire_uniformity,325,b1a34a4d70c3709be87a11dac465afd38d185b53cbea6b4b699ce1d718b8d75c,DIRECT PRIMARY
6,PB263445(1).pdf,198,V06-P195,167,TIRF-255,255,HIGH,3,cornering_coefficients,1128,dbc7b8f0def7305915d3baf53d82c7b39f421bc320940dda72e46b961bb20fd2,DIRECT PRIMARY
6,PB263445(1).pdf,199,V06-P195,167,TIRF-255,255,HIGH,4,braking_coefficients,522,4aff880138cf9328c1ed58533453c8b6bddc2d06ea19cae32476fff3effbb716,DIRECT PRIMARY
6,PB263445(1).pdf,200,V06-P195,167,TIRF-255,255,HIGH,5,other,342,2512361466e097d624b2ab9dffe4f7f90cd6fd2576a9139b9ef290cf74c0405d,DIRECT PRIMARY
6,PB263445(1).pdf,201,V06-P195,167,TIRF-255,255,HIGH,6,other,230,4ebf2d506b633d92352df75aa7e242b5626a59f6ef4890e676c167bd262455df,DIRECT PRIMARY
6,PB263445(1).pdf,202,V06-P195,167,TIRF-255,255,HIGH,7,other,132,594cfbd064bb510d72f5fe0219733d9fafe2f4acf4df5e4b3b95b487b9ec58ab,DIRECT PRIMARY
6,PB263445(1).pdf,203,V06-P203,168,TIRF-256,256,MEDIUM,0,tire_identification,952,3aa3e917ac28a6fbce6bdc09ef0aca5785e1b853b5c8ec8b0781c84f24f4fd02,DIRECT PRIMARY
6,PB263445(1).pdf,204,V06-P203,168,TIRF-256,256,MEDIUM,1,footprint_or_image,43,42ea6377051110ba8f6a053d754d8ba2c9687e8ceeb3f7352eb9584aa9dd1b66,DIRECT PRIMARY
6,PB263445(1).pdf,205,V06-P203,168,TIRF-256,256,MEDIUM,2,tire_uniformity,309,6504c98353311c75fa08159ac22a8cc1170ac11e4bea1ec95224218b7b370f12,DIRECT PRIMARY
6,PB263445(1).pdf,206,V06-P203,168,TIRF-256,256,MEDIUM,3,cornering_coefficients,1106,cda9a253f3d0c7c6d4830a0f4ee0e1a01f4c12cc6708e51587489fa80a2b890b,DIRECT PRIMARY
6,PB263445(1).pdf,207,V06-P203,168,TIRF-256,256,MEDIUM,4,braking_coefficients,537,6295870ecf1141836c92d22066cc4e3d1fcb11f4d580197618fe407bcf2bef10,DIRECT PRIMARY
6,PB263445(1).pdf,208,V06-P203,168,TIRF-256,256,MEDIUM,5,other,397,b457f3c5f1f5b7794a9386dd7941904922501a859be28446632fbe47a5392c2d,DIRECT PRIMARY
6,PB263445(1).pdf,209,V06-P203,168,TIRF-256,256,MEDIUM,6,other,188,3f2200136b72ea18e175d3a14a6dfaea9462743984a2a31e543a315cf360a343,DIRECT PRIMARY
6,PB263445(1).pdf,210,V06-P203,168,TIRF-256,256,MEDIUM,7,other,274,f7af1681748f619d6fe9ed2fc453819589b392e72edb1bd8db6e5905f546f8bc,DIRECT PRIMARY
6,PB263445(1).pdf,211,V06-P211,169,TIRF-258,258,HIGH,0,tire_identification,978,56a3a0eb930075e1694b7fafa5b6686c97c5fe99687012bb09a8638c52e64df8,DIRECT PRIMARY
6,PB263445(1).pdf,212,V06-P211,169,TIRF-258,258,HIGH,1,footprint_or_image,28,16d2260478c8ebee98b47ce1f7d1ca333339f0c2c93653dd1939200b25dc898d,DIRECT PRIMARY
6,PB263445(1).pdf,213,V06-P211,169,TIRF-258,258,HIGH,2,tire_uniformity,318,cfbc0a5d20a8f83146814a1ea10148e0f120210da25988be2024f0b7f437a817,DIRECT PRIMARY
6,PB263445(1).pdf,214,V06-P211,169,TIRF-258,258,HIGH,3,cornering_coefficients,1140,dca5181f6289bef6155dd15408a844b36d1966951a10903a5141020b7d331fd9,DIRECT PRIMARY
6,PB263445(1).pdf,215,V06-P211,169,TIRF-258,258,HIGH,4,test_data,494,9a8c48b368adcbe292abb1a984eac1919c9008352ac0e321138481b10d0c9d30,DIRECT PRIMARY
6,PB263445(1).pdf,216,V06-P211,169,TIRF-258,258,HIGH,5,cornering_plot,342,0794b4a6c95b414ff489a74c924201b9267824a98ddcb3c913a030fd8e5d267e,DIRECT PRIMARY
6,PB263445(1).pdf,217,V06-P211,169,TIRF-258,258,HIGH,6,other,210,7902251b3390c0702d94f5b8bea756b5ecae5984bf5ccaab7cb6f65afa0b0898,DIRECT PRIMARY
6,PB263445(1).pdf,218,V06-P211,169,TIRF-258,258,HIGH,7,other,290,a94c5c0db1649ad6a2014b9b245b37589cf87cbda4d6d801513691633cbda5d6,DIRECT PRIMARY
6,PB263445(1).pdf,219,V06-P219,170,TIRF-259,259,HIGH,0,tire_identification,963,1b91ec3eb31fefa8f76ec043169a299b192cccc9950fa1e678b42c1968736f65,DIRECT PRIMARY
6,PB263445(1).pdf,220,V06-P219,170,TIRF-259,259,HIGH,1,footprint_or_image,21,de1a4bdb900b7b7a17f03bd4809e68f57b865443255f66b9272d4f2ed1d5a4ef,DIRECT PRIMARY
6,PB263445(1).pdf,221,V06-P219,170,TIRF-259,259,HIGH,2,tire_uniformity,319,1cfeef4a543195068c5fa6669ab12e280088994a8fe1b3e99e127b4ed0d1c35a,DIRECT PRIMARY
6,PB263445(1).pdf,222,V06-P219,170,TIRF-259,259,HIGH,3,cornering_coefficients,1098,15802bd1693d36e639588b8ecbd8714344fb0573279f1c5feeb2444e0dffbba0,DIRECT PRIMARY
6,PB263445(1).pdf,223,V06-P219,170,TIRF-259,259,HIGH,4,braking_coefficients,513,126c8d74ddffd4803f5a06ac9a2e1c7f8fb83f9e6b836d2cde9b221262150649,DIRECT PRIMARY
6,PB263445(1).pdf,224,V06-P219,170,TIRF-259,259,HIGH,5,other,351,296ae5397c452ac6cbbb0f919332c8e6b5d48c77a6f28768b39af4764a72c79f,DIRECT PRIMARY
6,PB263445(1).pdf,225,V06-P219,170,TIRF-259,259,HIGH,6,other,229,d44866932a9b70f62c0519571768fd3cd97e2fb37eba08b9625a50d33d226384,DIRECT PRIMARY
6,PB263445(1).pdf,226,V06-P219,170,TIRF-259,259,HIGH,7,other,356,6dc178bc53de74d5fcde8cbce7e0430ea39eada48ad29e3bfdaba7292dc68ead,DIRECT PRIMARY
6,PB263445(1).pdf,227,V06-P227,171,TIRF-260,260,MEDIUM,0,tire_identification,994,6420d3cd627450781f4818f4a0db0d85f9bd7258c0d3243391d9bd95fb376816,DIRECT PRIMARY
6,PB263445(1).pdf,228,V06-P227,171,TIRF-260,260,MEDIUM,1,footprint_or_image,55,fd76fb2135a99d0b863b0587d95507c39604e78bb12a08c5a592fe9875e37ae4,DIRECT PRIMARY
6,PB263445(1).pdf,229,V06-P227,171,TIRF-260,260,MEDIUM,2,tire_uniformity,322,36acbb779f5bf6ad70374f3abdbf1f7271eed4af5a277a2540d1d607db827b0f,DIRECT PRIMARY
6,PB263445(1).pdf,230,V06-P227,171,TIRF-260,260,MEDIUM,3,other,979,81159f58e3efdc7ff68988b3227f911c50977a8754145a649ff71a9eeeb3b01c,DIRECT PRIMARY
6,PB263445(1).pdf,231,V06-P227,171,TIRF-260,260,MEDIUM,4,braking_coefficients,500,54f0003a8722414a2b0f3a69dc6049fe3de926f3ba5afd95c841f3c3fa939565,DIRECT PRIMARY
6,PB263445(1).pdf,232,V06-P227,171,TIRF-260,260,MEDIUM,5,cornering_plot,383,9ccd0709ae504f36a7ddca9db8a54ca065c26bd50bdc12b2dead19dced176174,DIRECT PRIMARY
6,PB263445(1).pdf,233,V06-P227,171,TIRF-260,260,MEDIUM,6,cornering_plot,188,cddb3872eb1ad8c63b63dc20e91b09d90d80a17fce9e9c5ae9bd2828eb701169,DIRECT PRIMARY
6,PB263445(1).pdf,234,V06-P227,171,TIRF-260,260,MEDIUM,7,other,223,a1a295afc98bf0d5130aaf936ba0dacb95406e6836f752e45377d9472e2417d9,DIRECT PRIMARY
6,PB263445(1).pdf,235,V06-P235,172,TIRF-261,261,MEDIUM,0,tire_identification,961,95e6f8326edb440a1908967976e35d06a70e6cb003481471e162c1be32057008,DIRECT PRIMARY
6,PB263445(1).pdf,236,V06-P235,172,TIRF-261,261,MEDIUM,1,footprint_or_image,40,98cc94addbc38167ce4f78291954ec4f711fe3e2e07ea7b8dd60fb93a9774267,DIRECT PRIMARY
6,PB263445(1).pdf,237,V06-P235,172,TIRF-261,261,MEDIUM,2,tire_uniformity,320,59eabd398cd3dcb825d245a844d883e79b6d627e2c1390abfd827c7a499ca44c,DIRECT PRIMARY
6,PB263445(1).pdf,238,V06-P235,172,TIRF-261,261,MEDIUM,3,cornering_coefficients,1082,eb2e46e1bf4a0b9317f473606dda20aa8187ea095d8e3e37c4f5eddbd410ba64,DIRECT PRIMARY
6,PB263445(1).pdf,239,V06-P235,172,TIRF-261,261,MEDIUM,4,braking_coefficients,531,2261e90b49e523ce6b3a35da635c64b747fa495bef280df0120aff31d21def1d,DIRECT PRIMARY
6,PB263445(1).pdf,240,V06-P235,172,TIRF-261,261,MEDIUM,5,other,365,d50d589a39ab35215d061e8a4c2545521c2158b56bbd75fc9a3cce00791fdf94,DIRECT PRIMARY
6,PB263445(1).pdf,241,V06-P235,172,TIRF-261,261,MEDIUM,6,other,193,0b1d1c0200915cdf76e1cefa88d4ed829760c4c610b0aae6865b5ca1f0704e29,DIRECT PRIMARY
6,PB263445(1).pdf,242,V06-P235,172,TIRF-261,261,MEDIUM,7,other,297,221b6d298df6731cd8546fee43d42ce484ab2898de28258e3533f06235c03198,DIRECT PRIMARY
6,PB263445(1).pdf,243,V06-P243,173,TIRF-262,262,MEDIUM,0,tire_identification,1011,b2ec27ba77d4581e3c1470a4bd3fb2e6849a18c891f54430b8b3c5c98f2af3aa,DIRECT PRIMARY
6,PB263445(1).pdf,244,V06-P243,173,TIRF-262,262,MEDIUM,1,footprint_or_image,37,2d7ecc280213a8d58f8d4748c13dea5071d07b4b4e5018215db8603f852548de,DIRECT PRIMARY
6,PB263445(1).pdf,245,V06-P243,173,TIRF-262,262,MEDIUM,2,tire_uniformity,323,750d57348c276996ebad5639029b636aadf9cc99c4fe05fa069e37e48faf8277,DIRECT PRIMARY
6,PB263445(1).pdf,246,V06-P243,173,TIRF-262,262,MEDIUM,3,cornering_coefficients,1148,ec96c3f758806af677062ccaca47f452c199fd600d9d963bc9b3584eaf3810e3,DIRECT PRIMARY
6,PB263445(1).pdf,247,V06-P243,173,TIRF-262,262,MEDIUM,4,braking_plot,541,8a3a309e0777487a66e7a56a753db4976dcfe2f5ce36b2c3f59a5f23f4dc71f0,DIRECT PRIMARY
6,PB263445(1).pdf,248,V06-P243,173,TIRF-262,262,MEDIUM,5,other,399,84e8e7a3430e74e2693d570871e6ade016289d3c8870ac03fb93c4572c7ab85b,DIRECT PRIMARY
6,PB263445(1).pdf,249,V06-P243,173,TIRF-262,262,MEDIUM,6,other,224,95d0d3f66186dc274bdbd5347a9933502ffefbb7d67cc6768083f6e32a057b48,DIRECT PRIMARY
6,PB263445(1).pdf,250,V06-P243,173,TIRF-262,262,MEDIUM,7,other,372,ee6d0f0b94805ed572501bdecde79da14885247366ea3fb3d18a2c3b854b9a9d,DIRECT PRIMARY
6,PB263445(1).pdf,251,V06-P251,174,TIRF-263,263,MEDIUM,0,tire_identification,999,6bc5edfe905f5b09082cde03cda558772d76e860324e8d83258c649db7d0c387,DIRECT PRIMARY
6,PB263445(1).pdf,252,V06-P251,174,TIRF-263,263,MEDIUM,1,footprint_or_image,127,d8d27136b4cdc1ebf11b393079d8b798a3418b3add885f37d9b230c8000db762,DIRECT PRIMARY
6,PB263445(1).pdf,253,V06-P251,174,TIRF-263,263,MEDIUM,2,tire_uniformity,322,8e9e48a6e07428029b9f27feafe8a1e6bd9cf9d7d9c3c984488d4250a65764c2,DIRECT PRIMARY
6,PB263445(1).pdf,254,V06-P251,174,TIRF-263,263,MEDIUM,3,other,1146,f3192fb8b776bdcdd398d08138a85f481432cb37bce3c7b709b1e2ba6f63f073,DIRECT PRIMARY
6,PB263445(1).pdf,255,V06-P251,174,TIRF-263,263,MEDIUM,4,braking_plot,539,635697614c1329c220736d0c4defe06f1496d19454507e6c9374c9b4ef07b1de,DIRECT PRIMARY
6,PB263445(1).pdf,256,V06-P251,174,TIRF-263,263,MEDIUM,5,other,408,b72c35e4bbe879f42ff436cd4400d0c068060406d15dc0c54da56ac7ed119e6d,DIRECT PRIMARY
6,PB263445(1).pdf,257,V06-P251,174,TIRF-263,263,MEDIUM,6,other,233,6400376abed789da38cc0ad9ebd4e25b70aaa7dbb4d0319799f76d71e3e2afa2,DIRECT PRIMARY
6,PB263445(1).pdf,258,V06-P251,174,TIRF-263,263,MEDIUM,7,other,306,285d0d02a0f932e7c35e9f36456a51de4b11d50e7efa0e60a7c1d485431cda2a,DIRECT PRIMARY
6,PB263445(1).pdf,259,V06-P259,175,TIRF-264,264,HIGH,0,tire_identification,962,254263aaa2577384e1011d80a69c04e7e6c58592e3f76428a5b36eeee40daf5a,DIRECT PRIMARY
6,PB263445(1).pdf,260,V06-P259,175,TIRF-264,264,HIGH,1,footprint_or_image,48,84641e9a949e774d88835a3774c529c30ab82cef96baa27b7112ae722f293cbf,DIRECT PRIMARY
6,PB263445(1).pdf,261,V06-P259,175,TIRF-264,264,HIGH,2,tire_uniformity,324,21694b3270af551cff4af1dbbdf3f5cc8201576aea5b0da65303d74ec95d7afa,DIRECT PRIMARY
6,PB263445(1).pdf,262,V06-P259,175,TIRF-264,264,HIGH,3,cornering_coefficients,1140,f2f5072775f7c3d8dad42b6cae5b4de3bd7ea08b2664b70e716886a7701219ca,DIRECT PRIMARY
6,PB263445(1).pdf,263,V06-P259,175,TIRF-264,264,HIGH,4,braking_coefficients,512,612b10e0d3798883182e2445c41c1d2f9b8af7b19ddad0f1424fe04b46c4bd5c,DIRECT PRIMARY
6,PB263445(1).pdf,264,V06-P259,175,TIRF-264,264,HIGH,5,other,329,8700e121960d9c28077ba68f99bf896343797c07845c9ffb10221a451c877cba,DIRECT PRIMARY
6,PB263445(1).pdf,265,V06-P259,175,TIRF-264,264,HIGH,6,other,198,bed0c870beaa5ca45f8215fba799bfe3032b232c69ba7cae083c54d564ac8e49,DIRECT PRIMARY
6,PB263445(1).pdf,266,V06-P259,175,TIRF-264,264,HIGH,7,other,88,5e591bd3e8772f2940a1512da13b521daa47f39d76a042151c95ab3153216926,DIRECT PRIMARY
6,PB263445(1).pdf,267,V06-P267,176,TIRF-265,265,MEDIUM,0,tire_identification,982,0b7cc91f02d2b9a07c9c6824ce0e2e01666a0cf05e2f3eddd4e784fd0340b8d7,DIRECT PRIMARY
6,PB263445(1).pdf,268,V06-P267,176,TIRF-265,265,MEDIUM,1,footprint_or_image,47,d362370a00cd29e305095dea9306d0361e6d2a7765aa34bea46a583e415e901b,DIRECT PRIMARY
6,PB263445(1).pdf,269,V06-P267,176,TIRF-265,265,MEDIUM,2,tire_uniformity,323,c371b636fd065a92242ab52aa465be711d23590596f42c11d2917bf69837e083,DIRECT PRIMARY
6,PB263445(1).pdf,270,V06-P267,176,TIRF-265,265,MEDIUM,3,cornering_coefficients,1141,7f9903a998d31ae329b7dc40e8295b7e053521be2f35364eb52771525973676c,DIRECT PRIMARY
6,PB263445(1).pdf,271,V06-P267,176,TIRF-265,265,MEDIUM,4,braking_coefficients,532,beec79bf94e68138b8d6f1bc72969af3661f71fb6809acb3782434326d00f2e3,DIRECT PRIMARY
6,PB263445(1).pdf,272,V06-P267,176,TIRF-265,265,MEDIUM,5,other,355,4c630814ff6fd78ad7b42401343fab788ceba534cf49662e4e4e1079fc8057c4,DIRECT PRIMARY
6,PB263445(1).pdf,273,V06-P267,176,TIRF-265,265,MEDIUM,6,other,457,ed38b438f16936ec02862a7d3958000996fdcc95fed9c24707ff419691056909,DIRECT PRIMARY
6,PB263445(1).pdf,274,V06-P267,176,TIRF-265,265,MEDIUM,7,other,352,06a0f9973a6d6699fedcae5004868073b527d697ae782825cf681e96b15c40a9,DIRECT PRIMARY
6,PB263445(1).pdf,275,V06-P275,177,TIRF-266,266,MEDIUM,0,tire_identification,975,2558a1418905c630861644a7894af76aa1115791e4da80bbdeb524476b9b381b,DIRECT PRIMARY
6,PB263445(1).pdf,276,V06-P275,177,TIRF-266,266,MEDIUM,1,footprint_or_image,33,5d03876e9816775eee67be18d37777e4cd7ac3913e65eba6d59e5c75cd223375,DIRECT PRIMARY
6,PB263445(1).pdf,277,V06-P275,177,TIRF-266,266,MEDIUM,2,tire_uniformity,324,8bc06119a674901631108d34662cd0d3c1905d17d07b31a5bceb4f7177820890,DIRECT PRIMARY
6,PB263445(1).pdf,278,V06-P275,177,TIRF-266,266,MEDIUM,3,test_data,1084,f7a58837bcd8e187602be4595e08a0deaaa0924d607685ee22f103cc7ae66d7a,DIRECT PRIMARY
6,PB263445(1).pdf,279,V06-P275,177,TIRF-266,266,MEDIUM,4,braking_coefficients,543,363c85bf052b2af19ada130464d419062183018b232e7ace3b39f4cb20aaac79,DIRECT PRIMARY
6,PB263445(1).pdf,280,V06-P275,177,TIRF-266,266,MEDIUM,5,other,303,7e23bbb4e2febd64b5a9598e6056dd7e413d160924dc64987761ec680e370040,DIRECT PRIMARY
6,PB263445(1).pdf,281,V06-P275,177,TIRF-266,266,MEDIUM,6,other,266,5e336254653afee8ac63eba134fdacb3cb79780cd4f7442cf6c4a374942e7dae,DIRECT PRIMARY
6,PB263445(1).pdf,282,V06-P275,177,TIRF-266,266,MEDIUM,7,other,305,13ad65ac168b642c2d46ca3c5443a76f98126225dabe58324f40e909886e3f3b,DIRECT PRIMARY
6,PB263445(1).pdf,283,V06-P275,177,TIRF-266,266,MEDIUM,8,other,966,71438562b6666162a9e30c3797ccba385dc70cde81f96a2baab964157d80ae74,DIRECT PRIMARY
6,PB263445(1).pdf,284,V06-P275,177,TIRF-266,266,MEDIUM,9,image_or_blank,22,cabdb0ae0ae942982f6b252b07c22fe419107044aee428b9efc7f6ca2ca81556,DIRECT PRIMARY
6,PB263445(1).pdf,285,V06-P275,177,TIRF-266,266,MEDIUM,10,tire_uniformity,326,59830de72dbfddaf8771ba2385764c06ccdfe810b41edee0af9584fd4a9fa44f,DIRECT PRIMARY
6,PB263445(1).pdf,286,V06-P275,177,TIRF-266,266,MEDIUM,11,cornering_coefficients,1134,ffdec3a58ae0bfe772a71aa1802bfd3da573e741f35bd28de146093b0e4c9a57,DIRECT PRIMARY
6,PB263445(1).pdf,287,V06-P275,177,TIRF-266,266,MEDIUM,12,braking_coefficients,539,5b4a21ec68222f6ca50cdb3fdbe24cc732ee25fbb6e26474ffb3acacf373b3bc,DIRECT PRIMARY
6,PB263445(1).pdf,288,V06-P275,177,TIRF-266,266,MEDIUM,13,other,338,d1cb8cd9d3e1920f92ab4d8af870b53eaf14e155ed96ae281bfd9fe92fe26860,DIRECT PRIMARY
6,PB263445(1).pdf,289,V06-P275,177,TIRF-266,266,MEDIUM,14,cornering_plot,199,9f03f55e3a039463f4e176549192396b2b8f947c9777e302aaf340036d99fd09,DIRECT PRIMARY
6,PB263445(1).pdf,290,V06-P275,177,TIRF-266,266,MEDIUM,15,other,345,09863099aa843a317bd541d97efcad8664f4ca714f6fe55fefbe1c2c603513ea,DIRECT PRIMARY
6,PB263445(1).pdf,291,V06-P291,178,TIRF-279,279,MEDIUM,0,tire_identification,964,3e6be2ee8112a1e59163fe4534d918dfd174e9246747d9f3faa254b8308a74ef,DIRECT PRIMARY
6,PB263445(1).pdf,292,V06-P291,178,TIRF-279,279,MEDIUM,1,footprint_or_image,34,46c6d1f9e17da31e5904a5362716e7fc0c115f1fda64204f2b40f6d4624f67bb,DIRECT PRIMARY
6,PB263445(1).pdf,293,V06-P291,178,TIRF-279,279,MEDIUM,2,tire_uniformity,326,be304d387e32e1851f6719b559b6450594b4a222b6e0c0294fd96a7770e3125f,DIRECT PRIMARY
6,PB263445(1).pdf,294,V06-P291,178,TIRF-279,279,MEDIUM,3,cornering_coefficients,1155,3f72ef12a3d61e43fca1f52123328f62d21e3ac66041c29f5660dd9c597e0273,DIRECT PRIMARY
6,PB263445(1).pdf,295,V06-P291,178,TIRF-279,279,MEDIUM,4,braking_coefficients,540,ea35e4fcad9fba22283a823507252d7aa65dd8c678eb64c4b1469eeed5bcea0d,DIRECT PRIMARY
6,PB263445(1).pdf,296,V06-P291,178,TIRF-279,279,MEDIUM,5,other,257,591b961fe327f71d9de503127f81c9fbf4642b2ba3b12b6611fbfb6e91f11fef,DIRECT PRIMARY
6,PB263445(1).pdf,297,V06-P291,178,TIRF-279,279,MEDIUM,6,other,172,ea3340042982d49d3dadc68d4208f32191d56e952b7e2b02a84aaab1fb24df70,DIRECT PRIMARY
6,PB263445(1).pdf,298,V06-P291,178,TIRF-279,279,MEDIUM,7,other,450,37f25e840ee6ad328647a38c256e9e83e0699544323b0856f2c2d344f0f320de,DIRECT PRIMARY
6,PB263445(1).pdf,299,V06-P299,179,TIRF-280,280,MEDIUM,0,tire_identification,1019,4fbc87f678a09b2416c1151ab802e1bb9a38eab7d6e6dd32b798b302c1f74535,DIRECT PRIMARY
6,PB263445(1).pdf,300,V06-P299,179,TIRF-280,280,MEDIUM,1,footprint_or_image,24,6e8cae254b604bb0e1a8a7a51c40d0ae8c6c53cc1651f70ac945993b8c6f39e8,DIRECT PRIMARY
6,PB263445(1).pdf,301,V06-P299,179,TIRF-280,280,MEDIUM,2,tire_uniformity,319,f1b154c97896f432b578e2268e52935e543fad086bc6513c268a6ac39c7effcb,DIRECT PRIMARY
6,PB263445(1).pdf,302,V06-P299,179,TIRF-280,280,MEDIUM,3,cornering_coefficients,1145,352973b7bb803204ed44ad01db8759d0cbd9a326e412836992625858cb4bc31d,DIRECT PRIMARY
6,PB263445(1).pdf,303,V06-P299,179,TIRF-280,280,MEDIUM,4,braking_plot,534,7576f4f17f7bfe83742bd1b8409dc91ddc84195789d3298e832df9801c62a2d0,DIRECT PRIMARY
6,PB263445(1).pdf,304,V06-P299,179,TIRF-280,280,MEDIUM,5,other,330,6eb39f0b97759ecd33138d167a21952d84337dc8ef884308fc56a17776385546,DIRECT PRIMARY
6,PB263445(1).pdf,305,V06-P299,179,TIRF-280,280,MEDIUM,6,other,225,0c37261215d1d409860e2c08d4fed0d2f90ff67e52129cbfaf7e0fa0471c416f,DIRECT PRIMARY
6,PB263445(1).pdf,306,V06-P299,179,TIRF-280,280,MEDIUM,7,other,474,c7550497dedfce11abb0bb2ad7b7efeaf930e213cd6f5a7462f7652184e71aaf,DIRECT PRIMARY
6,PB263445(1).pdf,307,V06-P299,179,TIRF-280,280,MEDIUM,8,other,1103,e3bc3337c4b0c4be774f68f0e3898ea5f46853c02266050559a1f8bef3c9a37c,DIRECT PRIMARY
6,PB263445(1).pdf,308,V06-P299,179,TIRF-280,280,MEDIUM,9,other,125,334b9a660c2c55dc53e548a2a837026fdac9e9f5b20f1a8c37018f4e2394ceab,DIRECT PRIMARY
6,PB263445(1).pdf,309,V06-P299,179,TIRF-280,280,MEDIUM,10,tire_uniformity,330,111c6db491b4ba682a74f32aa8b7596f0e274bfc932a25b3dc846637850a7e91,DIRECT PRIMARY
6,PB263445(1).pdf,310,V06-P299,179,TIRF-280,280,MEDIUM,11,cornering_coefficients,1143,bf8ed8e88ad84bf2fa5b6996147920977490cf34e35f09f4bd688b5353e653cf,DIRECT PRIMARY
6,PB263445(1).pdf,311,V06-P299,179,TIRF-280,280,MEDIUM,12,braking_coefficients,544,08934ee63451bfc941daecb3cfd11b50ebcd4e368a769b2a5f0e431fbe4d563a,DIRECT PRIMARY
6,PB263445(1).pdf,312,V06-P299,179,TIRF-280,280,MEDIUM,13,other,368,621cd12bbb8533b58ee521e06f7a37bf6973bc3b967f94901355d5a73549b090,DIRECT PRIMARY
6,PB263445(1).pdf,313,V06-P299,179,TIRF-280,280,MEDIUM,14,other,215,c675e8be5fff2a0ffdb026c825e13c7872193df6f4fc0b58958336e7faaa6f77,DIRECT PRIMARY
6,PB263445(1).pdf,314,V06-P299,179,TIRF-280,280,MEDIUM,15,other,427,efe5842975e39c8132e3d8631bde13e516c91f689f50b0d3cc77476af64121f4,DIRECT PRIMARY
6,PB263445(1).pdf,315,V06-P315,180,TIRF-284,284,LOW,0,tire_identification,1161,406ce097a47861379e491db70c6bc679a35991f160b0296f8a49f3456957a04d,DIRECT PRIMARY
6,PB263445(1).pdf,316,V06-P315,180,TIRF-284,284,LOW,1,footprint_or_image,103,429d743ec8a46e17551384686b19393620d2aa8b68c9bcf07d2ecbf8c7ec6098,DIRECT PRIMARY
6,PB263445(1).pdf,317,V06-P315,180,TIRF-284,284,LOW,2,tire_uniformity,322,fc7621ffaa3d87b31a96a1b615535168af63af17ab8cf568ca4f775fc7977ccd,DIRECT PRIMARY
6,PB263445(1).pdf,318,V06-P315,180,TIRF-284,284,LOW,3,cornering_coefficients,1152,49a4162381d127d4519f8024ecba790ddc1911e056e55e732fbec52efebfea42,DIRECT PRIMARY
6,PB263445(1).pdf,319,V06-P315,180,TIRF-284,284,LOW,4,braking_plot,539,ebe4e955a9e89579672d7eaa3f857ead9c8da7ce035d08f06baa4ae5420763b2,DIRECT PRIMARY
6,PB263445(1).pdf,320,V06-P315,180,TIRF-284,284,LOW,5,other,358,359257ac5a6734ea14a2227d620f0816ac076baf980f02940b36909bd420bf30,DIRECT PRIMARY
6,PB263445(1).pdf,321,V06-P315,180,TIRF-284,284,LOW,6,other,165,51849ce57ebb00e67fc87ef480c01da56a5efe5fe786d03601f43bdaca4d8008,DIRECT PRIMARY
6,PB263445(1).pdf,322,V06-P315,180,TIRF-284,284,LOW,7,other,280,977b1480970d29cce8d1ba829e1aba72b240a7ce27c3cf285d733af832f92861,DIRECT PRIMARY
6,PB263445(1).pdf,323,V06-P323,181,TIRF-285,285,MEDIUM,0,tire_identification,997,b20b47d1ff65d6512bbfcc0ee63036f46b53d3d5bc780367afd239ff5f364e32,DIRECT PRIMARY
6,PB263445(1).pdf,324,V06-P323,181,TIRF-285,285,MEDIUM,1,footprint_or_image,94,abbc822a45e6c6c3ad642b1ec47357655b1b6ca25bbc9f797d0006485830c188,DIRECT PRIMARY
6,PB263445(1).pdf,325,V06-P323,181,TIRF-285,285,MEDIUM,2,tire_uniformity,317,b2e0c0670900a93b40446e19b09feadc303b88af8b449668de024f82570ffa90,DIRECT PRIMARY
6,PB263445(1).pdf,326,V06-P323,181,TIRF-285,285,MEDIUM,3,cornering_coefficients,1143,01ea55700127a10d495677354e67058deccc6d305b12eb35b4cfe0e1f434fc43,DIRECT PRIMARY
6,PB263445(1).pdf,327,V06-P323,181,TIRF-285,285,MEDIUM,4,braking_plot,538,b8db914195bcb95ae16c7c1bfb4240d6321889d87b7f209fb6927b8cc4925b32,DIRECT PRIMARY
6,PB263445(1).pdf,328,V06-P323,181,TIRF-285,285,MEDIUM,5,other,274,eac0260590414759323c9caa719317cc1f43a1094bf3ed04998804316fca6f49,DIRECT PRIMARY
6,PB263445(1).pdf,329,V06-P323,181,TIRF-285,285,MEDIUM,6,cornering_plot,351,fe87f3ded0df8bd4afee30c99a687da32b71a82db29b6cf0103629b6e173f54d,DIRECT PRIMARY
6,PB263445(1).pdf,330,V06-P323,181,TIRF-285,285,MEDIUM,7,other,485,a21811fc23a26cc0b135b462033cd731ad04f5d169a1b239453699805a462850,DIRECT PRIMARY
6,PB263445(1).pdf,331,V06-P331,182,TIRF-288,288,LOW,0,tire_identification,1127,d5447d8e2f3c45578e9e5a9cf29efa6a86b46d094d753361b1bd56ff9a0217f6,DIRECT PRIMARY
6,PB263445(1).pdf,332,V06-P331,182,TIRF-288,288,LOW,1,footprint_or_image,28,c17b2e1cbba9ca48bf21fc7630f2c25a1324aafde83bd287b61c9f8ffb071460,DIRECT PRIMARY
6,PB263445(1).pdf,333,V06-P331,182,TIRF-288,288,LOW,2,tire_uniformity,327,eb29cbf6c2b5607e934cba7e4f94760d3176c6470d2c098c4e96782034e2db03,DIRECT PRIMARY
6,PB263445(1).pdf,334,V06-P331,182,TIRF-288,288,LOW,3,cornering_coefficients,1151,2c056b14b18d4206e6076aa414129aa7994ab8900143eae2eece07cecca5bff8,DIRECT PRIMARY
6,PB263445(1).pdf,335,V06-P331,182,TIRF-288,288,LOW,4,braking_coefficients,554,9f3fdac8ad80e333ef29e3e4cd2e278df7a7b6b8e930c188dc28c7e623697daf,DIRECT PRIMARY
6,PB263445(1).pdf,336,V06-P331,182,TIRF-288,288,LOW,5,other,380,dc48b116249a460e28c8a51a5e404ac9add8a3b8e8773e29f562c4fd18a2227e,DIRECT PRIMARY
6,PB263445(1).pdf,337,V06-P331,182,TIRF-288,288,LOW,6,other,240,39df48f4e4073fc9c41d53aa7bceab7812dea4ac7cea2a405c8785726b1d510a,DIRECT PRIMARY
6,PB263445(1).pdf,338,V06-P331,182,TIRF-288,288,LOW,7,other,363,3f6bf22b6e6a60869a9755ba72db6dc9edc607e9d08a6f576bf4153bd0c94498,DIRECT PRIMARY
6,PB263445(1).pdf,339,V06-P339,183,TIRF-289,289,MEDIUM,0,tire_identification,1046,97514c6c53fe3cb24ac4c208856684be0ee2fcdb43cc041ca3029463a0cc83b0,DIRECT PRIMARY
6,PB263445(1).pdf,340,V06-P339,183,TIRF-289,289,MEDIUM,1,footprint_or_image,68,06dc909ef382b4e5c4f6c03284639e2960fd9970c99e06128d7b1ea6c62f5029,DIRECT PRIMARY
6,PB263445(1).pdf,341,V06-P339,183,TIRF-289,289,MEDIUM,2,tire_uniformity,321,6beb6a3db679ed0fa5a499311fa99bd40bb12284b0c6f7f0cde56e35b3755858,DIRECT PRIMARY
6,PB263445(1).pdf,342,V06-P339,183,TIRF-289,289,MEDIUM,3,cornering_coefficients,1149,93c614d873647ddfc359afd585d279ae4bfabf24d4c8c0ac3181d00ce8ff938a,DIRECT PRIMARY
6,PB263445(1).pdf,343,V06-P339,183,TIRF-289,289,MEDIUM,4,braking_coefficients,541,2a18e82cf70c28d2488814cb6ddabd67c2672f17133b5010ffc5fe2255604526,DIRECT PRIMARY
6,PB263445(1).pdf,344,V06-P339,183,TIRF-289,289,MEDIUM,5,other,382,05664c34b6b578c7a843fd7030f52c54a1adefa3bcc684ecb98cb9d85bfba616,DIRECT PRIMARY
6,PB263445(1).pdf,345,V06-P339,183,TIRF-289,289,MEDIUM,6,cornering_plot,207,5f9e9b2664df90186ebf9e0ae495e3e3289de6260598e1defc79a088d9278b27,DIRECT PRIMARY
6,PB263445(1).pdf,346,V06-P339,183,TIRF-289,289,MEDIUM,7,other,403,9cf05117ae1c14149469e6bc92dd5d3f7c4d313c452a238f1b1e79e356d8f3a9,DIRECT PRIMARY
6,PB263445(1).pdf,347,V06-P347,184,TIRF-290,290,MEDIUM,0,tire_identification,1102,c2524ac9a657c514508eeafdefbce8e65c8943610ddf8bd876d16d24223be483,DIRECT PRIMARY
6,PB263445(1).pdf,348,V06-P347,184,TIRF-290,290,MEDIUM,1,footprint_or_image,23,06ab45d4f0a3a92ee900350c18ea8e07a68d28067887c585e3d059539fcf8705,DIRECT PRIMARY
6,PB263445(1).pdf,349,V06-P347,184,TIRF-290,290,MEDIUM,2,tire_uniformity,332,5ec38a37ea55314c61c4bd35329fbc5773586aa129e85a2175111771bf7dd439,DIRECT PRIMARY
6,PB263445(1).pdf,350,V06-P347,184,TIRF-290,290,MEDIUM,3,cornering_coefficients,1128,35795fd06de83b682038b7f2bffc7d4759e05dbcc50d2ec4ccccfebb9670b721,DIRECT PRIMARY
6,PB263445(1).pdf,351,V06-P347,184,TIRF-290,290,MEDIUM,4,braking_coefficients,538,0892425c2d9b472ed730f774abc8aae561cbd79840be0282bb50f1508a2bb3c3,DIRECT PRIMARY
6,PB263445(1).pdf,352,V06-P347,184,TIRF-290,290,MEDIUM,5,other,295,a623927b02f3d1c5919c12b8f6684aaed805834ebdcb9daa61a8f42312d3ebd3,DIRECT PRIMARY
6,PB263445(1).pdf,353,V06-P347,184,TIRF-290,290,MEDIUM,6,other,185,900bd8f70d791cc094babff02045c35d9ca179a15aa6aad7da1c14c8db3b5965,DIRECT PRIMARY
6,PB263445(1).pdf,354,V06-P347,184,TIRF-290,290,MEDIUM,7,other,381,9bf7243d1de611206e6a3de6ace8a1038067ec83321dfcf90e867bf6112ff838,DIRECT PRIMARY
6,PB263445(1).pdf,355,V06-P355,185,TIRF-291,291,HIGH,0,tire_identification,770,9d83eb80a3dcb00a6381ca09000c6bebaa2771bd3af443333626c6536c533856,DIRECT PRIMARY
6,PB263445(1).pdf,356,V06-P355,185,TIRF-291,291,HIGH,1,footprint_or_image,2,ca035b0974ace3c934f815e2651f4fc4bb403151a173d9176758ad5b63763508,DIRECT PRIMARY
6,PB263445(1).pdf,357,V06-P355,185,TIRF-291,291,HIGH,2,tire_uniformity,316,4c455e2b15bf093dd5dfb4029db58f8ef174115544ad523c57123386a59ad577,DIRECT PRIMARY
6,PB263445(1).pdf,358,V06-P355,185,TIRF-291,291,HIGH,3,cornering_coefficients,1134,3cc1137af53059b8ef9d1c0d83c58fffc2ef2fa0db82fcc7c767c5dea65e0a29,DIRECT PRIMARY
6,PB263445(1).pdf,359,V06-P355,185,TIRF-291,291,HIGH,4,braking_coefficients,538,6f7caade40a6265d2582137f4533f93fb00766c5bf278e0f6ca61fceb298e28f,DIRECT PRIMARY
6,PB263445(1).pdf,360,V06-P355,185,TIRF-291,291,HIGH,5,other,325,681e6ea6168a561b5c6a3be156dd6395ad4850176fc9c983cd0bba031a511d9b,DIRECT PRIMARY
6,PB263445(1).pdf,361,V06-P355,185,TIRF-291,291,HIGH,6,other,222,666d97667f82de132dd834a44a0c8e0131177de058c71d5b64525e1e27d71a0b,DIRECT PRIMARY
6,PB263445(1).pdf,362,V06-P355,185,TIRF-291,291,HIGH,7,other,321,ac7a899e830f5609b8e0292fd2c9b9145413e696677e5830df0889b73104a304,DIRECT PRIMARY
6,PB263445(1).pdf,363,V06-P363,186,TIRF-292,292,LOW,0,tire_identification,1164,17b2e56845bca502c8252607608eb2a243b5dff8a1793df0f213aa119f44e41f,DIRECT PRIMARY
6,PB263445(1).pdf,364,V06-P363,186,TIRF-292,292,LOW,1,footprint_or_image,5,bbd7c275c422f0205de3d1e62d76f159469f22589fdb0a8f3ecdf3c75ddf9a4a,DIRECT PRIMARY
6,PB263445(1).pdf,365,V06-P363,186,TIRF-292,292,LOW,2,tire_uniformity,334,9fdb63db1ed726a4c9a65e6e1fb4e7ea038e57b45b55777c03aa7ddff6987e56,DIRECT PRIMARY
6,PB263445(1).pdf,366,V06-P363,186,TIRF-292,292,LOW,3,cornering_coefficients,1141,8523d40469b365e5fc255064e468299188885b42d4f884af2c391347ee12a2bb,DIRECT PRIMARY
6,PB263445(1).pdf,367,V06-P363,186,TIRF-292,292,LOW,4,braking_coefficients,546,69d3a6c4e5063f658274049a1b5e951211add5511f27d3bd299272a94829be30,DIRECT PRIMARY
6,PB263445(1).pdf,368,V06-P363,186,TIRF-292,292,LOW,5,other,307,c1a84d69f67250fe070a4386690735c448e6dfa3380190f19ca535edb75e2a60,DIRECT PRIMARY
6,PB263445(1).pdf,369,V06-P363,186,TIRF-292,292,LOW,6,other,187,c4729d03f403d2066841996321f85916eabc323dc8d4642400e8010075f5ad5d,DIRECT PRIMARY
6,PB263445(1).pdf,370,V06-P363,186,TIRF-292,292,LOW,7,other,364,ddde9262f802d4b94b9402978c1f2c1e969e364dcc518bd6fd4ab52f47c8c49e,DIRECT PRIMARY
6,PB263445(1).pdf,371,V06-P371,187,TIRF-293,293,LOW,0,tire_identification,859,7aab7e0c3ba4629f729505f4f48b39c2e2be4ac2ae5312aa59be42e4fb6d24f8,DIRECT PRIMARY
6,PB263445(1).pdf,372,V06-P371,187,TIRF-293,293,LOW,1,cornering_coefficients,1159,090d7ab4e89c31a91c3ba8cbc480ce55550e5ae41fc8d25028b5902344977fa7,DIRECT PRIMARY
6,PB263445(1).pdf,373,V06-P371,187,TIRF-293,293,LOW,2,braking_coefficients,540,ee8e37fb2b639930c312c071a71c2833be2823e0c63cfdec40ee9833852c196d,DIRECT PRIMARY
6,PB263445(1).pdf,374,V06-P371,187,TIRF-293,293,LOW,3,other,84,472805502fafde21af9515048190244ea34f162402c5610042ccc3e83cf83f47,DIRECT PRIMARY
6,PB263445(1).pdf,375,V06-P371,187,TIRF-293,293,LOW,4,other,206,696dc7859f9db6ef4ffdfbdcba236bf3e5d23eebec7bf04f0dcef11d7606db32,DIRECT PRIMARY
6,PB263445(1).pdf,376,V06-P371,187,TIRF-293,293,LOW,5,other,202,7eabd6fd1388f0fc6951ab2ca9961446c11e81c34c412a05b9205e35b99187f2,DIRECT PRIMARY
6,PB263445(1).pdf,377,V06-P377,188,TIRF-293,293,LOW,0,tire_identification,1060,e95eda3bb70f2aecb40518b82cdea41ca9a399ecce65d7164f52420378236199,DIRECT PRIMARY
6,PB263445(1).pdf,378,V06-P377,188,TIRF-293,293,LOW,1,footprint_or_image,14,2b453741cf6f7276bcf4587392f61702b7d90bc6226d60a4daaa8b3fab8620b3,DIRECT PRIMARY
6,PB263445(1).pdf,379,V06-P377,188,TIRF-293,293,LOW,2,tire_uniformity,317,a03db2ae9ee24b60ca43b99073899a80352b1e6f4487c8105f5d02ddea82eb39,DIRECT PRIMARY
6,PB263445(1).pdf,380,V06-P377,188,TIRF-293,293,LOW,3,cornering_coefficients,1138,b72607e723c86aef40396f9f165012563d93ba371118d55c849133aedf042eb9,DIRECT PRIMARY
6,PB263445(1).pdf,381,V06-P377,188,TIRF-293,293,LOW,4,braking_coefficients,532,e11cabf60be3165b4ad703e5d5d360b9ae878402213fc1d2e884f9dcf85aa62f,DIRECT PRIMARY
6,PB263445(1).pdf,382,V06-P377,188,TIRF-293,293,LOW,5,cornering_plot,301,65dd6702fa44ee54aedfe7d3dd816058c915c03b4656a1fbaf9d9a0cbe69a82b,DIRECT PRIMARY
6,PB263445(1).pdf,383,V06-P377,188,TIRF-293,293,LOW,6,other,160,4a7e09fe5f2302b68da0b3956c5b0f3fc24febf764efe29d4cab730270621738,DIRECT PRIMARY
6,PB263445(1).pdf,384,V06-P377,188,TIRF-293,293,LOW,7,other,131,1264b82e21c2096c1fb60b105836efe1c2e3a027df27f18d14c76729aecc9588,DIRECT PRIMARY
6,PB263445(1).pdf,385,V06-P385,189,TIRF-294,294,HIGH,0,tire_identification,1061,ad76440570f82608a11e428cc0fb56843384dc7f6f6d0b164d078b445f4f7780,DIRECT PRIMARY
6,PB263445(1).pdf,386,V06-P385,189,TIRF-294,294,HIGH,1,footprint_or_image,41,3a725ba05b957cda00aaaa858f2970ca0471057836f1608bf269fd202aba6f4e,DIRECT PRIMARY
6,PB263445(1).pdf,387,V06-P385,189,TIRF-294,294,HIGH,2,tire_uniformity,322,a0ed37dca39e610262ce7af02e101696bc473c805a9163b4260d68745191cdd3,DIRECT PRIMARY
6,PB263445(1).pdf,388,V06-P385,189,TIRF-294,294,HIGH,3,other,1154,587c6a60e61304471f55e3dda49c5c47b341bd74c3f9e4659f02289e38fcb29d,DIRECT PRIMARY
6,PB263445(1).pdf,389,V06-P385,189,TIRF-294,294,HIGH,4,braking_coefficients,543,f558875fbf3e1357db96ee2acdab97f82d628c314c349aa9947c359229983e24,DIRECT PRIMARY
6,PB263445(1).pdf,390,V06-P385,189,TIRF-294,294,HIGH,5,other,332,2b172fc119c8d6c91303b6279b00bf6099455b4cde52426c78fe0d88b089a3d1,DIRECT PRIMARY
6,PB263445(1).pdf,391,V06-P385,189,TIRF-294,294,HIGH,6,other,224,7a3b91b03f02f5cb45e568682aa4474fa4bcbc2dabdbad6168dc7a03629e68f0,DIRECT PRIMARY
6,PB263445(1).pdf,392,V06-P385,189,TIRF-294,294,HIGH,7,other,371,7a3bad4c722cccf53a30fdc765bb90b736a9d62123f251b7ba858e73cb80e768,DIRECT PRIMARY
6,PB263445(1).pdf,393,V06-P393,190,TIRF-295,295,HIGH,0,tire_identification,964,1398ff3a449d9a679e3d44c9e42b7266c7dadac3a54fbe8923ab4b29373d9a1a,DIRECT PRIMARY
6,PB263445(1).pdf,394,V06-P393,190,TIRF-295,295,HIGH,1,footprint_or_image,17,ee5fc702d92698ae67a0d1f2aa8463db8031227a5f78dcd5d4a85d2491230870,DIRECT PRIMARY
6,PB263445(1).pdf,395,V06-P393,190,TIRF-295,295,HIGH,2,tire_uniformity,326,e5e8df60717d8e47d603b75fac5d1328cf9903e8dabf4ccbf26cf05fdc8a5a3a,DIRECT PRIMARY
6,PB263445(1).pdf,396,V06-P393,190,TIRF-295,295,HIGH,3,other,1153,070d70110413fe14d70c2f2acf32efbfc1a96d8cc04bac5bf2c792d43336fdde,DIRECT PRIMARY
6,PB263445(1).pdf,397,V06-P393,190,TIRF-295,295,HIGH,4,braking_coefficients,538,2c94b08b729888dea7f69a1a2c82b3813026f4e060cc3063e7d43fdabe93f2c1,DIRECT PRIMARY
6,PB263445(1).pdf,398,V06-P393,190,TIRF-295,295,HIGH,5,other,358,3689ea2a4f530729db47fc994e6bc95273b9f2b71a98fb4a96160e02b6980fc0,DIRECT PRIMARY
6,PB263445(1).pdf,399,V06-P393,190,TIRF-295,295,HIGH,6,other,239,6c6276ac85bd74a18b1caf151655c0c0f3335fba62d19810f96fd140917095e7,DIRECT PRIMARY
6,PB263445(1).pdf,400,V06-P393,190,TIRF-295,295,HIGH,7,other,339,697e4fcbe15bb80539f80dae1534bbe3dc1a0cce30a2ba868597c8ce3cf25ee0,DIRECT PRIMARY
6,PB263445(1).pdf,401,V06-P401,191,TIRF-296,296,LOW,0,tire_identification,1148,68c9a0c156e38d4fad2581346f61160da86e77744ca7b6d772269526e5fe50ae,DIRECT PRIMARY
6,PB263445(1).pdf,402,V06-P401,191,TIRF-296,296,LOW,1,footprint_or_image,100,78d8430b04d0e147df51b7456d4fb6a6681240ef04ec84c4ac1fb13e40af17c1,DIRECT PRIMARY
6,PB263445(1).pdf,403,V06-P401,191,TIRF-296,296,LOW,2,other,321,46fe04399e91dfeec14a187dbe78b3af2e79e2e8a343d4df9b8abc07270c0fca,DIRECT PRIMARY
6,PB263445(1).pdf,404,V06-P401,191,TIRF-296,296,LOW,3,other,1140,a5a2ddac3531b9629437ca2364a6bfa77730e0ccbe4bfb006f651ce110c97688,DIRECT PRIMARY
6,PB263445(1).pdf,405,V06-P401,191,TIRF-296,296,LOW,4,braking_coefficients,495,cf72e46c0bba4a19516a8306178ae39e8ead12e5621ca8072a8ceb1581a84b6f,DIRECT PRIMARY
6,PB263445(1).pdf,406,V06-P401,191,TIRF-296,296,LOW,5,other,313,b56a256c1d2c83196ed89057f433aa293dba08e89a0145b971b0c6ade4726903,DIRECT PRIMARY
6,PB263445(1).pdf,407,V06-P401,191,TIRF-296,296,LOW,6,other,198,3b7a4e33f3984c9daa35879b2e512b1c09cb681df0491fc7a325021060d5fb5c,DIRECT PRIMARY
6,PB263445(1).pdf,408,V06-P401,191,TIRF-296,296,LOW,7,other,262,b3040cfcb0c982cab064f77576582db5092c494c205e31bd17682971cc00c62f,DIRECT PRIMARY
6,PB263445(1).pdf,409,V06-P409,192,TIRF-298A,298A,MEDIUM,0,tire_identification,1002,aa73ed8067bc512360d2b104e9314d5f304a5062ed97f8f81c8456b61e7bc763,DIRECT PRIMARY
6,PB263445(1).pdf,410,V06-P409,192,TIRF-298A,298A,MEDIUM,1,footprint_or_image,23,7ca54cf70176e51461a06511a9420569a76e538def16362afc18831cc09c2d67,DIRECT PRIMARY
6,PB263445(1).pdf,411,V06-P409,192,TIRF-298A,298A,MEDIUM,2,tire_uniformity,325,a082f6bd554ff78d19c0ccabeef85ee41d217f35fba64ff9d01fc9547e67c5a6,DIRECT PRIMARY
6,PB263445(1).pdf,412,V06-P409,192,TIRF-298A,298A,MEDIUM,3,test_data,1152,d4eae2ff35d3532d8918c0e8044a1ee223315496e360fac15ca9c3bac645bb33,DIRECT PRIMARY
6,PB263445(1).pdf,413,V06-P409,192,TIRF-298A,298A,MEDIUM,4,braking_coefficients,540,a04e25bde8ed2c1986c37304dd9ac24605419b7a84267a26b9543b67abf903b5,DIRECT PRIMARY
6,PB263445(1).pdf,414,V06-P409,192,TIRF-298A,298A,MEDIUM,5,other,301,1837b041be2cb6f0e2e2640e5047f5f700dc7ee653b7eb2f9db7f159b3602f18,DIRECT PRIMARY
6,PB263445(1).pdf,415,V06-P409,192,TIRF-298A,298A,MEDIUM,6,other,144,c7351e920d08460e19deaee18e395c2dfad9f4503a9de2c98ad8dd04c7933afb,DIRECT PRIMARY
6,PB263445(1).pdf,416,V06-P409,192,TIRF-298A,298A,MEDIUM,7,other,155,0c35a700f91ddae1aa30f4d358b4947efcbd06409438a57c1eb3ec8d59681e24,DIRECT PRIMARY
6,PB263445(1).pdf,417,V06-P417,193,TIRF-298B,298B,MEDIUM,0,tire_identification,979,f04069f56f5441eb9a2af060d289a1db2a8b3dc40af069b1c0ace2e2f511c75d,DIRECT PRIMARY
6,PB263445(1).pdf,418,V06-P417,193,TIRF-298B,298B,MEDIUM,1,footprint_or_image,100,91056162e4d5cd4fdb2c6048d2ef91e9923d274120560e58674dab8e2898bc57,DIRECT PRIMARY
6,PB263445(1).pdf,419,V06-P417,193,TIRF-298B,298B,MEDIUM,2,tire_uniformity,326,32382c2734d6d8567996575e4d4f3df8b10ebd9aa8b1eb147ef2acb0098020b3,DIRECT PRIMARY
6,PB263445(1).pdf,420,V06-P417,193,TIRF-298B,298B,MEDIUM,3,test_data,1088,1c00e0e7a72b47785d58f0aa0801cd7ebe3fd87d597115dc52757c6285bd2af4,DIRECT PRIMARY
6,PB263445(1).pdf,421,V06-P417,193,TIRF-298B,298B,MEDIUM,4,braking_plot,511,bb06bfcec1d59cd697f2d773c7cab049e761262d7d3dd9b3c1ccf31fe0feb962,DIRECT PRIMARY
6,PB263445(1).pdf,422,V06-P417,193,TIRF-298B,298B,MEDIUM,5,cornering_plot,296,e486e47fe2b1a691586fe52a0e361a3a41d2b372b97a8b1d11aa3a3079e0598c,DIRECT PRIMARY
6,PB263445(1).pdf,423,V06-P417,193,TIRF-298B,298B,MEDIUM,6,other,206,72b08f7a60a67128f990d339885e8d38d9b00e9330d5198a208c29a51cb15ebe,DIRECT PRIMARY
6,PB263445(1).pdf,424,V06-P417,193,TIRF-298B,298B,MEDIUM,7,other,249,92d62fe50f15d8fa2f4f018653730553d6c6bc66546850751b64d1f65df82b66,DIRECT PRIMARY
6,PB263445(1).pdf,425,V06-P425,194,TIRF-300,300,MEDIUM,0,tire_identification,965,7219850a3e501d9271ed8caa740d6e2f9a0397051eed746393275f2c530b4dbd,DIRECT PRIMARY
6,PB263445(1).pdf,426,V06-P425,194,TIRF-300,300,MEDIUM,1,footprint_or_image,32,2a0750bfe2d3965c8e0f750c6eb70def443a53ba8352e878cdcdf99aa36a6a4e,DIRECT PRIMARY
6,PB263445(1).pdf,427,V06-P425,194,TIRF-300,300,MEDIUM,2,tire_uniformity,328,bff1c0298c4b13b2cd7d1dfbee38cf472965776f925a6770cba0c086d1ba109e,DIRECT PRIMARY
6,PB263445(1).pdf,428,V06-P425,194,TIRF-300,300,MEDIUM,3,cornering_coefficients,1146,c85c72519fb47dc789489b4b96af91420b4838301d9e2f0aae1cc16d8bb587bb,DIRECT PRIMARY
6,PB263445(1).pdf,429,V06-P425,194,TIRF-300,300,MEDIUM,4,test_data,520,5d0d1384987cf2005c6af70cd376f218708cb6fbf83e9377f2931c9bcb2b7b6c,DIRECT PRIMARY
6,PB263445(1).pdf,430,V06-P425,194,TIRF-300,300,MEDIUM,5,other,326,18a4b6e096887cac208a84a7575f711e7d5d2c489864da1386236bada30fb365,DIRECT PRIMARY
6,PB263445(1).pdf,431,V06-P425,194,TIRF-300,300,MEDIUM,6,other,271,cda0c4326399d366d7d63fc34fc60b138b277602c9b07865cc9175d217933bb9,DIRECT PRIMARY
6,PB263445(1).pdf,432,V06-P425,194,TIRF-300,300,MEDIUM,7,other,379,83315840551397cb53d24caf6a6047ad38d5428610bfec0dd79bc1325c7e982a,DIRECT PRIMARY
6,PB263445(1).pdf,433,V06-P433,195,TIRF-301,301,HIGH,0,tire_identification,950,bccb35dc6eb924dfaa542cb8e5567362d7637e355ca6452a74d3759901834516,DIRECT PRIMARY
6,PB263445(1).pdf,434,V06-P433,195,TIRF-301,301,HIGH,1,footprint_or_image,15,774dfbd66c88a609f34a7245bb626f5eba387d2c53f12a12e1ac7ffedcbb3910,DIRECT PRIMARY
6,PB263445(1).pdf,435,V06-P433,195,TIRF-301,301,HIGH,2,tire_uniformity,324,b8448ee9f93b646b0ed96ea9e7a2b86ec505f06541f3d446f1aba3aebd6d925e,DIRECT PRIMARY
6,PB263445(1).pdf,436,V06-P433,195,TIRF-301,301,HIGH,3,test_data,1099,01ec5847f16a324f99900a6e21152271aac30fe6df1e9e42e89ea0939830e63b,DIRECT PRIMARY
6,PB263445(1).pdf,437,V06-P433,195,TIRF-301,301,HIGH,4,braking_coefficients,517,c70634fd16d10b853f3a9a1ad6812113888b244c77ffd1049072e0ac15ab09fb,DIRECT PRIMARY
6,PB263445(1).pdf,438,V06-P433,195,TIRF-301,301,HIGH,5,other,321,83c09bf45a5d8719082c9b444c875bea34f01ddf80a44b957c8aa2bb68e2c365,DIRECT PRIMARY
6,PB263445(1).pdf,439,V06-P433,195,TIRF-301,301,HIGH,6,other,146,ebcab9d149bc239d4c96f6119b003eca600933bf9c62b119e5beb10c787f4554,DIRECT PRIMARY
6,PB263445(1).pdf,440,V06-P433,195,TIRF-301,301,HIGH,7,other,324,9811ac0556c4d655357a3179a2acb56dc212e4ce8dd51677da80ec6685dc2a0f,DIRECT PRIMARY
6,PB263445(1).pdf,441,V06-P441,196,TIRF-302,302,HIGH,0,tire_identification,1076,b7865cd94e436d395eba88b900167d8d17a93636796e04994b49304b661b91af,DIRECT PRIMARY
6,PB263445(1).pdf,442,V06-P441,196,TIRF-302,302,HIGH,1,footprint_or_image,20,3af731da078c10745bc043cbac9ceb50c25b59105b70bb2afcf4c2e1dfad278a,DIRECT PRIMARY
6,PB263445(1).pdf,443,V06-P441,196,TIRF-302,302,HIGH,2,tire_uniformity,321,22bd9eb9e3ac0d4d119ca49dc3f0fc8cbba3aa34867289fd06f3b5864f46b13c,DIRECT PRIMARY
6,PB263445(1).pdf,444,V06-P441,196,TIRF-302,302,HIGH,3,cornering_coefficients,1147,a72444ca74f13d1e3cb2f4c0aa0d00692757911009646a2a721bc69c2b18426e,DIRECT PRIMARY
6,PB263445(1).pdf,445,V06-P441,196,TIRF-302,302,HIGH,4,braking_coefficients,542,eecccacaa26c612651f1786735587f9010a66cb55c4052cb34925b3e876bf660,DIRECT PRIMARY
6,PB263445(1).pdf,446,V06-P441,196,TIRF-302,302,HIGH,5,other,279,0a72b34e709b1d7581aac1c5265306bbfedfbb9b58b04a02614aac0ce306bd6d,DIRECT PRIMARY
6,PB263445(1).pdf,447,V06-P441,196,TIRF-302,302,HIGH,6,other,197,56f472fb4aae43c30f4ab34c1f6c0f2818fcb738b5757c1146bf54d6ff376106,DIRECT PRIMARY
6,PB263445(1).pdf,448,V06-P441,196,TIRF-302,302,HIGH,7,other,395,8a7968d1edaa9007a426cf195e323bd084c9038a8d8586302cca9d47774ce53f,DIRECT PRIMARY
6,PB263445(1).pdf,449,V06-P449,197,TIRF-303,303,MEDIUM,0,tire_identification,972,52bfa251ab553e2fc6ff4e5ad09d32ebfdcd59f7ad8e9c003b5a6d3d0c6c119f,DIRECT PRIMARY
6,PB263445(1).pdf,450,V06-P449,197,TIRF-303,303,MEDIUM,1,footprint_or_image,36,cd0a26b01c69b0aa707b4473b20bf569cbcfb21a7208911e85cec16d82df2222,DIRECT PRIMARY
6,PB263445(1).pdf,451,V06-P449,197,TIRF-303,303,MEDIUM,2,tire_uniformity,323,03a9f8912c9b09eac1d7764ec9dbf17102e9227fb306c96b65a46ba567e609b7,DIRECT PRIMARY
6,PB263445(1).pdf,452,V06-P449,197,TIRF-303,303,MEDIUM,3,cornering_coefficients,1149,196d486311d7835af0da292570ecc14525ab5dea888cbea57c607a7815ce38a9,DIRECT PRIMARY
6,PB263445(1).pdf,453,V06-P449,197,TIRF-303,303,MEDIUM,4,braking_coefficients,542,d8dc0c3f4495274a3fe457cdb31353dd9228c0fffbacefb6cdf3d91ec130b391,DIRECT PRIMARY
6,PB263445(1).pdf,454,V06-P449,197,TIRF-303,303,MEDIUM,5,cornering_plot,389,532eac89d78acc141b34c350451be6a142dab15380f37e4f444ae7232bc4effe,DIRECT PRIMARY
6,PB263445(1).pdf,455,V06-P449,197,TIRF-303,303,MEDIUM,6,other,208,9e469228dd61dba8088bb23d49ff9aed7e646d5438e4b002d0de79e302c28240,DIRECT PRIMARY
6,PB263445(1).pdf,456,V06-P449,197,TIRF-303,303,MEDIUM,7,other,362,38c5b59ca7b65e288f418a809c9b3b10a811b919ad66db6ab0cf4348be75f0fb,DIRECT PRIMARY
6,PB263445(1).pdf,457,V06-P457,198,TIRF-304,304,LOW,0,tire_identification,1000,5a39d8ee27bdf9bca41b38a4062d93d0d3dcf77fbb8e02cdb40805f1841dc47a,DIRECT PRIMARY
6,PB263445(1).pdf,458,V06-P457,198,TIRF-304,304,LOW,1,footprint_or_image,90,aa564eaa449e1b8be5a160435cdd5a1bcb038a6b77f34a4ea8ca658754145407,DIRECT PRIMARY
6,PB263445(1).pdf,459,V06-P457,198,TIRF-304,304,LOW,2,other,321,30aadd164a849764fa43663d91f242c5883942a7554ceb07fa912f52947ab42d,DIRECT PRIMARY
6,PB263445(1).pdf,460,V06-P457,198,TIRF-304,304,LOW,3,cornering_coefficients,1140,4440611e144d9d36012902221f7d812593b0fe047d0ae3249f5ca6d803ad96a3,DIRECT PRIMARY
6,PB263445(1).pdf,461,V06-P457,198,TIRF-304,304,LOW,4,braking_plot,548,dfdc4c47594fe4b3e8f279b31d8c218aa98550f1fc4dc35b771e36baf70ab752,DIRECT PRIMARY
6,PB263445(1).pdf,462,V06-P457,198,TIRF-304,304,LOW,5,other,446,268dad3bab6ebead17cc659d1bab262f9d4d7e0b4a34d9d829d9fa287244e81d,DIRECT PRIMARY
6,PB263445(1).pdf,463,V06-P457,198,TIRF-304,304,LOW,6,other,218,0293179dd06beebe4169693cbb432419a882b89d0a7c96f4aba328075ecd6113,DIRECT PRIMARY
6,PB263445(1).pdf,464,V06-P457,198,TIRF-304,304,LOW,7,other,376,94974dc415127267dd825c2ce6f2a43b8af5c604b78439daa7e58afed8dab511,DIRECT PRIMARY
6,PB263445(1).pdf,465,V06-P465,199,TIRF-305,305,MEDIUM,0,tire_identification,1007,f35b334c292ea01219579c3b52f644ebda81c76d1be5078bbd0dd9cce6c27ce6,DIRECT PRIMARY
6,PB263445(1).pdf,466,V06-P465,199,TIRF-305,305,MEDIUM,1,footprint_or_image,19,3b1613b28a4ea4d965e910ae6c3ddc9c03c1146a3de4b406ffec5b4193c484a3,DIRECT PRIMARY
6,PB263445(1).pdf,467,V06-P465,199,TIRF-305,305,MEDIUM,2,tire_uniformity,319,c74463ec25675996aa8bdd4f222a501432d66ec2733ce701f23a7148e0141fdd,DIRECT PRIMARY
6,PB263445(1).pdf,468,V06-P465,199,TIRF-305,305,MEDIUM,3,cornering_coefficients,1127,38931d5165076b097e071f4daf7217df9f82667b57ba6999582babb722c385f0,DIRECT PRIMARY
6,PB263445(1).pdf,469,V06-P465,199,TIRF-305,305,MEDIUM,4,braking_coefficients,535,2ad965e871e27bfc1c071dcbec0d02413d81a69c51d7a44d6ee0582843ebf9a7,DIRECT PRIMARY
6,PB263445(1).pdf,470,V06-P465,199,TIRF-305,305,MEDIUM,5,other,329,96aff7ec87c415f06ecebd1d122f5f6b663955f93440714a3986f202eafea8d0,DIRECT PRIMARY
6,PB263445(1).pdf,471,V06-P465,199,TIRF-305,305,MEDIUM,6,other,190,116a109ccf8c2feeed5ff436bfc7a59841115cbd835a15d851457ff07b329727,DIRECT PRIMARY
6,PB263445(1).pdf,472,V06-P465,199,TIRF-305,305,MEDIUM,7,other,192,315854f7ff4ec08a2177714e28003adbf00abb8b5d8590684fddd7dfdb9b8ba7,DIRECT PRIMARY
6,PB263445(1).pdf,473,V06-P473,200,TIRF-306,306,MEDIUM,0,tire_identification,976,20c8009f16770e9d5f3b296339806f792f7c0e99974e11fb4a458b68530f69e5,DIRECT PRIMARY
6,PB263445(1).pdf,474,V06-P473,200,TIRF-306,306,MEDIUM,1,footprint_or_image,20,59c816d8db6b3bb9e847f47eea64552ebb21ff933f11076a2e22512b19628d2a,DIRECT PRIMARY
6,PB263445(1).pdf,475,V06-P473,200,TIRF-306,306,MEDIUM,2,tire_uniformity,320,057f80faaad4d46474e47eaac25da63372e553e3b431cc0e768b746a877f6437,DIRECT PRIMARY
6,PB263445(1).pdf,476,V06-P473,200,TIRF-306,306,MEDIUM,3,test_data,1138,77e91f8e8f0f8027fca7c60d954875003d415b7f6531a7258db20a6dafee5700,DIRECT PRIMARY
6,PB263445(1).pdf,477,V06-P473,200,TIRF-306,306,MEDIUM,4,braking_plot,510,764e61db7f225bcd667051f2ee4d833898ba0f8f08c52988809599d2494a863e,DIRECT PRIMARY
6,PB263445(1).pdf,478,V06-P473,200,TIRF-306,306,MEDIUM,5,other,318,1e2f702bbfe225f58fae9728c9a607e3336a1609f9dc09d53bfed2d5bce9ae54,DIRECT PRIMARY
6,PB263445(1).pdf,479,V06-P473,200,TIRF-306,306,MEDIUM,6,other,197,4d9a57fd5ad2d71a3f133ec8b0df17ed398995fa783c5e57eabe07755a2413ed,DIRECT PRIMARY
6,PB263445(1).pdf,480,V06-P473,200,TIRF-306,306,MEDIUM,7,other,196,4705fc13d80275fe8591b1520cbdf528120971d250baa41215563adb27c098de,DIRECT PRIMARY
6,PB263445(1).pdf,481,V06-P481,201,TIRF-307,307,MEDIUM,0,tire_identification,954,98597622e02262994ddd899895a39c18d56446e753183d3c2634fc4f2a6cacb6,DIRECT PRIMARY
6,PB263445(1).pdf,482,V06-P481,201,TIRF-307,307,MEDIUM,1,footprint_or_image,12,6766ae622f4fecb0b78e06b64ec1c25ad53699ae4c67805f07e6bc72211cbdd5,DIRECT PRIMARY
6,PB263445(1).pdf,483,V06-P481,201,TIRF-307,307,MEDIUM,2,tire_uniformity,319,a6bf9701b65081c1c2fb490ee6786e5b24acd64b78dc7fe23fbdd91cc0648700,DIRECT PRIMARY
6,PB263445(1).pdf,484,V06-P481,201,TIRF-307,307,MEDIUM,3,other,1106,0fc0c9ea7bdf47dda9f3ac12c7e10a79870112a636d31533b117919cba63c663,DIRECT PRIMARY
6,PB263445(1).pdf,485,V06-P481,201,TIRF-307,307,MEDIUM,4,braking_plot,544,f59bf70da9ceaae3216929831f7b7df308a2a4d04acb7c86e2b2f9cafb75a1d6,DIRECT PRIMARY
6,PB263445(1).pdf,486,V06-P481,201,TIRF-307,307,MEDIUM,5,other,366,7eaf6556eda0dd462b2e57f0a8c1845a36e9c92eba4ff1e51529fce19e27e18e,DIRECT PRIMARY
6,PB263445(1).pdf,487,V06-P481,201,TIRF-307,307,MEDIUM,6,other,195,fca6ba99d99f8cc3c384af5e08cddb78c35fb8ea879814aac8388b7cf2b2e7d3,DIRECT PRIMARY
6,PB263445(1).pdf,488,V06-P481,201,TIRF-307,307,MEDIUM,7,other,209,8a5da27884208c61e232e0c96234e919602c9416a3d48008a185e07edd01ae07,DIRECT PRIMARY
7,PB263446(1).pdf,1,,,,,,,test_data,508,53a28df6e92ca572e448cb56654d9485f1c1071749aa89ad25df6b5c9f24d7e4,DIRECT PRIMARY
7,PB263446(1).pdf,2,,,,,,,other,227,d40b683410c04f827a18e6e1d240284c12dd28ee35deddc6f08e99dbf3bf28e0,DIRECT PRIMARY
7,PB263446(1).pdf,3,,,,,,,test_data,2373,f21df1717b409fe47cf9ab7500044eab1357af1abc396afc7b7917566eaa5aec,DIRECT PRIMARY
7,PB263446(1).pdf,4,,,,,,,other,490,bfde9da6e6b62b978327d1ea2bb04ccb655dab68b689d5cccccf5b6bd2a77041,DIRECT PRIMARY
7,PB263446(1).pdf,5,,,,,,,test_data,976,19acdbf545177ebb8e3563a5ac3719fd6ecd018ee2ade0ac64522e65bc10fd99,DIRECT PRIMARY
7,PB263446(1).pdf,6,,,,,,,image_or_blank,0,e3b0c44298fc1c149afbf4c8996fb92427ae41e4649b934ca495991b7852b855,DIRECT PRIMARY
7,PB263446(1).pdf,7,,,,,,,combined_interaction,263,921fc13856ec67aa5cb4b0baed748c8c6d94ab44624f77c3d01664f57d5a1c64,DIRECT PRIMARY
7,PB263446(1).pdf,8,,,,,,,image_or_blank,0,e3b0c44298fc1c149afbf4c8996fb92427ae41e4649b934ca495991b7852b855,DIRECT PRIMARY
7,PB263446(1).pdf,9,,,,,,,tire_uniformity,594,0f6aabf4b350099762151159591474b8b0e297cc24ecfbd4aff97a89c4151f9b,DIRECT PRIMARY
7,PB263446(1).pdf,10,,,,,,,image_or_blank,0,e3b0c44298fc1c149afbf4c8996fb92427ae41e4649b934ca495991b7852b855,DIRECT PRIMARY
7,PB263446(1).pdf,11,V07-P011,202,TIRF-308,308,MEDIUM,0,tire_identification,1134,f3c8e8ad8787f5becc5e91d82a897ce1f884aa6f1888ac6561db01329fa27112,DIRECT PRIMARY
7,PB263446(1).pdf,12,V07-P011,202,TIRF-308,308,MEDIUM,1,footprint_or_image,26,97e2ffbd068c5c747af1a6059f995c48c38e75d0860b8926b9e1c7790d72208c,DIRECT PRIMARY
7,PB263446(1).pdf,13,V07-P011,202,TIRF-308,308,MEDIUM,2,tire_uniformity,832,4f0d5835bb5e5bd13d995a987acaf5f89f70ff0419a2c4b7a38cc13dbdb5f6cf,DIRECT PRIMARY
7,PB263446(1).pdf,14,V07-P011,202,TIRF-308,308,MEDIUM,3,cornering_coefficients,1356,94a5f97c15a3cd3cf96c19ee59c0abd6dd819426366f3d52e5b9bee7c1828a09,DIRECT PRIMARY
7,PB263446(1).pdf,15,V07-P011,202,TIRF-308,308,MEDIUM,4,braking_coefficients,623,7a9e9eb072522aebdac0cb64891507fc32be4c6144053024b3e33cce8c12f35d,DIRECT PRIMARY
7,PB263446(1).pdf,16,V07-P011,202,TIRF-308,308,MEDIUM,5,other,387,950f050db489308cda152fa25f5db90034a7c4aeb70950f255a481a06b7200e8,DIRECT PRIMARY
7,PB263446(1).pdf,17,V07-P011,202,TIRF-308,308,MEDIUM,6,other,273,0e1651499db0f763ba6b8d72526de4a7d969877b0a4c18b4df23ef8328ff3396,DIRECT PRIMARY
7,PB263446(1).pdf,18,V07-P011,202,TIRF-308,308,MEDIUM,7,other,384,fec5a75c98eb87347232f632da8c93c0f03425f05b500a799c6d93a8cd5f9942,DIRECT PRIMARY
7,PB263446(1).pdf,19,V07-P019,203,TIRF-309,309,HIGH,0,tire_identification,1148,8d649094d414ee2cab0faedb85c38f39681ec1c37df4617a6d12289931113566,DIRECT PRIMARY
7,PB263446(1).pdf,20,V07-P019,203,TIRF-309,309,HIGH,1,footprint_or_image,40,9d0831aa56fabd656766a3e663ba9379f1edddd75cd1aed1cc5127ec573c6e1d,DIRECT PRIMARY
7,PB263446(1).pdf,21,V07-P019,203,TIRF-309,309,HIGH,2,tire_uniformity,397,034b1d11bcb071878c2ccc4587d22beffc9886d26cac3c40341a7157d5c6f0e1,DIRECT PRIMARY
7,PB263446(1).pdf,22,V07-P019,203,TIRF-309,309,HIGH,3,cornering_coefficients,1306,dc1f0024c2194b5450328bfa3f415a3b19fd23ee8c2b495ccddd7479fd4f680f,DIRECT PRIMARY
7,PB263446(1).pdf,23,V07-P019,203,TIRF-309,309,HIGH,4,braking_plot,603,c851a36b6fb640549c8d802ef0445d112a09a9393fac8dedab742c9e6bc6282b,DIRECT PRIMARY
7,PB263446(1).pdf,24,V07-P019,203,TIRF-309,309,HIGH,5,other,482,d3cfd7ca48054c928ef503d14195d011b522bfa4eec1ad0ccedb4513fb6753d8,DIRECT PRIMARY
7,PB263446(1).pdf,25,V07-P019,203,TIRF-309,309,HIGH,6,other,295,a7c08c7d7d0b103ccce6d892cb7375fe7baa33da041fb6735db0413abe54bdfe,DIRECT PRIMARY
7,PB263446(1).pdf,26,V07-P019,203,TIRF-309,309,HIGH,7,other,105,4419051153bdb80339ce5bf282d4b10f35d7107d5521c8ec0c9a58e417d658dc,DIRECT PRIMARY
7,PB263446(1).pdf,27,V07-P027,204,TIRF-310,310,HIGH,0,tire_identification,1153,d5852ea7e70e375c8a0cb497e885b49778e4fee4b4c69b0c5f53907817a817d6,DIRECT PRIMARY
7,PB263446(1).pdf,28,V07-P027,204,TIRF-310,310,HIGH,1,footprint_or_image,34,3a9ba77355ef5242268fc6368280dc61099930c765761348364e14bf923d041c,DIRECT PRIMARY
7,PB263446(1).pdf,29,V07-P027,204,TIRF-310,310,HIGH,2,tire_uniformity,402,1e571a2ebef9d11a955a02cc404faf0d102fad95076e753a2abc85cce4dca6b7,DIRECT PRIMARY
7,PB263446(1).pdf,30,V07-P027,204,TIRF-310,310,HIGH,3,cornering_coefficients,1313,7d79ea20ea074875e30459630060e6d96bbea85326dc71258d9d5110e32c3ad5,DIRECT PRIMARY
7,PB263446(1).pdf,31,V07-P027,204,TIRF-310,310,HIGH,4,test_data,599,2b3e321fb27e702e2b929903284f366bb4957ca064f69ef1c0128d560d3fbd5f,DIRECT PRIMARY
7,PB263446(1).pdf,32,V07-P027,204,TIRF-310,310,HIGH,5,other,423,037266418d9892a3b8bee795a04b950ffacc2c97defe54ac062da1ecf34985f5,DIRECT PRIMARY
7,PB263446(1).pdf,33,V07-P027,204,TIRF-310,310,HIGH,6,other,301,703a9e0ab21a8ff7b7643d01ad0fc06a148e33570856e6119895d93c3d05c0b2,DIRECT PRIMARY
7,PB263446(1).pdf,34,V07-P027,204,TIRF-310,310,HIGH,7,other,443,dc21e4e64f226ec31302dcf24986b801211d9fa82b16b1eb41112bf518cd4f5f,DIRECT PRIMARY
7,PB263446(1).pdf,35,V07-P035,205,TIRF-311,311,MEDIUM,0,tire_identification,1157,09ddc04c3f2aead25a330c40cf75b66c01f302773f2e813442777f933e1e648e,DIRECT PRIMARY
7,PB263446(1).pdf,36,V07-P035,205,TIRF-311,311,MEDIUM,1,footprint_or_image,32,b37f1bcc2c143ab646b22e94543e8eea0f0e340d38663217a6735c03373d4cb7,DIRECT PRIMARY
7,PB263446(1).pdf,37,V07-P035,205,TIRF-311,311,MEDIUM,2,tire_uniformity,603,23ba1b4301867e5eb6de48aaf62763fda6f504ad9058083ebb0a678d9d0fbd0e,DIRECT PRIMARY
7,PB263446(1).pdf,38,V07-P035,205,TIRF-311,311,MEDIUM,3,test_data,1317,07af2cacc8298d280f92ebdd37da3e248df39412b8455eb24b9907b07eeca987,DIRECT PRIMARY
7,PB263446(1).pdf,39,V07-P035,205,TIRF-311,311,MEDIUM,4,braking_coefficients,607,959e5fab4f2b97a9dac1042b8f9cf41d2c113c604ebd7b6a99bd44f6c0bc982d,DIRECT PRIMARY
7,PB263446(1).pdf,40,V07-P035,205,TIRF-311,311,MEDIUM,5,cornering_plot,395,5b203e814f3dca105cd940a03a04daea083cb62c74ece79c0f5f37782a77d0a5,DIRECT PRIMARY
7,PB263446(1).pdf,41,V07-P035,205,TIRF-311,311,MEDIUM,6,other,245,d7c8fe854e1a08397dd5d06282c08fc4ef86f282ede8af5075fea407a03b7d4b,DIRECT PRIMARY
7,PB263446(1).pdf,42,V07-P035,205,TIRF-311,311,MEDIUM,7,other,73,4d0b53db1606a1be5c82420000f263d2384034c3300bd131864092afdd6d9df3,DIRECT PRIMARY
7,PB263446(1).pdf,43,V07-P043,206,TIRF-312,312,HIGH,0,tire_identification,1186,9dc4aea58e33496814b4a03641f4118786a3c80c1d65fa1da2f49e35a3b18dfd,DIRECT PRIMARY
7,PB263446(1).pdf,44,V07-P043,206,TIRF-312,312,HIGH,1,footprint_or_image,20,2438667448aabaf771a5732c8711ac0fbc7dc0a5114ac5343e7f473bccc585e9,DIRECT PRIMARY
7,PB263446(1).pdf,45,V07-P043,206,TIRF-312,312,HIGH,2,tire_uniformity,421,5feb2f8b4e4033f9d001b07daa56b8f3e82f9e2ab5588f97e2358f51809dc5db,DIRECT PRIMARY
7,PB263446(1).pdf,46,V07-P043,206,TIRF-312,312,HIGH,3,test_data,1320,c68d2508890bdf0391a4b242d37dc473e06e6c81dcf003d185b0ea36eeaad055,DIRECT PRIMARY
7,PB263446(1).pdf,47,V07-P043,206,TIRF-312,312,HIGH,4,braking_coefficients,607,40968ec49fd88c366dfbe0d911dedd86648282f90d9f64917efc3ea1e936c6f2,DIRECT PRIMARY
7,PB263446(1).pdf,48,V07-P043,206,TIRF-312,312,HIGH,5,cornering_plot,421,cb8be8d726b892b16ee7798b2bbf2fc421ba03d727f91df3242b97f41751a726,DIRECT PRIMARY
7,PB263446(1).pdf,49,V07-P043,206,TIRF-312,312,HIGH,6,other,207,838637c2dccb09b944aaa73d32b6bc33605bce7fd8d2d7c3ef4b9c6497107961,DIRECT PRIMARY
7,PB263446(1).pdf,50,V07-P043,206,TIRF-312,312,HIGH,7,other,93,907cc0d69e565f3a19e32f656c94c18c4c8483d0300947d8cce2e5164e5276f6,DIRECT PRIMARY
7,PB263446(1).pdf,51,V07-P051,207,TIRF-313,313,HIGH,0,tire_identification,1132,c58abcefcd099e4cb560bff25fb80b52b7029fbd6a6d8cb8839c7ede9735b962,DIRECT PRIMARY
7,PB263446(1).pdf,52,V07-P051,207,TIRF-313,313,HIGH,1,footprint_or_image,19,44fe863789bd1cb7d27aaad69a55da58fac60da1dcf825b79f532b49b56da496,DIRECT PRIMARY
7,PB263446(1).pdf,53,V07-P051,207,TIRF-313,313,HIGH,2,tire_uniformity,374,083840efb7ae1d4a92615c0594771ce635fdba4bdb3ff2b5136d2db8c619c093,DIRECT PRIMARY
7,PB263446(1).pdf,54,V07-P051,207,TIRF-313,313,HIGH,3,cornering_coefficients,1318,03e73600f797b43fc075fad10307d1f2081c19e97eef464be07eaeb5dd4db74b,DIRECT PRIMARY
7,PB263446(1).pdf,55,V07-P051,207,TIRF-313,313,HIGH,4,braking_plot,621,d6c40961c10244b6a39f7d80c0079b8f01ed5cfcecb8da2613c9e51b4de928cb,DIRECT PRIMARY
7,PB263446(1).pdf,56,V07-P051,207,TIRF-313,313,HIGH,5,cornering_plot,35,6c223c09cbf0f06cbed93e104f172df4136c02a32e7454a837960affa62bd491,DIRECT PRIMARY
7,PB263446(1).pdf,57,V07-P051,207,TIRF-313,313,HIGH,6,other,245,96bbea5050f60a13291fc763fe57adb9ff7faf2c1c3319d127bc7f7b6e8cacd1,DIRECT PRIMARY
7,PB263446(1).pdf,58,V07-P051,207,TIRF-313,313,HIGH,7,other,134,0a7f36090d10ed3539c3fa1d4d2e5fa900871a7754264119edc48b5b3a541d76,DIRECT PRIMARY
7,PB263446(1).pdf,59,V07-P059,208,TIRF-316,316,HIGH,0,tire_identification,1154,930077d745045b20716ce159f277856faed000449e6480cef905011c2021e26a,DIRECT PRIMARY
7,PB263446(1).pdf,60,V07-P059,208,TIRF-316,316,HIGH,1,footprint_or_image,122,d6ca9551149cec0d373c7a3b001ed0f583c7acff71a481a81d2a3a62900d557e,DIRECT PRIMARY
7,PB263446(1).pdf,61,V07-P059,208,TIRF-316,316,HIGH,2,tire_uniformity,394,c5b004f64398d2299639c9b6c9cba9774c8ca0cf1f49f2bf1eabca86fc7666d3,DIRECT PRIMARY
7,PB263446(1).pdf,62,V07-P059,208,TIRF-316,316,HIGH,3,other,1277,0c311a6ff8b456f8d93febed4fe945f2c1cc574428ba8ee4eb395ca248d79fd5,DIRECT PRIMARY
7,PB263446(1).pdf,63,V07-P059,208,TIRF-316,316,HIGH,4,braking_plot,607,03d2108c1924cbf6792a574d78a7bcac65789880239834ec3c3a7d5ba3760f64,DIRECT PRIMARY
7,PB263446(1).pdf,64,V07-P059,208,TIRF-316,316,HIGH,5,other,406,42c8e86827eecb0250f6292fe0f7ca8f6d16b850cdd2ee3f201d5dab95b211ec,DIRECT PRIMARY
7,PB263446(1).pdf,65,V07-P059,208,TIRF-316,316,HIGH,6,other,266,c90a6ad291c407a03100c0fcb4adff91b05b88ae9f1c1b3ab68c2e25a0b916db,DIRECT PRIMARY
7,PB263446(1).pdf,66,V07-P059,208,TIRF-316,316,HIGH,7,other,546,47804e64fd697adc3d4dd2a93abfe17feab703927afded197a83986e19c281a7,DIRECT PRIMARY
7,PB263446(1).pdf,67,V07-P067,209,TIRF-317,317,HIGH,0,tire_identification,1172,e9d9f5d9f1fa1042958ca8fe5a145145d09f0f2ffef5e71f198f16348dba56db,DIRECT PRIMARY
7,PB263446(1).pdf,68,V07-P067,209,TIRF-317,317,HIGH,1,footprint_or_image,30,0a1518735af15b0f0ca6e98e3529e4f9cdb9b3a7e3bd1fc4bd248e2abcc21d76,DIRECT PRIMARY
7,PB263446(1).pdf,69,V07-P067,209,TIRF-317,317,HIGH,2,tire_uniformity,454,3de37aee59395085007c41cf5a07c8743dfccd83c1181d84d7df27e2f651a277,DIRECT PRIMARY
7,PB263446(1).pdf,70,V07-P067,209,TIRF-317,317,HIGH,3,cornering_coefficients,1278,3699fa93afeab8cee273e461ca6a529b0147601fdf46f8ab6e5da7a548c1f538,DIRECT PRIMARY
7,PB263446(1).pdf,71,V07-P067,209,TIRF-317,317,HIGH,4,braking_coefficients,613,caea13b309f53f327da201686ffb22827c56eddd559cb0b2d89f1f88cee0ae70,DIRECT PRIMARY
7,PB263446(1).pdf,72,V07-P067,209,TIRF-317,317,HIGH,5,other,381,5517e47a58fdc5680cdbe10a8611f3b234659d82f57d40408839e551a4935afc,DIRECT PRIMARY
7,PB263446(1).pdf,73,V07-P067,209,TIRF-317,317,HIGH,6,other,343,9d568f7dbfc80d8b03643e27ccc0f1bde6b3f4557933409c6f28bf0402b366a6,DIRECT PRIMARY
7,PB263446(1).pdf,74,V07-P067,209,TIRF-317,317,HIGH,7,other,35,b884358e4099715756889710a4ede4018fad4f6674e99ad34a43640eef2e1e62,DIRECT PRIMARY
7,PB263446(1).pdf,75,V07-P075,210,TIRF-318,318,MEDIUM,0,tire_identification,1097,299efb0ac8e91a8218b1acb31276a4ca8e37132ce78529195c841f21048a5d18,DIRECT PRIMARY
7,PB263446(1).pdf,76,V07-P075,210,TIRF-318,318,MEDIUM,1,footprint_or_image,34,f6689036c39a88654514ec419522ac9b19ef02447f33563eae09806ab0d5e451,DIRECT PRIMARY
7,PB263446(1).pdf,77,V07-P075,210,TIRF-318,318,MEDIUM,2,tire_uniformity,353,8c12db5e9143dd0e1fde362452b9b4cdaf8b950ebf7812da9a9bae1c23502b4a,DIRECT PRIMARY
7,PB263446(1).pdf,78,V07-P075,210,TIRF-318,318,MEDIUM,3,cornering_coefficients,1309,2189c42da0ebf0119118694e1cdab85cd65baab1311a7908e449487a9bca3e0f,DIRECT PRIMARY
7,PB263446(1).pdf,79,V07-P075,210,TIRF-318,318,MEDIUM,4,braking_plot,604,db35bd9632dc6fab77c287d2e55d242adf2f4807b4d060a2c90fc73e1da5a069,DIRECT PRIMARY
7,PB263446(1).pdf,80,V07-P075,210,TIRF-318,318,MEDIUM,5,cornering_plot,388,a6520f9790445b01236c7091bfaffb4c3fffd49c1be0b881393aed8771411359,DIRECT PRIMARY
7,PB263446(1).pdf,81,V07-P075,210,TIRF-318,318,MEDIUM,6,other,231,397634ceb8c27dc382073c1b3dfc4396f886ce85c06b63108eb62fc94f5d6115,DIRECT PRIMARY
7,PB263446(1).pdf,82,V07-P075,210,TIRF-318,318,MEDIUM,7,other,79,7422621324f407a7513ec9f83be8ec4b3031a03fca3f2320d614739a79789769,DIRECT PRIMARY
7,PB263446(1).pdf,83,V07-P083,211,TIRF-319,319,MEDIUM,0,tire_identification,1138,88bb2a5395d259ffceb9f0e6029be660fe776a192250b690081c2b2acc8e4479,DIRECT PRIMARY
7,PB263446(1).pdf,84,V07-P083,211,TIRF-319,319,MEDIUM,1,footprint_or_image,24,e6b1e520c84696236d113d2830e0afa548b001fa525bae4f3f6350166184417e,DIRECT PRIMARY
7,PB263446(1).pdf,85,V07-P083,211,TIRF-319,319,MEDIUM,2,tire_uniformity,451,2732509e26122d60f3903e72a9dbbb87688f6feab9f4fb2222a79bf07bf0b059,DIRECT PRIMARY
7,PB263446(1).pdf,86,V07-P083,211,TIRF-319,319,MEDIUM,3,cornering_coefficients,1293,157b9592714d4d4e6e7acb9a22a8ee28c9d6225d9273cdecf0dbc66fcc6e5623,DIRECT PRIMARY
7,PB263446(1).pdf,87,V07-P083,211,TIRF-319,319,MEDIUM,4,braking_coefficients,600,a45c15af6bca139f08d525d90e95b4e9f52640b253ff8aab6a51d735180c990c,DIRECT PRIMARY
7,PB263446(1).pdf,88,V07-P083,211,TIRF-319,319,MEDIUM,5,other,400,d6da9dbd1d872cecf301d680e6f93655da3c520cc715ceb89f9ea1707d8fe04a,DIRECT PRIMARY
7,PB263446(1).pdf,89,V07-P083,211,TIRF-319,319,MEDIUM,6,cornering_plot,250,34ea7226d7261358325617f77bdb8c6ebaa143a6aca5bb8f8456ff5ff005736e,DIRECT PRIMARY
7,PB263446(1).pdf,90,V07-P083,211,TIRF-319,319,MEDIUM,7,other,159,27cd8b13b055b9db6014d16367f5810949b4d482337a97745e0d374b1588ae0a,DIRECT PRIMARY
7,PB263446(1).pdf,91,V07-P091,212,TIRF-320,320,MEDIUM,0,tire_identification,1187,ddf6da7910d2053e7cd7e47e10b350183134a2aa5fb76ba04c5fa9f9bcb68c38,DIRECT PRIMARY
7,PB263446(1).pdf,92,V07-P091,212,TIRF-320,320,MEDIUM,1,footprint_or_image,24,c5290eef4c6261db80900dd535f76bf4d67e60e7869764ad0e93244e48e571af,DIRECT PRIMARY
7,PB263446(1).pdf,93,V07-P091,212,TIRF-320,320,MEDIUM,2,tire_uniformity,481,b9c1e66aa3a25af3da1bab52563194e6592b2a5649cc2925ef1a7d35ff97c83e,DIRECT PRIMARY
7,PB263446(1).pdf,94,V07-P091,212,TIRF-320,320,MEDIUM,3,cornering_coefficients,1301,9590bac40756d1482fdaaef636f36fcccb0d1d1ce0690004ef6edec9e0a6fb5e,DIRECT PRIMARY
7,PB263446(1).pdf,95,V07-P091,212,TIRF-320,320,MEDIUM,4,braking_coefficients,605,dae8c1edef90b803e03f5acddb841e980aec448c8c5c1f5f330b6e88306d9fc8,DIRECT PRIMARY
7,PB263446(1).pdf,96,V07-P091,212,TIRF-320,320,MEDIUM,5,other,427,b2637827f4489ef199ce5d134742bb501e8d1ad33648f7ea7af117bc2d47fc92,DIRECT PRIMARY
7,PB263446(1).pdf,97,V07-P091,212,TIRF-320,320,MEDIUM,6,other,306,ad4109ea8abf2dc0fb8714c818b846e9b9c6857816a5578a96de1de3a75570f9,DIRECT PRIMARY
7,PB263446(1).pdf,98,V07-P091,212,TIRF-320,320,MEDIUM,7,other,393,681dab8482cd20092cfa3b855787c4766605c9145602cdf0447562d372ada796,DIRECT PRIMARY
7,PB263446(1).pdf,99,V07-P099,213,TIRF-321,321,MEDIUM,0,tire_identification,1198,0ceb64b614273772b881aa46fdbd4272530f06effc95633f49c8fa57d0d6a4e3,DIRECT PRIMARY
7,PB263446(1).pdf,100,V07-P099,213,TIRF-321,321,MEDIUM,1,footprint_or_image,30,6b3432b2db84ecbfe458a6ff0d4277e4ee13733dc274ee5f53f43dd4b60f38d9,DIRECT PRIMARY
7,PB263446(1).pdf,101,V07-P099,213,TIRF-321,321,MEDIUM,2,tire_uniformity,438,943ff5ccbada025427a0416e50584814589474ba872a141b77d98e8f45ba159a,DIRECT PRIMARY
7,PB263446(1).pdf,102,V07-P099,213,TIRF-321,321,MEDIUM,3,cornering_coefficients,1295,95f7fbb23deec039bd44f959a933ad4c2adaf698ed2d0e6e6f0397953ff73ec2,DIRECT PRIMARY
7,PB263446(1).pdf,103,V07-P099,213,TIRF-321,321,MEDIUM,4,braking_plot,599,2766910c076170fb818af922916e29b9ef9e78949ec6acc0c19c50911394c003,DIRECT PRIMARY
7,PB263446(1).pdf,104,V07-P099,213,TIRF-321,321,MEDIUM,5,other,420,fb7ae44cf2f2c84f8bae469abe1f0b3836d0409abaae1660f2de143dc64df677,DIRECT PRIMARY
7,PB263446(1).pdf,105,V07-P099,213,TIRF-321,321,MEDIUM,6,other,255,733b36ad97048688c0f65ae3eb0e37a921e3b8debdebaa7d7b45da0cbda6fde9,DIRECT PRIMARY
7,PB263446(1).pdf,106,V07-P099,213,TIRF-321,321,MEDIUM,7,image_or_blank,0,e3b0c44298fc1c149afbf4c8996fb92427ae41e4649b934ca495991b7852b855,DIRECT PRIMARY
7,PB263446(1).pdf,107,V07-P099,213,TIRF-321,321,MEDIUM,8,other,119,603187f0ff81eecfb7e8ee3848ccae97b354d43d155bfae1d32be7bc9bd30552,DIRECT PRIMARY
7,PB263446(1).pdf,108,V07-P108,214,TIRF-322,322,HIGH,0,tire_identification,1544,e443b0fca57636f2ac02e9fbf5efa276f81c4732c9bc49186123796ad7147465,DIRECT PRIMARY
7,PB263446(1).pdf,109,V07-P108,214,TIRF-322,322,HIGH,1,footprint_or_image,53,2387e6fdc8297cf0fea5e2b21c8f281172b814f97f9825930d66463fa07b64b0,DIRECT PRIMARY
7,PB263446(1).pdf,110,V07-P108,214,TIRF-322,322,HIGH,2,tire_uniformity,358,c4afa46852cd4e67c4277cfc60ae85840602982e9b667cbedde8f7da91a4349f,DIRECT PRIMARY
7,PB263446(1).pdf,111,V07-P108,214,TIRF-322,322,HIGH,3,cornering_coefficients,1320,74199e7539a42f59193d66080e683f561e650f981798280542abadffa3b45313,DIRECT PRIMARY
7,PB263446(1).pdf,112,V07-P108,214,TIRF-322,322,HIGH,4,braking_plot,619,2293352b0bb489e3e1d3d849b4d5f72c63d6cc6d27b9f954cace08285a5ced92,DIRECT PRIMARY
7,PB263446(1).pdf,113,V07-P108,214,TIRF-322,322,HIGH,5,other,388,3fcb58afca754d360b6d9895b6feefe22ede41cb489e3ec8c9431d31c352ea07,DIRECT PRIMARY
7,PB263446(1).pdf,114,V07-P108,214,TIRF-322,322,HIGH,6,other,231,53476f807eebf7de0a1b94abaa31d49c41adc9f3d0ecfaa7d9bb45b8ad4696c7,DIRECT PRIMARY
7,PB263446(1).pdf,115,V07-P108,214,TIRF-322,322,HIGH,7,other,454,bfbceb31dd27b0a2d2378d2e2629793400dc4292f88de204fbc9d3142a781d22,DIRECT PRIMARY
7,PB263446(1).pdf,116,V07-P116,215,TIRF-323,323,HIGH,0,tire_identification,1374,9911900d5ffe3d34e4c817724e8e7f41f5b61204ce83c8d8da9b022592fe98e3,DIRECT PRIMARY
7,PB263446(1).pdf,117,V07-P116,215,TIRF-323,323,HIGH,1,footprint_or_image,23,c8c32e204b2856f7a710517ead09612861ef135626067f0a0f41eec6e38687e9,DIRECT PRIMARY
7,PB263446(1).pdf,118,V07-P116,215,TIRF-323,323,HIGH,2,tire_uniformity,359,d3790a7ce94d9d069d4db195554f83ae80f82c24b8d9e43db3ce0eb7483e5ef2,DIRECT PRIMARY
7,PB263446(1).pdf,119,V07-P116,215,TIRF-323,323,HIGH,3,cornering_coefficients,1297,32b42a5826a84ae1e0849b06dfe18a846073e9c2e0b6ba032b5d673c05686ab0,DIRECT PRIMARY
7,PB263446(1).pdf,120,V07-P116,215,TIRF-323,323,HIGH,4,braking_plot,620,ea3050d0089885bbb5e2d34b0529f7e45c479e03283abbb89e859f548867f5e6,DIRECT PRIMARY
7,PB263446(1).pdf,121,V07-P116,215,TIRF-323,323,HIGH,5,other,369,066d7cef24009ee4f46e40d7479f2f4c6e708aa27039049bfe365e7165a7393f,DIRECT PRIMARY
7,PB263446(1).pdf,122,V07-P116,215,TIRF-323,323,HIGH,6,image_or_blank,13,f1281c4426ddf3bc3eec338fc007939d97f6ab6d85eab8458f1d93f3709ac022,DIRECT PRIMARY
7,PB263446(1).pdf,123,V07-P116,215,TIRF-323,323,HIGH,7,other,231,980402baadc38a58ab51b3c695417e013a6cca34f71e178382a8039fbb2e81fd,DIRECT PRIMARY
7,PB263446(1).pdf,124,V07-P124,216,TIRF-324,324,HIGH,0,tire_identification,1157,9da499ee949afa3443ef70595325014f15ad50fec352b3ad10c3c0dae992e9db,DIRECT PRIMARY
7,PB263446(1).pdf,125,V07-P124,216,TIRF-324,324,HIGH,1,footprint_or_image,33,07375595b96a48e306c34ce74a14cb04b3f817daaab8fb80f7f52a6c19085fb6,DIRECT PRIMARY
7,PB263446(1).pdf,126,V07-P124,216,TIRF-324,324,HIGH,2,tire_uniformity,369,438964fb5e7ec459f0e4202518a31507dfdd79389c33eb8ea200ece8f1f7648f,DIRECT PRIMARY
7,PB263446(1).pdf,127,V07-P124,216,TIRF-324,324,HIGH,3,cornering_coefficients,1332,a2d4940583563061fe0aeb7a7fd4e81f0fa2f38876f07103a6f867917245219b,DIRECT PRIMARY
7,PB263446(1).pdf,128,V07-P124,216,TIRF-324,324,HIGH,4,braking_plot,590,eceeba04b4640ecf6adeb6b2ab99a7cf36944801646fede5b6591fa8ff6a4341,DIRECT PRIMARY
7,PB263446(1).pdf,129,V07-P124,216,TIRF-324,324,HIGH,5,other,99,29847eef19e187d1d87378cbf30f622f31cab2db27f6b49abf3aded102f5078e,DIRECT PRIMARY
7,PB263446(1).pdf,130,V07-P124,216,TIRF-324,324,HIGH,6,image_or_blank,0,e3b0c44298fc1c149afbf4c8996fb92427ae41e4649b934ca495991b7852b855,DIRECT PRIMARY
7,PB263446(1).pdf,131,V07-P124,216,TIRF-324,324,HIGH,7,cornering_plot,266,ca8b3cc8b76ff28b29359f66b647245cc789db2dd5561a1485d5098b538aa0f9,DIRECT PRIMARY
7,PB263446(1).pdf,132,V07-P124,216,TIRF-324,324,HIGH,8,other,102,6e68c248062d561057ee4153553cdf1e4eee121b824273a1fb098bb9557b39c5,DIRECT PRIMARY
7,PB263446(1).pdf,133,V07-P133,217,TIRF-325,325,MEDIUM,0,tire_identification,1215,2b4e7541924791da5b040168f98596c7c146f255543304386a506e5e843bf83b,DIRECT PRIMARY
7,PB263446(1).pdf,134,V07-P133,217,TIRF-325,325,MEDIUM,1,footprint_or_image,47,d59657dc47c3967f0ef0faa8ebf4227bb535f30b50c42489fead24472982e534,DIRECT PRIMARY
7,PB263446(1).pdf,135,V07-P133,217,TIRF-325,325,MEDIUM,2,tire_uniformity,532,f61231f119f9342a2730d1f5548fb1e8cba1351e5c5205f207cd3e3dd206e4f1,DIRECT PRIMARY
7,PB263446(1).pdf,136,V07-P133,217,TIRF-325,325,MEDIUM,3,cornering_coefficients,1321,109790f9afac0906d5e28b1a2a20ef621ff28d267169fe8119046bd705af7f09,DIRECT PRIMARY
7,PB263446(1).pdf,137,V07-P133,217,TIRF-325,325,MEDIUM,4,braking_plot,619,d133394b4e082008aa775338e77c8be51536ea03eab41be2e8cbc8012c7c3ac6,DIRECT PRIMARY
7,PB263446(1).pdf,138,V07-P133,217,TIRF-325,325,MEDIUM,5,image_or_blank,13,a994f8db452f09e0175713412865d5ac43f7be6b1c32ad2a33c99d32ee4d48fa,DIRECT PRIMARY
7,PB263446(1).pdf,139,V07-P133,217,TIRF-325,325,MEDIUM,6,other,336,95de962ab069f70176593f419db3d9a4009160d17a1cad22ee09fbab5b532366,DIRECT PRIMARY
7,PB263446(1).pdf,140,V07-P133,217,TIRF-325,325,MEDIUM,7,other,100,5ec34e182dcc92d3e6fd73f35c1f11ece1451eca7199d205bae9e1eca8b84edd,DIRECT PRIMARY
7,PB263446(1).pdf,141,V07-P141,218,TIRF-326,326,MEDIUM,0,tire_identification,1172,6fe2c7a3161c6fc2bb592ba7e07ba3e25cfcd30c27a3b47b4465535da80746e3,DIRECT PRIMARY
7,PB263446(1).pdf,142,V07-P141,218,TIRF-326,326,MEDIUM,1,footprint_or_image,0,e3b0c44298fc1c149afbf4c8996fb92427ae41e4649b934ca495991b7852b855,DIRECT PRIMARY
7,PB263446(1).pdf,143,V07-P141,218,TIRF-326,326,MEDIUM,2,cornering_coefficients,1347,5de24494acaacc4ed907c85c96dde99e82d31d6c2d5a1c490af173a7071cc806,DIRECT PRIMARY
7,PB263446(1).pdf,144,V07-P141,218,TIRF-326,326,MEDIUM,3,braking_coefficients,615,e66c20d5430ecea06b911fffade1ee519452f28b86fe00ef54d56fae5a1daacf,DIRECT PRIMARY
7,PB263446(1).pdf,145,V07-P141,218,TIRF-326,326,MEDIUM,4,cornering_plot,544,11dab6f96d9accc6e7dd1eae967089f4f04f8f15de578137519a70387b330b04,DIRECT PRIMARY
7,PB263446(1).pdf,146,V07-P141,218,TIRF-326,326,MEDIUM,5,other,329,d76046f2445429555c0726cf965e4955b57491969067e6aeeb0b326f5bc3cf1b,DIRECT PRIMARY
7,PB263446(1).pdf,147,V07-P141,218,TIRF-326,326,MEDIUM,6,other,71,1095fa0ba49596ae0e503946bc2f2a7ef12e47e0105eb79cc455b9baa5ecd722,DIRECT PRIMARY
7,PB263446(1).pdf,148,V07-P148,219,TIRF-327,327,HIGH,0,tire_identification,1268,301cb8645431d30ced66e1c131f2b54bbbbc9c4d71c2d5c220f1735916cd8e18,DIRECT PRIMARY
7,PB263446(1).pdf,149,V07-P148,219,TIRF-327,327,HIGH,1,footprint_or_image,10,81173dee091521c902b6a4c2bd35e14332abc6eaaec355909415c158a2783b90,DIRECT PRIMARY
7,PB263446(1).pdf,150,V07-P148,219,TIRF-327,327,HIGH,2,tire_uniformity,377,1973db42ce77cf5edcd1ee1ecf857104cfb0e3b06530963330c81dda0388ff41,DIRECT PRIMARY
7,PB263446(1).pdf,151,V07-P148,219,TIRF-327,327,HIGH,3,cornering_coefficients,1296,b5064bb8d635767e285a80ba2321952b5f973cab2db77b5695e1ffa0031d7cf3,DIRECT PRIMARY
7,PB263446(1).pdf,152,V07-P148,219,TIRF-327,327,HIGH,4,braking_plot,594,777bc11110dbc76595779dbefd7c09b30aa7b5d5f8ec66e7746591f11a89680e,DIRECT PRIMARY
7,PB263446(1).pdf,153,V07-P148,219,TIRF-327,327,HIGH,5,other,527,f5942f4f2da7870f0779c86a833e3ba54312e5079be1deb3034df8edb01fef73,DIRECT PRIMARY
7,PB263446(1).pdf,154,V07-P148,219,TIRF-327,327,HIGH,6,other,115,65268c7069f780c7129e5efb84d0c0def9c48476db4fcb3f947816ecd51c1dda,DIRECT PRIMARY
7,PB263446(1).pdf,155,V07-P148,219,TIRF-327,327,HIGH,7,other,293,b208abf2088c5ae3bf8922267572b3689461d69459449fed8fd05e0fdc9bbf53,DIRECT PRIMARY
7,PB263446(1).pdf,156,V07-P156,220,TIRF-329,329,LOW,0,tire_identification,1220,63cca6af320b0289b3b1db2b335df4f39e141444ee72700e3b1a95b73aa57911,DIRECT PRIMARY
7,PB263446(1).pdf,157,V07-P156,220,TIRF-329,329,LOW,1,footprint_or_image,0,e3b0c44298fc1c149afbf4c8996fb92427ae41e4649b934ca495991b7852b855,DIRECT PRIMARY
7,PB263446(1).pdf,158,V07-P156,220,TIRF-329,329,LOW,2,cornering_coefficients,1327,ae54f23b18439e2da114e45f332437be29a002449a837136a3e1f036ed6b9fba,DIRECT PRIMARY
7,PB263446(1).pdf,159,V07-P156,220,TIRF-329,329,LOW,3,braking_coefficients,603,8457a0cecdf833ca46c61094c935daa5aab8ac25064575a288eefdd849310252,DIRECT PRIMARY
7,PB263446(1).pdf,160,V07-P156,220,TIRF-329,329,LOW,4,other,434,6525f048fda51201b70ce5884b5d1d6fe16513f89d899678e4e9f6157f940391,DIRECT PRIMARY
7,PB263446(1).pdf,161,V07-P156,220,TIRF-329,329,LOW,5,cornering_plot,339,5e54da8cb9bc2b7e9567359d5532c5ad3dd71ae573749eaf102546d0942d00a0,DIRECT PRIMARY
7,PB263446(1).pdf,162,V07-P156,220,TIRF-329,329,LOW,6,other,33,865eb5c6bc6c12d406550e221a45009fc5075fd43376b97d57039e0caa6d4caa,DIRECT PRIMARY
7,PB263446(1).pdf,163,V07-P163,221,TIRF-330,330,HIGH,0,tire_identification,1169,990a6f129c8227c486db6f6efa823fcfe4dba81b8ff49bd1380e08d6331c0f09,DIRECT PRIMARY
7,PB263446(1).pdf,164,V07-P163,221,TIRF-330,330,HIGH,1,footprint_or_image,27,7280c4ed3fe2e29dee7d82ecaf7aa79e251e3dbf3e043b94b3deb4e5f5e0e377,DIRECT PRIMARY
7,PB263446(1).pdf,165,V07-P163,221,TIRF-330,330,HIGH,2,cornering_coefficients,1339,175bb1a615160fe276c3e1dfb2eb658cd4771a153996b859c06dfdd830d0bb19,DIRECT PRIMARY
7,PB263446(1).pdf,166,V07-P163,221,TIRF-330,330,HIGH,3,braking_plot,609,e9a586c80cbbfc1c7d3d44b4ecea3cc3035ad31c7d0b3ca6b0e858f7453c17ca,DIRECT PRIMARY
7,PB263446(1).pdf,167,V07-P163,221,TIRF-330,330,HIGH,4,cornering_plot,472,ab148d6bca2bd1c7816e3921c14b0a59fe78f8b0621332e6a5e14b201b68307b,DIRECT PRIMARY
7,PB263446(1).pdf,168,V07-P163,221,TIRF-330,330,HIGH,5,other,422,30a2ba7bea1a6ff6476a1b3d3f6223cc36edca03a84f956ceb2e628f8fabb4cd,DIRECT PRIMARY
7,PB263446(1).pdf,169,V07-P163,221,TIRF-330,330,HIGH,6,other,132,82a50bed0d4e753daff4e57edeae75b1bccc315e40696d6f746636f98b97f3b4,DIRECT PRIMARY
7,PB263446(1).pdf,170,V07-P170,222,TIRF-331,331,LOW,0,tire_identification,1311,4792456c73333cf4019432d4ce1b35bc0e3ef8a6958566d7698b81bfcd51665f,DIRECT PRIMARY
7,PB263446(1).pdf,171,V07-P170,222,TIRF-331,331,LOW,1,footprint_or_image,29,a3dbec38a1fb633278fc9dd72cf459887d49a3e62d6a96b6fa59fd2f92efbd76,DIRECT PRIMARY
7,PB263446(1).pdf,172,V07-P170,222,TIRF-331,331,LOW,2,cornering_coefficients,1310,0e2e5ae7bb42b1a43a36e9df2bf55c9c45b78220be8c22ab269d4ed7b41eb6a7,DIRECT PRIMARY
7,PB263446(1).pdf,173,V07-P170,222,TIRF-331,331,LOW,3,braking_coefficients,617,d3f58d20f6c62166935768cd12388ea0e208e33c927eb22a667c63830fd339eb,DIRECT PRIMARY
7,PB263446(1).pdf,174,V07-P170,222,TIRF-331,331,LOW,4,other,412,081b22fbf18375aff8a02e673de6701c1962f0cb8fff28b23bf8a7733a605b6e,DIRECT PRIMARY
7,PB263446(1).pdf,175,V07-P170,222,TIRF-331,331,LOW,5,other,316,9bfddbab16f3e177b183c0b8b40d0281bf47276cbba9e4a2c7df5a779389fb76,DIRECT PRIMARY
7,PB263446(1).pdf,176,V07-P170,222,TIRF-331,331,LOW,6,other,47,7463b476e967f249ae7e3b6e11c36ea18f814698e9f2f250d89059216a3f4d0f,DIRECT PRIMARY
7,PB263446(1).pdf,177,V07-P177,223,TIRF-332,332,HIGH,0,tire_identification,1127,8b10930e6463291c6040a1a84486b03b2f04bba40cb3c14e3379665931d3ff24,DIRECT PRIMARY
7,PB263446(1).pdf,178,V07-P177,223,TIRF-332,332,HIGH,1,footprint_or_image,37,f60c248a2a3dd06240bc73a762818013833daa9baa3bd4c84f0caebc1d8c7b7f,DIRECT PRIMARY
7,PB263446(1).pdf,179,V07-P177,223,TIRF-332,332,HIGH,2,cornering_coefficients,1330,8d1f2dca717c0f650a54367c703a301bcfd31f68ef47043dee48d045f8e89557,DIRECT PRIMARY
7,PB263446(1).pdf,180,V07-P177,223,TIRF-332,332,HIGH,3,braking_coefficients,603,441d555a0ce05ff6c19cd05289f2905d15bc7c0e57d5a69f683afb9b7afaf1bb,DIRECT PRIMARY
7,PB263446(1).pdf,181,V07-P177,223,TIRF-332,332,HIGH,4,cornering_plot,518,39d537340b04a33459849f8f73aa2a97133e22e81bd2d896c2b0502f7964d98b,DIRECT PRIMARY
7,PB263446(1).pdf,182,V07-P177,223,TIRF-332,332,HIGH,5,other,32,09a9f8fd54db2fe246300dc96dce55e0f9c4d71f6cb0933ca8670d22427d5e79,DIRECT PRIMARY
7,PB263446(1).pdf,183,V07-P177,223,TIRF-332,332,HIGH,6,other,107,89441a74f87d2e3bcdb6f7e38d2ec5b4f8bd7d860c21a36c964e0e1c1a164b95,DIRECT PRIMARY
7,PB263446(1).pdf,184,V07-P184,224,TIRF-333,333,MEDIUM,0,tire_identification,1504,b0c5b03382e272ac57e5a9bb43581ae8787a2e32ddd032c00b27476b61f81bae,DIRECT PRIMARY
7,PB263446(1).pdf,185,V07-P184,224,TIRF-333,333,MEDIUM,1,cornering_coefficients,1313,909b684b582577f875c5d70704e39ca063e4f973dc29f2dc762ed7cf7fe386b8,DIRECT PRIMARY
7,PB263446(1).pdf,186,V07-P184,224,TIRF-333,333,MEDIUM,2,braking_coefficients,614,e95fee8b5b4434582ce36bbe4bc4ab2d49d9b55afd03339038f7690da657b070,DIRECT PRIMARY
7,PB263446(1).pdf,187,V07-P184,224,TIRF-333,333,MEDIUM,3,cornering_plot,456,f96c926b89f814c85a97247b048b37ec3c013cd240f8b22948c41dd237892dc1,DIRECT PRIMARY
7,PB263446(1).pdf,188,V07-P184,224,TIRF-333,333,MEDIUM,4,other,84,df2894f4423fe0edd58ef24d5d685ebf2300d3906b9868350f57d36c849cf4e6,DIRECT PRIMARY
7,PB263446(1).pdf,189,V07-P184,224,TIRF-333,333,MEDIUM,5,other,311,3545961991c3f5c4120870ce9bbe5d8913c1cefd46d794dc688ac540e66af42b,DIRECT PRIMARY
7,PB263446(1).pdf,190,V07-P190,225,TIRF-334,334,HIGH,0,tire_identification,1282,6ec87966d30212d98826b5428529b98065121651487b05da50d3dc2caff6e08f,DIRECT PRIMARY
7,PB263446(1).pdf,191,V07-P190,225,TIRF-334,334,HIGH,1,footprint_or_image,25,43fe091af498e2226654468592e712d26bfd957fa703538175b5aa085dacccca,DIRECT PRIMARY
7,PB263446(1).pdf,192,V07-P190,225,TIRF-334,334,HIGH,2,cornering_coefficients,1343,75926704933c145109deb0e04e4f4d547701b37c7791949801aa96209b0db0c0,DIRECT PRIMARY
7,PB263446(1).pdf,193,V07-P190,225,TIRF-334,334,HIGH,3,braking_coefficients,605,6ba580db9d3489dd66fe5cfaef890e804513b70d666de0d814f440296a3f5596,DIRECT PRIMARY
7,PB263446(1).pdf,194,V07-P190,225,TIRF-334,334,HIGH,4,other,110,a6bfd5ab090d056352a277cb135a56fda85ed3043c2649a9d6fb9ed5090b74e0,DIRECT PRIMARY
7,PB263446(1).pdf,195,V07-P190,225,TIRF-334,334,HIGH,5,other,268,eeb3fbbc03da5217bc468446d34f89c374daea9371ef36ccf7f48177ef54b246,DIRECT PRIMARY
7,PB263446(1).pdf,196,V07-P190,225,TIRF-334,334,HIGH,6,other,33,ba4f8d0af751bad335edfd2529252fca68caae8ff1f6356dead9cdb98d11621f,DIRECT PRIMARY
7,PB263446(1).pdf,197,V07-P197,226,TIRF-335,335,MEDIUM,0,tire_identification,1189,2148aae7187724a98386f28f37375cd6aaf5ae4c208695c2545ff1ef9689b5ad,DIRECT PRIMARY
7,PB263446(1).pdf,198,V07-P197,226,TIRF-335,335,MEDIUM,1,footprint_or_image,29,4407e90d3e4014ba028bf2c524b31c5ed4cb1c6b49c8544d72013a464984b53b,DIRECT PRIMARY
7,PB263446(1).pdf,199,V07-P197,226,TIRF-335,335,MEDIUM,2,cornering_coefficients,1343,74dda72b8009981e9e335cfe78d2fa7b298bd43c97c49445536e422cfbf33b40,DIRECT PRIMARY
7,PB263446(1).pdf,200,V07-P197,226,TIRF-335,335,MEDIUM,3,braking_coefficients,597,e4811d1abae9402d20db78b0625765f7774b1f8e689c4353d32f1bd1eba67bf1,DIRECT PRIMARY
7,PB263446(1).pdf,201,V07-P197,226,TIRF-335,335,MEDIUM,4,other,423,b759d19ba421157c1a70862509973219f9e9475231bf7c2a269aa6a87e948053,DIRECT PRIMARY
7,PB263446(1).pdf,202,V07-P197,226,TIRF-335,335,MEDIUM,5,other,294,4a1b11edf4ee77360d02f70c76a24633520446a05e0cbb91484dfadb836a8849,DIRECT PRIMARY
7,PB263446(1).pdf,203,V07-P197,226,TIRF-335,335,MEDIUM,6,other,96,a3dde93f92c60b09ce8fa1240fad3eb1db49b05a623a1bac0bd4549b438b874d,DIRECT PRIMARY
7,PB263446(1).pdf,204,V07-P204,227,TIRF-336,336,MEDIUM,0,tire_identification,1527,f627a4817bbe0a0327e0ff660c14cbe1d8d49c60af206ac2319849abe5078936,DIRECT PRIMARY
7,PB263446(1).pdf,205,V07-P204,227,TIRF-336,336,MEDIUM,1,footprint_or_image,37,f8d7e71a66e39b6e70c60c544d1ca08ae6521a055186a40e6e01c1c05f0156cb,DIRECT PRIMARY
7,PB263446(1).pdf,206,V07-P204,227,TIRF-336,336,MEDIUM,2,cornering_coefficients,1317,1a9b491bd94cc1cadf3f2fae639166a08ff7ae1d6d5d59d8d77cce59cff9300a,DIRECT PRIMARY
7,PB263446(1).pdf,207,V07-P204,227,TIRF-336,336,MEDIUM,3,braking_coefficients,608,0c1c682edfbb4dca0a87968a2c3065b292415cdb202a9f94af8fa7bb82514375,DIRECT PRIMARY
7,PB263446(1).pdf,208,V07-P204,227,TIRF-336,336,MEDIUM,4,other,510,8a08f455520c6d6f360d7c880c1384fc8e408a9101eefa27c2d2b21dc70a90ae,DIRECT PRIMARY
7,PB263446(1).pdf,209,V07-P204,227,TIRF-336,336,MEDIUM,5,other,321,c132a18a2d8654e0e5e7717836b1e32aa3fc59e85fb1d6dae6cbc4457032d44b,DIRECT PRIMARY
7,PB263446(1).pdf,210,V07-P204,227,TIRF-336,336,MEDIUM,6,other,96,5eb32c3e821e23be539e06fc9e31c19da42b98f589881dac80509e242a7480ec,DIRECT PRIMARY
7,PB263446(1).pdf,211,V07-P204,227,TIRF-336,336,MEDIUM,7,other,986,a516ff13a25c65186a77211db5ed64b006ed6929bb22cd3db6272225a5831093,DIRECT PRIMARY
7,PB263446(1).pdf,212,V07-P204,227,TIRF-336,336,MEDIUM,8,image_or_blank,7,6599c28305f039e45c795f8c5dc09f9553798ed42bae7a491dd6449c9117c71e,DIRECT PRIMARY
7,PB263446(1).pdf,213,V07-P204,227,TIRF-336,336,MEDIUM,9,cornering_coefficients,1375,758f3748c6edeae297468300312d4e96e06213811c9f8fc18322caae2c61111a,DIRECT PRIMARY
7,PB263446(1).pdf,214,V07-P204,227,TIRF-336,336,MEDIUM,10,braking_coefficients,614,3b31f7f9207701098481847e99373f3c000c834dbd4226ff841cf982f74b3d88,DIRECT PRIMARY
7,PB263446(1).pdf,215,V07-P204,227,TIRF-336,336,MEDIUM,11,cornering_plot,473,2926840ea4256cf39bde9abd526efbd13a87052491b31bc78086eb0883dc35b1,DIRECT PRIMARY
7,PB263446(1).pdf,216,V07-P204,227,TIRF-336,336,MEDIUM,12,other,384,868510a99d423938278baea80ea9c24177285133fc61b64e1b9e7e7c7a6f9f13,DIRECT PRIMARY
7,PB263446(1).pdf,217,V07-P204,227,TIRF-336,336,MEDIUM,13,other,92,ce95b545272badfe320ca19051c8d4fd3932f0c09b72b91da35890786509251e,DIRECT PRIMARY
7,PB263446(1).pdf,218,V07-P218,228,TIRF-340,340,MEDIUM,0,tire_identification,1371,07191387f181b8889dbfb406145abe570f8d2ce7c13c58942901d48eb7a9137f,DIRECT PRIMARY
7,PB263446(1).pdf,219,V07-P218,228,TIRF-340,340,MEDIUM,1,footprint_or_image,63,0c608dd7bca0e31fa52fb7d582cc84b2ab01f7dc75bf24873f9357cde8c8987b,DIRECT PRIMARY
7,PB263446(1).pdf,220,V07-P218,228,TIRF-340,340,MEDIUM,2,tire_uniformity,365,31cd3c6b211079d0ab83bca675b471932609c85363fe8f271e71700e34f0f63e,DIRECT PRIMARY
7,PB263446(1).pdf,221,V07-P218,228,TIRF-340,340,MEDIUM,3,cornering_coefficients,1299,448114f0af779764a6ebb0d9b4f017bdfcfd14b361526684e1a2fb625b4eba61,DIRECT PRIMARY
7,PB263446(1).pdf,222,V07-P218,228,TIRF-340,340,MEDIUM,4,braking_coefficients,617,191fa272fd3bde88729c03ebac204390f9ba9480e8ed26664d16cf5b0273c5ab,DIRECT PRIMARY
7,PB263446(1).pdf,223,V07-P218,228,TIRF-340,340,MEDIUM,5,other,469,08e04f67ea4ce9af12f6657c53798951ee9e03c289acfb6e3c6a8c54b441f282,DIRECT PRIMARY
7,PB263446(1).pdf,224,V07-P218,228,TIRF-340,340,MEDIUM,6,other,89,ef45f44898d4c6b956014bc882e4aafc6db36b5ed9c5c4ed26df87fc95497982,DIRECT PRIMARY
7,PB263446(1).pdf,225,V07-P218,228,TIRF-340,340,MEDIUM,7,other,413,c4d46d1b310d1fc9a3da34c66a7a9b9c7d8d71a269b3d192e18e53aca676741e,DIRECT PRIMARY
7,PB263446(1).pdf,226,V07-P226,229,TIRF-341,341,MEDIUM,0,tire_identification,1177,6a9cd97571db6e0c6811f9181994c3dea051fd0f0f8f47d2cbfd8938fce44957,DIRECT PRIMARY
7,PB263446(1).pdf,227,V07-P226,229,TIRF-341,341,MEDIUM,1,footprint_or_image,41,27fe3a3e108d0d2f8e15ccf7363c8e645c63c6ed6f720e41048ed2e9c653c2fe,DIRECT PRIMARY
7,PB263446(1).pdf,228,V07-P226,229,TIRF-341,341,MEDIUM,2,cornering_coefficients,1318,ea6366aaeab6410b57b676192985b15fd10fa182de99cc18e2778fb817500d39,DIRECT PRIMARY
7,PB263446(1).pdf,229,V07-P226,229,TIRF-341,341,MEDIUM,3,braking_coefficients,614,9ae4f8ed4f30ebe1f40d017a58df2f0048ffe461344c7e78701872d631aec658,DIRECT PRIMARY
7,PB263446(1).pdf,230,V07-P226,229,TIRF-341,341,MEDIUM,4,cornering_plot,359,45adbf6103b1c42ab8212e9f11132b668dffad3af109fa9f5ff5a2b23aa17098,DIRECT PRIMARY
7,PB263446(1).pdf,231,V07-P226,229,TIRF-341,341,MEDIUM,5,other,251,4d9e9721a07b4afa91362db638b9eb2ce5ac39c5ad62b4da4a2f42627188a794,DIRECT PRIMARY
7,PB263446(1).pdf,232,V07-P226,229,TIRF-341,341,MEDIUM,6,other,91,3c8156cc06dca67d2e58aa93bb943d680fd30cab27ec404177b8a8bd054fd81a,DIRECT PRIMARY
7,PB263446(1).pdf,233,V07-P233,230,TIRF-342,342,MEDIUM,0,tire_identification,1120,241f80c5d4effc0b2ae5fc1f8b662361c03b84283a38b1cda1c3bae373f126a4,DIRECT PRIMARY
7,PB263446(1).pdf,234,V07-P233,230,TIRF-342,342,MEDIUM,1,footprint_or_image,60,d31af2d88f473fe9ac6a1a9e1c82ea29eede4296d8ca2747dc113eafd90100a5,DIRECT PRIMARY
7,PB263446(1).pdf,235,V07-P233,230,TIRF-342,342,MEDIUM,2,cornering_coefficients,1367,e80f8be8cae326582d92b0a61af8788961302dab01660fb09493e7c672a55914,DIRECT PRIMARY
7,PB263446(1).pdf,236,V07-P233,230,TIRF-342,342,MEDIUM,3,braking_plot,548,ceed79dd4cf6eba79bc6ba053231425da095977f78f24a6ecf3fd8588d7b7cfd,DIRECT PRIMARY
7,PB263446(1).pdf,237,V07-P233,230,TIRF-342,342,MEDIUM,4,other,476,bb4096c71ecfe7d5b5dd3f9ab9d5cd70b35497eb042c1bd8acd50aac2e9cc6be,DIRECT PRIMARY
7,PB263446(1).pdf,238,V07-P233,230,TIRF-342,342,MEDIUM,5,other,257,0441b51e28397790491856239436ea23a742be9dac3d74b628c5ac84ef93f581,DIRECT PRIMARY
7,PB263446(1).pdf,239,V07-P233,230,TIRF-342,342,MEDIUM,6,other,98,2de638e5c10ba47cfa133a6e85e10f6530ce0725a1c1278ea03527e99554fbb8,DIRECT PRIMARY
7,PB263446(1).pdf,240,V07-P240,231,TIRF-343,343,HIGH,0,tire_identification,1486,f6f6a6956cc9c2a25c561605ab8e322a9722561272c65b28f08735012452f4ef,DIRECT PRIMARY
7,PB263446(1).pdf,241,V07-P240,231,TIRF-343,343,HIGH,1,footprint_or_image,34,b2dbd10daa7ca28ba83eed08f9a664e7be77f59b3e7757fb07ce56b65992c3b4,DIRECT PRIMARY
7,PB263446(1).pdf,242,V07-P240,231,TIRF-343,343,HIGH,2,cornering_coefficients,1334,e8b81162e2ccaf53842bd0b5ff75e423d69e782324fae5410381a71b2342a561,DIRECT PRIMARY
7,PB263446(1).pdf,243,V07-P240,231,TIRF-343,343,HIGH,3,braking_coefficients,589,248d4b29147ce951dc876bee5e6d66967fd731f3ba27309045ee80fc184f5708,DIRECT PRIMARY
7,PB263446(1).pdf,244,V07-P240,231,TIRF-343,343,HIGH,4,other,382,c1ab3f45a4049289a760c3c32e275022c0b1ed6a009b88cff7501cb4a5e3debc,DIRECT PRIMARY
7,PB263446(1).pdf,245,V07-P240,231,TIRF-343,343,HIGH,5,cornering_plot,243,93304a8d7e6c8b47128e3e1fcb6865c68b65fdccabc79ac6b8b8da0d7200ed9d,DIRECT PRIMARY
7,PB263446(1).pdf,246,V07-P240,231,TIRF-343,343,HIGH,6,other,131,149c357b327cfb6177af3a75b9448ccc0bfb6815c4925d3b26d8ae152e27f9a4,DIRECT PRIMARY
7,PB263446(1).pdf,247,V07-P240,231,TIRF-343,343,HIGH,7,other,1074,5332c683e608f54fa6f8eea081b967a41a121f8d380a7b1862fe4fbbacbca574,DIRECT PRIMARY
7,PB263446(1).pdf,248,V07-P240,231,TIRF-343,343,HIGH,8,other,42,ba4e117c9a1cc2c5d43c245f46e7ce058535845386c29e9265d607a97cde4515,DIRECT PRIMARY
7,PB263446(1).pdf,249,V07-P240,231,TIRF-343,343,HIGH,9,tire_uniformity,359,de59becf2a71d6fb66d4b5a1e1991677b54a4904ce4109cc06a68e7fb86f42c6,DIRECT PRIMARY
7,PB263446(1).pdf,250,V07-P240,231,TIRF-343,343,HIGH,10,cornering_coefficients,1312,6a83c7a9cd639ffbe68ad920587907c66d3a8ca17bf50be4a4144e0ca7689296,DIRECT PRIMARY
7,PB263446(1).pdf,251,V07-P240,231,TIRF-343,343,HIGH,11,braking_coefficients,609,1655662d77d14f990b94b6cc6ebc83f542eef7a1b24ea2d323e575a62962b71b,DIRECT PRIMARY
7,PB263446(1).pdf,252,V07-P240,231,TIRF-343,343,HIGH,12,other,367,7f017ab30e0ce4117e4aaa76b0dc03bd9b2c682084b725b8d742ba7a6af38440,DIRECT PRIMARY
7,PB263446(1).pdf,253,V07-P240,231,TIRF-343,343,HIGH,13,other,233,0e2b478c2c5614976a3612a2564c8e006944aa11bc7fba388cb7ea523abc38c4,DIRECT PRIMARY
7,PB263446(1).pdf,254,V07-P240,231,TIRF-343,343,HIGH,14,other,44,62711bca92c60539ad3f6f4bf9bcb211acfd8c5ed476dcf223ad9f5a5b744466,DIRECT PRIMARY
7,PB263446(1).pdf,255,V07-P255,232,TIRF-344,344,LOW,0,tire_identification,1089,82b40d66bdc0449363fe417d12505ba27aa9dd36ab2ca9f5a45582e9d13889f5,DIRECT PRIMARY
7,PB263446(1).pdf,256,V07-P255,232,TIRF-344,344,LOW,1,footprint_or_image,38,2cf3955c4171c312dd16d5f61b63d725b064e54ebc0d1bbdbf2badaadf6c1042,DIRECT PRIMARY
7,PB263446(1).pdf,257,V07-P255,232,TIRF-344,344,LOW,2,cornering_coefficients,1374,b3f1c8c95cdc5e98c6165799f88470480bc8e865abf664acc56f2287bfb89519,DIRECT PRIMARY
7,PB263446(1).pdf,258,V07-P255,232,TIRF-344,344,LOW,3,braking_plot,599,6ccc84ffa296a344dd066b999e429ef603e86e0e3b3d590f733d3d88c2310f8c,DIRECT PRIMARY
7,PB263446(1).pdf,259,V07-P255,232,TIRF-344,344,LOW,4,other,621,174e238a0b641e2f4d6c786313a5280bf9ef5bf58a256553d6ae79fe31de1fd8,DIRECT PRIMARY
7,PB263446(1).pdf,260,V07-P255,232,TIRF-344,344,LOW,5,other,321,beedfb4eb3520052dea08812de6c06c305c4700b28b277262dea4e45e84e7796,DIRECT PRIMARY
7,PB263446(1).pdf,261,V07-P255,232,TIRF-344,344,LOW,6,other,78,4028afae3a60766306d919ae52e03497ea94afa237115ee335dfed7de47cbf10,DIRECT PRIMARY
7,PB263446(1).pdf,262,V07-P262,233,TIRF-345,345,MEDIUM,0,tire_identification,1857,25943bcd7759e45453790eae68005ff6f360af2c564960c08f1f056d81b72036,DIRECT PRIMARY
7,PB263446(1).pdf,263,V07-P262,233,TIRF-345,345,MEDIUM,1,footprint_or_image,22,6a2f63753faba3fcc01bf412d333bc087be03294c9e2088ad49cfdb954d8e1dc,DIRECT PRIMARY
7,PB263446(1).pdf,264,V07-P262,233,TIRF-345,345,MEDIUM,2,other,1223,68c68a2d062dbf126840501cc992f739e425c2df3ed7520aefac355a41b533ba,DIRECT PRIMARY
7,PB263446(1).pdf,265,V07-P262,233,TIRF-345,345,MEDIUM,3,braking_coefficients,614,f35fed9432fc1c427dd043e880b23a875075549812647e7911ecd20fd86587b4,DIRECT PRIMARY
7,PB263446(1).pdf,266,V07-P262,233,TIRF-345,345,MEDIUM,4,cornering_plot,410,f437e6726cb3c0fae320d9df0dee905049a26335a07492bb06af0dcb48289813,DIRECT PRIMARY
7,PB263446(1).pdf,267,V07-P262,233,TIRF-345,345,MEDIUM,5,other,349,7beb33f70578a96ca351429480b545e1a5919cc7f68e4db361805591f3cbe388,DIRECT PRIMARY
7,PB263446(1).pdf,268,V07-P262,233,TIRF-345,345,MEDIUM,6,other,109,51b9b2c70e229cf52c559cb4baed3ae03d8afc613db69c7db09664e9e472d6d1,DIRECT PRIMARY
7,PB263446(1).pdf,269,V07-P269,234,TIRF-347,347,HIGH,0,tire_identification,1105,d840c4bd628ebf55c0afbfbd7d415253898e52fd6ae7a0558ec70d6d01a6444b,DIRECT PRIMARY
7,PB263446(1).pdf,270,V07-P269,234,TIRF-347,347,HIGH,1,footprint_or_image,20,13884e445a1a3d5a93edc4376c28441b6d4aae2b02407fda7390b154f595406e,DIRECT PRIMARY
7,PB263446(1).pdf,271,V07-P269,234,TIRF-347,347,HIGH,2,tire_uniformity,436,5ec13eb7d293a9e6efca9b6e67246cc3593de631a4792c8f80c424314b7915ba,DIRECT PRIMARY
7,PB263446(1).pdf,272,V07-P269,234,TIRF-347,347,HIGH,3,other,1165,c77cd666ffd331e9f04952e5e1ab952af878a9752315f61cd2e59c9f41585e74,DIRECT PRIMARY
7,PB263446(1).pdf,273,V07-P269,234,TIRF-347,347,HIGH,4,braking_coefficients,603,5025c20c5c524c630567c841c76af90c10b7c8d4c0a32a0fecb4a7389d20fad9,DIRECT PRIMARY
7,PB263446(1).pdf,274,V07-P269,234,TIRF-347,347,HIGH,5,other,429,290a3df12240c99e673772dada715e3d1ebca8f66601b157d8202d01d22660c3,DIRECT PRIMARY
7,PB263446(1).pdf,275,V07-P269,234,TIRF-347,347,HIGH,6,other,246,aee6eec7aafe34644bd58daf7cc1b01e33ab7d1a1fe8d29bb3e6d6f9dacf0876,DIRECT PRIMARY
7,PB263446(1).pdf,276,V07-P269,234,TIRF-347,347,HIGH,7,other,139,6acddc767f4cbd42ca15ba79ab248747315be9d49fc29d5e7181a3b266377a1d,DIRECT PRIMARY
7,PB263446(1).pdf,277,V07-P277,235,TIRF-348,348,MEDIUM,0,tire_identification,1138,7f6c672a3b79e2fa916e57d27f582277eb9055d031f98294329feabb13b549b6,DIRECT PRIMARY
7,PB263446(1).pdf,278,V07-P277,235,TIRF-348,348,MEDIUM,1,footprint_or_image,20,89e9eb252c8d3ecec2b25a4264b93221b1b074b0bf342ba4dee8b7d6e0a67ef2,DIRECT PRIMARY
7,PB263446(1).pdf,279,V07-P277,235,TIRF-348,348,MEDIUM,2,cornering_coefficients,1418,e5fb64f98a380eaa93ec45a9fd8d50a14e49c32dafbea36814e502bb66536e66,DIRECT PRIMARY
7,PB263446(1).pdf,280,V07-P277,235,TIRF-348,348,MEDIUM,3,braking_coefficients,603,b57b4ab9ddf6c77ae3533e27b6210e1e008c684171d12da2eab8638730d6256b,DIRECT PRIMARY
7,PB263446(1).pdf,281,V07-P277,235,TIRF-348,348,MEDIUM,4,other,435,a168c7694010a92556a45bbf99b2d772ef4c93db0f8be0471aed6eb1ffadc952,DIRECT PRIMARY
7,PB263446(1).pdf,282,V07-P277,235,TIRF-348,348,MEDIUM,5,other,300,0a8b2c27aeac7c0cbf59d8702a7de3c5a090e5e430e3ca084eff2f73aecb2b41,DIRECT PRIMARY
7,PB263446(1).pdf,283,V07-P277,235,TIRF-348,348,MEDIUM,6,other,210,9282855b21368aa5352dbeb7a2a2fbdc4cf6ebe0bec5c8149ce656f3ee1cd488,DIRECT PRIMARY
7,PB263446(1).pdf,284,V07-P284,236,TIRF-349,349,MEDIUM,0,tire_identification,1316,bf6467c30623c088db5724c54447fe4481ed75ed5b36a32f784d9eb04fa467e3,DIRECT PRIMARY
7,PB263446(1).pdf,285,V07-P284,236,TIRF-349,349,MEDIUM,1,footprint_or_image,34,e1ec8c7fcdeaa7d7ae44d81614fd44bcda2163fc0623d50ed1570cc43143e475,DIRECT PRIMARY
7,PB263446(1).pdf,286,V07-P284,236,TIRF-349,349,MEDIUM,2,cornering_coefficients,1377,7a78bc4a99bef7f5d406a69e95c82f65961ce3a2cdfe23b410cb52bacd93855c,DIRECT PRIMARY
7,PB263446(1).pdf,287,V07-P284,236,TIRF-349,349,MEDIUM,3,braking_plot,611,2f05fb4f0b2c33763f4127d941ccfec4aaf8acbe6dd4b02623a32ca7763a6a55,DIRECT PRIMARY
7,PB263446(1).pdf,288,V07-P284,236,TIRF-349,349,MEDIUM,4,other,483,04053af48b14462216ea32b72b05cdc5b6d9ae73ed9c9871b5dd8bcd572dbc80,DIRECT PRIMARY
7,PB263446(1).pdf,289,V07-P284,236,TIRF-349,349,MEDIUM,5,other,226,4b38dad9e27f57c8d565fd94799e5b8d4d2fbc7544112aab988092b73866f073,DIRECT PRIMARY
7,PB263446(1).pdf,290,V07-P284,236,TIRF-349,349,MEDIUM,6,other,92,953159266c37af171e73092ef52cabb527ea4780e6ab2f5284d80e422246e77a,DIRECT PRIMARY
7,PB263446(1).pdf,291,V07-P291,237,TIRF-353,353,LOW,0,tire_identification,1178,2f863f7b2b60088f667508c7098a98f90f3fa617a446e2b5d40001aef56fe0f0,DIRECT PRIMARY
7,PB263446(1).pdf,292,V07-P291,237,TIRF-353,353,LOW,1,footprint_or_image,38,9a2e0ecfed78a19989976ea91a99632bc747b3d980372b847adc133f45f42a8c,DIRECT PRIMARY
7,PB263446(1).pdf,293,V07-P291,237,TIRF-353,353,LOW,2,tire_uniformity,419,c9802a5b2e371588477875c7862cfcf1ffc6401d4e7422187286fa3c61065d97,DIRECT PRIMARY
7,PB263446(1).pdf,294,V07-P291,237,TIRF-353,353,LOW,3,cornering_coefficients,1308,44ad104d26d99d932b1943a3df04434583489cdb109df028bf14d4247ae0974a,DIRECT PRIMARY
7,PB263446(1).pdf,295,V07-P291,237,TIRF-353,353,LOW,4,braking_coefficients,597,1924d7dcc745844df07f2e4053c69f7aede4d476ae7c83b999d4c432a61cc4ac,DIRECT PRIMARY
7,PB263446(1).pdf,296,V07-P291,237,TIRF-353,353,LOW,5,other,382,f27a23a0127d13d700dc00d8c9dad7cf528d3f13cd38709338813c535bb473c5,DIRECT PRIMARY
7,PB263446(1).pdf,297,V07-P291,237,TIRF-353,353,LOW,6,other,302,6a97bab98f10ad88b28524b533585cc580f3b60a21fe7f689644b2ae24b43ea9,DIRECT PRIMARY
7,PB263446(1).pdf,298,V07-P291,237,TIRF-353,353,LOW,7,other,96,f09b41b65a2fcd1328a6366ae74a9c83613d663b4ca482b03cdfffdfe06d67c4,DIRECT PRIMARY
7,PB263446(1).pdf,299,V07-P299,238,TIRF-354,354,MEDIUM,0,tire_identification,1110,06ddf3db39f404e5037957eec199f44f9ef88c73310ed79d59361d84dfa63e4b,DIRECT PRIMARY
7,PB263446(1).pdf,300,V07-P299,238,TIRF-354,354,MEDIUM,1,footprint_or_image,30,d81b947b31983a4b097d03bb051ae6af47ceeabdfd8495b35650d157da6767d7,DIRECT PRIMARY
7,PB263446(1).pdf,301,V07-P299,238,TIRF-354,354,MEDIUM,2,tire_uniformity,389,f038eb5988b4e33ac376eb2c98cc1e7512c1788f8fc9da3d92c73394e4cdc7a0,DIRECT PRIMARY
7,PB263446(1).pdf,302,V07-P299,238,TIRF-354,354,MEDIUM,3,cornering_coefficients,1290,38742cccd5fc5e4a54ee098d0dbf26b6a48b34fcd2507034608d69259739dc02,DIRECT PRIMARY
7,PB263446(1).pdf,303,V07-P299,238,TIRF-354,354,MEDIUM,4,braking_coefficients,596,d157c8b896cd1688f83595262c6c80578376abfcd0aba5613899f23103e5b638,DIRECT PRIMARY
7,PB263446(1).pdf,304,V07-P299,238,TIRF-354,354,MEDIUM,5,other,353,7d5673ab8283056dae25dbd5b91817f0d6717ea2630a1d3cca0a3b72f1bd80e8,DIRECT PRIMARY
7,PB263446(1).pdf,305,V07-P299,238,TIRF-354,354,MEDIUM,6,other,288,e10d67e9ab03b31742ae01931ba71dcf742920c9df98130a874d3bcde157d2c6,DIRECT PRIMARY
7,PB263446(1).pdf,306,V07-P299,238,TIRF-354,354,MEDIUM,7,other,460,5ad7731be047e9aab012391e6884674ba47b555a73c9410d2f4239f1b0bcb326,DIRECT PRIMARY
7,PB263446(1).pdf,307,V07-P307,239,TIRF-356,356,MEDIUM,0,tire_identification,1078,22126f0226143d373325151f8bf9c8253207960059ce725a9255cf97ac013c77,DIRECT PRIMARY
7,PB263446(1).pdf,308,V07-P307,239,TIRF-356,356,MEDIUM,1,footprint_or_image,62,75bd51407dd6612d148d3cdef01b28c6f46928b2088bab4d0ff2c19001500d5d,DIRECT PRIMARY
7,PB263446(1).pdf,309,V07-P307,239,TIRF-356,356,MEDIUM,2,tire_uniformity,427,2c8f262c9fab22240cdd6a396b5f6f98d1a219645f45e89c8bb5a01442148379,DIRECT PRIMARY
7,PB263446(1).pdf,310,V07-P307,239,TIRF-356,356,MEDIUM,3,cornering_coefficients,1302,05a9c3d233279d93839f9abefa60e139b1c13658548cc4dd369301cf18d1e480,DIRECT PRIMARY
7,PB263446(1).pdf,311,V07-P307,239,TIRF-356,356,MEDIUM,4,braking_coefficients,600,b84b9811c0f29763464be6e4a70538026c4b91e9c7bb134bd0984e21b1aea1c5,DIRECT PRIMARY
7,PB263446(1).pdf,312,V07-P307,239,TIRF-356,356,MEDIUM,5,cornering_plot,390,25d5966d16b782d84f1a855c3ef577586d5edd8dfe98c1b41c1742134e512cde,DIRECT PRIMARY
7,PB263446(1).pdf,313,V07-P307,239,TIRF-356,356,MEDIUM,6,other,266,2e357d29defb05f98d56b35c476e54d3895521b1b91f78c373eba6a8485f89b1,DIRECT PRIMARY
7,PB263446(1).pdf,314,V07-P307,239,TIRF-356,356,MEDIUM,7,other,447,47f730bef569db3976ce9bf6942a62b25e853945b64f136a8e0f3f457512ae65,DIRECT PRIMARY
7,PB263446(1).pdf,315,V07-P315,240,TIRF-357,357,HIGH,0,tire_identification,1216,3c8ca604cdd8c9696bfd88a4a69646b8e7e7e3314031ea251446503ae7924431,DIRECT PRIMARY
7,PB263446(1).pdf,316,V07-P315,240,TIRF-357,357,HIGH,1,footprint_or_image,12,b5d3b6a548316e01852b872a963813d08822d65d9d6a9cd67609089ff24e9ed7,DIRECT PRIMARY
7,PB263446(1).pdf,317,V07-P315,240,TIRF-357,357,HIGH,2,other,388,a4cdf4c0f632ae297fede639f0d85561a9ad2bb74c810f6aa27ca25111021455,DIRECT PRIMARY
7,PB263446(1).pdf,318,V07-P315,240,TIRF-357,357,HIGH,3,cornering_coefficients,1355,a8289fe55fc9ef642b17d82d693e2b539bbeaf3cee5fa7d7a0a36c6e38fd0154,DIRECT PRIMARY
7,PB263446(1).pdf,319,V07-P315,240,TIRF-357,357,HIGH,4,braking_coefficients,604,d5c189840b49328bcd5632a739cb2203e29c56af079de09af5ab51eb7151e0dc,DIRECT PRIMARY
7,PB263446(1).pdf,320,V07-P315,240,TIRF-357,357,HIGH,5,cornering_plot,430,e8e7f964fb321cc0858404234621ebe9602a62839979338e6167f9f84b8a9c0b,DIRECT PRIMARY
7,PB263446(1).pdf,321,V07-P315,240,TIRF-357,357,HIGH,6,other,342,88871ddfabc256ca8c381365888b04ab05673878b4db8a66d9d60ad619794b90,DIRECT PRIMARY
7,PB263446(1).pdf,322,V07-P315,240,TIRF-357,357,HIGH,7,other,352,bad55daaef91ad35f75142c3bb677935f4bc480ef77eed96f7057c853dcb6451,DIRECT PRIMARY
7,PB263446(1).pdf,323,V07-P323,241,TIRF-358,358,MEDIUM,0,tire_identification,1172,177b2ed27d91e87412bcf7e3fe1a99f3d3fd3979934808fad62beee3ebe6ad99,DIRECT PRIMARY
7,PB263446(1).pdf,324,V07-P323,241,TIRF-358,358,MEDIUM,1,footprint_or_image,21,d98b18fdefafa7764b64807d697bc25854cece4cc23f489d64aaac09583a6234,DIRECT PRIMARY
7,PB263446(1).pdf,325,V07-P323,241,TIRF-358,358,MEDIUM,2,tire_uniformity,418,4452c0d60edd3ac5de0d15bbb3382914a840e83fa29e45595002ac2a4ae14eb0,DIRECT PRIMARY
7,PB263446(1).pdf,326,V07-P323,241,TIRF-358,358,MEDIUM,3,cornering_coefficients,1300,f7f949dfc344c0e557bdcc58543f3f1fb2f0ef6c9846d0d37b2b17a466e36e3b,DIRECT PRIMARY
7,PB263446(1).pdf,327,V07-P323,241,TIRF-358,358,MEDIUM,4,braking_coefficients,608,ccb91be694163036fafd8ed44b3a55e157578268d748841c791fb4b1cbf91d0a,DIRECT PRIMARY
7,PB263446(1).pdf,328,V07-P323,241,TIRF-358,358,MEDIUM,5,other,415,c1f7df8dd0e47079ca8bf4a332e60e2cff514a465369e3f925caabbb7d8ff5d7,DIRECT PRIMARY
7,PB263446(1).pdf,329,V07-P323,241,TIRF-358,358,MEDIUM,6,other,259,2fd458d7acdc380c1f00db15cfaf250489f3307785c5804e5e9df26beac79823,DIRECT PRIMARY
7,PB263446(1).pdf,330,V07-P323,241,TIRF-358,358,MEDIUM,7,other,154,599a2c93b702e3250c0d2adf007b3c5f3e41c8f623be5cc288c823f49c2defa4,DIRECT PRIMARY
7,PB263446(1).pdf,331,V07-P331,242,TIRF-358,358,MEDIUM,0,tire_identification,1109,395720b540b0ef7009b316705d5f9845ec1c4c956104c92995c7e33f6d189ace,DIRECT PRIMARY
7,PB263446(1).pdf,332,V07-P331,242,TIRF-358,358,MEDIUM,1,footprint_or_image,4,b32fa34ffd2fe9eb2daab63167342166a2f1196d8611c9ec76d78a9432292eb9,DIRECT PRIMARY
7,PB263446(1).pdf,333,V07-P331,242,TIRF-358,358,MEDIUM,2,tire_uniformity,387,8009af6b646af3f7d8e15a8367fc13c35ffb5da8aeb19e0a5cf1a546bec7b94b,DIRECT PRIMARY
7,PB263446(1).pdf,334,V07-P331,242,TIRF-358,358,MEDIUM,3,cornering_coefficients,1314,2ea7db163436c63e4e0cf1faaf6cb8c9028531a61584ad08316f250c90edcd00,DIRECT PRIMARY
7,PB263446(1).pdf,335,V07-P331,242,TIRF-358,358,MEDIUM,4,braking_plot,583,d779b80f18e56227cb22b6da90af68ea4ae814d96fa177489d31e2cc39624c1e,DIRECT PRIMARY
7,PB263446(1).pdf,336,V07-P331,242,TIRF-358,358,MEDIUM,5,other,396,5793390a88a876cdafe614a822cd383e671dbc2d48648c9e00f76d439b179a8c,DIRECT PRIMARY
7,PB263446(1).pdf,337,V07-P331,242,TIRF-358,358,MEDIUM,6,cornering_plot,232,89b17c3067b65c113cbc58ce2ca1c3317ea631473d7f2f6f445684f857a8b74a,DIRECT PRIMARY
7,PB263446(1).pdf,338,V07-P331,242,TIRF-358,358,MEDIUM,7,other,80,1461762441074bea49decfcc5a15e05fd2686b0518733bfc7919d310c453109f,DIRECT PRIMARY
7,PB263446(1).pdf,339,V07-P339,243,TIRF-360,360,HIGH,0,tire_identification,1139,2f5782379b85f8108d900c99e84b16b1ad60bf0a696dc63f9e2a81715ce37994,DIRECT PRIMARY
7,PB263446(1).pdf,340,V07-P339,243,TIRF-360,360,HIGH,1,footprint_or_image,31,f310b4dd457a704d81f382b49cb5994ac6dabbe80483ad62d3450f53e8c95ec4,DIRECT PRIMARY
7,PB263446(1).pdf,341,V07-P339,243,TIRF-360,360,HIGH,2,tire_uniformity,421,ebd37a9580a3e1c57c5112e0f0ed74b7c1083bd7798fcd7fab148927f2e5200c,DIRECT PRIMARY
7,PB263446(1).pdf,342,V07-P339,243,TIRF-360,360,HIGH,3,cornering_coefficients,1303,c3c234ddaaafbcdd639d3f716019e0c463a979ebd56ef2b4359549db9f55bddd,DIRECT PRIMARY
7,PB263446(1).pdf,343,V07-P339,243,TIRF-360,360,HIGH,4,braking_coefficients,606,1d1c1565e8b663c168fef69c11b5b0733222347562f4bb8d636610b06d935d6f,DIRECT PRIMARY
7,PB263446(1).pdf,344,V07-P339,243,TIRF-360,360,HIGH,5,image_or_blank,26,8d4199a897252995b0c461fdf1a05f79bb872a2cb6f6b9cffe66d41e0170d0de,DIRECT PRIMARY
7,PB263446(1).pdf,345,V07-P339,243,TIRF-360,360,HIGH,6,other,234,ab87a87d0b7d00f189ed135b569f2e390127350cc942308fa44f2faa5eb0c4af,DIRECT PRIMARY
7,PB263446(1).pdf,346,V07-P339,243,TIRF-360,360,HIGH,7,other,47,7f7f71843323f87d11f6a05e49d8a1abae0d421d1c1fc573ecb16a94bad1bb6a,DIRECT PRIMARY
7,PB263446(1).pdf,347,V07-P347,244,TIRF-361,361,HIGH,0,tire_identification,1123,e67bab6b5e0728a8461359a863e9b95ed39e354e7e2ce45b9b887a9123a1be7e,DIRECT PRIMARY
7,PB263446(1).pdf,348,V07-P347,244,TIRF-361,361,HIGH,1,footprint_or_image,54,15bd8d59603cf414e8faa76ef2948729a18b60194256ee86ffb86df02d14ec30,DIRECT PRIMARY
7,PB263446(1).pdf,349,V07-P347,244,TIRF-361,361,HIGH,2,tire_uniformity,409,37e3cc026cbea1c42b794286c52d01cf9bad9bcb6fc052fd29621063809af2b9,DIRECT PRIMARY
7,PB263446(1).pdf,350,V07-P347,244,TIRF-361,361,HIGH,3,cornering_coefficients,1298,235f31c922f12e829afba4633de38a45560ebd43ceee6e903519652b7823977b,DIRECT PRIMARY
7,PB263446(1).pdf,351,V07-P347,244,TIRF-361,361,HIGH,4,braking_coefficients,601,201c5d1f27c125b2ae20ecafd49da167be62666d5b9420fce8d4585ce284006b,DIRECT PRIMARY
7,PB263446(1).pdf,352,V07-P347,244,TIRF-361,361,HIGH,5,other,353,c7374ef54a20628adfdc09fa24b1f9a4edea6a4f3e69597bffe1b31c4037edb3,DIRECT PRIMARY
7,PB263446(1).pdf,353,V07-P347,244,TIRF-361,361,HIGH,6,cornering_plot,269,b3eef88a44d355dd3da5c5e408456e4f60ceb6675aaf4f7f87afc3bdcdcc3acc,DIRECT PRIMARY
7,PB263446(1).pdf,354,V07-P347,244,TIRF-361,361,HIGH,7,other,460,e7561a0ef33c2bb1ca091fa8b252177759569d90437a5bf799ae5a7af9a6389d,DIRECT PRIMARY
7,PB263446(1).pdf,355,V07-P355,245,TIRF-362,362,LOW,0,tire_identification,1107,ee0e898ad0a2e8c2761abfdf18f1dea3daf6f2103232712a1e41238c2d04e769,DIRECT PRIMARY
7,PB263446(1).pdf,356,V07-P355,245,TIRF-362,362,LOW,1,footprint_or_image,35,d0d876b2820dafb861715f8a4f893883a535c6ec20a201875aa6aa5549f8428f,DIRECT PRIMARY
7,PB263446(1).pdf,357,V07-P355,245,TIRF-362,362,LOW,2,tire_uniformity,383,3a36de62425c583182bf85f9413be213e39797fc1c6b94476a6572d36eaa4457,DIRECT PRIMARY
7,PB263446(1).pdf,358,V07-P355,245,TIRF-362,362,LOW,3,cornering_coefficients,1318,6b766f18540c814ee0f8271714ef6fa4fcfad54845fb821cfa48df7e009e30ce,DIRECT PRIMARY
7,PB263446(1).pdf,359,V07-P355,245,TIRF-362,362,LOW,4,braking_coefficients,590,c15c7a980807631bab21487e7bea116da49c7e492b7cb74b5c3952a41a75d778,DIRECT PRIMARY
7,PB263446(1).pdf,360,V07-P355,245,TIRF-362,362,LOW,5,other,306,da4c7fe6ecd39681d96b311d2d3089abf3600f310b10c89ee77d8547d3970c11,DIRECT PRIMARY
7,PB263446(1).pdf,361,V07-P355,245,TIRF-362,362,LOW,6,other,189,17e5417fc0d7e80341d254d206ab6d780cbd83815c80187554d064ba0c64f2c9,DIRECT PRIMARY
7,PB263446(1).pdf,362,V07-P355,245,TIRF-362,362,LOW,7,other,88,f581135a2251ea69fc60a14b2b3e56b95a5218d07480415be860e01c8232427a,DIRECT PRIMARY
7,PB263446(1).pdf,363,V07-P363,246,TIRF-362,362,HIGH,0,tire_identification,1107,19753208ca926da21d807e6d7a6230342546385daeba5b6572e505104c4244bb,DIRECT PRIMARY
7,PB263446(1).pdf,364,V07-P363,246,TIRF-362,362,HIGH,1,footprint_or_image,23,f9c4fb23b24635abb8481712ebd84ea3d0fe5c5fa35ebaf4b301a973be6c43e0,DIRECT PRIMARY
7,PB263446(1).pdf,365,V07-P363,246,TIRF-362,362,HIGH,2,tire_uniformity,423,6cf7401c97804b8fcfdb924f1a2af9c61c202eab869f37e9731afc4c4226728f,DIRECT PRIMARY
7,PB263446(1).pdf,366,V07-P363,246,TIRF-362,362,HIGH,3,cornering_coefficients,1297,4bef16e40f5cd7b612b8dad8d3fddee5852896698030272a4d2a371781070ea3,DIRECT PRIMARY
7,PB263446(1).pdf,367,V07-P363,246,TIRF-362,362,HIGH,4,braking_coefficients,611,f24669f2e6d826eca51a2371a4a4c4c26573d8ca44cd61421d3f627521637868,DIRECT PRIMARY
7,PB263446(1).pdf,368,V07-P363,246,TIRF-362,362,HIGH,5,other,362,c70db227a8cb5a9740e60cfdd871720a51d31a0440011a789bb3942e6161480c,DIRECT PRIMARY
7,PB263446(1).pdf,369,V07-P363,246,TIRF-362,362,HIGH,6,other,258,9a9ecca927b60b116df489d211f06bdf5d6475ad14d5f2d93a6015e9ace43287,DIRECT PRIMARY
7,PB263446(1).pdf,370,V07-P363,246,TIRF-362,362,HIGH,7,other,87,4c4ecfb5d101f5a33eb0b66a2567a48cf36bc210f93a845a617426c452010de3,DIRECT PRIMARY
7,PB263446(1).pdf,371,V07-P371,247,TIRF-362,362,HIGH,0,tire_identification,1089,be1abc56f8f8ec1bed2dd46bfa43e1f3762dfa919570c849cf4f1d681f801310,DIRECT PRIMARY
7,PB263446(1).pdf,372,V07-P371,247,TIRF-362,362,HIGH,1,footprint_or_image,70,b5b059520cbba4d660cf419b3ad9df63091e1bf14cc2d347d1bdfc332efc6095,DIRECT PRIMARY
7,PB263446(1).pdf,373,V07-P371,247,TIRF-362,362,HIGH,2,cornering_coefficients,1335,52b528485de6c1a9b0a1f870ebc3fc9cc5ac35110c5b524191e19929c6aec54c,DIRECT PRIMARY
7,PB263446(1).pdf,374,V07-P371,247,TIRF-362,362,HIGH,3,braking_plot,601,0a38be08ea1dcd937be620e57151dc075c6753e997c89dd2fa33e0a21d143b8d,DIRECT PRIMARY
7,PB263446(1).pdf,375,V07-P371,247,TIRF-362,362,HIGH,4,other,345,5c78f006490cc7f70f4714cca98ea6bed2ee565ab21576e554992a3433f5c4cf,DIRECT PRIMARY
7,PB263446(1).pdf,376,V07-P371,247,TIRF-362,362,HIGH,5,other,189,002b97aae118f9feca7dc99d79e5e92b312ba196bf77f404d28dc7ddbe21b57e,DIRECT PRIMARY
7,PB263446(1).pdf,377,V07-P371,247,TIRF-362,362,HIGH,6,other,119,ddf1975e2b09df9d99da6cacd8805eb0e1f2b619345ba2f252466ae2a0ce17a2,DIRECT PRIMARY
7,PB263446(1).pdf,378,V07-P378,248,TIRF-362,362,MEDIUM,0,tire_identification,1296,713fdec16a92586085336ab8aeef5f4249d0cd02faf10dc6b8bb62ff051dac92,DIRECT PRIMARY
7,PB263446(1).pdf,379,V07-P378,248,TIRF-362,362,MEDIUM,1,footprint_or_image,49,eab09ff4aa8521ca0307000dedf6831b4efaad8541c218f579fa4fe9a4f24670,DIRECT PRIMARY
7,PB263446(1).pdf,380,V07-P378,248,TIRF-362,362,MEDIUM,2,tire_uniformity,380,761ff77c2c4ccc6b820cf5edd82c3dfd144ac0f8331480b5c2b25c5740341d26,DIRECT PRIMARY
7,PB263446(1).pdf,381,V07-P378,248,TIRF-362,362,MEDIUM,3,cornering_coefficients,1292,280f635fdecd2ee4d080316a1720cb7bc7978ef5ee5d9e681c47ab67a1f65594,DIRECT PRIMARY
7,PB263446(1).pdf,382,V07-P378,248,TIRF-362,362,MEDIUM,4,braking_coefficients,609,29c81a67698e48f6830136f7978eed21096d7fa5cebdbcb293f5d91111792468,DIRECT PRIMARY
7,PB263446(1).pdf,383,V07-P378,248,TIRF-362,362,MEDIUM,5,other,262,aaf9edc4748162abdcb52ea8c2a49e2bb86b00b2e06c76280de29036c570b0f0,DIRECT PRIMARY
7,PB263446(1).pdf,384,V07-P378,248,TIRF-362,362,MEDIUM,6,other,528,cf61a1409e4a67680690911f53928338c9734e81df4d77a070762fe757fe1949,DIRECT PRIMARY
7,PB263446(1).pdf,385,V07-P378,248,TIRF-362,362,MEDIUM,7,other,145,c6180192395438c6097c14dff309c3606a4504515fbe4e0f6b881277c5bc73af,DIRECT PRIMARY
7,PB263446(1).pdf,386,V07-P386,249,TIRF-362,362,HIGH,0,tire_identification,1194,46b4845196d9a51f578fa3a44c42777c850de079923b4060426baf6ea1d0fff0,DIRECT PRIMARY
7,PB263446(1).pdf,387,V07-P386,249,TIRF-362,362,HIGH,1,footprint_or_image,39,daec6e0f87d94e712744357db4987a5d26459ace2bcd2684ea2a8bdcc1463aeb,DIRECT PRIMARY
7,PB263446(1).pdf,388,V07-P386,249,TIRF-362,362,HIGH,2,tire_uniformity,524,cb6d3294e9f2d65102217e06b48e62bb997099c4f062a17fefb2a1cacfdc4bbf,DIRECT PRIMARY
7,PB263446(1).pdf,389,V07-P386,249,TIRF-362,362,HIGH,3,cornering_coefficients,1293,afd684d468bfe7d20cdc450752e6258478108829305ee79c367dba3fedf8e585,DIRECT PRIMARY
7,PB263446(1).pdf,390,V07-P386,249,TIRF-362,362,HIGH,4,braking_plot,580,ba92ba1fa12ff59b1155b8fcec4a3fc1b647208bd63cbb4af632324b7f41b675,DIRECT PRIMARY
7,PB263446(1).pdf,391,V07-P386,249,TIRF-362,362,HIGH,5,cornering_plot,321,878c023bc15806a5eb8751630cc1bbdc2eafb31bc667a0cfb7d6c7972e858638,DIRECT PRIMARY
7,PB263446(1).pdf,392,V07-P386,249,TIRF-362,362,HIGH,6,other,255,83173aa35b1fa09953303671e67a0f4c0d7adfc736e414cb4866cab321f2c53f,DIRECT PRIMARY
7,PB263446(1).pdf,393,V07-P386,249,TIRF-362,362,HIGH,7,other,102,4f1a637afa0af20942614b07abbd57aee662d4273acd8e2854c5e9b6509eecf4,DIRECT PRIMARY
7,PB263446(1).pdf,394,V07-P394,250,TIRF-362,362,MEDIUM,0,tire_identification,1425,dfb9b6c571fd1372520eeccb9e6afefa2a769579577538bb910712f014228d95,DIRECT PRIMARY
7,PB263446(1).pdf,395,V07-P394,250,TIRF-362,362,MEDIUM,1,footprint_or_image,63,5150c38f0446dd9704109cf58c8794cc1fa782dab85de05a3f774c61dd066079,DIRECT PRIMARY
7,PB263446(1).pdf,396,V07-P394,250,TIRF-362,362,MEDIUM,2,tire_uniformity,354,d613932e4bf930a26cffe346d12f535ad0e5f6fc8c2e5215d5b982194b31118a,DIRECT PRIMARY
7,PB263446(1).pdf,397,V07-P394,250,TIRF-362,362,MEDIUM,3,test_data,1303,4073d8741c214f46749c806734fb16ca4695a0b04f78458aee6e31d24254b786,DIRECT PRIMARY
7,PB263446(1).pdf,398,V07-P394,250,TIRF-362,362,MEDIUM,4,braking_plot,606,7d1c10dad11492428a4c66d2cd2bf2fea060a236482aabf088b3cb3e4e8e61f8,DIRECT PRIMARY
7,PB263446(1).pdf,399,V07-P394,250,TIRF-362,362,MEDIUM,5,other,335,9525f0ee7c2bf9a0d7f81441a4f748787a4d79ed33c6c78a44802120a6867f82,DIRECT PRIMARY
7,PB263446(1).pdf,400,V07-P394,250,TIRF-362,362,MEDIUM,6,other,310,dd75bbec1500947b26d2674323fd9a690546921708466c8cf85fc55444e7a6c6,DIRECT PRIMARY
7,PB263446(1).pdf,401,V07-P394,250,TIRF-362,362,MEDIUM,7,other,449,7e006453d7aab8531a18e82c71ce0c98b9b2395cf480a35a6f787230bef7f219,DIRECT PRIMARY
7,PB263446(1).pdf,402,V07-P402,251,TIRF-362,362,MEDIUM,0,tire_identification,1446,a4e9b2b85ce4e5e28f6479c14463f5874247df390e9d1bd2b5617bbb8b76d25a,DIRECT PRIMARY
7,PB263446(1).pdf,403,V07-P402,251,TIRF-362,362,MEDIUM,1,footprint_or_image,25,fcb75cf44b5ec1580a9e6b209359752aa88e92e9b146821eacd3433a10e882cd,DIRECT PRIMARY
7,PB263446(1).pdf,404,V07-P402,251,TIRF-362,362,MEDIUM,2,tire_uniformity,361,e4bf1743c8e5c5fdf15d817ce8c95d7ac88b6edb7876e8cc60b6c782d670706c,DIRECT PRIMARY
7,PB263446(1).pdf,405,V07-P402,251,TIRF-362,362,MEDIUM,3,test_data,1300,5a136e69df857211a9b266e1d6f4da7447a3cbdc1f2801ae238f4b5e62ded410,DIRECT PRIMARY
7,PB263446(1).pdf,406,V07-P402,251,TIRF-362,362,MEDIUM,4,braking_plot,601,3a478897b1e54ad8cc8e650fd8f0c9240d6e80bc520ac0ffd608246139178a31,DIRECT PRIMARY
7,PB263446(1).pdf,407,V07-P402,251,TIRF-362,362,MEDIUM,5,other,377,c44d792d625e42b881fa7f7e80bb0a814433a6d91c47ee7c5a01d6c3cbb9eaa1,DIRECT PRIMARY
7,PB263446(1).pdf,408,V07-P402,251,TIRF-362,362,MEDIUM,6,other,227,8a81dc9e7a00754d2d4502611b0d45010df3fddf4058532d297028f1c8497114,DIRECT PRIMARY
7,PB263446(1).pdf,409,V07-P402,251,TIRF-362,362,MEDIUM,7,other,437,5e214916c072c002650eadd247634753bde4142f74e610272f8b3a26c063e317,DIRECT PRIMARY
7,PB263446(1).pdf,410,V07-P410,252,TIRF-362,362,MEDIUM,0,tire_identification,1088,272296e26df949e8e28e8f931dbcf78063e160515398156b8ceee5e09313b3c1,DIRECT PRIMARY
7,PB263446(1).pdf,411,V07-P410,252,TIRF-362,362,MEDIUM,1,footprint_or_image,46,c71cbe920e4ce8d8996323736e27d1be5a38869a3a54fba3e32f56f03768f19b,DIRECT PRIMARY
7,PB263446(1).pdf,412,V07-P410,252,TIRF-362,362,MEDIUM,2,tire_uniformity,368,874561f5a209e69f208c5b31a33c9dfbed7cfba8ce673c2cf4c97e10acb98f48,DIRECT PRIMARY
7,PB263446(1).pdf,413,V07-P410,252,TIRF-362,362,MEDIUM,3,test_data,1308,59ec3514635032862423324bff2f447ab1d1b234cd57ba82578316b582a3bdd4,DIRECT PRIMARY
7,PB263446(1).pdf,414,V07-P410,252,TIRF-362,362,MEDIUM,4,braking_plot,575,cca837661661a866127dd09ffbf9560fc5e0e46bf4ba396905ccfe2ca151327d,DIRECT PRIMARY
7,PB263446(1).pdf,415,V07-P410,252,TIRF-362,362,MEDIUM,5,other,378,bd46f6c6de37cdfcd46a2cdd79956570bf15e3bee3508e1e553c6a80c707fd6a,DIRECT PRIMARY
7,PB263446(1).pdf,416,V07-P410,252,TIRF-362,362,MEDIUM,6,other,247,080741c133eb69a25df4c9415dfe0827e980fd3de886c6971280cef379f63a3c,DIRECT PRIMARY
7,PB263446(1).pdf,417,V07-P410,252,TIRF-362,362,MEDIUM,7,other,100,27ddf1d7de0bcd4e068f90ee04e03cb0eb4e713f7c1ebfc84ad872649bbb2bd1,DIRECT PRIMARY
7,PB263446(1).pdf,418,V07-P418,253,TIRF-362,362,HIGH,0,tire_identification,1236,cf24eefa9d339d23f6d8d426f989b0cac19759ca14c5e5fd81dcb51c5082b073,DIRECT PRIMARY
7,PB263446(1).pdf,419,V07-P418,253,TIRF-362,362,HIGH,1,footprint_or_image,30,f6d236ec570c29bc140bdcf2dbf9564c21d9b05c094db07696832b2fe2d9fb54,DIRECT PRIMARY
7,PB263446(1).pdf,420,V07-P418,253,TIRF-362,362,HIGH,2,tire_uniformity,360,552f95643a493e5b02e0aba17b4b8effeded3687c483cc110f21a0dfb7f795aa,DIRECT PRIMARY
7,PB263446(1).pdf,421,V07-P418,253,TIRF-362,362,HIGH,3,cornering_coefficients,1290,0a6ee890e40331189b391843be891043e1663fa7d63f00c39ddaf5a6de1b2536,DIRECT PRIMARY
7,PB263446(1).pdf,422,V07-P418,253,TIRF-362,362,HIGH,4,braking_coefficients,615,9b74bcf332f8987292aca353e8afa84be2a775d4cf62bf5a2ccb01f0625a939a,DIRECT PRIMARY
7,PB263446(1).pdf,423,V07-P418,253,TIRF-362,362,HIGH,5,other,325,4057565265d8ab8559223ced6e7cfedc4743a1d76f634d20a641ef8b089f294a,DIRECT PRIMARY
7,PB263446(1).pdf,424,V07-P418,253,TIRF-362,362,HIGH,6,other,135,2401d0219a3dd56b40c8fae617774a4e0a2c78050d5ef659e1285c7c9bbe58d7,DIRECT PRIMARY
7,PB263446(1).pdf,425,V07-P418,253,TIRF-362,362,HIGH,7,other,78,4bcf9d41b4aa47d9ae866a7ae7e0a991009d5eabbbfe1ec7db1428f3c339b1b0,DIRECT PRIMARY
7,PB263446(1).pdf,426,V07-P426,254,TIRF-363,363,MEDIUM,0,tire_identification,1244,209d9e2bc75f9fe02fafc62394faf26f4e1b948184741f08a22c4ae7542d07a3,DIRECT PRIMARY
7,PB263446(1).pdf,427,V07-P426,254,TIRF-363,363,MEDIUM,1,footprint_or_image,28,d9f6cd74ab9e8a3f4e1503acae9a198b9998e8900b9cfb4abaf6f29d1f8b352d,DIRECT PRIMARY
7,PB263446(1).pdf,428,V07-P426,254,TIRF-363,363,MEDIUM,2,tire_uniformity,369,3f9b1937d7b025416b8ef7944b3e075aa4d78be99fb74fdc5e0809e3c3fe0b7c,DIRECT PRIMARY
7,PB263446(1).pdf,429,V07-P426,254,TIRF-363,363,MEDIUM,3,cornering_coefficients,1303,c6a14acb56851d5924c6db9cd79d29045940765018eb4b4dbe235d0ed347a5f8,DIRECT PRIMARY
7,PB263446(1).pdf,430,V07-P426,254,TIRF-363,363,MEDIUM,4,other,673,32478d9ae7200655052449de5829975c9a9f58ec45c9b19dc247536157b1b0ea,DIRECT PRIMARY
7,PB263446(1).pdf,431,V07-P426,254,TIRF-363,363,MEDIUM,5,other,345,e59214d9ad46f342c0d27f29d37ae4dc16d346c06bc48af3367ddc27812b3383,DIRECT PRIMARY
7,PB263446(1).pdf,432,V07-P426,254,TIRF-363,363,MEDIUM,6,other,219,b517b9a93014c33a7e6dff750bbe3be06e1571a708a2e3e6f6ceb4a5422a03eb,DIRECT PRIMARY
7,PB263446(1).pdf,433,V07-P426,254,TIRF-363,363,MEDIUM,7,other,107,82f74a02b9657b23d025c27e052772c5c521c36475094e16c06e38a4a1586ebc,DIRECT PRIMARY
7,PB263446(1).pdf,434,V07-P434,255,TIRF-363,363,MEDIUM,0,tire_identification,1210,678e3a526e1469dcafbb3f8c02f19de2d7bf77af46237358662c46138265c98e,DIRECT PRIMARY
7,PB263446(1).pdf,435,V07-P434,255,TIRF-363,363,MEDIUM,1,footprint_or_image,49,ea8d25e41c0692e70428e5421362967d5a0681849c694989c7d2dc0504ab24c9,DIRECT PRIMARY
7,PB263446(1).pdf,436,V07-P434,255,TIRF-363,363,MEDIUM,2,tire_uniformity,364,3a551fc7cec2d36043a3de0aded408a8b255d7fae3bf437cdbd61b3820970065,DIRECT PRIMARY
7,PB263446(1).pdf,437,V07-P434,255,TIRF-363,363,MEDIUM,3,cornering_coefficients,1314,a23ab5b0be325dcd00d88046f34a9b9a10eb7af17c54e1c6f096e59e910101a9,DIRECT PRIMARY
7,PB263446(1).pdf,438,V07-P434,255,TIRF-363,363,MEDIUM,4,braking_coefficients,603,32efb75c21c97cd135cd4c1eca1348f2004136ee3b1bf152694ece05c5bc933a,DIRECT PRIMARY
7,PB263446(1).pdf,439,V07-P434,255,TIRF-363,363,MEDIUM,5,other,377,3d224294be4f77a0c1e21e5af7d21f2b42599d4fac82ea6974cc2e775c3f7235,DIRECT PRIMARY
7,PB263446(1).pdf,440,V07-P434,255,TIRF-363,363,MEDIUM,6,other,168,7fdd1bd7148cc7c63242f45865856cdc7cedf0b70e36b55338eac5e701d19d44,DIRECT PRIMARY
7,PB263446(1).pdf,441,V07-P434,255,TIRF-363,363,MEDIUM,7,other,70,fdb1dbe7dafbb08c8f9967c7382a95a46fbbdcb6129554c25d1f9709a57e8c87,DIRECT PRIMARY
7,PB263446(1).pdf,442,V07-P442,256,TIRF-365,365,MEDIUM,0,tire_identification,1300,934d4c042cbb35fb9559096eeab4ce0e8178b40e6831e24108af4fe51bdbd8df,DIRECT PRIMARY
7,PB263446(1).pdf,443,V07-P442,256,TIRF-365,365,MEDIUM,1,footprint_or_image,19,e82b0adf76bed5368d5973ce11dcb4984f8120a183eec9d0315b920ef76bac39,DIRECT PRIMARY
7,PB263446(1).pdf,444,V07-P442,256,TIRF-365,365,MEDIUM,2,tire_uniformity,372,31195d967da359346300b71b428aa69a7fffa095b8c3d0c394644f359f04bdff,DIRECT PRIMARY
7,PB263446(1).pdf,445,V07-P442,256,TIRF-365,365,MEDIUM,3,cornering_coefficients,1300,b27065b9d8c3346c42f3d1b181f3986b52568a450c4f4948e736612c0edad4b1,DIRECT PRIMARY
7,PB263446(1).pdf,446,V07-P442,256,TIRF-365,365,MEDIUM,4,braking_plot,599,27df29cffe58b0980f9151a2f369e4ae9bad96f82d1ba025932a59a600979f33,DIRECT PRIMARY
7,PB263446(1).pdf,447,V07-P442,256,TIRF-365,365,MEDIUM,5,other,333,0d3164cb866631a367ac183f49025a829a7a93bf99207163c82260c34b57d194,DIRECT PRIMARY
7,PB263446(1).pdf,448,V07-P442,256,TIRF-365,365,MEDIUM,6,other,149,1071126547535e38d0851e3c5f4f61d4eb1a29c90ad17fabebb58e7d33358326,DIRECT PRIMARY
7,PB263446(1).pdf,449,V07-P442,256,TIRF-365,365,MEDIUM,7,other,143,eee3b5ad803b42ab6623b11912da00744163cedba035b112d03459ab7036f333,DIRECT PRIMARY
7,PB263446(1).pdf,450,V07-P450,257,TIRF-370,370,LOW,0,tire_identification,1236,0cc150df0cdc89691e2548053a97e351bb7d7e037065397c3749b90da6610524,DIRECT PRIMARY
7,PB263446(1).pdf,451,V07-P450,257,TIRF-370,370,LOW,1,footprint_or_image,32,8d4a7d4e0e3fc777f369f051e40d606867a8e0fa7c8006be50c3ce84c860f101,DIRECT PRIMARY
7,PB263446(1).pdf,452,V07-P450,257,TIRF-370,370,LOW,2,tire_uniformity,362,c4fd07c938bb7a93a416717faca4a7d4211b84d7e7d915914e24cbc5d77d89b0,DIRECT PRIMARY
7,PB263446(1).pdf,453,V07-P450,257,TIRF-370,370,LOW,3,cornering_coefficients,1301,23cb8effd06245b309385fcdf6d961bedebaebf832d06f491d3e0e9c24e44cc2,DIRECT PRIMARY
7,PB263446(1).pdf,454,V07-P450,257,TIRF-370,370,LOW,4,braking_plot,619,8417c6b62371878e2cdb82fb3fa8f295a0717ac057bb9fdbf696a9f1fd03bacb,DIRECT PRIMARY
7,PB263446(1).pdf,455,V07-P450,257,TIRF-370,370,LOW,5,cornering_plot,323,3770449047c464248a617055e2cd9b7e2d352074d71712c849a5c46613288b6d,DIRECT PRIMARY
7,PB263446(1).pdf,456,V07-P450,257,TIRF-370,370,LOW,6,other,130,6818f4f37219ac42a585ab0342a65f939c04ae8ff04a72f0ffa127758218c5a9,DIRECT PRIMARY
7,PB263446(1).pdf,457,V07-P450,257,TIRF-370,370,LOW,7,other,121,6e8eb7173a8bb9e19694bea91023893a7dbc4d5333398925cdf7f3cfeb40786b,DIRECT PRIMARY
7,PB263446(1).pdf,458,V07-P450,257,TIRF-370,370,LOW,8,other,1159,d5495e69279bb767001121787f221e905a16bf10d936644a0aadd520741376af,DIRECT PRIMARY
7,PB263446(1).pdf,459,V07-P450,257,TIRF-370,370,LOW,9,other,37,289eaa05f0be38ec34ac7633f0e8ea301adacee6ad4b3e8484ca4d5d7f7e5498,DIRECT PRIMARY
7,PB263446(1).pdf,460,V07-P450,257,TIRF-370,370,LOW,10,tire_uniformity,362,79918e6beaa37f88a9a714c8c6731f1b9c3850a2b60c64ee614643674c874d47,DIRECT PRIMARY
7,PB263446(1).pdf,461,V07-P450,257,TIRF-370,370,LOW,11,cornering_coefficients,1321,789ecdff2b4c0c879a4cd19a6d69cc6a1f68dec9816afefac2852819edc51c7e,DIRECT PRIMARY
7,PB263446(1).pdf,462,V07-P450,257,TIRF-370,370,LOW,12,other,644,83949342e154abf48c26d0bf87c0b43ba0aaa2332ae72942cdef49ad51d424cc,DIRECT PRIMARY
7,PB263446(1).pdf,463,V07-P450,257,TIRF-370,370,LOW,13,other,333,cf1d2df57538c8e786c62ff794201625c9e5249194d28330c1c86ddf6103e7f6,DIRECT PRIMARY
7,PB263446(1).pdf,464,V07-P450,257,TIRF-370,370,LOW,14,other,307,d782a01fe3673b5e22a3bc509f3bb0e2596d52dda79f551e78063ae5d1d7e8da,DIRECT PRIMARY
7,PB263446(1).pdf,465,V07-P465,258,TIRF-376,376,LOW,0,tire_identification,1107,c81858b20ddde7b0c1472a704b4c9e267c5f302eeabdca6a1bec0c9f67fd6e0c,DIRECT PRIMARY
7,PB263446(1).pdf,466,V07-P465,258,TIRF-376,376,LOW,1,footprint_or_image,66,a6e2a557be325819cc231d400281e05300c5a6f975689e79d3afe166f6ecf2c8,DIRECT PRIMARY
7,PB263446(1).pdf,467,V07-P465,258,TIRF-376,376,LOW,2,image_or_blank,28,46801935b57b604e5da1037bf9cb8fdd9e57ccc0a45d8879244cf367a17c73e9,DIRECT PRIMARY
7,PB263446(1).pdf,468,V07-P465,258,TIRF-376,376,LOW,3,tire_uniformity,388,b114c52fc73568b40d438d551f7fd102fd328c13fae5c2515b71b8618c6a52ff,DIRECT PRIMARY
7,PB263446(1).pdf,469,V07-P465,258,TIRF-376,376,LOW,4,test_data,1269,f3c7c141c5bda1bd09c4c6a80ec2d68c8f7ec6e12c977f85c356b8d1f6a330c2,DIRECT PRIMARY
7,PB263446(1).pdf,470,V07-P465,258,TIRF-376,376,LOW,5,other,566,3e16b3dc2e15100f06bf652145e1606fa2378d554b78b1129b48c312101c7923,DIRECT PRIMARY
7,PB263446(1).pdf,471,V07-P465,258,TIRF-376,376,LOW,6,other,281,405b33c18696d09834d405edf5ce4825ec5b5015e947a23fd72959ea66e26ba2,DIRECT PRIMARY
7,PB263446(1).pdf,472,V07-P465,258,TIRF-376,376,LOW,7,other,165,9d78a075b8d5653088f7a0f3b4908d89ef70af90dad32b4ed66aa56518628e3d,DIRECT PRIMARY
7,PB263446(1).pdf,473,V07-P465,258,TIRF-376,376,LOW,8,other,94,8f29e962ce943a8056bfbac1795956f8b569b9f5450c29dc23ee94c8b046448e,DIRECT PRIMARY
7,PB263446(1).pdf,474,V07-P465,258,TIRF-376,376,LOW,9,image_or_blank,0,e3b0c44298fc1c149afbf4c8996fb92427ae41e4649b934ca495991b7852b855,DIRECT PRIMARY
8,PB263447(1).pdf,1,,,,,,,test_data,588,e54aae7ef13be93b2ad4a818359792225c1f4a82ccff7c37e12cb3e5d54ca37e,DIRECT PRIMARY
8,PB263447(1).pdf,2,,,,,,,other,237,4f107904c6b6544436da096093efb9b32d12a91ef25bc9a844b90af9e86a4c29,DIRECT PRIMARY
8,PB263447(1).pdf,3,,,,,,,test_data,2393,81c759b03f3e4f8406f30a6bb72445034bc948f8b0d2dd04465a4e8bcee079fb,DIRECT PRIMARY
8,PB263447(1).pdf,4,,,,,,,other,2363,1e03de451f1d860078b0c941956d7cf2c8e19539589b3db38fffe8f3cf72b5c5,DIRECT PRIMARY
8,PB263447(1).pdf,5,,,,,,,test_data,973,2ec7500872f6d3104c4c8b5b72298b65ebc250bed2315063034ec12f8b3a5caa,DIRECT PRIMARY
8,PB263447(1).pdf,6,,,,,,,image_or_blank,31,b2e7c27052b46e69eeb205d5c3c51ef4f1de2edf25dbb1de278fc8598c24a46c,DIRECT PRIMARY
8,PB263447(1).pdf,7,,,,,,,combined_interaction,240,2a250f53b9ba503675a121c6b76fa73ec8b0dfa1dd2993e77fc5f8db97ff0f30,DIRECT PRIMARY
8,PB263447(1).pdf,8,,,,,,,image_or_blank,31,b2e7c27052b46e69eeb205d5c3c51ef4f1de2edf25dbb1de278fc8598c24a46c,DIRECT PRIMARY
8,PB263447(1).pdf,9,,,,,,,tire_uniformity,582,23096e12eb274097bf059d1db54f0f67b3adfa894248b7cbd28ee3a0b0ed9ce2,DIRECT PRIMARY
8,PB263447(1).pdf,10,,,,,,,image_or_blank,31,b2e7c27052b46e69eeb205d5c3c51ef4f1de2edf25dbb1de278fc8598c24a46c,DIRECT PRIMARY
8,PB263447(1).pdf,11,V08-P011,259,TIRF-377,377,MEDIUM,0,tire_identification,1075,0a47aa28ead94195501d252768f23f2cd5df2053908f2896b5dc2b37357fc8c3,DIRECT PRIMARY
8,PB263447(1).pdf,12,V08-P011,259,TIRF-377,377,MEDIUM,1,footprint_or_image,80,c83ca4047469e5b924f7c9d0785e3f7369e379c732c7035cc01af3bc5a40c134,DIRECT PRIMARY
8,PB263447(1).pdf,13,V08-P011,259,TIRF-377,377,MEDIUM,2,tire_uniformity,388,c72fb68c42c0adf88c4fd7e8d26fafbdfbe978859200b4a884c51c63665df44c,DIRECT PRIMARY
8,PB263447(1).pdf,14,V08-P011,259,TIRF-377,377,MEDIUM,3,cornering_coefficients,1300,0a71ef3e231fb716b2c109f131fea25106fdc6a089bcd69b075a37381133cc7f,DIRECT PRIMARY
8,PB263447(1).pdf,15,V08-P011,259,TIRF-377,377,MEDIUM,4,braking_coefficients,606,910cc7eb9385d4d21b1cc42df79a092d1025b88f7c68464f87d30cf7829d30c5,DIRECT PRIMARY
8,PB263447(1).pdf,16,V08-P011,259,TIRF-377,377,MEDIUM,5,other,379,04a350cb7461658348ead839589248865b5a65bb8dab2a6cebb69fc5ce294c3c,DIRECT PRIMARY
8,PB263447(1).pdf,17,V08-P011,259,TIRF-377,377,MEDIUM,6,other,92,9226da596f41fb83e5bff6c972bd7a5175f231296c77b322f73dc27761751bda,DIRECT PRIMARY
8,PB263447(1).pdf,18,V08-P011,259,TIRF-377,377,MEDIUM,7,other,471,63e31429d4a701d84679075f5b8837a847385a92c112898f8211628f0a3d0115,DIRECT PRIMARY
8,PB263447(1).pdf,19,V08-P019,260,TIRF-378,378,MEDIUM,0,tire_identification,1141,37ceb7e4ca9a423d550d81d9421ad232d364122371f9a878d095ce537e4cba20,DIRECT PRIMARY
8,PB263447(1).pdf,20,V08-P019,260,TIRF-378,378,MEDIUM,1,footprint_or_image,31,b2e7c27052b46e69eeb205d5c3c51ef4f1de2edf25dbb1de278fc8598c24a46c,DIRECT PRIMARY
8,PB263447(1).pdf,21,V08-P019,260,TIRF-378,378,MEDIUM,2,other,42,a0374909e546adbd5fbd3967fb5be7605c57636b1eb9e5f76b59d313034348a2,DIRECT PRIMARY
8,PB263447(1).pdf,22,V08-P019,260,TIRF-378,378,MEDIUM,3,tire_uniformity,366,55d1d323aec74b3c7112e66c0818e6ba4ec4069ac9d7fed18e211e5048037983,DIRECT PRIMARY
8,PB263447(1).pdf,23,V08-P019,260,TIRF-378,378,MEDIUM,4,cornering_coefficients,1289,303de7621dc2124143c1daaab6bdff7886477cdcd0f533c2b6adc0a1a592a82e,DIRECT PRIMARY
8,PB263447(1).pdf,24,V08-P019,260,TIRF-378,378,MEDIUM,5,braking_coefficients,603,b5f4996fb70ccabba0eda41f2f6aeeafa915444c3faffa3c1f46b8b86de7ab93,DIRECT PRIMARY
8,PB263447(1).pdf,25,V08-P019,260,TIRF-378,378,MEDIUM,6,other,406,0f89c5aad9baf9d213a5c2d6b7cb4384c8bf3684a55e8690959fb8284da93b70,DIRECT PRIMARY
8,PB263447(1).pdf,26,V08-P019,260,TIRF-378,378,MEDIUM,7,other,286,0322bf6c229a3502642e59803b9891860899367918e08de19a0f6cd5b18925cc,DIRECT PRIMARY
8,PB263447(1).pdf,27,V08-P019,260,TIRF-378,378,MEDIUM,8,other,427,0d23751c0226de9909cf2d18f3c2d2bfda45653b98b3fe2e3ab34fa80beb346f,DIRECT PRIMARY
8,PB263447(1).pdf,28,V08-P019,260,TIRF-378,378,MEDIUM,9,image_or_blank,31,b2e7c27052b46e69eeb205d5c3c51ef4f1de2edf25dbb1de278fc8598c24a46c,DIRECT PRIMARY
8,PB263447(1).pdf,29,V08-P029,261,TIRF-379,379,MEDIUM,0,tire_identification,1080,87039123636d9324e119d43a8557206ee9c1190d188317316484afd07226a57f,DIRECT PRIMARY
8,PB263447(1).pdf,30,V08-P029,261,TIRF-379,379,MEDIUM,1,footprint_or_image,41,edbad0dfac3ebeea56923f2e6580004ac6872bf37bccd550f32bf59b228c2820,DIRECT PRIMARY
8,PB263447(1).pdf,31,V08-P029,261,TIRF-379,379,MEDIUM,2,tire_uniformity,406,183a3036d873678738380350d5ad9390dfaf1609791423de83d3a4354389b810,DIRECT PRIMARY
8,PB263447(1).pdf,32,V08-P029,261,TIRF-379,379,MEDIUM,3,cornering_coefficients,1306,aa7398ab03a08f51e1ea32c4e17e33ff66eaa5a89512fec695a9d96a403631d5,DIRECT PRIMARY
8,PB263447(1).pdf,33,V08-P029,261,TIRF-379,379,MEDIUM,4,braking_plot,609,40195f79e177d1657e83d0f62accbff21af741f7722c301e673e7b2a8ebf904e,DIRECT PRIMARY
8,PB263447(1).pdf,34,V08-P029,261,TIRF-379,379,MEDIUM,5,other,357,c01e855905234ace38b1b05f6753c45f5cecdb2acb4f26c25853ec65eff9eb6f,DIRECT PRIMARY
8,PB263447(1).pdf,35,V08-P029,261,TIRF-379,379,MEDIUM,6,other,163,a594192e2fd17473dc200d403f759b5ddd2afbe35499ee4c3587dba6e5fd7964,DIRECT PRIMARY
8,PB263447(1).pdf,36,V08-P029,261,TIRF-379,379,MEDIUM,7,other,73,ad8d8bfbd350df7b1fe3f93523ce26a0d184ca82b45ec29081898654ab99ad5c,DIRECT PRIMARY
8,PB263447(1).pdf,37,V08-P037,262,TIRF-380,380,MEDIUM,0,tire_identification,1078,ce2b141b9d215773dfe26379b35d5bcbf055cb9d751b73cb52aa079b78273a60,DIRECT PRIMARY
8,PB263447(1).pdf,38,V08-P037,262,TIRF-380,380,MEDIUM,1,footprint_or_image,51,a539e682c7d49ddc11170eb571f0e1aa3b037a0f56c5acec45dfbda3ae4a9219,DIRECT PRIMARY
8,PB263447(1).pdf,39,V08-P037,262,TIRF-380,380,MEDIUM,2,tire_uniformity,354,3e4b35cddb1ad1fac41676249d850d2e716871ccc52af65461059d7a9560d3a9,DIRECT PRIMARY
8,PB263447(1).pdf,40,V08-P037,262,TIRF-380,380,MEDIUM,3,cornering_coefficients,1309,2f26496865dcc5d4df79688cfe08c75d94f7332c35d76f1b65abc9237d695547,DIRECT PRIMARY
8,PB263447(1).pdf,41,V08-P037,262,TIRF-380,380,MEDIUM,4,braking_plot,608,b2a1c593c27dcd8bc797f97d55aca387bc61d25e0d35cf1b8e577f62e8743241,DIRECT PRIMARY
8,PB263447(1).pdf,42,V08-P037,262,TIRF-380,380,MEDIUM,5,other,382,5a78550b3e1d310c73bba4a99fa9defbe4fd30c30f5b1a397849bade7ceaea5f,DIRECT PRIMARY
8,PB263447(1).pdf,43,V08-P037,262,TIRF-380,380,MEDIUM,6,other,308,9f311b6c4b0b323c36793530d8cc5afe0a201e73cfc84fe8df00df216c565655,DIRECT PRIMARY
8,PB263447(1).pdf,44,V08-P037,262,TIRF-380,380,MEDIUM,7,other,187,57cfc84869a67a685b6fa89138f22a047271c3b207bdd35caf8109173aa11463,DIRECT PRIMARY
8,PB263447(1).pdf,45,V08-P045,263,TIRF-381,381,MEDIUM,0,tire_identification,1113,279043c3e0c0f873549f253514e5593bcddcc53ed56c529d19374bdad181fdc4,DIRECT PRIMARY
8,PB263447(1).pdf,46,V08-P045,263,TIRF-381,381,MEDIUM,1,footprint_or_image,19,7dd1c625996607e315f21d72415405a6a8ba089c6d3682e0bd444b4e2a54097b,DIRECT PRIMARY
8,PB263447(1).pdf,47,V08-P045,263,TIRF-381,381,MEDIUM,2,tire_uniformity,348,ce6b592a587320811fef2c538319c01f5d5db4bdb27cd606f61267e36e6d7966,DIRECT PRIMARY
8,PB263447(1).pdf,48,V08-P045,263,TIRF-381,381,MEDIUM,3,cornering_coefficients,1295,7486edbb62fc0f13edcf1270ac9e4bde437ab1581da89dfbb9ab2dde6a4b45b2,DIRECT PRIMARY
8,PB263447(1).pdf,49,V08-P045,263,TIRF-381,381,MEDIUM,4,braking_coefficients,576,33b5f93eecf7f87fefdcea1071c892e18c1696093550e8d874b5702c3b560ada,DIRECT PRIMARY
8,PB263447(1).pdf,50,V08-P045,263,TIRF-381,381,MEDIUM,5,other,349,1f828a5559efc34630ff5eabb08ff79efb1bbd9bac9c49940bb3f4584a5ff27c,DIRECT PRIMARY
8,PB263447(1).pdf,51,V08-P045,263,TIRF-381,381,MEDIUM,6,other,308,74e2daa900870f8dfd33faefedf52c5a87e680e7e0e245c2cd4ae7b2d1354d6e,DIRECT PRIMARY
8,PB263447(1).pdf,52,V08-P045,263,TIRF-381,381,MEDIUM,7,other,161,8bab9908b47c3c88ce7ac915c7d4582566b36a9f8f21237dca34c439fbed0275,DIRECT PRIMARY
8,PB263447(1).pdf,53,V08-P053,264,TIRF-382,382,MEDIUM,0,tire_identification,1083,b4d66fd9a6021a5a129bb08b2ea9fb4db55d7faf4cb555b4af535bf6b583978a,DIRECT PRIMARY
8,PB263447(1).pdf,54,V08-P053,264,TIRF-382,382,MEDIUM,1,footprint_or_image,57,51b62328446fb778cfd3c4b05f11afe92ce39dcb9096885c86c82f7085c9268d,DIRECT PRIMARY
8,PB263447(1).pdf,55,V08-P053,264,TIRF-382,382,MEDIUM,2,tire_uniformity,428,7b0ddada84bae7ecb28c3467c554235d63032c5c510c70484acff334597cd9d5,DIRECT PRIMARY
8,PB263447(1).pdf,56,V08-P053,264,TIRF-382,382,MEDIUM,3,cornering_coefficients,1283,c51863ce4048bfdeadad7bf44728d959ce232871538b67416be788b60a794822,DIRECT PRIMARY
8,PB263447(1).pdf,57,V08-P053,264,TIRF-382,382,MEDIUM,4,braking_coefficients,604,3bc49406db167cde28f2d48903b99a78c3022851bf3b091a9b1a51d6e9c1d6a5,DIRECT PRIMARY
8,PB263447(1).pdf,58,V08-P053,264,TIRF-382,382,MEDIUM,5,other,361,fe03a66c2787d5b0aca1a84181c835d0e9fe53846e0a27ab0c76c15a1f223771,DIRECT PRIMARY
8,PB263447(1).pdf,59,V08-P053,264,TIRF-382,382,MEDIUM,6,other,306,a78c0568c530f07cd6c971dd413ba850189d0a6e8c3dbf55a77846f4e32136a8,DIRECT PRIMARY
8,PB263447(1).pdf,60,V08-P053,264,TIRF-382,382,MEDIUM,7,other,44,ad0374ad36ddc7a36b453d2cdf1fee183c817b3f8de2767a705c54fdca1f9181,DIRECT PRIMARY
8,PB263447(1).pdf,61,V08-P061,265,TIRF-383,383,LOW,0,tire_identification,1132,15f79b82d7b9f4bd78bfdfb0c1e921dff6e454d54e856f229d70c5db516248c1,DIRECT PRIMARY
8,PB263447(1).pdf,62,V08-P061,265,TIRF-383,383,LOW,1,footprint_or_image,24,53c7a6f545d51b19e3226f1bd3234dcc471af3861c0623660dd9c629a4ea2293,DIRECT PRIMARY
8,PB263447(1).pdf,63,V08-P061,265,TIRF-383,383,LOW,2,tire_uniformity,395,0bc38ec6f6cc1277d0b00021f09093c6531192565db74c6e720da48b72eed821,DIRECT PRIMARY
8,PB263447(1).pdf,64,V08-P061,265,TIRF-383,383,LOW,3,cornering_coefficients,1304,86759f7614090c1bb55e09781e929e4b0b7fa8489a0b316a820f2b2be7e54a7b,DIRECT PRIMARY
8,PB263447(1).pdf,65,V08-P061,265,TIRF-383,383,LOW,4,braking_plot,608,a966a213f74892c9c21e2e8d4421c99800d05234f5c6dc1801271d83f41889ce,DIRECT PRIMARY
8,PB263447(1).pdf,66,V08-P061,265,TIRF-383,383,LOW,5,other,422,0ef0fc244534e72ca66b80af1ed64d2f421d44aeede32b155c4412310ce35152,DIRECT PRIMARY
8,PB263447(1).pdf,67,V08-P061,265,TIRF-383,383,LOW,6,cornering_plot,266,bb2ec2312653a44da3eb686be44cbcd85860ee7fa7b0db77d0337dcae096d43a,DIRECT PRIMARY
8,PB263447(1).pdf,68,V08-P061,265,TIRF-383,383,LOW,7,other,42,fe7e9eec9c5c084c15a2cdca577c452729a557f40fef9e03b95bf0328ad84310,DIRECT PRIMARY
8,PB263447(1).pdf,69,V08-P069,266,TIRF-385,385,HIGH,0,tire_identification,1080,648774a4698d5ab6cc2492e9f120381425ae35828ab4f8cc23868abbf43a514e,DIRECT PRIMARY
8,PB263447(1).pdf,70,V08-P069,266,TIRF-385,385,HIGH,1,footprint_or_image,32,9540aa658a08c050339573f4b40b727aeed5751bbc928d52596cc1a9c0c4fde5,DIRECT PRIMARY
8,PB263447(1).pdf,71,V08-P069,266,TIRF-385,385,HIGH,2,tire_uniformity,350,524c4d95c6d668d5fed34b76a1ada14fbc8d42a22b5fa456f9fcfb7111751889,DIRECT PRIMARY
8,PB263447(1).pdf,72,V08-P069,266,TIRF-385,385,HIGH,3,cornering_coefficients,1277,0bc94391539a822dd397f291631431c67b72648a309fa599d82eb4bbfece8ee2,DIRECT PRIMARY
8,PB263447(1).pdf,73,V08-P069,266,TIRF-385,385,HIGH,4,braking_coefficients,576,649ce1bb7a405874274af63d507a708206df1025930d6a96cb9dbe50c5c3c69b,DIRECT PRIMARY
8,PB263447(1).pdf,74,V08-P069,266,TIRF-385,385,HIGH,5,other,299,5c2c94600bf0d6238cdbbcb83cf713dae6e16e7bbfb835681bc80c5b77bb86a8,DIRECT PRIMARY
8,PB263447(1).pdf,75,V08-P069,266,TIRF-385,385,HIGH,6,other,260,9d6fd07634cfbfc2645a19c1eec2d3cd86004eced3a2110e9c763a2eca15aa8c,DIRECT PRIMARY
8,PB263447(1).pdf,76,V08-P069,266,TIRF-385,385,HIGH,7,other,149,31628b050b21dfe209673a42de800690b6c0fa1a237452917f1479c6f6786c68,DIRECT PRIMARY
8,PB263447(1).pdf,77,V08-P077,267,TIRF-387,387,MEDIUM,0,tire_identification,1136,a01a05b011b1b4e6f0380f7ad86358635b3dd1c644f5550e8bd2601accb91690,DIRECT PRIMARY
8,PB263447(1).pdf,78,V08-P077,267,TIRF-387,387,MEDIUM,1,footprint_or_image,20,2c6e636a534305bdaa1a678e9f19b57f99a94452f41c999e7f779fb8cde86a6c,DIRECT PRIMARY
8,PB263447(1).pdf,79,V08-P077,267,TIRF-387,387,MEDIUM,2,cornering_coefficients,1356,bbc808f0d1c9ad3234d3699c004b5dc8e4877b65e22bdc31ae4bf5e158a81ff6,DIRECT PRIMARY
8,PB263447(1).pdf,80,V08-P077,267,TIRF-387,387,MEDIUM,3,braking_coefficients,595,340fb0174a1780d66f970e8d6e6566f8e92583fb08ed4c758dcfaf32d3a2fbfa,DIRECT PRIMARY
8,PB263447(1).pdf,81,V08-P077,267,TIRF-387,387,MEDIUM,4,other,435,11a23b0d66c89b9a7de217360ed6661d5225602685f86ecf8c01a1265e80c465,DIRECT PRIMARY
8,PB263447(1).pdf,82,V08-P077,267,TIRF-387,387,MEDIUM,5,other,357,db7bf144a3f25e01eca0cae46a455832a15a8c404bda68eaa176fe6496043b8f,DIRECT PRIMARY
8,PB263447(1).pdf,83,V08-P077,267,TIRF-387,387,MEDIUM,6,other,80,b30d67412062bc43e0b99b71b14637abfc6f0a8ef1a527cdc919949a481f1c84,DIRECT PRIMARY
8,PB263447(1).pdf,84,V08-P084,268,TIRF-388,388,LOW,0,tire_identification,1182,b90f49ba3e84865ab8d1b4a47807b9ac71839ce3e09979de91b82fb39d6a0946,DIRECT PRIMARY
8,PB263447(1).pdf,85,V08-P084,268,TIRF-388,388,LOW,1,cornering_coefficients,1326,aea0719fa83a0658433b1aa7fee7a7d4e294d0df04baa805d0e03071e484ee7b,DIRECT PRIMARY
8,PB263447(1).pdf,86,V08-P084,268,TIRF-388,388,LOW,2,braking_plot,598,41b77529b8637584112d56e3b0240c9b4f1c76e6b70d265ee16f3e9e99c81201,DIRECT PRIMARY
8,PB263447(1).pdf,87,V08-P084,268,TIRF-388,388,LOW,3,other,367,ebd83515df6f975430d025271d03f206627b5857576c0d1adae0c61df49bc841,DIRECT PRIMARY
8,PB263447(1).pdf,88,V08-P084,268,TIRF-388,388,LOW,4,cornering_plot,285,30e0cca7394c4b5dadebfd20ef091c5796b7cbdd6ff75670b37cce00e99a641b,DIRECT PRIMARY
8,PB263447(1).pdf,89,V08-P084,268,TIRF-388,388,LOW,5,other,441,31084e3556ebca5186006193b6f39f322ddd3965f9a75795b5b122d3e13b5eea,DIRECT PRIMARY
8,PB263447(1).pdf,90,V08-P090,269,TIRF-388,388,HIGH,0,tire_identification,1251,ebcf95a13702f3fa4d61b1e76ffcc1c15e1a7d52053f4588008003195c8d9ddb,DIRECT PRIMARY
8,PB263447(1).pdf,91,V08-P090,269,TIRF-388,388,HIGH,1,footprint_or_image,32,8d1d2fcc0f49bc169c209ce12f31edc8e55c3f22e09862b5d0a6a283827d5614,DIRECT PRIMARY
8,PB263447(1).pdf,92,V08-P090,269,TIRF-388,388,HIGH,2,cornering_coefficients,1308,93e3b6721a73c895656736b88396f12a5f661390d90df641bd8233e0fdf3b373,DIRECT PRIMARY
8,PB263447(1).pdf,93,V08-P090,269,TIRF-388,388,HIGH,3,braking_coefficients,596,87819c231c853de8fcdab147e99c1fbf258f741b227a36da4d01ce404a9916bd,DIRECT PRIMARY
8,PB263447(1).pdf,94,V08-P090,269,TIRF-388,388,HIGH,4,other,442,e55a44a06506559d8c072c51355080edd1cc9d8165dc0cebe02ba8a0dd317e86,DIRECT PRIMARY
8,PB263447(1).pdf,95,V08-P090,269,TIRF-388,388,HIGH,5,other,320,e5b74bb41225cdae8a60059aaa7f2003c360bead207c5f97f6c49ad4c9bb1892,DIRECT PRIMARY
8,PB263447(1).pdf,96,V08-P090,269,TIRF-388,388,HIGH,6,other,322,952c4db58dd8f3789e044d891ee98f9f69deeb6b3598cbb08c5f32eccd4193f4,DIRECT PRIMARY
8,PB263447(1).pdf,97,V08-P097,270,TIRF-388,388,LOW,0,tire_identification,982,0a6552ae32d465bbe11e9cb079a3b691aef46c1b6bc99cfd575ee764973ed767,DIRECT PRIMARY
8,PB263447(1).pdf,98,V08-P097,270,TIRF-388,388,LOW,1,cornering_coefficients,1299,6a4a2a18f05f4c0222e9c59486bef51b021815456dcdf220f00d6d957190a35c,DIRECT PRIMARY
8,PB263447(1).pdf,99,V08-P097,270,TIRF-388,388,LOW,2,braking_plot,584,50275a52473aa6c0e9b4a3f5994cadb38abc9b4e16ed32a6199078400ba432e1,DIRECT PRIMARY
8,PB263447(1).pdf,100,V08-P097,270,TIRF-388,388,LOW,3,other,374,861a9bb98da34774767e50b583fb0e3dacc7916e1791209c1dd59ade42f209a1,DIRECT PRIMARY
8,PB263447(1).pdf,101,V08-P097,270,TIRF-388,388,LOW,4,cornering_plot,309,35cc9dfcdc348b40eac7bc7d208f304506025f4d970221a65ec8a4cc943bb3bf,DIRECT PRIMARY
8,PB263447(1).pdf,102,V08-P097,270,TIRF-388,388,LOW,5,other,491,3c42973737cd26ffbb8138fd2832eccb570df9d9b4975788612d57af77cafd4f,DIRECT PRIMARY
8,PB263447(1).pdf,103,V08-P103,271,TIRF-388,388,MEDIUM,0,tire_identification,1103,36012d9fa48fbf363bf1be669e2874866c0e4bb02babc44349c9c9f6212039ff,DIRECT PRIMARY
8,PB263447(1).pdf,104,V08-P103,271,TIRF-388,388,MEDIUM,1,footprint_or_image,43,e6d9353b0bbc20ba5e71e7b11412a540ea0cfa819fc4e9a2d67cffa635ade12a,DIRECT PRIMARY
8,PB263447(1).pdf,105,V08-P103,271,TIRF-388,388,MEDIUM,2,cornering_coefficients,1381,83d246207d9cf69884ad79ce34b2a83abe143deaedacafee2959ed79a0bf785e,DIRECT PRIMARY
8,PB263447(1).pdf,106,V08-P103,271,TIRF-388,388,MEDIUM,3,braking_coefficients,592,5e6ffe186b736328649e8b293d1023cd8b24eec429ab0e8e4994a028615c69c3,DIRECT PRIMARY
8,PB263447(1).pdf,107,V08-P103,271,TIRF-388,388,MEDIUM,4,other,360,abfd8a429c77738b8dadb2e0eaf1ed1d56f2953b60d30985a5212b5f0d62da64,DIRECT PRIMARY
8,PB263447(1).pdf,108,V08-P103,271,TIRF-388,388,MEDIUM,5,other,303,a099a8b3cc8895019319ccb481866a5daee981b968d180b92b270f1a63d032af,DIRECT PRIMARY
8,PB263447(1).pdf,109,V08-P103,271,TIRF-388,388,MEDIUM,6,other,65,5c3ab5726263c3df420a15a6bad198a6467a8095cbc907167d485811721a3124,DIRECT PRIMARY
8,PB263447(1).pdf,110,V08-P110,272,TIRF-392,392,LOW,0,tire_identification,1008,9d8425e16d72bbdf3ccd6e7580c6da675f4b4f0741d1275def3dd3b72e1738e2,DIRECT PRIMARY
8,PB263447(1).pdf,111,V08-P110,272,TIRF-392,392,LOW,1,cornering_coefficients,1331,3c594c941bf639d37f8b57e05530336f8e43491081c21470798823f7b21ba6e4,DIRECT PRIMARY
8,PB263447(1).pdf,112,V08-P110,272,TIRF-392,392,LOW,2,braking_coefficients,620,24123855e7c4fdd5d464f81fb36b51da715421f6cc937756fb2b8f65f36572dc,DIRECT PRIMARY
8,PB263447(1).pdf,113,V08-P110,272,TIRF-392,392,LOW,3,other,380,08dd663ec816552a5a54bfb9be2c36a3d081ab6aa566533d136c26c59985cf3d,DIRECT PRIMARY
8,PB263447(1).pdf,114,V08-P110,272,TIRF-392,392,LOW,4,other,321,aaab08850c5c2d841c3042cfdeac270444922dcbc6af5f747a0016ca34b155ed,DIRECT PRIMARY
8,PB263447(1).pdf,115,V08-P110,272,TIRF-392,392,LOW,5,other,589,62b8d7eddc2285ca6140534b9b491452f07beb8e6149861e8901956ca5f36af4,DIRECT PRIMARY
8,PB263447(1).pdf,116,V08-P116,273,TIRF-393,393,MEDIUM,0,tire_identification,1096,2ba745e31feb5fb224b6aeb1933d5f476f791a6d61f88ae249dac9f6817494a1,DIRECT PRIMARY
8,PB263447(1).pdf,117,V08-P116,273,TIRF-393,393,MEDIUM,1,footprint_or_image,100,d7edc17037bfc03ab6f8d48661e3d33714737fcaf6eef239e5e88e9dc686eede,DIRECT PRIMARY
8,PB263447(1).pdf,118,V08-P116,273,TIRF-393,393,MEDIUM,2,cornering_coefficients,1330,ece77cfaee88c58d7a8a6a5713555bed45f83704bf73f0105e4a1eacd2058e47,DIRECT PRIMARY
8,PB263447(1).pdf,119,V08-P116,273,TIRF-393,393,MEDIUM,3,braking_coefficients,605,3c1addc07e6bf5d74f85a9e16e1c9c05dd774401c76d5899f02defe92ad33c69,DIRECT PRIMARY
8,PB263447(1).pdf,120,V08-P116,273,TIRF-393,393,MEDIUM,4,other,412,c8126bd4ed69804ebe99b6c6afeee12f81463222e7161b9bce83fd4395154032,DIRECT PRIMARY
8,PB263447(1).pdf,121,V08-P116,273,TIRF-393,393,MEDIUM,5,other,245,1a97f0b801bfbb94b3f8eb3b4887e3512669ebdebad25293212cf0d77acd7681,DIRECT PRIMARY
8,PB263447(1).pdf,122,V08-P116,273,TIRF-393,393,MEDIUM,6,other,87,f6c1f2c973fd731a1144445c7a7bbce80029af405aa060228f7b7f57e2e9b92a,DIRECT PRIMARY
8,PB263447(1).pdf,123,V08-P123,274,TIRF-393,393,LOW,0,tire_identification,1024,60f33d9adf93d164d050e2b897e0fe7f807ae3a2d1d1ab5f5cd500a3f9271e9a,DIRECT PRIMARY
8,PB263447(1).pdf,124,V08-P123,274,TIRF-393,393,LOW,1,cornering_coefficients,1311,556509540cc1800a477c997212047dbadcc9b5251fccda76bd892fbacc841e6f,DIRECT PRIMARY
8,PB263447(1).pdf,125,V08-P123,274,TIRF-393,393,LOW,2,braking_coefficients,608,c9e785a3e70294e896cc25bb86380e97911c952bb203b9863d46a10de34c4ca1,DIRECT PRIMARY
8,PB263447(1).pdf,126,V08-P123,274,TIRF-393,393,LOW,3,cornering_plot,389,3e62ef3fbbcfb853dbcc1196fba281d89de037ddf0ee1a8a0f0ac6f3d9c7349a,DIRECT PRIMARY
8,PB263447(1).pdf,127,V08-P123,274,TIRF-393,393,LOW,4,other,295,7767897eb6698dc3895d8e8ba790cce8f5b840981211970d494f80f962d5c9c8,DIRECT PRIMARY
8,PB263447(1).pdf,128,V08-P123,274,TIRF-393,393,LOW,5,other,463,9f2b56b43e9815a938d5d47c186a794d236f655c4e53e76937ca46237ed096fd,DIRECT PRIMARY
8,PB263447(1).pdf,129,V08-P129,275,TIRF-393,393,HIGH,0,tire_identification,1136,6d11b54d1ef41b3272233615d7948957977615b996116288f658610782995f29,DIRECT PRIMARY
8,PB263447(1).pdf,130,V08-P129,275,TIRF-393,393,HIGH,1,footprint_or_image,31,b2e7c27052b46e69eeb205d5c3c51ef4f1de2edf25dbb1de278fc8598c24a46c,DIRECT PRIMARY
8,PB263447(1).pdf,131,V08-P129,275,TIRF-393,393,HIGH,2,other,82,abc4ac3be5ef844eeeca9abb7083b03204461736effd30564686b4f1937493f7,DIRECT PRIMARY
8,PB263447(1).pdf,132,V08-P129,275,TIRF-393,393,HIGH,3,cornering_coefficients,1314,f76e1c8e2ccfc50725eec8f5d0a49f1496e67aefbbb953626c393a7dc706fecc,DIRECT PRIMARY
8,PB263447(1).pdf,133,V08-P129,275,TIRF-393,393,HIGH,4,braking_coefficients,616,d5f8456ea7d13583765f303c94f12d5a55ac4d67076ad488e3517e34007d72ca,DIRECT PRIMARY
8,PB263447(1).pdf,134,V08-P129,275,TIRF-393,393,HIGH,5,other,367,e2ea268c8ebf190b8ba8349fde3a4c9c1f83375a34a14146cd66706b0194e8c5,DIRECT PRIMARY
8,PB263447(1).pdf,135,V08-P129,275,TIRF-393,393,HIGH,6,cornering_plot,262,aed0614d427e93ea5290a86718d2deab19e697cc41614c0f5fb400b1da3b21bd,DIRECT PRIMARY
8,PB263447(1).pdf,136,V08-P129,275,TIRF-393,393,HIGH,7,other,90,67927cc268137e9f89c5bbd4b5f3487b3f64223be6044ca07c4e09e6eb841f49,DIRECT PRIMARY
8,PB263447(1).pdf,137,V08-P137,276,TIRF-394,394,LOW,0,tire_identification,983,32cd668028299e2c5923d87254104f5039cef58535e9e98d91716b2e930f9908,DIRECT PRIMARY
8,PB263447(1).pdf,138,V08-P137,276,TIRF-394,394,LOW,1,cornering_coefficients,1309,8f43c7056cfbad526b3c8051862838ee3c7dc444f984d4bc3774ab501b4d7b66,DIRECT PRIMARY
8,PB263447(1).pdf,139,V08-P137,276,TIRF-394,394,LOW,2,test_data,614,bf02be878e668cf899d760d9c9344719adfe08ed521dc85e593fcf183500a9f7,DIRECT PRIMARY
8,PB263447(1).pdf,140,V08-P137,276,TIRF-394,394,LOW,3,image_or_blank,17,0e9b2f45ce5062cce6569fc3aa551fef54a8ccdd802df84bf997de8f89fbe0de,DIRECT PRIMARY
8,PB263447(1).pdf,141,V08-P137,276,TIRF-394,394,LOW,4,other,239,d74d71b92c815a25810221bc5afe9aee87d458a87759c82b331dad77566c07dd,DIRECT PRIMARY
8,PB263447(1).pdf,142,V08-P137,276,TIRF-394,394,LOW,5,other,396,f5fb07167edd2524f8eb23c7ee66c830b59a714983a5cb57643dfc545e3dea07,DIRECT PRIMARY
8,PB263447(1).pdf,143,V08-P143,277,TIRF-394,394,HIGH,0,tire_identification,1088,7083b6fac90acf666fe1e2f0852ba7c0e390e4c465ddef67902a0122a0344495,DIRECT PRIMARY
8,PB263447(1).pdf,144,V08-P143,277,TIRF-394,394,HIGH,1,footprint_or_image,39,f271e9a76a80a8bfbd89684a5543f29288a72e9f1d85242def0d3c67d119c9ef,DIRECT PRIMARY
8,PB263447(1).pdf,145,V08-P143,277,TIRF-394,394,HIGH,2,cornering_coefficients,1345,57a8741071a783ffd105e44e8d0b67ef374746677d04de3e0a3093b87f478877,DIRECT PRIMARY
8,PB263447(1).pdf,146,V08-P143,277,TIRF-394,394,HIGH,3,other,602,2f4ef28a5bf0e8ca00a9fcac7af3a00ef9d08a934fe5a1710cc4a9f23ccf9746,DIRECT PRIMARY
8,PB263447(1).pdf,147,V08-P143,277,TIRF-394,394,HIGH,4,other,379,f63675a94d44b2fb5798c8e9cdedf96ac970d0a19f4334178b079a4f6462edeb,DIRECT PRIMARY
8,PB263447(1).pdf,148,V08-P143,277,TIRF-394,394,HIGH,5,other,198,6ec567a188afec9bc305f68056caccafddbf01b26166d9ad1d11f3bfee9fe416,DIRECT PRIMARY
8,PB263447(1).pdf,149,V08-P143,277,TIRF-394,394,HIGH,6,other,91,e806d0961e9642b5c16832f4e9c2fca7495199b78ea7eaa4b96042507c42dfd3,DIRECT PRIMARY
8,PB263447(1).pdf,150,V08-P143,277,TIRF-394,394,HIGH,7,other,991,1e24fdfe248f217f0390c77816da84d2121d96a3c64ec109b50761190a34c800,DIRECT PRIMARY
8,PB263447(1).pdf,151,V08-P143,277,TIRF-394,394,HIGH,8,cornering_coefficients,1310,5c73afa25f5d1731578b3bfc05f6e7beb531c9da9ce253b4ae7f80449b2582a8,DIRECT PRIMARY
8,PB263447(1).pdf,152,V08-P143,277,TIRF-394,394,HIGH,9,braking_plot,636,cecb63c18a6e4f3027504d8c2a5fa1816411747647fe60296432d46492dcd40d,DIRECT PRIMARY
8,PB263447(1).pdf,153,V08-P143,277,TIRF-394,394,HIGH,10,other,358,8dddbabd7871abab53e15e7365a6c6cd18804a680a2af431fea130931d318f41,DIRECT PRIMARY
8,PB263447(1).pdf,154,V08-P143,277,TIRF-394,394,HIGH,11,other,199,e70519fb7fb6d07854f1b83ff387dbcc1e2c1bc3be89d0f6bc87da2280f77681,DIRECT PRIMARY
8,PB263447(1).pdf,155,V08-P143,277,TIRF-394,394,HIGH,12,other,423,6603a8cbc47e0e216bfa371b52fb41f4535e468efb2c5e2242843ed8bf7d9e93,DIRECT PRIMARY
8,PB263447(1).pdf,156,V08-P156,278,TIRF-398,398,MEDIUM,0,tire_identification,1721,1c578a67d184bc05e83ef4ac8ad262d222fee93d57cf143d101692d42a90e0cd,DIRECT PRIMARY
8,PB263447(1).pdf,157,V08-P156,278,TIRF-398,398,MEDIUM,1,footprint_or_image,66,7780eeaef4d6512b8a76526066904b4ffabb341175067740ed1b54022b3e8c78,DIRECT PRIMARY
8,PB263447(1).pdf,158,V08-P156,278,TIRF-398,398,MEDIUM,2,cornering_coefficients,1306,11a5e82deb0562b1530ba26dd9543b173d284bddc4decffe6bc05d3573455268,DIRECT PRIMARY
8,PB263447(1).pdf,159,V08-P156,278,TIRF-398,398,MEDIUM,3,braking_coefficients,588,011d2cd69e5de64d66ade6d532eb41a11481522eb1dc4413d4df072475971675,DIRECT PRIMARY
8,PB263447(1).pdf,160,V08-P156,278,TIRF-398,398,MEDIUM,4,other,434,7ce56e02a509bab5a78a568aff99e43ee81fb7bbee884ef90b1bb983a9ee45f8,DIRECT PRIMARY
8,PB263447(1).pdf,161,V08-P156,278,TIRF-398,398,MEDIUM,5,cornering_plot,234,6a5eb1059705d5abd5f9416dcbba5070fa43ecac87b2e86aac5f0e0e7604a6a5,DIRECT PRIMARY
8,PB263447(1).pdf,162,V08-P156,278,TIRF-398,398,MEDIUM,6,other,325,290ea92fde029a4876c6e70cedf1e85bfaef4ab9bc389606082b3987d956bb31,DIRECT PRIMARY
8,PB263447(1).pdf,163,V08-P156,278,TIRF-398,398,MEDIUM,7,other,324,768fc9d7ef2bdb09163df8c683aca8b5306dc91b3d92b4d80b9e9d66d39624ea,DIRECT PRIMARY
8,PB263447(1).pdf,164,V08-P164,279,TIRF-400,400,LOW,0,tire_identification,1018,8b6450a80cb7a8c74ba87fd49ce7952a9f214b3ede5ab75e322981a65d2c1141,DIRECT PRIMARY
8,PB263447(1).pdf,165,V08-P164,279,TIRF-400,400,LOW,1,cornering_coefficients,1317,11745e0f4d09657eb3d34eefede704828e5c19a0b326cef34ee40fe401a5dd78,DIRECT PRIMARY
8,PB263447(1).pdf,166,V08-P164,279,TIRF-400,400,LOW,2,braking_plot,568,b2407c5b4be3aad0e4a0081346d47c876e6edc94926a199267ddb0b7f4d330a8,DIRECT PRIMARY
8,PB263447(1).pdf,167,V08-P164,279,TIRF-400,400,LOW,3,other,388,1907c3c1fe4c38581a3fb75cde51108759c19611ab0af729e3403bc23c17b0e6,DIRECT PRIMARY
8,PB263447(1).pdf,168,V08-P164,279,TIRF-400,400,LOW,4,other,250,d0191eb59ce735d350e4128d54b6283d179a972cc55e0e260c03a414ae025eef,DIRECT PRIMARY
8,PB263447(1).pdf,169,V08-P164,279,TIRF-400,400,LOW,5,other,215,763fa95971abb7f2bc084f409cb607aaeeb10aba4acc3ef525f21e0f23f3000f,DIRECT PRIMARY
8,PB263447(1).pdf,170,V08-P170,280,TIRF-400,400,LOW,0,tire_identification,1024,912a32b95cee209ec5d184724c6a15c2db679bcceda7c0cc6e6a5085e603a9dd,DIRECT PRIMARY
8,PB263447(1).pdf,171,V08-P170,280,TIRF-400,400,LOW,1,cornering_coefficients,1332,7bbb4ba6def46e59fa3f2b994b6a10cffe6569f0547857e60815e676c4e3cc38,DIRECT PRIMARY
8,PB263447(1).pdf,172,V08-P170,280,TIRF-400,400,LOW,2,braking_plot,593,a4d1755d621be0b0f109c264fe71c88882ee95fd768b5e451b8bb25504fa5068,DIRECT PRIMARY
8,PB263447(1).pdf,173,V08-P170,280,TIRF-400,400,LOW,3,other,455,845b2610cf8d3d525b7bf89ebdda2f7508702862febdb2290e5f19f8b7c8c19b,DIRECT PRIMARY
8,PB263447(1).pdf,174,V08-P170,280,TIRF-400,400,LOW,4,other,230,a0fd46c34dc66a4585b97e775fd66a71bebc865967e818279e42607895d2f95b,DIRECT PRIMARY
8,PB263447(1).pdf,175,V08-P170,280,TIRF-400,400,LOW,5,other,243,5079bda710c560465b09c4ae57f5adec9880d8098f9169cb581f5e66b7b2e397,DIRECT PRIMARY
8,PB263447(1).pdf,176,V08-P176,281,TIRF-400,400,LOW,0,tire_identification,1094,96e289c8b47be3add66ac2bce455b0d734f5e1bec2dd277efa12ebccf813910d,DIRECT PRIMARY
8,PB263447(1).pdf,177,V08-P176,281,TIRF-400,400,LOW,1,cornering_coefficients,1300,7ff46d2a9c5dfae1ade6c9bbca412fc3d92a1e9e87b9bfa6252fb321c420729a,DIRECT PRIMARY
8,PB263447(1).pdf,178,V08-P176,281,TIRF-400,400,LOW,2,braking_plot,612,8c230f16e4373e7010ad936f8e8e5ad76791b9c9407a51997a882a8ddd4264a0,DIRECT PRIMARY
8,PB263447(1).pdf,179,V08-P176,281,TIRF-400,400,LOW,3,cornering_plot,410,ba68f36e9ba776c37f89a9be808b98a1578ddbc342218c25f023aa2d27bb6624,DIRECT PRIMARY
8,PB263447(1).pdf,180,V08-P176,281,TIRF-400,400,LOW,4,other,270,8c57f11aa7baa8ba6237951c188c552b19dec908bd8a7065e4b1b6d97baf0cb8,DIRECT PRIMARY
8,PB263447(1).pdf,181,V08-P176,281,TIRF-400,400,LOW,5,other,205,eebdaaab90fa6b9632355c43f95167d343a7f1b8dae6abac7f6962ed6a7610d3,DIRECT PRIMARY
8,PB263447(1).pdf,182,V08-P182,282,TIRF-400,400,LOW,0,tire_identification,851,ff3aa748c3dc5c73b9ebff2060fc8e72119b04f38ad22c1ba2c6713d88c2f258,DIRECT PRIMARY
8,PB263447(1).pdf,183,V08-P182,282,TIRF-400,400,LOW,1,cornering_coefficients,1326,3dbdd6cd45d5a6fc5b474581b697abb22ac57f5d35384c032e66582360d42228,DIRECT PRIMARY
8,PB263447(1).pdf,184,V08-P182,282,TIRF-400,400,LOW,2,braking_plot,611,965ec3687c75e8ead210ca963d87894ad7779a8fa2a951ccaf5eb38e08acc5ff,DIRECT PRIMARY
8,PB263447(1).pdf,185,V08-P182,282,TIRF-400,400,LOW,3,cornering_plot,416,624d045126bd65a2638aaaf1e912a683ba2cd6ef29f4cf3ddad1b28832945a7d,DIRECT PRIMARY
8,PB263447(1).pdf,186,V08-P182,282,TIRF-400,400,LOW,4,other,269,52b02b2a68252521ba0843c4af42c1b51011e194fdbfc74056e01cbfa316dd26,DIRECT PRIMARY
8,PB263447(1).pdf,187,V08-P182,282,TIRF-400,400,LOW,5,other,131,0dab0f3b66990ef37f11eae5dc2ea711f6e07c95ac44d83fb91c737f912142a4,DIRECT PRIMARY
8,PB263447(1).pdf,188,V08-P188,283,TIRF-400,400,LOW,0,tire_identification,1047,9a2a7fddfb0c0e310372cc26d27012ac2a57bdf380519f72c9c54725965ae76a,DIRECT PRIMARY
8,PB263447(1).pdf,189,V08-P188,283,TIRF-400,400,LOW,1,braking_plot,610,049182dce9ea452e531a76aaad60364810fbee95521ad57e395985eae1f5d7a7,DIRECT PRIMARY
8,PB263447(1).pdf,190,V08-P188,283,TIRF-400,400,LOW,2,other,427,bc64cfbe6d26ee38e01b57677061ccff1f0ab2fa4bac28954af570fbc8bedd6d,DIRECT PRIMARY
8,PB263447(1).pdf,191,V08-P191,284,TIRF-400,400,HIGH,0,tire_identification,1129,f64309f87cfe4133807bf146202bf99f0f9957872ba15c586937a8ffba62f355,DIRECT PRIMARY
8,PB263447(1).pdf,192,V08-P191,284,TIRF-400,400,HIGH,1,footprint_or_image,41,d38ab1b02501d106faa954a86e0e79b0f7badd12e0a18a91f77128f230c8085d,DIRECT PRIMARY
8,PB263447(1).pdf,193,V08-P191,284,TIRF-400,400,HIGH,2,cornering_coefficients,1330,07b220b288d936bb3fd50b9d618e3b20a89375e18e3cd4919b4be4422955a6fe,DIRECT PRIMARY
8,PB263447(1).pdf,194,V08-P191,284,TIRF-400,400,HIGH,3,braking_coefficients,595,119b6c321544cba132d8b68df2f4041feb042561c2d1c4b252818fcc7003cfb9,DIRECT PRIMARY
8,PB263447(1).pdf,195,V08-P191,284,TIRF-400,400,HIGH,4,other,422,cd8bf5120fbb569eebeed841c972fcfb6d8de6d7405929b93d1aa83b04fc515b,DIRECT PRIMARY
8,PB263447(1).pdf,196,V08-P191,284,TIRF-400,400,HIGH,5,other,301,cfefe79b5e41371017e935aef249e7d260970cbd7ed0a70e6417b5cede0f33ec,DIRECT PRIMARY
8,PB263447(1).pdf,197,V08-P191,284,TIRF-400,400,HIGH,6,other,371,38f34442a7b879fbb80dc47bc19e5ff45ff69d70dd6f34e8404a2359240882d5,DIRECT PRIMARY
8,PB263447(1).pdf,198,V08-P198,285,TIRF-401,401,HIGH,0,tire_identification,1568,bf8f9b72a0839378a134a6d9b0937022ee7081dfe99652af584db4fc75d832f1,DIRECT PRIMARY
8,PB263447(1).pdf,199,V08-P198,285,TIRF-401,401,HIGH,1,footprint_or_image,48,0bc7d272a7a241f8e76d6756e2a5254c41da2838c5ccd5948bf669082a768d5f,DIRECT PRIMARY
8,PB263447(1).pdf,200,V08-P198,285,TIRF-401,401,HIGH,2,cornering_coefficients,1316,3ee067e5d79624f66093ef72f2fb9ecdba1b0b32424842917116e3e1f5cc4f9b,DIRECT PRIMARY
8,PB263447(1).pdf,201,V08-P198,285,TIRF-401,401,HIGH,3,braking_plot,609,fcaeff7abdfda888a7f7a022d6348a0497f4ef296326733396001b6800c09981,DIRECT PRIMARY
8,PB263447(1).pdf,202,V08-P198,285,TIRF-401,401,HIGH,4,other,420,261f1449bf393a2d4e6eb60b574a8a850f7faeb3ee0c4b42d192856a9378a7b6,DIRECT PRIMARY
8,PB263447(1).pdf,203,V08-P198,285,TIRF-401,401,HIGH,5,cornering_plot,239,0f81f0416723a65a71e3ae1d9b2b720afa0b117fbf65a7786af009cd134f5756,DIRECT PRIMARY
8,PB263447(1).pdf,204,V08-P198,285,TIRF-401,401,HIGH,6,other,80,36337e2c264b8cfa289a865f5aa53356110045fcf480ea96e0021b560d915639,DIRECT PRIMARY
8,PB263447(1).pdf,205,V08-P205,286,TIRF-401,401,HIGH,0,tire_identification,1075,4d955bcabb18b20af1ed7345a917f15037d01ed9d03a0dc9519eb44146602941,DIRECT PRIMARY
8,PB263447(1).pdf,206,V08-P205,286,TIRF-401,401,HIGH,1,test_data,1374,54da3b81f65c086010808a2ff1a3bd86f2f729becc2c3dcf1431a0a1a2dd7efa,DIRECT PRIMARY
8,PB263447(1).pdf,207,V08-P205,286,TIRF-401,401,HIGH,2,braking_coefficients,598,7cd782d6f5c79675d9fa866942615dbd28dd737648331121310859d082f3bc35,DIRECT PRIMARY
8,PB263447(1).pdf,208,V08-P205,286,TIRF-401,401,HIGH,3,other,387,30bdbfaf7afd6b3d4d8a32110a00fed5daf3f434f98dd28f31f44670fcedc310,DIRECT PRIMARY
8,PB263447(1).pdf,209,V08-P205,286,TIRF-401,401,HIGH,4,cornering_plot,231,4464a6a52f763ba6fe883c0ebb1bc3eaee506ef43db0590b99c6676f83de0475,DIRECT PRIMARY
8,PB263447(1).pdf,210,V08-P205,286,TIRF-401,401,HIGH,5,other,97,d5a9879a548f75c1c1322a7ef92fc88be5f03de2cede50f4ab64095234dd759a,DIRECT PRIMARY
8,PB263447(1).pdf,211,V08-P211,287,TIRF-401,401,HIGH,0,tire_identification,1080,d8917c4f10cb341b8bee94ef43167739da9d50c433f2340e0aecbcfabb4a223a,DIRECT PRIMARY
8,PB263447(1).pdf,212,V08-P211,287,TIRF-401,401,HIGH,1,cornering_coefficients,1313,856721df1236aaff109ec9fe878e91077d27fd1d84a2803133c33b518a324583,DIRECT PRIMARY
8,PB263447(1).pdf,213,V08-P211,287,TIRF-401,401,HIGH,2,braking_plot,591,7de0d3cc6819d5b1c6d76703125fb3df29aad8c256706f164037d994a967d529,DIRECT PRIMARY
8,PB263447(1).pdf,214,V08-P211,287,TIRF-401,401,HIGH,3,cornering_plot,452,7467f5d61390b9911b35474cb727cc739e287fdabafad661f518d7760f7ac667,DIRECT PRIMARY
8,PB263447(1).pdf,215,V08-P211,287,TIRF-401,401,HIGH,4,cornering_plot,246,76b09501fbdd18d8731f1d7fdac48232575568f468eb4c2d22c1d51b8a37548c,DIRECT PRIMARY
8,PB263447(1).pdf,216,V08-P211,287,TIRF-401,401,HIGH,5,image_or_blank,22,8a0905152a94e80143ca6312740fd24475bf8f54b157cd29a38cb3392daa3355,DIRECT PRIMARY
8,PB263447(1).pdf,217,V08-P217,288,TIRF-401,401,LOW,0,tire_identification,1012,f5b7808df70a7256e2ee2cf297456fc40ece88450b0bbfa5d22b7719ad2e8a2a,DIRECT PRIMARY
8,PB263447(1).pdf,218,V08-P217,288,TIRF-401,401,LOW,1,test_data,1328,6cafc13448af18024dace6b2621381a9d3854bf5329fbb70491f444bfb946531,DIRECT PRIMARY
8,PB263447(1).pdf,219,V08-P217,288,TIRF-401,401,LOW,2,braking_coefficients,594,0d82ddfd683873775540c6df099e919063306cce8eda67a72e34f12c32d344e4,DIRECT PRIMARY
8,PB263447(1).pdf,220,V08-P217,288,TIRF-401,401,LOW,3,other,237,1edd0b5515f8bc7320d3d23b24e96203b604d0f955aeaeb2ae6fcffcd084f482,DIRECT PRIMARY
8,PB263447(1).pdf,221,V08-P217,288,TIRF-401,401,LOW,4,cornering_plot,448,836e38972ccc137ce1441faed71c653e741fac7df13501d7a5c31b2b1ff0af01,DIRECT PRIMARY
8,PB263447(1).pdf,222,V08-P217,288,TIRF-401,401,LOW,5,other,137,f72a0cdc3aa5edf45c326c37dd1612e5e258f075e1ab0bf5e4fdd65fb683cfca,DIRECT PRIMARY
8,PB263447(1).pdf,223,V08-P223,289,TIRF-401,401,HIGH,0,tire_identification,1013,f7403f1c69a06d3193f41cbf819610a660a449f84155471b60b75bd2b1d08fb6,DIRECT PRIMARY
8,PB263447(1).pdf,224,V08-P223,289,TIRF-401,401,HIGH,1,test_data,1302,c0c56585e1d20ab46fe827d1389bd484dee9875ba6fc24519cc63c3476229733,DIRECT PRIMARY
8,PB263447(1).pdf,225,V08-P223,289,TIRF-401,401,HIGH,2,braking_plot,572,20d3e81ba4382004403579c3924d81b54f91e311bc0576b3be9b330c21356f19,DIRECT PRIMARY
8,PB263447(1).pdf,226,V08-P223,289,TIRF-401,401,HIGH,3,other,411,7e2b67f20382fba88095695b2d60b4590011eab60dbad9a062df308d7cf60cbe,DIRECT PRIMARY
8,PB263447(1).pdf,227,V08-P223,289,TIRF-401,401,HIGH,4,cornering_plot,252,ae8c8538f1a35fb361cf695eee5546671f08abbb6930fb5a2183ab17d3a7e0a5,DIRECT PRIMARY
8,PB263447(1).pdf,228,V08-P223,289,TIRF-401,401,HIGH,5,other,258,78aeda49df6d7dc4a666c6136c6f9f3e61f9a71b64653a9c98dcf7231493ee4f,DIRECT PRIMARY
8,PB263447(1).pdf,229,V08-P229,290,TIRF-402,402,HIGH,0,tire_identification,1120,adb9900423c6f8fbbc63e66b4dd635e6a1675b7623c9a4bf2185d97c6d5c9ba3,DIRECT PRIMARY
8,PB263447(1).pdf,230,V08-P229,290,TIRF-402,402,HIGH,1,footprint_or_image,28,dcefe1ca3226f7ef6270052c0b27255ab4f364eb57d1cc774e6e25d97d2e6773,DIRECT PRIMARY
8,PB263447(1).pdf,231,V08-P229,290,TIRF-402,402,HIGH,2,cornering_coefficients,1256,6f2c173ad27f8119675cd095838f4648433cf153b6d7a58dedc351c706da7131,DIRECT PRIMARY
8,PB263447(1).pdf,232,V08-P229,290,TIRF-402,402,HIGH,3,braking_plot,606,34e831f53af7692a7e29f2d538f0c6896f0314c22df8f9105f1ed1d9501f6fef,DIRECT PRIMARY
8,PB263447(1).pdf,233,V08-P229,290,TIRF-402,402,HIGH,4,cornering_plot,434,3b697b1f8684206e7f1a5e3f85f6e5c14ffaecacce8112b879dad6cf04032a70,DIRECT PRIMARY
8,PB263447(1).pdf,234,V08-P229,290,TIRF-402,402,HIGH,5,other,233,e398470f7c80dbcc42e61a9612e95a27434a15c371a6f2e3faea9ac0b7d53074,DIRECT PRIMARY
8,PB263447(1).pdf,235,V08-P229,290,TIRF-402,402,HIGH,6,other,101,c06e327c7c1b23a6ac1d7a78662861ffdc749a1290618405357ae12518124a79,DIRECT PRIMARY
8,PB263447(1).pdf,236,V08-P236,291,TIRF-403,403,HIGH,0,tire_identification,1591,472e3ec71b4d4b307a1db422c78284ed5ebd2269eea288b9928eeb037a4ce974,DIRECT PRIMARY
8,PB263447(1).pdf,237,V08-P236,291,TIRF-403,403,HIGH,1,footprint_or_image,64,e0a68fa0f986d5a1028a40061a2e86ae6dddbd30fd2eef6bc1ff152783464794,DIRECT PRIMARY
8,PB263447(1).pdf,238,V08-P236,291,TIRF-403,403,HIGH,2,cornering_coefficients,1288,21dd936fa51f9075c08c65efcc55764899ca21d0b4738721bd4e93ba1478d21b,DIRECT PRIMARY
8,PB263447(1).pdf,239,V08-P236,291,TIRF-403,403,HIGH,3,braking_coefficients,614,90209781ffb09b6439a9db156c20956cc79cd8b1af9bea410706518fa24bbfa3,DIRECT PRIMARY
8,PB263447(1).pdf,240,V08-P236,291,TIRF-403,403,HIGH,4,other,433,13fa1e80db0475d87002891fa30518901bf0eb1cb9dcf89f13c0c96a3b7ae00d,DIRECT PRIMARY
8,PB263447(1).pdf,241,V08-P236,291,TIRF-403,403,HIGH,5,other,249,01714ad23f0c89f59c51716085829b40d882a4752e3a9ce9272f5e0151078d9e,DIRECT PRIMARY
8,PB263447(1).pdf,242,V08-P236,291,TIRF-403,403,HIGH,6,other,80,4e4444e0b2a66a607f88f9f183f1faf5268060aad8b78f851cefc786881e1365,DIRECT PRIMARY
8,PB263447(1).pdf,243,V08-P243,292,TIRF-404,404,HIGH,0,tire_identification,1173,2d0e79987df6da0fbf14cedae438759a4eee7a38697d7d8d57093a9a9f6addc9,DIRECT PRIMARY
8,PB263447(1).pdf,244,V08-P243,292,TIRF-404,404,HIGH,1,footprint_or_image,29,0a19fefda26819b69380599ec3e96bf1a381badb1470f47a48860f404a1a0e18,DIRECT PRIMARY
8,PB263447(1).pdf,245,V08-P243,292,TIRF-404,404,HIGH,2,tire_uniformity,352,7e01c3346e3964a0d91dd6c27933178c2cea99d93d25b410191b0b9a8728e56c,DIRECT PRIMARY
8,PB263447(1).pdf,246,V08-P243,292,TIRF-404,404,HIGH,3,cornering_coefficients,1312,c44779eac44cfe53d85769c9fe27d492b1e649646d209b0efe3ef8c35c6560b6,DIRECT PRIMARY
8,PB263447(1).pdf,247,V08-P243,292,TIRF-404,404,HIGH,4,braking_coefficients,614,e801a1696982c2cd954ab3bdc06c1f1b8d75588512218b97ad4addd8da6d9a02,DIRECT PRIMARY
8,PB263447(1).pdf,248,V08-P243,292,TIRF-404,404,HIGH,5,other,360,ccb8672ac6796b7b816c764f82c76aeffe5f16d28964636ecc8064416378d6ac,DIRECT PRIMARY
8,PB263447(1).pdf,249,V08-P243,292,TIRF-404,404,HIGH,6,other,281,d2b48fb555f619db90320329b580cfd3826e23735ab2f64b7689a6882d0a1070,DIRECT PRIMARY
8,PB263447(1).pdf,250,V08-P243,292,TIRF-404,404,HIGH,7,other,64,f9f8d71086d58c34d7206c21acd506dd67f0d005f1bc9890981f2c75326c67e5,DIRECT PRIMARY
8,PB263447(1).pdf,251,V08-P251,293,TIRF-405,405,HIGH,0,tire_identification,1156,827d54f4fa79b852351ab24a58909bb968439f11ff64d4e1b41f35409b848fd8,DIRECT PRIMARY
8,PB263447(1).pdf,252,V08-P251,293,TIRF-405,405,HIGH,1,footprint_or_image,31,b2e7c27052b46e69eeb205d5c3c51ef4f1de2edf25dbb1de278fc8598c24a46c,DIRECT PRIMARY
8,PB263447(1).pdf,253,V08-P251,293,TIRF-405,405,HIGH,2,other,52,94a478ccdabae7ee9b22a52f87235a5e2b8feded3c8439973147a3295be33418,DIRECT PRIMARY
8,PB263447(1).pdf,254,V08-P251,293,TIRF-405,405,HIGH,3,tire_uniformity,416,d6799eaae43e61c91da100201a7f6415386a6383894aeab10e3090d3b180efd1,DIRECT PRIMARY
8,PB263447(1).pdf,255,V08-P251,293,TIRF-405,405,HIGH,4,cornering_coefficients,1305,795f03ed46dcb85a23e5acb6bce38b48ce0958fc64169b7704621e97d2569380,DIRECT PRIMARY
8,PB263447(1).pdf,256,V08-P251,293,TIRF-405,405,HIGH,5,braking_coefficients,610,3f45be4fb875c7eff65a771c30f1e1b2e41ad6804a40c21226c4389684201062,DIRECT PRIMARY
8,PB263447(1).pdf,257,V08-P251,293,TIRF-405,405,HIGH,6,cornering_plot,329,037400c06f5bde12698d486aa06d5686c1b3512deb99bec48112bf6d941bef39,DIRECT PRIMARY
8,PB263447(1).pdf,258,V08-P251,293,TIRF-405,405,HIGH,7,other,261,969c10c955613216d8840cb79e2299a2f74e7334f36f06745305247b0574f4fc,DIRECT PRIMARY
8,PB263447(1).pdf,259,V08-P251,293,TIRF-405,405,HIGH,8,other,488,32afae25d1745490465e2293c69715f6ef2c61682a5690b005dab7fe5c00729e,DIRECT PRIMARY
8,PB263447(1).pdf,260,V08-P251,293,TIRF-405,405,HIGH,9,other,1482,158dbf28725d48da12d7db7498a3ba312ea60e12867df247cd63a240d9579d16,DIRECT PRIMARY
8,PB263447(1).pdf,261,V08-P251,293,TIRF-405,405,HIGH,10,image_or_blank,31,09d632b4c2e689b695630079c3888310c1ee37202c9eb8cdb948664b73200e70,DIRECT PRIMARY
8,PB263447(1).pdf,262,V08-P251,293,TIRF-405,405,HIGH,11,tire_uniformity,354,0f656108ea8918d7c1901ef556298b61472c1085889e1fde1a5bb7e245896c15,DIRECT PRIMARY
8,PB263447(1).pdf,263,V08-P251,293,TIRF-405,405,HIGH,12,cornering_coefficients,1288,23218ee65708a164a2931c2cd36922064c37973c2ae9b150022cd77c3dd69232,DIRECT PRIMARY
8,PB263447(1).pdf,264,V08-P251,293,TIRF-405,405,HIGH,13,braking_coefficients,603,73921e41ff0ca4d79e1ed71f7dfb1f0ff21bbb95dfbee82d9b892ec1832ec721,DIRECT PRIMARY
8,PB263447(1).pdf,265,V08-P251,293,TIRF-405,405,HIGH,14,other,329,9f08d40d9242cbf3c97a5ab38fe11a776071e61632c7e827348d13ed4c3a8990,DIRECT PRIMARY
8,PB263447(1).pdf,266,V08-P251,293,TIRF-405,405,HIGH,15,other,318,2e60d659921631bfe6e82d56b7b0652e6e4a5ed483cb66b544f8c86c30a99e94,DIRECT PRIMARY
8,PB263447(1).pdf,267,V08-P251,293,TIRF-405,405,HIGH,16,other,194,2eadcf1106b66ac3279bffae57d109628449ed3e353ce3fd4740180784af1f4a,DIRECT PRIMARY
8,PB263447(1).pdf,268,V08-P268,294,TIRF-406,406,MEDIUM,0,tire_identification,1128,ea5c49d5f055e964d2a38937cc28471570f3c6c8ddbb859882728c8efff232b1,DIRECT PRIMARY
8,PB263447(1).pdf,269,V08-P268,294,TIRF-406,406,MEDIUM,1,footprint_or_image,42,9a14c62ba73339a293eef5e4d5d6e6accced472fa7ea3d760e414dbd0c4582c8,DIRECT PRIMARY
8,PB263447(1).pdf,270,V08-P268,294,TIRF-406,406,MEDIUM,2,tire_uniformity,353,2137549f2f6200137fceadaf88e1f146d3e1c2210db960afe68c808c76d876fa,DIRECT PRIMARY
8,PB263447(1).pdf,271,V08-P268,294,TIRF-406,406,MEDIUM,3,cornering_coefficients,1307,4cba47bbff25a113d11ef1d8ddef67c5714f843ebf5a0251d4d5b1bba27e9ad0,DIRECT PRIMARY
8,PB263447(1).pdf,272,V08-P268,294,TIRF-406,406,MEDIUM,4,braking_coefficients,597,aee13ea86a1dcd041d50edb4ff503edd1ea6c59d82d0639f796dd2477ef9fe3b,DIRECT PRIMARY
8,PB263447(1).pdf,273,V08-P268,294,TIRF-406,406,MEDIUM,5,other,360,489e3a700451a7a11a81ed77652d911f0643f58fc803a6d00e45685eeff6edee,DIRECT PRIMARY
8,PB263447(1).pdf,274,V08-P268,294,TIRF-406,406,MEDIUM,6,other,273,fedd1151e3034e4124ef1df11a79beb86569ede8758b585a74aaa9f8a8781474,DIRECT PRIMARY
8,PB263447(1).pdf,275,V08-P268,294,TIRF-406,406,MEDIUM,7,other,495,ccef8897051622975f7ecd862e43532b93e5dcc8d8b3e98fe1ec97d4508f577b,DIRECT PRIMARY
8,PB263447(1).pdf,276,V08-P276,295,TIRF-408,408,HIGH,0,tire_identification,1198,58bffd38c06a27072c4d5508699c77e7c1bc50d81532f8e4a1806631b7b8c780,DIRECT PRIMARY
8,PB263447(1).pdf,277,V08-P276,295,TIRF-408,408,HIGH,1,footprint_or_image,29,11521213fbd6be7c907db06eec679c968e7d79b337850b47b0f0c4528545c1a1,DIRECT PRIMARY
8,PB263447(1).pdf,278,V08-P276,295,TIRF-408,408,HIGH,2,tire_uniformity,355,147eef8d19fc7ee5d33c6adaec9a87e272596c6fa9f5ecf875cfb362fb8b4cfe,DIRECT PRIMARY
8,PB263447(1).pdf,279,V08-P276,295,TIRF-408,408,HIGH,3,cornering_coefficients,1303,bcd85d0b9654939a8d4016029aba9332e35f7b0009ff5a7846c0acc0edbef81d,DIRECT PRIMARY
8,PB263447(1).pdf,280,V08-P276,295,TIRF-408,408,HIGH,4,braking_coefficients,598,ad7f9179d88df2e3716179dd35e5e0cc76ffe7536fcefcf766f1476abd80cc2e,DIRECT PRIMARY
8,PB263447(1).pdf,281,V08-P276,295,TIRF-408,408,HIGH,5,other,380,8cedf63ba7bfa654322108f0bca4fb0d82739d01c03b6382835f5fe097021eee,DIRECT PRIMARY
8,PB263447(1).pdf,282,V08-P276,295,TIRF-408,408,HIGH,6,other,256,68155528daea05160022612feaabc312113496bfaa4f858d299bd37e31c43618,DIRECT PRIMARY
8,PB263447(1).pdf,283,V08-P276,295,TIRF-408,408,HIGH,7,other,510,974db4b052080d0c055e4f5c41eaab0c67ea20d5baf885fc8f4c57062e0d7ede,DIRECT PRIMARY
8,PB263447(1).pdf,284,V08-P284,296,TIRF-409,409,HIGH,0,tire_identification,1335,1e76148baf6091e596362f6cb595f666b70e2a422eba51d2084232c29331f4d5,DIRECT PRIMARY
8,PB263447(1).pdf,285,V08-P284,296,TIRF-409,409,HIGH,1,footprint_or_image,36,b41153bcd55b5847c0e619bea6d917ccde6b00794460cd48910d687fe68b0f9b,DIRECT PRIMARY
8,PB263447(1).pdf,286,V08-P284,296,TIRF-409,409,HIGH,2,tire_uniformity,357,27a29de2e7b43c7765b848fc10ad947837e5e40f07a0fdbaeae11b41883c4747,DIRECT PRIMARY
8,PB263447(1).pdf,287,V08-P284,296,TIRF-409,409,HIGH,3,cornering_coefficients,1311,9e814fb50f556f1284fa691f8a0efe54034b51d923cb0ffe0e5db9fa75e488c2,DIRECT PRIMARY
8,PB263447(1).pdf,288,V08-P284,296,TIRF-409,409,HIGH,4,braking_plot,619,8177d37987b2c2ab5f9fa6282bb31d34a60d09600f3f3bc8152323a1dd5c336f,DIRECT PRIMARY
8,PB263447(1).pdf,289,V08-P284,296,TIRF-409,409,HIGH,5,other,390,354867463fef81ebe66b4e103094a207f9f4e4db3e1603b275e3a05a5593b984,DIRECT PRIMARY
8,PB263447(1).pdf,290,V08-P284,296,TIRF-409,409,HIGH,6,other,321,5d10f77035f3161cc32975c78766de89f6aff59edc230f4b697f12a15e7c5c95,DIRECT PRIMARY
8,PB263447(1).pdf,291,V08-P284,296,TIRF-409,409,HIGH,7,other,534,c2491936a72dbb74d4af34ef1d9fedc3e5f453b31d4d9302113206998993fcca,DIRECT PRIMARY
8,PB263447(1).pdf,292,V08-P292,297,TIRF-410,410,HIGH,0,tire_identification,1282,35d240b245498f3519aba7c7b7f0b4a066d6929f7e4345e9a9f804c9edf1a0f7,DIRECT PRIMARY
8,PB263447(1).pdf,293,V08-P292,297,TIRF-410,410,HIGH,1,footprint_or_image,26,f99c7d3c54609cfd7632667caab99b3d00e5b9c0fa81c4c8c14a50e5d4e7671c,DIRECT PRIMARY
8,PB263447(1).pdf,294,V08-P292,297,TIRF-410,410,HIGH,2,tire_uniformity,358,d2307765c0e9b42be4e5e58b47a8d3b779fae3463590aac9f0ce5a03df9ee945,DIRECT PRIMARY
8,PB263447(1).pdf,295,V08-P292,297,TIRF-410,410,HIGH,3,cornering_coefficients,1312,a9f52095c7e632efc4a672bd7e733166949903f3db0e3d3dc8dac1d20a4e1036,DIRECT PRIMARY
8,PB263447(1).pdf,296,V08-P292,297,TIRF-410,410,HIGH,4,braking_plot,603,6d14446141ee40eac77464c2c527c14499145fb9741a80c13eed98c183ddb91b,DIRECT PRIMARY
8,PB263447(1).pdf,297,V08-P292,297,TIRF-410,410,HIGH,5,other,383,d1055fe8b553087b1131590a3821cc0ff4267f7e534515f7cf6a47cc551c2068,DIRECT PRIMARY
8,PB263447(1).pdf,298,V08-P292,297,TIRF-410,410,HIGH,6,other,347,6f086a5abc4a37f58c186a9866865319fea660a26bea1a9a78640bac04ad2088,DIRECT PRIMARY
8,PB263447(1).pdf,299,V08-P292,297,TIRF-410,410,HIGH,7,other,495,6c62d25c99b3471ceb5cb1dc13e929ba6dcd596c220cba3d89b47d69f66a9be3,DIRECT PRIMARY
8,PB263447(1).pdf,300,V08-P300,298,TIRF-411,411,HIGH,0,tire_identification,1110,f141818c294132a9c4a16995712bbcc5132bf11642ede2e1121083627f7d1736,DIRECT PRIMARY
8,PB263447(1).pdf,301,V08-P300,298,TIRF-411,411,HIGH,1,footprint_or_image,21,a352c3459d3d5351d1b8485c9b50b224f83770d552d52a599ebf34125406d405,DIRECT PRIMARY
8,PB263447(1).pdf,302,V08-P300,298,TIRF-411,411,HIGH,2,tire_uniformity,350,81dcdd7e82fc957a111736da134dd92c1dc98ed73c5afd80dcd8c0f00c728d29,DIRECT PRIMARY
8,PB263447(1).pdf,303,V08-P300,298,TIRF-411,411,HIGH,3,cornering_coefficients,1312,28db3ce370b66b7d599d388288101784cc6c461e78d0adb7a552630115844c39,DIRECT PRIMARY
8,PB263447(1).pdf,304,V08-P300,298,TIRF-411,411,HIGH,4,braking_coefficients,595,f466064fbaa1048292c2fe698321609b96caf5dbc9f5eda73325699ab06af104,DIRECT PRIMARY
8,PB263447(1).pdf,305,V08-P300,298,TIRF-411,411,HIGH,5,other,431,daabc7581904f51c9079a9ebdc93263ca34d5df7f7dcb2f8a3c76bc09090e3c6,DIRECT PRIMARY
8,PB263447(1).pdf,306,V08-P300,298,TIRF-411,411,HIGH,6,other,296,41a60945613098595005cb020e93c85cf6ed2c0151585f86f2069681d0404c26,DIRECT PRIMARY
8,PB263447(1).pdf,307,V08-P300,298,TIRF-411,411,HIGH,7,other,502,15e036608023d25c0423797698bf3123cbfa83f5e01fda1aa3487b3b91e64013,DIRECT PRIMARY
8,PB263447(1).pdf,308,V08-P308,299,TIRF-414,414,HIGH,0,tire_identification,1271,b8a21015da16824af68cf6a4a42729d9eca6d619affe11913b20fd098a9356fc,DIRECT PRIMARY
8,PB263447(1).pdf,309,V08-P308,299,TIRF-414,414,HIGH,1,footprint_or_image,31,7c101c0c107313d0ad033f807d817012bdd8d6333996c0f57e2f5aced5782080,DIRECT PRIMARY
8,PB263447(1).pdf,310,V08-P308,299,TIRF-414,414,HIGH,2,cornering_coefficients,1298,e284c3d25b50ed53454d9bf28d4b1cc052ac243e15f9ed7db942a3b211d2bc25,DIRECT PRIMARY
8,PB263447(1).pdf,311,V08-P308,299,TIRF-414,414,HIGH,3,braking_coefficients,597,db13876ab0f02083510525ccd41b43808a3477d4343be0faf2ed04f1aed35038,DIRECT PRIMARY
8,PB263447(1).pdf,312,V08-P308,299,TIRF-414,414,HIGH,4,other,386,9a50ff51cdc84ab03ca8f5d49f3f2f7a18381022f93a42ce2d30732684dc5f4c,DIRECT PRIMARY
8,PB263447(1).pdf,313,V08-P308,299,TIRF-414,414,HIGH,5,other,265,9d4df68458cc28b2ff42349b82b199a7b7030725659a1b8c820b7a9c288af7a0,DIRECT PRIMARY
8,PB263447(1).pdf,314,V08-P308,299,TIRF-414,414,HIGH,6,other,102,fed51fc474ec7a7b7a8a8e714d17f0f0f77e13a9d4ffc165b903acdab089fa51,DIRECT PRIMARY
8,PB263447(1).pdf,315,V08-P315,300,TIRF-414,414,HIGH,0,tire_identification,1054,39227a37a60ab64936d4d19f955957aa7ebea00cc0a2580a74157f2740d0b0a9,DIRECT PRIMARY
8,PB263447(1).pdf,316,V08-P315,300,TIRF-414,414,HIGH,1,cornering_coefficients,1316,b23c2f3a91654f662c41a6be0a164e4ceb505483af7c939e2e97c208f8e6e1eb,DIRECT PRIMARY
8,PB263447(1).pdf,317,V08-P315,300,TIRF-414,414,HIGH,2,braking_coefficients,601,f555f93bcdf8b0644499de0f88fef3a146409b614f48cefd677d443c120ea061,DIRECT PRIMARY
8,PB263447(1).pdf,318,V08-P315,300,TIRF-414,414,HIGH,3,other,355,f7141b292dac526541eb7f5b2f676e81d61069f6efb6e691d5e0d6fb2f2df899,DIRECT PRIMARY
8,PB263447(1).pdf,319,V08-P315,300,TIRF-414,414,HIGH,4,other,264,9b6a31e7808b1eb231c2e08c1380d813821de2d3e7120d78813485bf217e2010,DIRECT PRIMARY
8,PB263447(1).pdf,320,V08-P315,300,TIRF-414,414,HIGH,5,other,330,b098a009c8334879a61ee5995bf4596e3720b84b9ab86e18ae73ce48dadbee05,DIRECT PRIMARY
8,PB263447(1).pdf,321,V08-P321,301,TIRF-414,414,HIGH,0,tire_identification,1037,e265a2a0494e32e45762ce307b0295adc259917b50cac5b302aa7003d2bc183f,DIRECT PRIMARY
8,PB263447(1).pdf,322,V08-P321,301,TIRF-414,414,HIGH,1,cornering_coefficients,1302,9c1b315e6a50262783f5dfa6a59e65fd42579f0289b4b634e2c96987327b0d2c,DIRECT PRIMARY
8,PB263447(1).pdf,323,V08-P321,301,TIRF-414,414,HIGH,2,braking_coefficients,596,6576b860dd39b68ff2902098afeb3c160fa7b974b8addaea85c87dc497c71d38,DIRECT PRIMARY
8,PB263447(1).pdf,324,V08-P321,301,TIRF-414,414,HIGH,3,other,364,0bf292b391bd4b414ebe2ddd391b1b5343eb495e254b6df815a1acb22d2d3d47,DIRECT PRIMARY
8,PB263447(1).pdf,325,V08-P321,301,TIRF-414,414,HIGH,4,other,242,10c8995d137b62af5868e347646138061b990a40cd75c72abce3095fdbd48782,DIRECT PRIMARY
8,PB263447(1).pdf,326,V08-P321,301,TIRF-414,414,HIGH,5,other,319,e57298a6aa0e6ef00384f75498aec03a885dde31775382571b2b5f8870ba7f56,DIRECT PRIMARY
8,PB263447(1).pdf,327,V08-P327,302,TIRF-415,415,HIGH,0,tire_identification,1092,7f5aa30f34214a45a78ebdb1ca6400ecce7323d89852686ea680529f53f56773,DIRECT PRIMARY
8,PB263447(1).pdf,328,V08-P327,302,TIRF-415,415,HIGH,1,footprint_or_image,34,826d126cb5b23ee01309402a777e1780170c0b25708e134e27f8af5932ec463d,DIRECT PRIMARY
8,PB263447(1).pdf,329,V08-P327,302,TIRF-415,415,HIGH,2,cornering_coefficients,1341,f2c5b141f2f8413f617efa7423875b6f641c10632cac1f9c92e0bf923e113592,DIRECT PRIMARY
8,PB263447(1).pdf,330,V08-P327,302,TIRF-415,415,HIGH,3,braking_coefficients,603,79c44c7d8157beb5f684fcf341a2244d547fd8c8735edf74408349d45b3ec1c3,DIRECT PRIMARY
8,PB263447(1).pdf,331,V08-P327,302,TIRF-415,415,HIGH,4,other,344,9a6661cbb1ff38e8862298ab3e6b02d14936318405723321956d4e4a3c8350a6,DIRECT PRIMARY
8,PB263447(1).pdf,332,V08-P327,302,TIRF-415,415,HIGH,5,cornering_plot,308,dd4039ce53950005911542c21d86ce627142f76f045cb4e55209534d18dd035f,DIRECT PRIMARY
8,PB263447(1).pdf,333,V08-P327,302,TIRF-415,415,HIGH,6,other,81,a835311e3b0cef45cc8b9eb3f5f7d8ef7393d947d9d5756e7d2bdeade4c779db,DIRECT PRIMARY
8,PB263447(1).pdf,334,V08-P334,303,TIRF-417,417,LOW,0,tire_identification,1017,bdb06394310a7d3e46785ec3622d47b854f4f0b06ab4f37407410c525da0009c,DIRECT PRIMARY
8,PB263447(1).pdf,335,V08-P334,303,TIRF-417,417,LOW,1,cornering_coefficients,1304,7695ba0790cd008dfd7261051e8dcdda8f7663726eda395f2ca76a7f985e1336,DIRECT PRIMARY
8,PB263447(1).pdf,336,V08-P334,303,TIRF-417,417,LOW,2,braking_coefficients,608,a29473576bf607bbc608dbbf4962b98f64dd8504376945c4a7175b5051d266f3,DIRECT PRIMARY
8,PB263447(1).pdf,337,V08-P334,303,TIRF-417,417,LOW,3,other,399,9f904da9814e4bd7da7e486bbf4359e78f23ca6f90429542cf8220c99ba9aa08,DIRECT PRIMARY
8,PB263447(1).pdf,338,V08-P334,303,TIRF-417,417,LOW,4,other,345,5116f5b513db87d203a31438427aad549e1574b3df2ae75d9cb0b3ef99bc9f7f,DIRECT PRIMARY
8,PB263447(1).pdf,339,V08-P334,303,TIRF-417,417,LOW,5,other,118,cca891ecd0bdec147e60ae36d1c65a9c88143f8e29533e673ab5e1374f8bdc1c,DIRECT PRIMARY
8,PB263447(1).pdf,340,V08-P340,304,TIRF-417,417,LOW,0,tire_identification,1018,dcd2409779f71fcfeaf2ad2a7896725dc786e72531fec7cbbcd9b291ecc1fe2a,DIRECT PRIMARY
8,PB263447(1).pdf,341,V08-P340,304,TIRF-417,417,LOW,1,cornering_coefficients,1306,914110b20b2e32809d68cf3aad974d654c72b64399aff6394fe63c4a4bd379f0,DIRECT PRIMARY
8,PB263447(1).pdf,342,V08-P340,304,TIRF-417,417,LOW,2,braking_coefficients,609,ba1d03de0b5ddf70220ace4bd413ccf5aa1e04dd5a51b447dcf515652735ef50,DIRECT PRIMARY
8,PB263447(1).pdf,343,V08-P340,304,TIRF-417,417,LOW,3,cornering_plot,360,9641741caeacbef21262404b3c4e051fea68ee3dc55f500569a965c33de6f8ce,DIRECT PRIMARY
8,PB263447(1).pdf,344,V08-P340,304,TIRF-417,417,LOW,4,other,290,5423f5dbd5ec34ae3ca077c98b5d6ca2254252811fa7185038e388c9f98f7ef8,DIRECT PRIMARY
8,PB263447(1).pdf,345,V08-P340,304,TIRF-417,417,LOW,5,other,107,cab1ba9d7f29f47bae22928493a84d67cdbae7c56ba5133e176a5e85d8ec4f67,DIRECT PRIMARY
8,PB263447(1).pdf,346,V08-P346,305,TIRF-417,417,MEDIUM,0,tire_identification,1285,638d4cd4f591c958955590cf3e6205087b2bf8d174082cc7c0596c07e4c56ca6,DIRECT PRIMARY
8,PB263447(1).pdf,347,V08-P346,305,TIRF-417,417,MEDIUM,1,footprint_or_image,35,e4ced39f81efb8eebd140a8352a4a1d372766d5148aabaefd1fafc23b139a485,DIRECT PRIMARY
8,PB263447(1).pdf,348,V08-P346,305,TIRF-417,417,MEDIUM,2,tire_uniformity,355,d01f5e88281c2dfd76ed3867a7e05cfed57b65355c58767d0a14c99b9586342f,DIRECT PRIMARY
8,PB263447(1).pdf,349,V08-P346,305,TIRF-417,417,MEDIUM,3,cornering_coefficients,1298,847d2178fb4f81c5e8f99b65657a479342abc0b459d0e5a643386e20c2da2035,DIRECT PRIMARY
8,PB263447(1).pdf,350,V08-P346,305,TIRF-417,417,MEDIUM,4,braking_coefficients,608,95da0918e821d4a1ea6529d1e4910430283bdd2e6af2690c4d285955c91c7bfe,DIRECT PRIMARY
8,PB263447(1).pdf,351,V08-P346,305,TIRF-417,417,MEDIUM,5,other,320,8f9a455ee7ff4e3063781d32386f599d15c67c9a9539d5776af529431e8329fd,DIRECT PRIMARY
8,PB263447(1).pdf,352,V08-P346,305,TIRF-417,417,MEDIUM,6,other,222,22e27d5de2037b5a730014935dc6b360a671d30d827d86bb5416be71a98e457e,DIRECT PRIMARY
8,PB263447(1).pdf,353,V08-P346,305,TIRF-417,417,MEDIUM,7,other,115,9d9d69b4ec946f7488ddfc0e29092c4b3e819e6c5b83294cdb93685ca36dcf92,DIRECT PRIMARY
8,PB263447(1).pdf,354,V08-P354,306,TIRF-418,418,HIGH,0,tire_identification,1542,9fff4cfeb6e51478cf6d4816ae88d88f8ae72eb736a7ce6d61d1f17715b27400,DIRECT PRIMARY
8,PB263447(1).pdf,355,V08-P354,306,TIRF-418,418,HIGH,1,footprint_or_image,32,1d0d165f021bbfea5398722946c65f5c38c5f17938f2994e63b7c85783cd6d7e,DIRECT PRIMARY
8,PB263447(1).pdf,356,V08-P354,306,TIRF-418,418,HIGH,2,other,361,0db3af74408e14d51c0ebb83bca526aaf941a1fe53960e67cfd156ab65ffdcdd,DIRECT PRIMARY
8,PB263447(1).pdf,357,V08-P354,306,TIRF-418,418,HIGH,3,cornering_coefficients,1303,36be0bece0a41fbe7c38977b1a473587cb31cca30333459306fd0090263c32ab,DIRECT PRIMARY
8,PB263447(1).pdf,358,V08-P354,306,TIRF-418,418,HIGH,4,braking_plot,601,bef4fc6d1a2649d48d7088bac8bad654b7d9f4bab73b22831bb9790c63c712ac,DIRECT PRIMARY
8,PB263447(1).pdf,359,V08-P354,306,TIRF-418,418,HIGH,5,other,359,ba73e6a412ce8766241fe265bc84a8b6fcbca58e4b4ae8643711087e6fb1fbef,DIRECT PRIMARY
8,PB263447(1).pdf,360,V08-P354,306,TIRF-418,418,HIGH,6,other,288,8937ee0a3dd529c941b80275c596c93187e751a99df7cf2b0ad120d67e322edc,DIRECT PRIMARY
8,PB263447(1).pdf,361,V08-P354,306,TIRF-418,418,HIGH,7,other,421,72d7715f90ff5a1216fb3bbb59174dda16c529c20a72558ccf4fe864aae5f34b,DIRECT PRIMARY
8,PB263447(1).pdf,362,V08-P362,307,TIRF-419,419,MEDIUM,0,tire_identification,1229,f8635046be29cd37ddb60a029c2cd58146e6d8adbfcde1dba3ffd97dfff45c9c,DIRECT PRIMARY
8,PB263447(1).pdf,363,V08-P362,307,TIRF-419,419,MEDIUM,1,footprint_or_image,18,983c72fb8bb230c0562c4147b1e6116e3398c21729c80f43cd169eb4a9d61ff5,DIRECT PRIMARY
8,PB263447(1).pdf,364,V08-P362,307,TIRF-419,419,MEDIUM,2,tire_uniformity,358,bc0f5cd8009a12b145be3d582abb69aa0d3862a3b96d953f8ad78d8278936204,DIRECT PRIMARY
8,PB263447(1).pdf,365,V08-P362,307,TIRF-419,419,MEDIUM,3,cornering_coefficients,1302,4b6fead6d7a92586c9690ab0eb97a54edb604fbb221474d6b99d63778516d94b,DIRECT PRIMARY
8,PB263447(1).pdf,366,V08-P362,307,TIRF-419,419,MEDIUM,4,braking_coefficients,607,f38f11a22226a0f45bd5fff7f701402b5d9bfe87a89a49bb491a1c338c63607b,DIRECT PRIMARY
8,PB263447(1).pdf,367,V08-P362,307,TIRF-419,419,MEDIUM,5,other,374,edc2290b102a6cc376d4e0221735fe68d7e62c5fde7da9a61e3547fdecf9de6f,DIRECT PRIMARY
8,PB263447(1).pdf,368,V08-P362,307,TIRF-419,419,MEDIUM,6,other,283,359dcccdf222143444ec4a69facb501d224b281c9951949812baab933936d9ec,DIRECT PRIMARY
8,PB263447(1).pdf,369,V08-P362,307,TIRF-419,419,MEDIUM,7,other,182,746c153df012817bf53366cfbd478e696e2bce149042df35355b7528317ab225,DIRECT PRIMARY
8,PB263447(1).pdf,370,V08-P362,307,TIRF-419,419,MEDIUM,8,other,1222,9343c2d878c05fffac5624e55d9f510d6282ffa10235416ab30db46d158040ac,DIRECT PRIMARY
8,PB263447(1).pdf,371,V08-P362,307,TIRF-419,419,MEDIUM,9,other,35,9ed9b1da096a7cfb10a7d7cf16af95c5f61d79a9c5adfb472537b635434649ec,DIRECT PRIMARY
8,PB263447(1).pdf,372,V08-P362,307,TIRF-419,419,MEDIUM,10,tire_uniformity,356,a4c9dc68f29837628a792481542ea3f7987a1fa4525dcbe495474c45a24bb5bd,DIRECT PRIMARY
8,PB263447(1).pdf,373,V08-P362,307,TIRF-419,419,MEDIUM,11,cornering_coefficients,1306,ce63147627de728ec2773d3c4290eddb289f167c851c266603855b20b79496ac,DIRECT PRIMARY
8,PB263447(1).pdf,374,V08-P362,307,TIRF-419,419,MEDIUM,12,braking_coefficients,521,306000a3239242ef5b4f82493e433a4e7d21f001fb0cf8f8b53bd998ad1cff3f,DIRECT PRIMARY
8,PB263447(1).pdf,375,V08-P362,307,TIRF-419,419,MEDIUM,13,other,398,82c4ec084acc83f81957de8d1713d27d9bfa39e76a2eb0f4d78463836d8aa51e,DIRECT PRIMARY
8,PB263447(1).pdf,376,V08-P362,307,TIRF-419,419,MEDIUM,14,other,295,64f8caee657db19761166c8065e0538c64359de7c7a49a750714a46f89766af3,DIRECT PRIMARY
8,PB263447(1).pdf,377,V08-P362,307,TIRF-419,419,MEDIUM,15,other,335,45a61cd33d1e3beaec53e7461fbae0358d71f9d327326b1dc93aa332c15e5209,DIRECT PRIMARY
8,PB263447(1).pdf,378,V08-P378,308,TIRF-421,421,HIGH,0,tire_identification,1460,541881d07be62e027fb8831594f5f270fc0846c9bf3021534502024dbac4fb52,DIRECT PRIMARY
8,PB263447(1).pdf,379,V08-P378,308,TIRF-421,421,HIGH,1,footprint_or_image,39,f9556a943b1e3cd57b20905b349586ac0103b7fccea948ef51720672d16855fa,DIRECT PRIMARY
8,PB263447(1).pdf,380,V08-P378,308,TIRF-421,421,HIGH,2,tire_uniformity,358,07d98156c63cebe9864d41b82576fce3c89884dffac75bdee7db07ed69927587,DIRECT PRIMARY
8,PB263447(1).pdf,381,V08-P378,308,TIRF-421,421,HIGH,3,cornering_coefficients,1303,da5fcff2e413084698f4bd9323164c764fd779835abfb6f257cda775c6a6538a,DIRECT PRIMARY
8,PB263447(1).pdf,382,V08-P378,308,TIRF-421,421,HIGH,4,braking_coefficients,606,a2dcca21081e0a15d639824f2060f0f048ebafb589c908f546d414a55773f65a,DIRECT PRIMARY
8,PB263447(1).pdf,383,V08-P378,308,TIRF-421,421,HIGH,5,other,393,3c6b235dc03670474ee2235c74754f5096ea97e764410885d6815f5693694924,DIRECT PRIMARY
8,PB263447(1).pdf,384,V08-P378,308,TIRF-421,421,HIGH,6,other,326,3f16bd7c61db66db8762823fa9066697650da61caabd44032e724e7bf3cb4b08,DIRECT PRIMARY
8,PB263447(1).pdf,385,V08-P378,308,TIRF-421,421,HIGH,7,other,118,5771f0ced44589478b93c9a086162c07ed5f54ab0ad56cf11f08bcb708e1d38d,DIRECT PRIMARY
8,PB263447(1).pdf,386,V08-P386,309,TIRF-422,422,HIGH,0,tire_identification,1134,040ae0a2bda9e700b3840a85081344b7a4b08d7e6705d0718e174c691dc08837,DIRECT PRIMARY
8,PB263447(1).pdf,387,V08-P386,309,TIRF-422,422,HIGH,1,footprint_or_image,29,069d6401b06fea788cb438a2c1abde625eeec4a4ab239ac60037255fcae7de51,DIRECT PRIMARY
8,PB263447(1).pdf,388,V08-P386,309,TIRF-422,422,HIGH,2,tire_uniformity,353,1ba2aca03e89ceeb4d0690f134f186a9ec513ef97dcf853685f0355f383bbe69,DIRECT PRIMARY
8,PB263447(1).pdf,389,V08-P386,309,TIRF-422,422,HIGH,3,cornering_coefficients,1290,ff51a7824223bd60e41b66b62fe939b8984b17a88b7518a0002e4bf7e012cd4e,DIRECT PRIMARY
8,PB263447(1).pdf,390,V08-P386,309,TIRF-422,422,HIGH,4,braking_coefficients,598,26806b41403f6aec997fd9e2203522215f00c66e83d635d8a744304154e831ca,DIRECT PRIMARY
8,PB263447(1).pdf,391,V08-P386,309,TIRF-422,422,HIGH,5,cornering_plot,383,49d71cfb9f0b70fb451956cd20e3614f1f982d4c09c9ab0ecca61ce44aec073d,DIRECT PRIMARY
8,PB263447(1).pdf,392,V08-P386,309,TIRF-422,422,HIGH,6,cornering_plot,249,d29ac39caad476e1cabdb288f082d1ac83a2d74b98de6f7080a81ffe7e5e9099,DIRECT PRIMARY
8,PB263447(1).pdf,393,V08-P386,309,TIRF-422,422,HIGH,7,other,90,d29db6100c5789e58963ab3f3ee3a01ee78ddd3ee5a40f9d793a240bd4541a1e,DIRECT PRIMARY
8,PB263447(1).pdf,394,V08-P394,310,TIRF-423,423,HIGH,0,tire_identification,1227,51a495e61ed37e9163b824a6ddf309ff696105b89ebd7349adff381b0e9ca34f,DIRECT PRIMARY
8,PB263447(1).pdf,395,V08-P394,310,TIRF-423,423,HIGH,1,footprint_or_image,9,67e6bf347a3b1f896c98788dd59e71a45636822947560f54166642abbadc6aff,DIRECT PRIMARY
8,PB263447(1).pdf,396,V08-P394,310,TIRF-423,423,HIGH,2,tire_uniformity,360,5c92d5bc09c8cae6f1f43286d125782d04270955f1bb47c8fe2eea7fc34ea6ee,DIRECT PRIMARY
8,PB263447(1).pdf,397,V08-P394,310,TIRF-423,423,HIGH,3,cornering_coefficients,1296,6ec38784d9ccdcacb6bd872ab9a7227fb7ce351ad4e564f4efeebc3550f3047d,DIRECT PRIMARY
8,PB263447(1).pdf,398,V08-P394,310,TIRF-423,423,HIGH,4,braking_coefficients,613,6bdc58fb454ab5bbf6cb3e05b2a7fe97aaba527f82092ef021a75302390151bd,DIRECT PRIMARY
8,PB263447(1).pdf,399,V08-P394,310,TIRF-423,423,HIGH,5,cornering_plot,219,1afe8eb6564ef0fd0c1279af3df41bb48f8e008a9622b6c2cc7ce5475e8eada1,DIRECT PRIMARY
8,PB263447(1).pdf,400,V08-P394,310,TIRF-423,423,HIGH,6,other,438,6482369ba0a3d3f0beeec561b56d1421a1b3b10dc6b264dbdd37e2599e4a7175,DIRECT PRIMARY
8,PB263447(1).pdf,401,V08-P394,310,TIRF-423,423,HIGH,7,other,409,47a169b74f8b837a538b60b5dd49e80a1e06a59ef2d4e21b3a181b4d76f9b857,DIRECT PRIMARY
8,PB263447(1).pdf,402,V08-P402,311,TIRF-424,424,HIGH,0,tire_identification,1421,882175abf8aba24371aa21705a3ae41dabb01328c4f2fcb5c8b5f738d1bfa2b5,DIRECT PRIMARY
8,PB263447(1).pdf,403,V08-P402,311,TIRF-424,424,HIGH,1,footprint_or_image,33,adfc60a303e95451b0dfd9d2e00c2f19387b0b352a307d48c62a5cd8afec831d,DIRECT PRIMARY
8,PB263447(1).pdf,404,V08-P402,311,TIRF-424,424,HIGH,2,tire_uniformity,365,bdf972d71fcb298ed050351fbd27cd69b3c44c498859736dc8c59909f4539707,DIRECT PRIMARY
8,PB263447(1).pdf,405,V08-P402,311,TIRF-424,424,HIGH,3,cornering_coefficients,1295,a0db5c0b873b521de4a9668da774ed0b2fe13ea71b199c9f10fa85fc3a78b13f,DIRECT PRIMARY
8,PB263447(1).pdf,406,V08-P402,311,TIRF-424,424,HIGH,4,braking_plot,617,6113073776fed054f17d778cf29c73511ac73838d40f5be0594d10a47bd2b40a,DIRECT PRIMARY
8,PB263447(1).pdf,407,V08-P402,311,TIRF-424,424,HIGH,5,other,201,749290d74e1ee135e4ce44154c2a9176d44188ca6422dd1cb82ac95c65de265d,DIRECT PRIMARY
8,PB263447(1).pdf,408,V08-P402,311,TIRF-424,424,HIGH,6,other,291,f3c0a90f6cc2cbd73b459ff6226e66088014de33d427e8516903a7f22f05b169,DIRECT PRIMARY
8,PB263447(1).pdf,409,V08-P402,311,TIRF-424,424,HIGH,7,other,415,f16c0130f46f9ad693b1bbb026af3410d9f3652c9f27e6b14a3b95da323e367f,DIRECT PRIMARY
8,PB263447(1).pdf,410,V08-P410,312,TIRF-425,425,HIGH,0,tire_identification,1215,83453c602913b5743674a572bb43939115c27bf919d6baced086e1778ed02b92,DIRECT PRIMARY
8,PB263447(1).pdf,411,V08-P410,312,TIRF-425,425,HIGH,1,footprint_or_image,42,cd0c6233d9b682e3f4a98b8f243a4aed23e51fffd3042eb172e9a0e92b7de09c,DIRECT PRIMARY
8,PB263447(1).pdf,412,V08-P410,312,TIRF-425,425,HIGH,2,tire_uniformity,356,2dfc28845c5c394780293537896968529b72ad40f473ad02a0110f27aa2e4cce,DIRECT PRIMARY
8,PB263447(1).pdf,413,V08-P410,312,TIRF-425,425,HIGH,3,test_data,1296,a005d4a57e14e4a8a903762f0a2d0578783217a8131934f273e516e4c761c7bf,DIRECT PRIMARY
8,PB263447(1).pdf,414,V08-P410,312,TIRF-425,425,HIGH,4,braking_coefficients,600,e6402f8f2cf598bb7daa32c51a350a86c4a537cac6339f0b4ed13fedd691d166,DIRECT PRIMARY
8,PB263447(1).pdf,415,V08-P410,312,TIRF-425,425,HIGH,5,other,372,13c7a6ed8b3bbdb87975867ab9a714832101099e07f1f93253df898f42e07a8d,DIRECT PRIMARY
8,PB263447(1).pdf,416,V08-P410,312,TIRF-425,425,HIGH,6,cornering_plot,315,84b9929e3625b1901ae0a46d6dacd3111ee384f56068b12be545282bc8638418,DIRECT PRIMARY
8,PB263447(1).pdf,417,V08-P410,312,TIRF-425,425,HIGH,7,other,428,1df10774bbc74148097c1372fce588a2d78c8f012a2446e478363fc9edbfa03b,DIRECT PRIMARY
8,PB263447(1).pdf,418,V08-P418,313,TIRF-427,427,MEDIUM,0,tire_identification,1298,2f8bba7c99856fe456db0a2c8cd173add39abe8139a589def2e06ed1a293f0d9,DIRECT PRIMARY
8,PB263447(1).pdf,419,V08-P418,313,TIRF-427,427,MEDIUM,1,footprint_or_image,30,7ea986d2cb37ff44c94d61d67a3e80fb714d5c975f2cda689cb997f78c14743f,DIRECT PRIMARY
8,PB263447(1).pdf,420,V08-P418,313,TIRF-427,427,MEDIUM,2,tire_uniformity,358,703a2dcf74c438ba5e5db20776102a82ad23166df164c4549b7f786a1005ca61,DIRECT PRIMARY
8,PB263447(1).pdf,421,V08-P418,313,TIRF-427,427,MEDIUM,3,test_data,1296,a72e909336dbca685e9df9ef26b47b5ed76cfb3188437f597d00c5556e00bfc3,DIRECT PRIMARY
8,PB263447(1).pdf,422,V08-P418,313,TIRF-427,427,MEDIUM,4,braking_plot,597,8784e44526a3e986bb633b87434df2b048131950840683b2b95025a51e787702,DIRECT PRIMARY
8,PB263447(1).pdf,423,V08-P418,313,TIRF-427,427,MEDIUM,5,other,418,ec4c589b8644bfe44420e53ff937e5ae66976e690dfb5e9aeae338efa50dea98,DIRECT PRIMARY
8,PB263447(1).pdf,424,V08-P418,313,TIRF-427,427,MEDIUM,6,other,284,9766bbcb33b854f42f99da01faaa4696eca7e34bd6ff8b558b5a3933a185d929,DIRECT PRIMARY
8,PB263447(1).pdf,425,V08-P418,313,TIRF-427,427,MEDIUM,7,other,128,a47244527842ad824a6037e060c7e1edb7ed2d7b2e58a746301c51643e0fe1a9,DIRECT PRIMARY
8,PB263447(1).pdf,426,V08-P426,314,TIRF-429,429,HIGH,0,tire_identification,1445,9ccc60c1d7d8f033083e4586ca3a3990f7ba04be3628650a57b117da7708f3c9,DIRECT PRIMARY
8,PB263447(1).pdf,427,V08-P426,314,TIRF-429,429,HIGH,1,footprint_or_image,0,e3b0c44298fc1c149afbf4c8996fb92427ae41e4649b934ca495991b7852b855,DIRECT PRIMARY
8,PB263447(1).pdf,428,V08-P426,314,TIRF-429,429,HIGH,2,tire_uniformity,349,f4d417e10d6201bb1237ab18272147f46c85ef161dc963a340e07e9124495ab2,DIRECT PRIMARY
8,PB263447(1).pdf,429,V08-P426,314,TIRF-429,429,HIGH,3,cornering_coefficients,1281,f33fbd2f5ebd60d89dc1878b450b98076dbeec461709f85a4298a69528a9b448,DIRECT PRIMARY
8,PB263447(1).pdf,430,V08-P426,314,TIRF-429,429,HIGH,4,braking_coefficients,605,c9914356287d1eae27e4f525f4cbd53d0591dc8c2f328bc60082325556ec1aaf,DIRECT PRIMARY
8,PB263447(1).pdf,431,V08-P426,314,TIRF-429,429,HIGH,5,other,370,68f325e7f5b0b6b3a89c6f8b83cfa850461c40f5299a6aa6088371a97276a98f,DIRECT PRIMARY
8,PB263447(1).pdf,432,V08-P426,314,TIRF-429,429,HIGH,6,other,280,b7e2ef0fd84a788ef53e56cacef1eb7943649cde90be8612c6f17c4357447992,DIRECT PRIMARY
8,PB263447(1).pdf,433,V08-P426,314,TIRF-429,429,HIGH,7,other,98,4685610b80878323106b4c73a3812d9a933128c0aea694dee849d854146ffa2e,DIRECT PRIMARY
8,PB263447(1).pdf,434,V08-P434,315,TIRF-430,430,HIGH,0,tire_identification,1489,446bdb8b7aed9dc05fa409fa87f5042cea8f9ff129055d465680fc569f29d9b0,DIRECT PRIMARY
8,PB263447(1).pdf,435,V08-P434,315,TIRF-430,430,HIGH,1,footprint_or_image,13,9c905a71485d5f32f71c2c9a4a78f7832e07d9a35f7a1ba67537e5afca65a009,DIRECT PRIMARY
8,PB263447(1).pdf,436,V08-P434,315,TIRF-430,430,HIGH,2,tire_uniformity,346,9ff1c19c4cc8aa2ea6c51a9223d6289e72b4199beb9bab940a08ea5cca2e0e63,DIRECT PRIMARY
8,PB263447(1).pdf,437,V08-P434,315,TIRF-430,430,HIGH,3,cornering_coefficients,1295,967038901dbe0335572d945eb0ea4e56dd661ad993c9d7ca9e354623aa27c71c,DIRECT PRIMARY
8,PB263447(1).pdf,438,V08-P434,315,TIRF-430,430,HIGH,4,image_or_blank,31,b2e7c27052b46e69eeb205d5c3c51ef4f1de2edf25dbb1de278fc8598c24a46c,DIRECT PRIMARY
8,PB263447(1).pdf,439,V08-P434,315,TIRF-430,430,HIGH,5,braking_plot,611,e6a105138910db88bf120717ad91dbe8870686a8ef77fd65ff3ffdf64fd9dc03,DIRECT PRIMARY
8,PB263447(1).pdf,440,V08-P434,315,TIRF-430,430,HIGH,6,image_or_blank,31,b2e7c27052b46e69eeb205d5c3c51ef4f1de2edf25dbb1de278fc8598c24a46c,DIRECT PRIMARY
8,PB263447(1).pdf,441,V08-P434,315,TIRF-430,430,HIGH,7,other,396,cb2022d219af8398bd29022a59fb1b5191553772de9cbdfdadfaace25d19072b,DIRECT PRIMARY
8,PB263447(1).pdf,442,V08-P434,315,TIRF-430,430,HIGH,8,other,265,20723f236da756beafcfd5c4c98b6ad4689354151e89a976decf21b8c1215c03,DIRECT PRIMARY
8,PB263447(1).pdf,443,V08-P434,315,TIRF-430,430,HIGH,9,other,119,c3e178fd54d78bd590860039c3388d5a5df29dee0cde7445d0a3f1ef81dc8bc4,DIRECT PRIMARY
8,PB263447(1).pdf,444,V08-P434,315,TIRF-430,430,HIGH,10,image_or_blank,31,b2e7c27052b46e69eeb205d5c3c51ef4f1de2edf25dbb1de278fc8598c24a46c,DIRECT PRIMARY
9,PB263448(1).pdf,1,,,,,,,test_data,503,e4c1f4e61eaa53041a99e27a249301d881bb3397d415367cba20753fa3d596c7,DIRECT PRIMARY
9,PB263448(1).pdf,2,,,,,,,other,230,76cdf7a59ec886b6cbc1e4d4027db13445f94e0c640b31d6e852166308602542,DIRECT PRIMARY
9,PB263448(1).pdf,3,,,,,,,test_data,2310,13ef866e6cfd47114778218568e9f87169403040bea03f1c463c8bc3602dc0ea,DIRECT PRIMARY
9,PB263448(1).pdf,4,,,,,,,other,2199,4724a39c3ef7333474cc3d623f0518f7396141b7fd56fef768b278d0c15b6c66,DIRECT PRIMARY
9,PB263448(1).pdf,5,,,,,,,test_data,952,d81a18430d148647d744dc9ca265bb136bac638987ac74786e73dad866400d6b,DIRECT PRIMARY
9,PB263448(1).pdf,6,,,,,,,image_or_blank,0,e3b0c44298fc1c149afbf4c8996fb92427ae41e4649b934ca495991b7852b855,DIRECT PRIMARY
9,PB263448(1).pdf,7,,,,,,,combined_interaction,257,39755fd43750b51af1b8e980dba6ab4ff2e2f5823b2c0358188de114b5def37e,DIRECT PRIMARY
9,PB263448(1).pdf,8,,,,,,,tire_uniformity,389,c6725441c326552952ab934ab44bfa50745113c1ce0200f9d7dead14dde63ade,DIRECT PRIMARY
9,PB263448(1).pdf,9,V09-P009,316,TIRF-431,431,HIGH,0,tire_identification,951,3f14b75f06fe67986577d92fb473906bb5a73ddab4f6cd6014a23559b3952031,DIRECT PRIMARY
9,PB263448(1).pdf,10,V09-P009,316,TIRF-431,431,HIGH,1,footprint_or_image,22,e1a18488ac97d898986a87e38dc645d0f3c4d38035a36ff0de798fba57a5c902,DIRECT PRIMARY
9,PB263448(1).pdf,11,V09-P009,316,TIRF-431,431,HIGH,2,cornering_coefficients,1147,f5f2da8cbe9785a5f2b35c74a7a96f19a19110baf8bdd2f612c5b1a0d1c2b7d3,DIRECT PRIMARY
9,PB263448(1).pdf,12,V09-P009,316,TIRF-431,431,HIGH,3,braking_coefficients,536,00632a2e83a401f8b21405209323013389c7e8f0aba138dddfb472160a1fea69,DIRECT PRIMARY
9,PB263448(1).pdf,13,V09-P009,316,TIRF-431,431,HIGH,4,other,340,0d75b181de275b39f52d518bccfc6e330581feb940343508e95902d41c89eda4,DIRECT PRIMARY
9,PB263448(1).pdf,14,V09-P009,316,TIRF-431,431,HIGH,5,cornering_plot,219,f53c7d81df2e7f60eb496324e9cba25db894411c9cb16345c1ab39555e6d8f27,DIRECT PRIMARY
9,PB263448(1).pdf,15,V09-P009,316,TIRF-431,431,HIGH,6,other,272,d047d7958c1432ad3805b2996dc0b0ec8689c30f4a574aa8a092ed39bc68044d,DIRECT PRIMARY
9,PB263448(1).pdf,16,V09-P016,317,TIRF-432,432,HIGH,0,tire_identification,1216,0dd11d88856dfb6418f7bf54486a381940e0316048f7230435bfce7f6b78fc2d,DIRECT PRIMARY
9,PB263448(1).pdf,17,V09-P016,317,TIRF-432,432,HIGH,1,footprint_or_image,2,2e6d31a5983a91251bfae5aefa1c0a19d8ba3cf601d0e8a706b4cfa9661a6b8a,DIRECT PRIMARY
9,PB263448(1).pdf,18,V09-P016,317,TIRF-432,432,HIGH,2,tire_uniformity,354,3824f5503c7f4df5987b9227639713b0a642b6308ec8c2245375413f6cf56f63,DIRECT PRIMARY
9,PB263448(1).pdf,19,V09-P016,317,TIRF-432,432,HIGH,3,cornering_coefficients,1141,38e36d4322c2a93a3369660952db52f60d3bde5e1d6d98206c5b420d3b394198,DIRECT PRIMARY
9,PB263448(1).pdf,20,V09-P016,317,TIRF-432,432,HIGH,4,braking_coefficients,556,88371b0ed10f784d2fe83a588555cb4ce31d546610bbe554e1ba63e1b5285faf,DIRECT PRIMARY
9,PB263448(1).pdf,21,V09-P016,317,TIRF-432,432,HIGH,5,cornering_plot,385,afa799c412b33bc78a806939fe4a8ceea5fab6d0f9f413ec1956c81fc2721d16,DIRECT PRIMARY
9,PB263448(1).pdf,22,V09-P016,317,TIRF-432,432,HIGH,6,other,214,88caadb8c8acc59142dc4504f196582183ed2d6d78e800d5108659e9a7634e71,DIRECT PRIMARY
9,PB263448(1).pdf,23,V09-P016,317,TIRF-432,432,HIGH,7,other,417,a77aa58fe8e88c77f1bec98ea9335c54beeef95a8c06f2cf437099e26778df57,DIRECT PRIMARY
9,PB263448(1).pdf,24,V09-P024,318,TIRF-435,435,LOW,0,tire_identification,1497,926c49b92a4bf7a5452208a9ec793200769dd1afba138e0ef79c6d095cd384f0,DIRECT PRIMARY
9,PB263448(1).pdf,25,V09-P024,318,TIRF-435,435,LOW,1,footprint_or_image,41,ea94642c45927276a976a11ae5ebde853ade39693d8cd319691a2566866bfeba,DIRECT PRIMARY
9,PB263448(1).pdf,26,V09-P024,318,TIRF-435,435,LOW,2,tire_uniformity,339,147a02a79b0d75f41ff98188f48f35d7cd6449a2a6b25674f6048088da209424,DIRECT PRIMARY
9,PB263448(1).pdf,27,V09-P024,318,TIRF-435,435,LOW,3,cornering_coefficients,1127,614aa6d5d181eea742b6276b8a4ac86b715d563557532800026df8ee768ef549,DIRECT PRIMARY
9,PB263448(1).pdf,28,V09-P024,318,TIRF-435,435,LOW,4,braking_plot,546,e649c1465923511d022cb1803385c9154675d8e1dc07f75dd5b5e1a7ab10a4e0,DIRECT PRIMARY
9,PB263448(1).pdf,29,V09-P024,318,TIRF-435,435,LOW,5,cornering_plot,326,540ccc7068b185efa226d8d5199b1beb85a7531f4179ce4d81676d4d10fed660,DIRECT PRIMARY
9,PB263448(1).pdf,30,V09-P024,318,TIRF-435,435,LOW,6,other,209,3fa32628785623a59834f15d345e6593cbd4ac16794d5072591c78ca05f5dbc0,DIRECT PRIMARY
9,PB263448(1).pdf,31,V09-P024,318,TIRF-435,435,LOW,7,other,327,c92acf5affba1e5ae5878f4191a9a5c1f44e8e4a905e7a81ad8d16283633abd9,DIRECT PRIMARY
9,PB263448(1).pdf,32,V09-P032,319,TIRF-438,438,HIGH,0,tire_identification,958,3d71831f6d0451fb4368ec4b9d179fce88e9e9b4698b48afbaafe86534f2a605,DIRECT PRIMARY
9,PB263448(1).pdf,33,V09-P032,319,TIRF-438,438,HIGH,1,footprint_or_image,3,64aeb9975f234becd55bb4635e6e2f2da7a6b7bf0a896f0c07763bdfbfb31420,DIRECT PRIMARY
9,PB263448(1).pdf,34,V09-P032,319,TIRF-438,438,HIGH,2,tire_uniformity,352,f3b6968543d597a65b833b07d4a1fbb210f06bcf66bdce09646b9727356bc553,DIRECT PRIMARY
9,PB263448(1).pdf,35,V09-P032,319,TIRF-438,438,HIGH,3,cornering_coefficients,1131,41316911980ba77a7d5f873f5335afc0ac755b5d0afd87c498355e63d1890eef,DIRECT PRIMARY
9,PB263448(1).pdf,36,V09-P032,319,TIRF-438,438,HIGH,4,braking_coefficients,543,b1535a2ff4b3a053340581f7ad017dffb4a178783493ec470ed276f3202d0466,DIRECT PRIMARY
9,PB263448(1).pdf,37,V09-P032,319,TIRF-438,438,HIGH,5,other,340,ff3b5cba81c87b61da12254fe181aa0feadb0751414aeb04a9927ce5334ffcf2,DIRECT PRIMARY
9,PB263448(1).pdf,38,V09-P032,319,TIRF-438,438,HIGH,6,other,233,50bac5f894914a11979f7d0d46f8cfc7926c8f97ef82cb40f6fa0af2c65e8bb5,DIRECT PRIMARY
9,PB263448(1).pdf,39,V09-P032,319,TIRF-438,438,HIGH,7,other,376,9323560daa0d6b715db7899cb2b7f7283b33f948b8b370ef08fb4261067c5dd9,DIRECT PRIMARY
9,PB263448(1).pdf,40,V09-P040,320,TIRF-439,439,MEDIUM,0,tire_identification,1070,c45d82fc45d4af029196d4ac62a40dcea5937a9ed0664f7790c1398cb263986c,DIRECT PRIMARY
9,PB263448(1).pdf,41,V09-P040,320,TIRF-439,439,MEDIUM,1,footprint_or_image,19,3e521c373c5c8344f838eec90337c3fddfa1a4e51c678f78a61b98861ca3c4b8,DIRECT PRIMARY
9,PB263448(1).pdf,42,V09-P040,320,TIRF-439,439,MEDIUM,2,cornering_coefficients,1154,817776e289fd43d86e002ecefeb3b210fbb2fad68dc39bf361895b1899d75b53,DIRECT PRIMARY
9,PB263448(1).pdf,43,V09-P040,320,TIRF-439,439,MEDIUM,3,braking_coefficients,544,ac5255d5a5750af158daad80063ba894ef72fb887fa5d79b8c6084bb8d5175a4,DIRECT PRIMARY
9,PB263448(1).pdf,44,V09-P040,320,TIRF-439,439,MEDIUM,4,other,366,b63bb484d1e0c74c1a4bed611160b75a88fd509db2294de1a7272a955fcea914,DIRECT PRIMARY
9,PB263448(1).pdf,45,V09-P040,320,TIRF-439,439,MEDIUM,5,other,217,04af49090936975ead263ea613e01ad6a12da4f525802d54b02f4c8d8efb728f,DIRECT PRIMARY
9,PB263448(1).pdf,46,V09-P040,320,TIRF-439,439,MEDIUM,6,other,152,bfff7de0a7ceeb31e205d1f65f923c53d256ed29381d8a268ad2954bd78aa0a7,DIRECT PRIMARY
9,PB263448(1).pdf,47,V09-P047,321,TIRF-440,440,HIGH,0,tire_identification,1046,adcacf377e4e6d9c90165f5ebf3dafba3b9b8ba2b306c1c95110b3f7a923e698,DIRECT PRIMARY
9,PB263448(1).pdf,48,V09-P047,321,TIRF-440,440,HIGH,1,footprint_or_image,21,d746d0852fcfd283ce9dfa27bcc4c942db39fdff4323328640ce9944c14e3598,DIRECT PRIMARY
9,PB263448(1).pdf,49,V09-P047,321,TIRF-440,440,HIGH,2,cornering_coefficients,1179,4af366298db2c7223126a40a74d1987b03354ff422d45ab965ca4f8484aeb48a,DIRECT PRIMARY
9,PB263448(1).pdf,50,V09-P047,321,TIRF-440,440,HIGH,3,braking_coefficients,535,f403b27e379bebe50c398ddf098ddd7d6e7980347570d0ad14bda1181befc086,DIRECT PRIMARY
9,PB263448(1).pdf,51,V09-P047,321,TIRF-440,440,HIGH,4,other,418,f89924a28b198b2b0b72f7dded8ccf4f752f9f55ed741a4509fd85914654d5de,DIRECT PRIMARY
9,PB263448(1).pdf,52,V09-P047,321,TIRF-440,440,HIGH,5,other,250,b66db6d5d07e102f644acb47f8da1344fb569b86e3828668bb12991d50863ef7,DIRECT PRIMARY
9,PB263448(1).pdf,53,V09-P047,321,TIRF-440,440,HIGH,6,other,305,85df691bfb15bfb26be9d875d7ccd7ca684c446d89bb65dda9b2b0327bf05a54,DIRECT PRIMARY
9,PB263448(1).pdf,54,V09-P054,322,TIRF-442,442,HIGH,0,tire_identification,1237,520e443af9976910ee7696fc7bd7dda2c06e802d00757bd07da721475aafb28b,DIRECT PRIMARY
9,PB263448(1).pdf,55,V09-P054,322,TIRF-442,442,HIGH,1,footprint_or_image,3,c613b8179f4bc0bef8c87232e0db5e6a2e21f20e07fcdc76bbbe497fb53c7584,DIRECT PRIMARY
9,PB263448(1).pdf,56,V09-P054,322,TIRF-442,442,HIGH,2,cornering_coefficients,1147,8183cd81fa481e94326f1b5ec13eb3b104fa040b8c637b227bb2e0c2a7c107bc,DIRECT PRIMARY
9,PB263448(1).pdf,57,V09-P054,322,TIRF-442,442,HIGH,3,braking_coefficients,537,2f0d05e2a8046eb1952dabb668365bda195407b052434b0c701221b8e8c43f1e,DIRECT PRIMARY
9,PB263448(1).pdf,58,V09-P054,322,TIRF-442,442,HIGH,4,other,422,7126334292df0edaf3755753f4deb01d115a598f45bf9f49827028cb08266a56,DIRECT PRIMARY
9,PB263448(1).pdf,59,V09-P054,322,TIRF-442,442,HIGH,5,other,254,ffc9d7d659d9adfe80f3fb097c245bdbb6c69ff0dbf33921d8387d479962750d,DIRECT PRIMARY
9,PB263448(1).pdf,60,V09-P054,322,TIRF-442,442,HIGH,6,other,454,2528ee07528d5419452510fed3c4aa9e1e5f587817ec5bb1918a8705f5ab469c,DIRECT PRIMARY
9,PB263448(1).pdf,61,V09-P061,323,TIRF-446,446,HIGH,0,tire_identification,1059,ed7fbd5baf346bc3fa4fd21107a44bcb4d41e0500133e773e52b0ec6140d50e6,DIRECT PRIMARY
9,PB263448(1).pdf,62,V09-P061,323,TIRF-446,446,HIGH,1,footprint_or_image,4,97e5a365f95716a62823fad6a4c86d857c22b8f58b0f2a36b6442a4ad4ee4a0b,DIRECT PRIMARY
9,PB263448(1).pdf,63,V09-P061,323,TIRF-446,446,HIGH,2,cornering_coefficients,1130,27c79a523e32cf9957b29b278383a420ee0d992d9c3dd9c9917786178d3a2bae,DIRECT PRIMARY
9,PB263448(1).pdf,64,V09-P061,323,TIRF-446,446,HIGH,3,braking_coefficients,534,e00c41ebd85752fa231577357fd0b7bc86790491fa8131b2880c4c17ed22d024,DIRECT PRIMARY
9,PB263448(1).pdf,65,V09-P061,323,TIRF-446,446,HIGH,4,cornering_plot,300,4c635c575b55002179f93a120b03fb44f02100d42e954809b35de3c8d584ac84,DIRECT PRIMARY
9,PB263448(1).pdf,66,V09-P061,323,TIRF-446,446,HIGH,5,other,205,4069035988e880b3f38e99236c6eb17dd30770f46cfb9945fae12a01e370ea60,DIRECT PRIMARY
9,PB263448(1).pdf,67,V09-P061,323,TIRF-446,446,HIGH,6,other,69,4e7f454b9f82804a9e4c7cf5da7781385f40b28f7dadba4ee64f2d962e7a2742,DIRECT PRIMARY
9,PB263448(1).pdf,68,V09-P068,324,TIRF-447,447,HIGH,0,tire_identification,1020,f8798c0c4348348f3e7832db80de0945772cbc99b27d10f88d19a4072d6e94de,DIRECT PRIMARY
9,PB263448(1).pdf,69,V09-P068,324,TIRF-447,447,HIGH,1,footprint_or_image,41,a929440e87181f157f09d5ae682370341b60749e024eef18d7ad32034c0a4b54,DIRECT PRIMARY
9,PB263448(1).pdf,70,V09-P068,324,TIRF-447,447,HIGH,2,tire_uniformity,324,731b794784636c99b3ee22310ebb35afb9d86c2504d4e67fc90b27535ec1d3ba,DIRECT PRIMARY
9,PB263448(1).pdf,71,V09-P068,324,TIRF-447,447,HIGH,3,cornering_coefficients,1127,f5cb5c1749abc4c1bd2abdc2dfdb0cc84ccd0a1fc7428cc5e867c42ea5a839ad,DIRECT PRIMARY
9,PB263448(1).pdf,72,V09-P068,324,TIRF-447,447,HIGH,4,braking_coefficients,540,79546acae679cd55a7565a2885a1bf305a19092ae322b1bb7fa857842ba8fa69,DIRECT PRIMARY
9,PB263448(1).pdf,73,V09-P068,324,TIRF-447,447,HIGH,5,other,283,67ccb516c62cf445476ff985c3ffb5ee9274f45b547a8feaaf65318f7ad07dac,DIRECT PRIMARY
9,PB263448(1).pdf,74,V09-P068,324,TIRF-447,447,HIGH,6,other,226,06013790ce7e687ec7685c8f96c4a463b03bbe68044e2f9048aff381b8ec6b7e,DIRECT PRIMARY
9,PB263448(1).pdf,75,V09-P068,324,TIRF-447,447,HIGH,7,other,367,97a902fdf963650a16067ef4ebafe3bcf09f303746c8cad570f453ae75f2ff5b,DIRECT PRIMARY
9,PB263448(1).pdf,76,V09-P076,325,TIRF-448,448,MEDIUM,0,tire_identification,1180,1315afebffae8afb2f3eda640e3ba68a49bbf8eb88170336b6fa5d23cf9f4918,DIRECT PRIMARY
9,PB263448(1).pdf,77,V09-P076,325,TIRF-448,448,MEDIUM,1,footprint_or_image,6,b4dd226c671182bfebc23803fb674d84d0ba270e8739a801b96238e676ac34e9,DIRECT PRIMARY
9,PB263448(1).pdf,78,V09-P076,325,TIRF-448,448,MEDIUM,2,tire_uniformity,330,026b359e9564999f84594c1319141a82963d1b0782ef0f104571a910e03a3d53,DIRECT PRIMARY
9,PB263448(1).pdf,79,V09-P076,325,TIRF-448,448,MEDIUM,3,cornering_coefficients,1144,2a3ea94a87382b624fbdeaa07432ebf1fa0f16a45025d75abb3556790bf08b24,DIRECT PRIMARY
9,PB263448(1).pdf,80,V09-P076,325,TIRF-448,448,MEDIUM,4,braking_coefficients,539,874bd90418ad79760971f774443d95e8c696364897efc6261931f388896934fa,DIRECT PRIMARY
9,PB263448(1).pdf,81,V09-P076,325,TIRF-448,448,MEDIUM,5,cornering_plot,398,a96a7f64acfdac2ac1814dad66399d8e2f9647c459c427b4d3d55e897befdee0,DIRECT PRIMARY
9,PB263448(1).pdf,82,V09-P076,325,TIRF-448,448,MEDIUM,6,other,274,b73b038e368a64e882221b9797d255749099c7aafe5ce56ae4af79da26658fdd,DIRECT PRIMARY
9,PB263448(1).pdf,83,V09-P076,325,TIRF-448,448,MEDIUM,7,other,320,9fee5f5c59e82b8ba2a2e2fdf8d7ea58c85adc2b116778f692b4128ac1e0d72d,DIRECT PRIMARY
9,PB263448(1).pdf,84,V09-P084,326,TIRF-449,449,HIGH,0,tire_identification,1138,22125117408475e92ec6b1919815a497ef3a2285383d2456931d8024c0d1d78e,DIRECT PRIMARY
9,PB263448(1).pdf,85,V09-P084,326,TIRF-449,449,HIGH,1,footprint_or_image,5,f5275973cbf54db358cf60568783ddf629cdaa50c0b56683d0a75ce054f9ad38,DIRECT PRIMARY
9,PB263448(1).pdf,86,V09-P084,326,TIRF-449,449,HIGH,2,tire_uniformity,321,c9e382b3384e91703e7104f4fae422b74d715f20b16293a96aaa77048c8b6fa0,DIRECT PRIMARY
9,PB263448(1).pdf,87,V09-P084,326,TIRF-449,449,HIGH,3,cornering_coefficients,1151,bcd8580957682c7df335cce989a06332c2b4dc8e3c9cbc7bcb0954a0da445eaf,DIRECT PRIMARY
9,PB263448(1).pdf,88,V09-P084,326,TIRF-449,449,HIGH,4,braking_plot,544,31b0bd79cf4ce8f01b7106f0dd392e6e73c00a3a6bb331f98199f57454a831dd,DIRECT PRIMARY
9,PB263448(1).pdf,89,V09-P084,326,TIRF-449,449,HIGH,5,other,332,c6b426ed8233bc437c8ad0bf56d13d2a58f266c005ad7470521b73cfc6b64d80,DIRECT PRIMARY
9,PB263448(1).pdf,90,V09-P084,326,TIRF-449,449,HIGH,6,other,263,487582e971fff8a7f1502a8cb559f9a624f5a2875bba5753158519d303bfd3bb,DIRECT PRIMARY
9,PB263448(1).pdf,91,V09-P084,326,TIRF-449,449,HIGH,7,other,406,8f394b9ca8d3e03cb3a7aafbf82dddf4e53ab124850e056d24f0ed584c19c092,DIRECT PRIMARY
9,PB263448(1).pdf,92,V09-P092,327,TIRF-450,450,HIGH,0,tire_identification,1220,3bfca711cfa40186dca8d8ecf9887f5855f4d07c4af945663ef8f487c3468cbf,DIRECT PRIMARY
9,PB263448(1).pdf,93,V09-P092,327,TIRF-450,450,HIGH,1,footprint_or_image,6,97fcc900929ade926bb2c8718e2592bf0e25af65473760b301dc6fb3150e01b1,DIRECT PRIMARY
9,PB263448(1).pdf,94,V09-P092,327,TIRF-450,450,HIGH,2,tire_uniformity,326,9af2ff41c89a9cd0c7fcc31504d208a953f3f3f77613d75433b3592d3a00f4c0,DIRECT PRIMARY
9,PB263448(1).pdf,95,V09-P092,327,TIRF-450,450,HIGH,3,test_data,1166,3359b8f856343ca7c3d9cc591ce01068cbb882c40499f2c56b7c82767a9287ea,DIRECT PRIMARY
9,PB263448(1).pdf,96,V09-P092,327,TIRF-450,450,HIGH,4,braking_coefficients,542,4ede6fc0c043515741764af0ef4951c1dc999ca1b2da1ff4a669edc97f27caf8,DIRECT PRIMARY
9,PB263448(1).pdf,97,V09-P092,327,TIRF-450,450,HIGH,5,other,231,9b753da7647983fddb74923c25920796f7b7c965d3db653acea6ae0959709d65,DIRECT PRIMARY
9,PB263448(1).pdf,98,V09-P092,327,TIRF-450,450,HIGH,6,other,181,fa5c6c1ad04098eaea0ef50b0ed2ad067dbd88fa8681c6b7bb2564a56ee39d48,DIRECT PRIMARY
9,PB263448(1).pdf,99,V09-P092,327,TIRF-450,450,HIGH,7,other,330,5ca559776e63092cdc68d1b1c3ad0c2d166d3a14b1ff4252575430a6455f4823,DIRECT PRIMARY
9,PB263448(1).pdf,100,V09-P100,328,TIRF-451,451,HIGH,0,tire_identification,1428,101d6c1685b9f7448173acd76e41b79662101e36e10e7f8aef70505b4f2f6c0c,DIRECT PRIMARY
9,PB263448(1).pdf,101,V09-P100,328,TIRF-451,451,HIGH,1,footprint_or_image,94,823853e362226c145767980b346d8410a7159791468d5a416fbc65a948c1d50b,DIRECT PRIMARY
9,PB263448(1).pdf,102,V09-P100,328,TIRF-451,451,HIGH,2,tire_uniformity,324,56e6e2cc6a4dd208067b0cd421d96799dd7325363d130e642f2f3302790180fb,DIRECT PRIMARY
9,PB263448(1).pdf,103,V09-P100,328,TIRF-451,451,HIGH,3,other,1163,65493ea6d6b84422c64af641f2350a45257828438f19e85783d626c7d330b409,DIRECT PRIMARY
9,PB263448(1).pdf,104,V09-P100,328,TIRF-451,451,HIGH,4,braking_coefficients,523,2c33fd3dff4d0b7e7bc54d6cee2bb4f71854b8228afa8591b6f27becb2dd1c24,DIRECT PRIMARY
9,PB263448(1).pdf,105,V09-P100,328,TIRF-451,451,HIGH,5,other,238,daa06cbdfa789a6d036bb9316dcf8e70cf5a9fa99660408a85dcfb7dd609e8ba,DIRECT PRIMARY
9,PB263448(1).pdf,106,V09-P100,328,TIRF-451,451,HIGH,6,other,236,552c98862f31971b609922146bc3461375fc9ec08998b7d7e9c18a6a0aa3ff10,DIRECT PRIMARY
9,PB263448(1).pdf,107,V09-P100,328,TIRF-451,451,HIGH,7,other,339,d2f0f529eae0cda7b46bade1ea308c322c7ca58d8c95ddc9b27cc404af2983fa,DIRECT PRIMARY
9,PB263448(1).pdf,108,V09-P100,328,TIRF-451,451,HIGH,8,other,1416,0ad328a094176d0ce86d748e10440bc5e85530e4aef9972374dd499a5eab49d6,DIRECT PRIMARY
9,PB263448(1).pdf,109,V09-P100,328,TIRF-451,451,HIGH,9,other,36,d80517a17d5175f84f9ae929716acb23046a79e3e6d2a5763f6b13abfd34058a,DIRECT PRIMARY
9,PB263448(1).pdf,110,V09-P100,328,TIRF-451,451,HIGH,10,tire_uniformity,324,e6921387cdf2f456268e4eb92003195d0494cb3ca4d6f9e47e5531366943db3b,DIRECT PRIMARY
9,PB263448(1).pdf,111,V09-P100,328,TIRF-451,451,HIGH,11,test_data,1116,b293cd34310843d0fc8806b71e806c42a50167074c43ab9191c0478fa680b79f,DIRECT PRIMARY
9,PB263448(1).pdf,112,V09-P100,328,TIRF-451,451,HIGH,12,braking_coefficients,542,368688bf892dd83669b2378314884d72c18670d783209a491980c631645e4c54,DIRECT PRIMARY
9,PB263448(1).pdf,113,V09-P100,328,TIRF-451,451,HIGH,13,other,372,620bc15003cbc16a255cfdecee311f689e983095d324680854ddcf7c01ce1e95,DIRECT PRIMARY
9,PB263448(1).pdf,114,V09-P100,328,TIRF-451,451,HIGH,14,other,222,5f01aba941ecffa517f3df86f6e7ce01fbe4d636554a4398f7cfd9fd32fb2b83,DIRECT PRIMARY
9,PB263448(1).pdf,115,V09-P100,328,TIRF-451,451,HIGH,15,other,258,3a6067428432547ba5a6f6fc3a527ed9c5c3d6c05a1268975f09ae90f79b3f25,DIRECT PRIMARY
9,PB263448(1).pdf,116,V09-P116,329,TIRF-458,458,MEDIUM,0,tire_identification,1066,17913901c60fbde172c500c87af5056c94b0b5d6eb83b02422391debae5faa98,DIRECT PRIMARY
9,PB263448(1).pdf,117,V09-P116,329,TIRF-458,458,MEDIUM,1,footprint_or_image,53,79cc6ea3e2ac2c966d76329007e7f0a642ac4c1a4c87a78c174d17099770d77d,DIRECT PRIMARY
9,PB263448(1).pdf,118,V09-P116,329,TIRF-458,458,MEDIUM,2,cornering_coefficients,1181,be26b290a84c3eaa06537f6cd5d138a32f23c592f352fc613a587ebe8f01ff29,DIRECT PRIMARY
9,PB263448(1).pdf,119,V09-P116,329,TIRF-458,458,MEDIUM,3,braking_coefficients,542,f1b06312f6dade2c3b9257d1ffd3e292644f06a1a1dc97494e894da5498e6a3c,DIRECT PRIMARY
9,PB263448(1).pdf,120,V09-P116,329,TIRF-458,458,MEDIUM,4,other,297,7b9c73bf4046cbd1c9653fd75f450eff519cf7c5022925b480544207722e1e29,DIRECT PRIMARY
9,PB263448(1).pdf,121,V09-P116,329,TIRF-458,458,MEDIUM,5,cornering_plot,225,2b548c712bd87dddb17c06c28acbe950716f357bc49a0736ba1527356b6a5091,DIRECT PRIMARY
9,PB263448(1).pdf,122,V09-P116,329,TIRF-458,458,MEDIUM,6,other,665,edb38e9780c3f472a8b807070397bc53cd5e8bbc4e32a343f66dbc644bc2d3e8,DIRECT PRIMARY
9,PB263448(1).pdf,123,V09-P123,330,TIRF-459,459,LOW,0,tire_identification,910,c3b01ee7e5eea092e97a49beaa126759e9a49e01f000578cc14a9ebd0fc8b499,DIRECT PRIMARY
9,PB263448(1).pdf,124,V09-P123,330,TIRF-459,459,LOW,1,other,1311,8f1976e156a62719ea9ddff43b5ec0b9e719d73618b3d822ba779b597d90fc05,DIRECT PRIMARY
9,PB263448(1).pdf,125,V09-P123,330,TIRF-459,459,LOW,2,braking_coefficients,536,7605c076e69111dc3e17f73558b6d9962cbb61311b47c61b68ea40368d5ec47b,DIRECT PRIMARY
9,PB263448(1).pdf,126,V09-P123,330,TIRF-459,459,LOW,3,other,377,2e97e7bef5d0cd1b9f81826209c1e91f8866801e0d3f1dfcb48fd6251a7f8224,DIRECT PRIMARY
9,PB263448(1).pdf,127,V09-P123,330,TIRF-459,459,LOW,4,other,207,b1a04b2c481350d3ee2b6d1804e37d15a537fd71c43b2f1ba09e5c388b936276,DIRECT PRIMARY
9,PB263448(1).pdf,128,V09-P123,330,TIRF-459,459,LOW,5,other,193,5df3c133a5343bd713eda9b1b7cd0bfbd8754cfd7d27cd00997ebc73cc57d815,DIRECT PRIMARY
9,PB263448(1).pdf,129,V09-P129,331,TIRF-459,459,LOW,0,tire_identification,869,5a49cb1c2f1d05b5bdab36f4f3273061b7f1b8e991236ec5180ad660da05eb0c,DIRECT PRIMARY
9,PB263448(1).pdf,130,V09-P129,331,TIRF-459,459,LOW,1,cornering_coefficients,998,7917a4a52457542789bfb7b11c0f6b43fcf9d2825b50a731ab6757ecbc10edbb,DIRECT PRIMARY
9,PB263448(1).pdf,131,V09-P129,331,TIRF-459,459,LOW,2,braking_coefficients,531,98a347e2da452641cfd3353ddfe60d125ab3e0308d9badc77a39f88569db0e8b,DIRECT PRIMARY
9,PB263448(1).pdf,132,V09-P129,331,TIRF-459,459,LOW,3,other,340,767809222adde42fc94bfc4781f4647c41da4850f04c4d9fe7dd2310ebc836e4,DIRECT PRIMARY
9,PB263448(1).pdf,133,V09-P129,331,TIRF-459,459,LOW,4,other,214,b2c740e06593e823cce1008c1859ab2f15cf4b7d14aa8332e055ed1c636b2924,DIRECT PRIMARY
9,PB263448(1).pdf,134,V09-P129,331,TIRF-459,459,LOW,5,other,317,4ce734751b4fe1ae13c75ea17be5be240c4626ea5fa48653408e0f94a68b22f0,DIRECT PRIMARY
9,PB263448(1).pdf,135,V09-P135,332,TIRF-459,459,LOW,0,tire_identification,895,5bb27cd0febf0daf8ab73e59701a9c601dbf3c8ac65e7232846ef4594c90f17c,DIRECT PRIMARY
9,PB263448(1).pdf,136,V09-P135,332,TIRF-459,459,LOW,1,cornering_coefficients,1233,00175f6b1fb6bfbdafcee5e8b2200b0daf0c26e9c79bab2ba73fb11e05e660df,DIRECT PRIMARY
9,PB263448(1).pdf,137,V09-P135,332,TIRF-459,459,LOW,2,braking_coefficients,526,6502f1cbfe3ef65e99c44ebae108d9e7ad203f04cb89edaf9f289f6a256a0410,DIRECT PRIMARY
9,PB263448(1).pdf,138,V09-P135,332,TIRF-459,459,LOW,3,other,201,67cb560dc7b6f235bab6c157ca89586dd71808b8209ad3c2c088a84b1ea35048,DIRECT PRIMARY
9,PB263448(1).pdf,139,V09-P135,332,TIRF-459,459,LOW,4,other,205,600faeaa54f22bc418e7d071c91460d6cf77ab17f3c16e3b26c3a22813caa437,DIRECT PRIMARY
9,PB263448(1).pdf,140,V09-P135,332,TIRF-459,459,LOW,5,other,70,14ae962f48ccbebe2b310e3e5d8188b9121496ce051fe511f380255d50ba3ef1,DIRECT PRIMARY
9,PB263448(1).pdf,141,V09-P141,333,TIRF-459,459,LOW,0,tire_identification,894,d48ae785f40230421852598431bb037bd89aa1365a30f89a70bb5c52a582f12e,DIRECT PRIMARY
9,PB263448(1).pdf,142,V09-P141,333,TIRF-459,459,LOW,1,cornering_coefficients,1186,6f5a85d91b6c5138ce51a3bdf43b94b4e764b167ba54d5e23e8fc572d3990276,DIRECT PRIMARY
9,PB263448(1).pdf,143,V09-P141,333,TIRF-459,459,LOW,2,braking_coefficients,538,b72ca881634e86bcbb473dd558c30d201b9c6c913d0338e39a2ded8321702c73,DIRECT PRIMARY
9,PB263448(1).pdf,144,V09-P141,333,TIRF-459,459,LOW,3,cornering_plot,326,1e549f41a48ec00f0cb2f4d5598295be1c6a278e170fc894d6c26cb2ab3cc1ab,DIRECT PRIMARY
9,PB263448(1).pdf,145,V09-P141,333,TIRF-459,459,LOW,4,cornering_plot,226,f4046337a490c3956db0de9355e58afd65485b68599ba1ea960a661d7d55acc9,DIRECT PRIMARY
9,PB263448(1).pdf,146,V09-P141,333,TIRF-459,459,LOW,5,other,300,2cc00e6042726f630a076beec6eeee3272e2372e7922458b5e0e3b8f746eff15,DIRECT PRIMARY
9,PB263448(1).pdf,147,V09-P147,334,TIRF-459,459,LOW,0,tire_identification,885,a2efd8c61e4ded0e180f57b508a3a002d340e4286e5106ebfee7df9056029b04,DIRECT PRIMARY
9,PB263448(1).pdf,148,V09-P147,334,TIRF-459,459,LOW,1,cornering_coefficients,1129,9283e6e5e5734eec51b999a4132d3f1b919b92d73e1551bf28df02bd7ae063a5,DIRECT PRIMARY
9,PB263448(1).pdf,149,V09-P147,334,TIRF-459,459,LOW,2,braking_plot,541,2ebeedd55d99033c325469bf754d1608c2754f71ddaddfe4824afe5da3ae1b2b,DIRECT PRIMARY
9,PB263448(1).pdf,150,V09-P147,334,TIRF-459,459,LOW,3,other,282,ab81a63b8a05475e60eb1e47fa10ad0c40eb6a6e43d6771f3bcb8421398db3ef,DIRECT PRIMARY
9,PB263448(1).pdf,151,V09-P147,334,TIRF-459,459,LOW,4,other,208,b570f8662b216de93437b906395b0a4b05c3022fb55f59daa8915f0c3775972e,DIRECT PRIMARY
9,PB263448(1).pdf,152,V09-P147,334,TIRF-459,459,LOW,5,other,357,82cdad219de0ae754169539c37d5894617eaa733141966cf106def2ebf105687,DIRECT PRIMARY
9,PB263448(1).pdf,153,V09-P147,334,TIRF-459,459,LOW,6,other,969,6d130f56f561773889dbcadc367b31888e0bb1175f7219622c2908e003d4e252,DIRECT PRIMARY
9,PB263448(1).pdf,154,V09-P147,334,TIRF-459,459,LOW,7,other,63,8a1ac06c6eaa96d1e2df326370856aebc13724e1beecabc0b6a1ae7f9be2562a,DIRECT PRIMARY
9,PB263448(1).pdf,155,V09-P147,334,TIRF-459,459,LOW,8,cornering_coefficients,1158,41b0720ae0e58136639dd42b4170767a679edc9bc01f62da437b0f7d9b299f06,DIRECT PRIMARY
9,PB263448(1).pdf,156,V09-P147,334,TIRF-459,459,LOW,9,braking_coefficients,535,126827ab7b6a7a200f9dbf68abf39a6101c84d8879fe9cdc6115e1ac8d6aa2d0,DIRECT PRIMARY
9,PB263448(1).pdf,157,V09-P147,334,TIRF-459,459,LOW,10,other,297,161e2f4b7ab8cc03e9756e0631832e54e936698f8ccfd2d624bdc1ef04ac840c,DIRECT PRIMARY
9,PB263448(1).pdf,158,V09-P147,334,TIRF-459,459,LOW,11,other,243,5b9c5aafed4f32cc3e34c751a5a08567df13000fa6c6d1c86b2b0b0b10d767d8,DIRECT PRIMARY
9,PB263448(1).pdf,159,V09-P147,334,TIRF-459,459,LOW,12,other,232,1d982ea511ca72736c91483878594d75b507379f61ed7313037de0cd25e2b094,DIRECT PRIMARY
9,PB263448(1).pdf,160,V09-P160,335,TIRF-459,459,HIGH,0,tire_identification,867,7d0a1465669a83963348f8ff642ed161092dd27d155b0926efc0efc23f91514d,DIRECT PRIMARY
9,PB263448(1).pdf,161,V09-P160,335,TIRF-459,459,HIGH,1,test_data,1125,6ae437ff4b291af370670aefb3d877e7c156b6e234a1157898b90bf057894ca4,DIRECT PRIMARY
9,PB263448(1).pdf,162,V09-P160,335,TIRF-459,459,HIGH,2,braking_coefficients,541,aa1fcc4979dfe730ab9ae7daf6c3c93334a9fbb14d53e919116d888b33c63d19,DIRECT PRIMARY
9,PB263448(1).pdf,163,V09-P160,335,TIRF-459,459,HIGH,3,other,305,510292582cf6f6790bcfffa7c1c05b5a46eb1ebf85549d1d3f1581b0117a2621,DIRECT PRIMARY
9,PB263448(1).pdf,164,V09-P160,335,TIRF-459,459,HIGH,4,other,252,dd54639159b519b4f1ec2863ea3f928e96aef145835303b5178612c1483962c8,DIRECT PRIMARY
9,PB263448(1).pdf,165,V09-P160,335,TIRF-459,459,HIGH,5,other,280,c650db1c386a2850fcc839f2d9082bafa7d6fda668203490eaffbb5b2967fa29,DIRECT PRIMARY
9,PB263448(1).pdf,166,V09-P166,336,TIRF-459,459,HIGH,0,tire_identification,872,1f5cb2ec68a544f6aeb711268d8ff4bfd92a38978d4658b2fbbeb4ef5585cf83,DIRECT PRIMARY
9,PB263448(1).pdf,167,V09-P166,336,TIRF-459,459,HIGH,1,other,1146,82e6af19298a2e2482cc39d51bb802a3eaa8296d77b9a297452829ab215866e4,DIRECT PRIMARY
9,PB263448(1).pdf,168,V09-P166,336,TIRF-459,459,HIGH,2,braking_coefficients,508,ce13d361f6f61a81827cb3eb3d738979263ba9f2f3a65a1780856215b4c78bf2,DIRECT PRIMARY
9,PB263448(1).pdf,169,V09-P166,336,TIRF-459,459,HIGH,3,cornering_plot,323,5a1bab533349a61527d3a3b01c8ab9c2e5473786990ce82bd753c583aa91a13d,DIRECT PRIMARY
9,PB263448(1).pdf,170,V09-P166,336,TIRF-459,459,HIGH,4,other,240,03729f45577dafcc494be2cab3907581eae88248c2dcf9d032e20a7ac093afe3,DIRECT PRIMARY
9,PB263448(1).pdf,171,V09-P166,336,TIRF-459,459,HIGH,5,other,327,0e0ebc8dff1ff1cff06fa4f55483ee8c478766399a0eef63bdd67f2a3c395a86,DIRECT PRIMARY
9,PB263448(1).pdf,172,V09-P172,337,TIRF-460,460,HIGH,0,tire_identification,1365,3f93c610b712c50ae4e27137bb5bf3de5da85e253913b977489d0871e1ce4cc2,DIRECT PRIMARY
9,PB263448(1).pdf,173,V09-P172,337,TIRF-460,460,HIGH,1,footprint_or_image,53,54b01fac3cf4031c105e6434f15844cb2b2261baf7be41d5a2029232968013e0,DIRECT PRIMARY
9,PB263448(1).pdf,174,V09-P172,337,TIRF-460,460,HIGH,2,other,1298,fc901b50c8571464f10de54d698a79e5a01ef297cfb03faa597eeede5fcefc9f,DIRECT PRIMARY
9,PB263448(1).pdf,175,V09-P172,337,TIRF-460,460,HIGH,3,other,642,ac8185063614c0d97f403a34c41b1d3376c956212e959de2c18b23e38f089c0f,DIRECT PRIMARY
9,PB263448(1).pdf,176,V09-P172,337,TIRF-460,460,HIGH,4,other,355,022c4ff28ec17c52b72a48cb30ffba9cdf0d40a285cd0e8d2bde796e705e6e81,DIRECT PRIMARY
9,PB263448(1).pdf,177,V09-P172,337,TIRF-460,460,HIGH,5,other,322,f7b14e21ed5aef2c80d3d021f090c0584a4eb0f8366d6588521c9116eeee744d,DIRECT PRIMARY
9,PB263448(1).pdf,178,V09-P172,337,TIRF-460,460,HIGH,6,other,283,aa1ec1cacff243570b6e64e8b57dd77a3309e55b388c04d9fada811f94dc30dc,DIRECT PRIMARY
9,PB263448(1).pdf,179,V09-P179,338,TIRF-460,460,LOW,0,tire_identification,899,f1d949b09e1834e357680f010d0ef045a3abcbd520e624a06629da1f2aa284ef,DIRECT PRIMARY
9,PB263448(1).pdf,180,V09-P179,338,TIRF-460,460,LOW,1,cornering_coefficients,1149,6aa450f0171e086d28310f100490edbe91019d3ffac80f3d7b484005dc044c8a,DIRECT PRIMARY
9,PB263448(1).pdf,181,V09-P179,338,TIRF-460,460,LOW,2,braking_coefficients,545,340c973541d783c1ab3c03f8691e18ba2c9509f01f346878f6eead7fd30ff838,DIRECT PRIMARY
9,PB263448(1).pdf,182,V09-P179,338,TIRF-460,460,LOW,3,cornering_plot,334,3500530ec6beab25b399df7caea66e0295d8c09503ba1a6de550776550b6441b,DIRECT PRIMARY
9,PB263448(1).pdf,183,V09-P179,338,TIRF-460,460,LOW,4,other,246,b29d6bca3cda2dd3dd7112101deed4efd8a361a919ce3544c19a202bd29739c5,DIRECT PRIMARY
9,PB263448(1).pdf,184,V09-P179,338,TIRF-460,460,LOW,5,other,369,282a1b116bf14bdc3e41aec8c7085fdabdcc17bfc87c2a2296cbf2fa55680846,DIRECT PRIMARY
9,PB263448(1).pdf,185,V09-P185,339,TIRF-460,460,LOW,0,tire_identification,874,f8733625336bf6740b286c09566c96c044962b054bf73147856c087a1f6cc99f,DIRECT PRIMARY
9,PB263448(1).pdf,186,V09-P185,339,TIRF-460,460,LOW,1,cornering_coefficients,1144,52708ad83c7bb5b7b9f2030f95f70fe9da4210412241d7c9e3251cfd39aa2ab9,DIRECT PRIMARY
9,PB263448(1).pdf,187,V09-P185,339,TIRF-460,460,LOW,2,braking_coefficients,545,4f87ab2b131599d5d163e14a73c14d3ef1bc8e78d0a6b272e596cf7ff5f3a710,DIRECT PRIMARY
9,PB263448(1).pdf,188,V09-P185,339,TIRF-460,460,LOW,3,cornering_plot,321,5fbd9ac60039575bfbf1bbd507a50da19f403bd6e70e4771a93c62ed084b0e74,DIRECT PRIMARY
9,PB263448(1).pdf,189,V09-P185,339,TIRF-460,460,LOW,4,other,248,31c49a892a42dde66da673574ffd916cc6c2309b777855341066055b68ce556e,DIRECT PRIMARY
9,PB263448(1).pdf,190,V09-P185,339,TIRF-460,460,LOW,5,other,108,1cf1aa34c52f35928cd2072fc12d4afd23417850723d9cb0a2de7297b7104db6,DIRECT PRIMARY
9,PB263448(1).pdf,191,V09-P191,340,TIRF-460,460,MEDIUM,0,tire_identification,966,383a1bbea49351bada3d68edc8b3da5e19790421c5843fc8e91b962e0d8530f3,DIRECT PRIMARY
9,PB263448(1).pdf,192,V09-P191,340,TIRF-460,460,MEDIUM,1,footprint_or_image,47,5102b4ccfa314ee177b28ca72dab64692ffef8a71526ffd47500c76e7daced62,DIRECT PRIMARY
9,PB263448(1).pdf,193,V09-P191,340,TIRF-460,460,MEDIUM,2,test_data,1182,267d8192980de0eb0ae86fe6c80151d30625d27717816a5e3fe87668d58d85b7,DIRECT PRIMARY
9,PB263448(1).pdf,194,V09-P191,340,TIRF-460,460,MEDIUM,3,braking_coefficients,538,4be15ebe7956a1483a124aee516f04bb5e464ad174219d69799e9213f8bf82b1,DIRECT PRIMARY
9,PB263448(1).pdf,195,V09-P191,340,TIRF-460,460,MEDIUM,4,cornering_plot,296,db420ec5811a4bb68db8f39893ecb6b303c8ded1d44858c9217aaffa766fc14b,DIRECT PRIMARY
9,PB263448(1).pdf,196,V09-P191,340,TIRF-460,460,MEDIUM,5,cornering_plot,298,acf800b53640b45f7d35e478bccb3357f5b9d098d28c62ba998b7824c515ce00,DIRECT PRIMARY
9,PB263448(1).pdf,197,V09-P191,340,TIRF-460,460,MEDIUM,6,other,218,1c7476f01ff148a977fbc66032e3a0368d4cc74258a7a3dd07d88069e5d85035,DIRECT PRIMARY
9,PB263448(1).pdf,198,V09-P198,341,TIRF-460,460,LOW,0,tire_identification,901,64ea0ec45c7c37a7db6f5eaacf991c94e243b3a95e00b414edbf18bbaed07ff8,DIRECT PRIMARY
9,PB263448(1).pdf,199,V09-P198,341,TIRF-460,460,LOW,1,test_data,1126,449f6559ee550725e93eb0865527fb3e6c820d4a20b0df11b84493954dfa5448,DIRECT PRIMARY
9,PB263448(1).pdf,200,V09-P198,341,TIRF-460,460,LOW,2,braking_plot,457,0df0b9196daeabde93ee3646c8bb622077eadbda55b2baf765ea8048ab3d27f8,DIRECT PRIMARY
9,PB263448(1).pdf,201,V09-P198,341,TIRF-460,460,LOW,3,other,316,b260cd45888d8ee682e9221dae9e9550ff90880fcc66b5f9ecb0296d531d3f19,DIRECT PRIMARY
9,PB263448(1).pdf,202,V09-P198,341,TIRF-460,460,LOW,4,other,247,b34704783ce15214f1ceae9f62ed947ddb1f27f24855433ddbda4ff01afb18e8,DIRECT PRIMARY
9,PB263448(1).pdf,203,V09-P198,341,TIRF-460,460,LOW,5,other,331,4e5f6650e80321d79e134e43308bceb9ce141d4c6a8a510d9cf7ce777ec60727,DIRECT PRIMARY
9,PB263448(1).pdf,204,V09-P204,342,TIRF-479,479,LOW,0,tire_identification,886,8f098fe40c32c6ad1ba6dd7594ac7589dc6a3dd78347b776d9e16775af88ad00,DIRECT PRIMARY
9,PB263448(1).pdf,205,V09-P204,342,TIRF-479,479,LOW,1,test_data,1128,92b6e73b32dfe7eb1bed4d4d5d68dad1d413371def6683cfb73691e13f265b02,DIRECT PRIMARY
9,PB263448(1).pdf,206,V09-P204,342,TIRF-479,479,LOW,2,braking_coefficients,543,ebec503175bbabf17878ca500a4d0476f5b3223a16269f2c9f3581bd99948631,DIRECT PRIMARY
9,PB263448(1).pdf,207,V09-P204,342,TIRF-479,479,LOW,3,other,325,c1ec1ba6ac771fda9bed4282ebb06a19ee87f7f4c2338d59a24bef96225a3ff7,DIRECT PRIMARY
9,PB263448(1).pdf,208,V09-P204,342,TIRF-479,479,LOW,4,cornering_plot,238,670f1533a67ec9aef8585f651edcc056101041625ddb6bdeb59756a2cf8e6a2f,DIRECT PRIMARY
9,PB263448(1).pdf,209,V09-P204,342,TIRF-479,479,LOW,5,other,285,ba98805e32c5a1e698958233effd3a8776f438b89791cf5bf6aa870c95a87b3a,DIRECT PRIMARY
9,PB263448(1).pdf,210,V09-P210,343,TIRF-480,480,MEDIUM,0,tire_identification,1293,b74557f96269663af623ad2ae397c490675a49be96f1f78a31f7869ffacc65da,DIRECT PRIMARY
9,PB263448(1).pdf,211,V09-P210,343,TIRF-480,480,MEDIUM,1,footprint_or_image,27,68ddb1165df6b66c58e102c690727a7266b26ebd2a818b2a9139aaa5efb2c9cd,DIRECT PRIMARY
9,PB263448(1).pdf,212,V09-P210,343,TIRF-480,480,MEDIUM,2,tire_uniformity,338,2b985051f5da0d5135477d385786d12aa647fb3649a792f0380101891d678853,DIRECT PRIMARY
9,PB263448(1).pdf,213,V09-P210,343,TIRF-480,480,MEDIUM,3,cornering_coefficients,1149,f79bfe9f503dfd2d4d4fb1a1de467feb7ca761d3e740a1f0dde7d31e6b2e7050,DIRECT PRIMARY
9,PB263448(1).pdf,214,V09-P210,343,TIRF-480,480,MEDIUM,4,braking_plot,636,b39b1546b68866c6db31f89fd5d64647287cccbdbd540309abf65fd5e6fabf83,DIRECT PRIMARY
9,PB263448(1).pdf,215,V09-P210,343,TIRF-480,480,MEDIUM,5,cornering_plot,384,e6e2f761c95517829503280b96184c0baaf3fa7cadcead252a5491bcdb4304a0,DIRECT PRIMARY
9,PB263448(1).pdf,216,V09-P210,343,TIRF-480,480,MEDIUM,6,other,194,2fb3270e63a97c872f9d51c080e55a3b9ac45ab75a82e904e7e9de5ce2a8341d,DIRECT PRIMARY
9,PB263448(1).pdf,217,V09-P210,343,TIRF-480,480,MEDIUM,7,other,392,0146b52f8ff59d0835c1f2e75fe6482ba49439a01ace78b8e95eef52c6b9c09a,DIRECT PRIMARY
9,PB263448(1).pdf,218,V09-P218,344,TIRF-481,481,MEDIUM,0,tire_identification,1276,7d5feae4aad9e804a5b23a4f5c22ade95e98cc329b44a1f22f7a1b682ba9ff92,DIRECT PRIMARY
9,PB263448(1).pdf,219,V09-P218,344,TIRF-481,481,MEDIUM,1,footprint_or_image,57,84f0db2beb13a8903247fc042e49e538401bd1d7fa9639639a088f19d2e28f3f,DIRECT PRIMARY
9,PB263448(1).pdf,220,V09-P218,344,TIRF-481,481,MEDIUM,2,tire_uniformity,328,b5d25292a90e2a585a937633c55b84fd942b6ff0f40582da840d58307ab2d150,DIRECT PRIMARY
9,PB263448(1).pdf,221,V09-P218,344,TIRF-481,481,MEDIUM,3,cornering_coefficients,1134,ba33e7b6c04da6363e524e7dbe497286bf6c6f89a6cff075f1dbe86f0ead0393,DIRECT PRIMARY
9,PB263448(1).pdf,222,V09-P218,344,TIRF-481,481,MEDIUM,4,other,553,29bd15783a0035a1d2d70a121a785a33bf7caa3ee2a287f1ab6fe798e3fa1250,DIRECT PRIMARY
9,PB263448(1).pdf,223,V09-P218,344,TIRF-481,481,MEDIUM,5,other,382,66b26e5964f155d9d7ad215ea743bb29020a469982052f4c954c025733a6bbcf,DIRECT PRIMARY
9,PB263448(1).pdf,224,V09-P218,344,TIRF-481,481,MEDIUM,6,other,194,6f483ad3efc0fb7d387ca60087366838d97c07c161136b459cd37e88c8cc7832,DIRECT PRIMARY
9,PB263448(1).pdf,225,V09-P218,344,TIRF-481,481,MEDIUM,7,other,296,e8c02749d488d1cddd59bf3ad5636b47d45c3dc4cad8306ecd1e82835da96005,DIRECT PRIMARY
9,PB263448(1).pdf,226,V09-P226,345,TIRF-481,481,LOW,0,tire_identification,1330,b0df8744d1f2b13d2a1daf300e8fd20583d4da4758dfaa4f26d2f097451dba2c,DIRECT PRIMARY
9,PB263448(1).pdf,227,V09-P226,345,TIRF-481,481,LOW,1,footprint_or_image,2,ca035b0974ace3c934f815e2651f4fc4bb403151a173d9176758ad5b63763508,DIRECT PRIMARY
9,PB263448(1).pdf,228,V09-P226,345,TIRF-481,481,LOW,2,tire_uniformity,329,7c1b77f20b6ff59632ddf79a4369aed8dfaf5244475735f52708c521bf9a61d1,DIRECT PRIMARY
9,PB263448(1).pdf,229,V09-P226,345,TIRF-481,481,LOW,3,cornering_coefficients,1130,89ea62fcdc7523bf234dcb0bb3e3907a838f1bf34bc720159469df84673fc131,DIRECT PRIMARY
9,PB263448(1).pdf,230,V09-P226,345,TIRF-481,481,LOW,4,braking_coefficients,538,6a80479fa51558bc1617f52d0404382eaba5230622a1e7290d2e511ed24a27c8,DIRECT PRIMARY
9,PB263448(1).pdf,231,V09-P226,345,TIRF-481,481,LOW,5,other,346,b52af8509c1aeb259fc231b2bdb2227988abb833532035221ecb2c6b55aaeed3,DIRECT PRIMARY
9,PB263448(1).pdf,232,V09-P226,345,TIRF-481,481,LOW,6,cornering_plot,157,0b270784a47383340486f6acaba2147d83c442a033bc224f90df377e315931bc,DIRECT PRIMARY
9,PB263448(1).pdf,233,V09-P226,345,TIRF-481,481,LOW,7,other,322,5b91d657d8ca00b3e86cecd513035f55fdf752e6192333cbf9cdf55855f0efb8,DIRECT PRIMARY
9,PB263448(1).pdf,234,V09-P234,346,TIRF-483,483,MEDIUM,0,tire_identification,1397,05388d94cbeeee6e6fccad705d55a44f4ed17c0da97b5c9ecc051f1c2da38200,DIRECT PRIMARY
9,PB263448(1).pdf,235,V09-P234,346,TIRF-483,483,MEDIUM,1,footprint_or_image,38,1381ae108d90e5421ee5d45fe0aec0a7c80f7aa0c27aff2085999d9badfbf4e8,DIRECT PRIMARY
9,PB263448(1).pdf,236,V09-P234,346,TIRF-483,483,MEDIUM,2,tire_uniformity,322,9bced8daed05d009c77885437c4bda7453dfd89d77b492a50f8ed2a39c92711b,DIRECT PRIMARY
9,PB263448(1).pdf,237,V09-P234,346,TIRF-483,483,MEDIUM,3,cornering_coefficients,1128,66f45385168efd38543cfcd88c7edeacce247ddeddc62805fe8f1a63671c7d0e,DIRECT PRIMARY
9,PB263448(1).pdf,238,V09-P234,346,TIRF-483,483,MEDIUM,4,braking_coefficients,536,1acca69350e3719b8ab0cb0a28cf918b78430a64ddc7b07875ac8f77d72a2b36,DIRECT PRIMARY
9,PB263448(1).pdf,239,V09-P234,346,TIRF-483,483,MEDIUM,5,cornering_plot,351,f240abb3d836a088c253b787abfc7326dfb06fde7a949fe83d74644e55f91cc0,DIRECT PRIMARY
9,PB263448(1).pdf,240,V09-P234,346,TIRF-483,483,MEDIUM,6,other,177,889cc310f41237e7a6cd426318cd2a0c1ad608555eca2d1fd03f4cc609d7d0be,DIRECT PRIMARY
9,PB263448(1).pdf,241,V09-P234,346,TIRF-483,483,MEDIUM,7,other,304,0c9d7985c7727f281bd5ce290cbdcc23cd1f09c78cf7e9e3b3c260333fe7f5bd,DIRECT PRIMARY
9,PB263448(1).pdf,242,V09-P242,347,TIRF-483,483,LOW,0,tire_identification,1114,7703c3efb3456967d67f5d3d3ac9b22bc32c3f8933c9d01f9271dbdd964634ac,DIRECT PRIMARY
9,PB263448(1).pdf,243,V09-P242,347,TIRF-483,483,LOW,1,footprint_or_image,36,614e224d38aaa516d4d04b3a720dbf38254557d5e465ae0d2a659231e078f592,DIRECT PRIMARY
9,PB263448(1).pdf,244,V09-P242,347,TIRF-483,483,LOW,2,tire_uniformity,330,c9067088724773972e6fb65eff80b92bb8fc14ee26df2f59901df16c24861782,DIRECT PRIMARY
9,PB263448(1).pdf,245,V09-P242,347,TIRF-483,483,LOW,3,cornering_coefficients,1139,27dd5fc71bbeb0837b62e5a9ee1deedcfb04d3cdfc574c296510e7b668912baa,DIRECT PRIMARY
9,PB263448(1).pdf,246,V09-P242,347,TIRF-483,483,LOW,4,braking_coefficients,539,4ab6d03a1c7e615c2aec21e2d7873f74970d5aae17171c8e0da059eb9ec74716,DIRECT PRIMARY
9,PB263448(1).pdf,247,V09-P242,347,TIRF-483,483,LOW,5,other,360,be297d0b01ae62f825421b8f5c4d7c86e1f8d6803dacd6fa1cd5c3590018d0cd,DIRECT PRIMARY
9,PB263448(1).pdf,248,V09-P242,347,TIRF-483,483,LOW,6,other,204,f45641027e303097eec745f7a2550fa575490dae3b2ed3700bdf986ce22de054,DIRECT PRIMARY
9,PB263448(1).pdf,249,V09-P242,347,TIRF-483,483,LOW,7,other,310,e22b4ee1803ae038fa85251880025b894aa490676d333ab148738642decfcaf7,DIRECT PRIMARY
9,PB263448(1).pdf,250,V09-P250,348,TIRF-484,484,LOW,0,tire_identification,1460,1b7c7b286678bf9d8535b8c8dcc2960a91b1fa5a6f2444846e5c118d8e9dc1f6,DIRECT PRIMARY
9,PB263448(1).pdf,251,V09-P250,348,TIRF-484,484,LOW,1,footprint_or_image,20,07d43db2895fb7a0b5fcbf675d507e7a51eaa222897c001721846479e193fba6,DIRECT PRIMARY
9,PB263448(1).pdf,252,V09-P250,348,TIRF-484,484,LOW,2,tire_uniformity,345,67ad08439b0750df0e56b33d4a4467303eeccb68d2db3da3289afbd7418c1f0b,DIRECT PRIMARY
9,PB263448(1).pdf,253,V09-P250,348,TIRF-484,484,LOW,3,cornering_coefficients,1145,c482733a9102e457e792e6f1ac7bd0c87c9cb70bdd95a1bfd1b65815a4d31440,DIRECT PRIMARY
9,PB263448(1).pdf,254,V09-P250,348,TIRF-484,484,LOW,4,braking_plot,556,cfff842ecd041b9ce7bc731688532f2c3d5953ddc84e3785bbab1fb1cdc7bd46,DIRECT PRIMARY
9,PB263448(1).pdf,255,V09-P250,348,TIRF-484,484,LOW,5,other,340,f6c37da6d0d40d8ed8539650801ad51b3808bb7e9b4311f82c07e5495d2b1eba,DIRECT PRIMARY
9,PB263448(1).pdf,256,V09-P250,348,TIRF-484,484,LOW,6,other,235,935b0e376588777886cd93fda62f9d3e9ebc8be67b158a6a38604961b8c2fb4e,DIRECT PRIMARY
9,PB263448(1).pdf,257,V09-P250,348,TIRF-484,484,LOW,7,other,325,2ec1aff447862cdcd7b0f13f6f853d0d4d1aea7d039c9bc79dc05c5b1d4d1350,DIRECT PRIMARY
9,PB263448(1).pdf,258,V09-P258,349,TIRF-487,487,LOW,0,tire_identification,1298,42cf9296aa7bbd3f1093f52ec67a9020ad813b5aa17060dba8c7f9a45ac5be43,DIRECT PRIMARY
9,PB263448(1).pdf,259,V09-P258,349,TIRF-487,487,LOW,1,footprint_or_image,37,ef44511b8e41af0e57644e8166dca50c912fda0367d5e7fda65d8db224df02d5,DIRECT PRIMARY
9,PB263448(1).pdf,260,V09-P258,349,TIRF-487,487,LOW,2,tire_uniformity,317,80d02007f707c443b03e8464c0dd6e91a48cf2b849e8c517eab4b0ec851b9adc,DIRECT PRIMARY
9,PB263448(1).pdf,261,V09-P258,349,TIRF-487,487,LOW,3,cornering_coefficients,1137,86ec9f7cf9175c8603f15876e544667d454aea1a2bc9df0d02d724c9c65f95dd,DIRECT PRIMARY
9,PB263448(1).pdf,262,V09-P258,349,TIRF-487,487,LOW,4,braking_coefficients,545,ecd3d4a280347eec600f4abfae1a2a0c58193b0c944827455fcf0fa825e3038b,DIRECT PRIMARY
9,PB263448(1).pdf,263,V09-P258,349,TIRF-487,487,LOW,5,cornering_plot,350,7e513019d623673835b73c0e01636c1f50249f64ceec545e36c5d62123502633,DIRECT PRIMARY
9,PB263448(1).pdf,264,V09-P258,349,TIRF-487,487,LOW,6,other,232,2206b329e3e54105850c66fbf343133567f651557f4a65c32defa84db1f533f5,DIRECT PRIMARY
9,PB263448(1).pdf,265,V09-P258,349,TIRF-487,487,LOW,7,other,300,6b7cfb0c1234988d2ed33166746dd204cb089c9460279bfa7bd2f10163f12920,DIRECT PRIMARY
9,PB263448(1).pdf,266,V09-P266,350,TIRF-488,488,MEDIUM,0,tire_identification,1007,a30612f47db8840b9539bb9609c3952ee74895b086f2bd7e44a0d9f301dd788a,DIRECT PRIMARY
9,PB263448(1).pdf,267,V09-P266,350,TIRF-488,488,MEDIUM,1,footprint_or_image,45,dbc8afcf320c7bebfbbd77d8b7a59286c48a734d0afb1e93ccf8e4e7268a5b24,DIRECT PRIMARY
9,PB263448(1).pdf,268,V09-P266,350,TIRF-488,488,MEDIUM,2,tire_uniformity,331,579d065c66bb5c25940483df2e35b8adbcd326341023adb737d3b1a99696b1f2,DIRECT PRIMARY
9,PB263448(1).pdf,269,V09-P266,350,TIRF-488,488,MEDIUM,3,cornering_coefficients,1161,faaca9bca63bda0b0cf2c7c224ad761c56f5721f1d3f856f19067c70f12f517d,DIRECT PRIMARY
9,PB263448(1).pdf,270,V09-P266,350,TIRF-488,488,MEDIUM,4,braking_coefficients,537,e631d95694da13fe47beda41a223698d412a4c515727c7eead635a94825a7e34,DIRECT PRIMARY
9,PB263448(1).pdf,271,V09-P266,350,TIRF-488,488,MEDIUM,5,other,425,1bccb6aedf91d8526a151f98df6f1ff3e90277649c3014f60e421fbe2cdd29ee,DIRECT PRIMARY
9,PB263448(1).pdf,272,V09-P266,350,TIRF-488,488,MEDIUM,6,other,225,ad94569f63193b56c7834e42d7a016b6ad68bb60ea314806a86adffce8e9f5a7,DIRECT PRIMARY
9,PB263448(1).pdf,273,V09-P266,350,TIRF-488,488,MEDIUM,7,other,358,c01d64a1ac4550bb7b3f2061865e94f6f3e9d4df2375db9217168c16d9b0f698,DIRECT PRIMARY
9,PB263448(1).pdf,274,V09-P266,350,TIRF-488,488,MEDIUM,8,other,1090,8cf2bdefb92577efa38d7549ed197d93526a8b5fc327cd0d194bff3f28283975,DIRECT PRIMARY
9,PB263448(1).pdf,275,V09-P266,350,TIRF-488,488,MEDIUM,9,image_or_blank,9,a84d15788a76ff0741a5eec971104dd9d0f7522bdea6e4704150c557a6870332,DIRECT PRIMARY
9,PB263448(1).pdf,276,V09-P266,350,TIRF-488,488,MEDIUM,10,tire_uniformity,329,c8392e4c790c97ed289d0d831f00b08da28d6fc69e17aa851a1077ff43d2d972,DIRECT PRIMARY
9,PB263448(1).pdf,277,V09-P266,350,TIRF-488,488,MEDIUM,11,cornering_coefficients,1134,dea26ab3634d9655a93916fabf19bcae935a1d598dc3c9a34f9e77823a0dd515,DIRECT PRIMARY
9,PB263448(1).pdf,278,V09-P266,350,TIRF-488,488,MEDIUM,12,braking_coefficients,551,72e2759e9b2be39646fdac68d47541269d65527e853021f24db15b1f42a5ad9a,DIRECT PRIMARY
9,PB263448(1).pdf,279,V09-P266,350,TIRF-488,488,MEDIUM,13,other,451,962b2e87b40dbfedf09776074d1b146af232aea0c0b68c8bcac4f2f244a0d355,DIRECT PRIMARY
9,PB263448(1).pdf,280,V09-P266,350,TIRF-488,488,MEDIUM,14,other,198,d41609eef12c4adecc2bafe6c74ba29bae160a33793e9edfc81bf88ee47f9ac3,DIRECT PRIMARY
9,PB263448(1).pdf,281,V09-P266,350,TIRF-488,488,MEDIUM,15,other,354,048d64e3d5e2e580913bf664fbdabd4599a58359749981bbae6d11c32a111f54,DIRECT PRIMARY
9,PB263448(1).pdf,282,V09-P282,351,TIRF-488,488,LOW,0,tire_identification,1201,470097d8a0ce72bb3a4834ffa0f8f700ee5dcdb399537be5f76d0aa5307d5e11,DIRECT PRIMARY
9,PB263448(1).pdf,283,V09-P282,351,TIRF-488,488,LOW,1,footprint_or_image,48,613f767e9487a2d72eadfd59c00bf01b1c39499d9f355b6b1f6717496eac2b01,DIRECT PRIMARY
9,PB263448(1).pdf,284,V09-P282,351,TIRF-488,488,LOW,2,tire_uniformity,326,19a3d9455fb4bca01e1407099e73900c913b2a4ecdc42c476f482eaba46fd121,DIRECT PRIMARY
9,PB263448(1).pdf,285,V09-P282,351,TIRF-488,488,LOW,3,cornering_coefficients,1137,1ad3e9bbfd1b859ac19a0ee1dd318cb2cdb1f148e755304598e17c96fa769cda,DIRECT PRIMARY
9,PB263448(1).pdf,286,V09-P282,351,TIRF-488,488,LOW,4,braking_plot,539,db9523bef19aac35051aa280f9eac953902236854133842cfa672f1202082676,DIRECT PRIMARY
9,PB263448(1).pdf,287,V09-P282,351,TIRF-488,488,LOW,5,cornering_plot,342,21c4e01d2d004490c22e19ad6778f913a7dd03d4c2e80e3fb357653ffbf9c735,DIRECT PRIMARY
9,PB263448(1).pdf,288,V09-P282,351,TIRF-488,488,LOW,6,cornering_plot,218,4357766f10363f2e6bd82039fb067065601d9eb2665cfa045a8a78bab5f49f38,DIRECT PRIMARY
9,PB263448(1).pdf,289,V09-P282,351,TIRF-488,488,LOW,7,other,356,ed09c33b3ec1aab65fe6f6327722043820da464a18ad2f797c69333d5232e91e,DIRECT PRIMARY
9,PB263448(1).pdf,290,V09-P290,352,TIRF-489,489,LOW,0,tire_identification,1147,65e80f573cc7a61c4ba29db0e7103bff233a4f1227910870e45a84ddaff2c7a5,DIRECT PRIMARY
9,PB263448(1).pdf,291,V09-P290,352,TIRF-489,489,LOW,1,footprint_or_image,93,13e7fe725a8fe7c07b6ea5f9c988af8d1aa43e56251c29cd075677e1caf29086,DIRECT PRIMARY
9,PB263448(1).pdf,292,V09-P290,352,TIRF-489,489,LOW,2,tire_uniformity,327,ac5055feea297e3099dcbaebba041974b3a5e88e644fb7b8d21b457e16922205,DIRECT PRIMARY
9,PB263448(1).pdf,293,V09-P290,352,TIRF-489,489,LOW,3,cornering_coefficients,1139,7527b603ca2d09484b1ba3836366c7efa617b26425aa5b8d6a30f41e7182986a,DIRECT PRIMARY
9,PB263448(1).pdf,294,V09-P290,352,TIRF-489,489,LOW,4,braking_coefficients,537,bb6196a7cddb3c6ddf206bfe701b629ae052286ce910fe8a098638b7a40e054e,DIRECT PRIMARY
9,PB263448(1).pdf,295,V09-P290,352,TIRF-489,489,LOW,5,other,412,c154ee76cc75b82ef4a039a12de57b6a87ee4b6dda6e07db5fa3030dead492d8,DIRECT PRIMARY
9,PB263448(1).pdf,296,V09-P290,352,TIRF-489,489,LOW,6,other,213,80f7b9f86eff07bbc56aa31350b12f320a85ddf7d01b3777c4d6ceb7fca255b9,DIRECT PRIMARY
9,PB263448(1).pdf,297,V09-P290,352,TIRF-489,489,LOW,7,other,342,409d30208b4f289308b3ff5f0b65e8ff80e356b09eb41f8aecf5ca4fceb34e52,DIRECT PRIMARY
9,PB263448(1).pdf,298,V09-P298,353,TIRF-490,490,LOW,0,tire_identification,1325,2fc893ee8b66b77e77a408f13ff923273d9accc80b6866c64ea950b4923a2371,DIRECT PRIMARY
9,PB263448(1).pdf,299,V09-P298,353,TIRF-490,490,LOW,1,footprint_or_image,29,6154e23c35fd7a5f6188cb2018bcce006e1983036b57b943984389495b862f79,DIRECT PRIMARY
9,PB263448(1).pdf,300,V09-P298,353,TIRF-490,490,LOW,2,tire_uniformity,335,62490bbb5e184d6c6a3c73074133cd51e4cf85e7db30d0ca4f8928358bd93a93,DIRECT PRIMARY
9,PB263448(1).pdf,301,V09-P298,353,TIRF-490,490,LOW,3,cornering_coefficients,1140,fe4b31dfec3e66baf2c7e7ad7084cf00f69442deeb0b1a955814751cec224c7d,DIRECT PRIMARY
9,PB263448(1).pdf,302,V09-P298,353,TIRF-490,490,LOW,4,braking_plot,537,51c70a0d6af2b1144b8ed6f6a68efe4f35e610c7a352f9cc67373e9a34d2769a,DIRECT PRIMARY
9,PB263448(1).pdf,303,V09-P298,353,TIRF-490,490,LOW,5,cornering_plot,365,3de258308976e1e4ef8cae282d36a59f241f6c37413d1e969004739d782ff2f6,DIRECT PRIMARY
9,PB263448(1).pdf,304,V09-P298,353,TIRF-490,490,LOW,6,other,339,ddc4f0caef9199983b85cdacd8a4eab0ce7d64ccfc33764929ba4e137b07e29c,DIRECT PRIMARY
9,PB263448(1).pdf,305,V09-P298,353,TIRF-490,490,LOW,7,other,327,a26f64293ed87c4cbbc755270b753a626f30abcd124ff095d2a732e0c27fea01,DIRECT PRIMARY
9,PB263448(1).pdf,306,V09-P306,354,TIRF-491,491,MEDIUM,0,tire_identification,1055,10c61dbc275bdef9bc70edd8089325bd5c9340613e3bca09a50675c19e0192a3,DIRECT PRIMARY
9,PB263448(1).pdf,307,V09-P306,354,TIRF-491,491,MEDIUM,1,footprint_or_image,30,72c9f18012baa9543c46737d7895f1eba358e448468f341b4887af6f98d4d6dc,DIRECT PRIMARY
9,PB263448(1).pdf,308,V09-P306,354,TIRF-491,491,MEDIUM,2,tire_uniformity,322,bef8e164ce4e5e2fe6b829ec47f4f13ad5185cb2851686073a2b754aa83f3e27,DIRECT PRIMARY
9,PB263448(1).pdf,309,V09-P306,354,TIRF-491,491,MEDIUM,3,cornering_coefficients,1141,c4d5f289209e871592cf30a163a4192e650c941bf0c8ba4952ba8d6fd50d7c3e,DIRECT PRIMARY
9,PB263448(1).pdf,310,V09-P306,354,TIRF-491,491,MEDIUM,4,braking_coefficients,538,9f5f16d375d046c35ed31bacefdc1823343b3414e6d2e1622e4217c1e650a829,DIRECT PRIMARY
9,PB263448(1).pdf,311,V09-P306,354,TIRF-491,491,MEDIUM,5,other,376,851ef7853e4d24cd488914a4b2e9c2a1305f913a40b6bd80a0f8065936584ad3,DIRECT PRIMARY
9,PB263448(1).pdf,312,V09-P306,354,TIRF-491,491,MEDIUM,6,cornering_plot,209,67786c621bc3146acf64876d5b3bd7f500667c88b4bc2fb07c6caf3f30f8f253,DIRECT PRIMARY
9,PB263448(1).pdf,313,V09-P306,354,TIRF-491,491,MEDIUM,7,other,392,a9c964ac0104cb9261d36c9c3b3ba55a2381bf6521fb51e0124f2773d06a3e2f,DIRECT PRIMARY
9,PB263448(1).pdf,314,V09-P314,355,TIRF-492,492,HIGH,0,tire_identification,1411,8548625eeef95ce4f18d48c372f49085ef16578b0b2e68ffbfb842200a303399,DIRECT PRIMARY
9,PB263448(1).pdf,315,V09-P314,355,TIRF-492,492,HIGH,1,footprint_or_image,75,66847d9f7efed75271ef533cbc03283bab972c82e9340705ae957f70d757d6ec,DIRECT PRIMARY
9,PB263448(1).pdf,316,V09-P314,355,TIRF-492,492,HIGH,2,tire_uniformity,336,6914dbb01f0541038ce55b9cd7bd90a2809e1aacef23429492953ba2aacd54aa,DIRECT PRIMARY
9,PB263448(1).pdf,317,V09-P314,355,TIRF-492,492,HIGH,3,cornering_coefficients,1141,e627d217d1c4cd278e98c69fb6348c72421e598701eab943abc3c6909faf9dab,DIRECT PRIMARY
9,PB263448(1).pdf,318,V09-P314,355,TIRF-492,492,HIGH,4,braking_coefficients,541,c33064bac5da7fb60b1850448d97d01dbd4ef1e9f2d402318be02fbab44905ff,DIRECT PRIMARY
9,PB263448(1).pdf,319,V09-P314,355,TIRF-492,492,HIGH,5,other,387,3d0a45a2213643d3a66b1405cecf2fbdf3e3612ca55733537a461ee1aec30814,DIRECT PRIMARY
9,PB263448(1).pdf,320,V09-P314,355,TIRF-492,492,HIGH,6,other,223,5e6234ca86b1700a50177e4bb8805e8b914fb9f7cdb0eb4a8b0680d3ab579370,DIRECT PRIMARY
9,PB263448(1).pdf,321,V09-P314,355,TIRF-492,492,HIGH,7,other,317,980ad9f7fed92719d026ca79f9045f7fadcb559e30d9c89a196d8084dbb2ba30,DIRECT PRIMARY
9,PB263448(1).pdf,322,V09-P322,356,TIRF-619,619,HIGH,0,tire_identification,946,c18af6264806db8b9e4ddd404d1789f07fb586121220ebc592d91b21ff9ec5af,DIRECT PRIMARY
9,PB263448(1).pdf,323,V09-P322,356,TIRF-619,619,HIGH,1,cornering_coefficients,1129,48e71f9e7482bc30a5ab709e15ed9d0d1dc842d402f54d5accd018ff60c4b653,DIRECT PRIMARY
9,PB263448(1).pdf,324,V09-P322,356,TIRF-619,619,HIGH,2,braking_coefficients,539,7e1e8b7d75d263a945e2274f4f6dcd7ef5acdd1b78f440497a477b39868d6921,DIRECT PRIMARY
9,PB263448(1).pdf,325,V09-P322,356,TIRF-619,619,HIGH,3,other,215,2317ad7123a0b56c7272f8888c44fd33f150f550da68df60d9d02b22d49c6a79,DIRECT PRIMARY
9,PB263448(1).pdf,326,V09-P322,356,TIRF-619,619,HIGH,4,cornering_plot,200,3fd2d53a692a20e2483ed8b1ef4297e5eba3ce05ab22443033cff13585aa3cb8,DIRECT PRIMARY
9,PB263448(1).pdf,327,V09-P322,356,TIRF-619,619,HIGH,5,other,286,50b29e36ee2e2a8f4264da4819ecb04dd547b2830e58f7467eec96c4cdd91167,DIRECT PRIMARY
9,PB263448(1).pdf,328,V09-P328,357,TIRF-620,620,MEDIUM,0,tire_identification,942,7c33e87b3659bb9ec85c79e41a6f0de6052dd7b4d3502035eebc0b9c99832112,DIRECT PRIMARY
9,PB263448(1).pdf,329,V09-P328,357,TIRF-620,620,MEDIUM,1,cornering_coefficients,1136,5489408b1313ac2aa982c8fb0047ecbe716fa8ac553ab4e11770c109d08c5418,DIRECT PRIMARY
9,PB263448(1).pdf,330,V09-P328,357,TIRF-620,620,MEDIUM,2,braking_coefficients,549,81c7b8c97050dffd9bc049c3114c87f2a4d03581046b41f34d8df425ca0e731d,DIRECT PRIMARY
9,PB263448(1).pdf,331,V09-P328,357,TIRF-620,620,MEDIUM,3,other,390,9c4be265b2f1cd7db3cf34900b57f811341fe4dd99db135c4000aca80aa3ecab,DIRECT PRIMARY
9,PB263448(1).pdf,332,V09-P328,357,TIRF-620,620,MEDIUM,4,cornering_plot,218,444561bdb0f7f4b5f3aa703501fe7f94d2eb575ddd978777631cbd6da4887dc9,DIRECT PRIMARY
9,PB263448(1).pdf,333,V09-P328,357,TIRF-620,620,MEDIUM,5,other,184,9db6e1a7061519932d8d414008ad8bb86541c1f7ed5477fe40f1e759ee80410c,DIRECT PRIMARY
9,PB263448(1).pdf,334,V09-P334,358,TIRF-621,621,HIGH,0,tire_identification,985,4a9dac4b076472848cef902ef5fefac4ce87ef989eab7bea28fb09722dd0ece8,DIRECT PRIMARY
9,PB263448(1).pdf,335,V09-P334,358,TIRF-621,621,HIGH,1,cornering_coefficients,1139,33291d9bb03de725d3f869a0c6d59860591b4e4c2a3c473f360ae1636b5459a5,DIRECT PRIMARY
9,PB263448(1).pdf,336,V09-P334,358,TIRF-621,621,HIGH,2,braking_coefficients,543,4b6e82f794790177d37cef499fbfe79e529c9065305063dc691e589d547a0f30,DIRECT PRIMARY
9,PB263448(1).pdf,337,V09-P334,358,TIRF-621,621,HIGH,3,other,340,5cc784f8a3cd164558410c73386bd3586f4cb1bd7b09fccac869e60f4f860535,DIRECT PRIMARY
9,PB263448(1).pdf,338,V09-P334,358,TIRF-621,621,HIGH,4,cornering_plot,217,f8b921f97209c3f3fa130a4e7ffcfde79f7afa5bbb02e8e16b65f46b906c3df3,DIRECT PRIMARY
9,PB263448(1).pdf,339,V09-P334,358,TIRF-621,621,HIGH,5,other,294,d0ce46ec01312a5b28468df4d54bf5fbd7b6c885d0eca97a1a67284e7a76dfa8,DIRECT PRIMARY
9,PB263448(1).pdf,340,V09-P334,358,TIRF-621,621,HIGH,6,other,949,e7dae08e94d554b6041896692edd474484e740d95e5336f356e272ebcf1310cb,DIRECT PRIMARY
9,PB263448(1).pdf,341,V09-P334,358,TIRF-621,621,HIGH,7,cornering_coefficients,1132,e6ddfeab4449a0fc9e52d8353db7a9b06cc1a47412b87d680edd3c04e4af12b9,DIRECT PRIMARY
9,PB263448(1).pdf,342,V09-P334,358,TIRF-621,621,HIGH,8,braking_coefficients,551,4b5ce5fb8e4b89ac424637048157f29c706a0c0e6fe276124d4819dbe00d51d0,DIRECT PRIMARY
9,PB263448(1).pdf,343,V09-P334,358,TIRF-621,621,HIGH,9,other,299,facccc46e9fe1d2b8c373669b1b431e6e58a3b42bf9bc68fa5c2aa6a4f32568e,DIRECT PRIMARY
9,PB263448(1).pdf,344,V09-P334,358,TIRF-621,621,HIGH,10,cornering_plot,205,38397a2e7787e2b2ffbb22c2246b0da267b3b0a1f896a2ccc39f669c2f5273b0,DIRECT PRIMARY
9,PB263448(1).pdf,345,V09-P334,358,TIRF-621,621,HIGH,11,other,333,0f7c22e4ac6931ddea4fc2d8f89e1ab33ce02147c7dff59aeddd959af045fff9,DIRECT PRIMARY
9,PB263448(1).pdf,346,V09-P334,358,TIRF-621,621,HIGH,12,combined_interaction,49,2f5d37ff37e51aabfe796a57cf31445f70f02677311f1436bd2cdbc085179523,DIRECT PRIMARY
9,PB263448(1).pdf,347,V09-P334,358,TIRF-621,621,HIGH,13,combined_interaction,511,c4bd98be9b9180e6e80fdbcac950976c9035638af6ecec8ebc6a119e0be572d1,DIRECT PRIMARY
9,PB263448(1).pdf,348,V09-P334,358,TIRF-621,621,HIGH,14,other,441,885bb33904129c572c197f1d4f61cea024968f85090cdcbd9835b8c72f480e5a,DIRECT PRIMARY
9,PB263448(1).pdf,349,V09-P334,358,TIRF-621,621,HIGH,15,other,445,80e24d3dac788caaf18c8578f71ef7ed6bf333c55254730db723e4cd110d7b75,DIRECT PRIMARY
9,PB263448(1).pdf,350,V09-P334,358,TIRF-621,621,HIGH,16,other,500,ac4c0fc10a3c976472303af13ab286f8bdbf2718443549b9e57b8e3ffadaa09a,DIRECT PRIMARY
9,PB263448(1).pdf,351,V09-P334,358,TIRF-621,621,HIGH,17,other,669,7bb7aba49033170cc630d2ab38aa35ed2f37f58d3ec7e243c394faca1076a020,DIRECT PRIMARY
9,PB263448(1).pdf,352,V09-P334,358,TIRF-621,621,HIGH,18,other,157,5df650b8067220a93589d2ceb2e5ad53e2f883af945d045513a86bf282e6ae52,DIRECT PRIMARY
9,PB263448(1).pdf,353,V09-P334,358,TIRF-621,621,HIGH,19,other,586,af4334ed66c2f21a09cbd3e2e7f240ef387c10993a8a2dc10f12a6cfc6095862,DIRECT PRIMARY
9,PB263448(1).pdf,354,V09-P334,358,TIRF-621,621,HIGH,20,other,626,daa317d87469463986df528d5298369b3b403d2b53ce433431a69063c633f6fd,DIRECT PRIMARY
9,PB263448(1).pdf,355,V09-P334,358,TIRF-621,621,HIGH,21,other,775,add30412e0c75d87c2824e873cc41d357ded46de0b7534709d062f1d904460e4,DIRECT PRIMARY
9,PB263448(1).pdf,356,V09-P334,358,TIRF-621,621,HIGH,22,other,602,29d5ad8f48c04f3be0e513e717278ab2431dfa75b524cce822968f0d86c2e7fb,DIRECT PRIMARY
9,PB263448(1).pdf,357,V09-P334,358,TIRF-621,621,HIGH,23,other,592,16d398e7b50bae832d46482c681937c39494a0498e0f62cd3a0417872544a8af,DIRECT PRIMARY
9,PB263448(1).pdf,358,V09-P334,358,TIRF-621,621,HIGH,24,other,750,3c3cc44c87e7974566b40a5e5f95a0105eff8c974acccab65a92fb69f6e123bd,DIRECT PRIMARY
9,PB263448(1).pdf,359,V09-P334,358,TIRF-621,621,HIGH,25,other,609,3c851475ced052216cd9bf702e062a929c807867644164ff3f6acf39bc33fd94,DIRECT PRIMARY
9,PB263448(1).pdf,360,V09-P334,358,TIRF-621,621,HIGH,26,other,515,bc0597fec709f7ed3f00515a1083e083bd2ba3bd255d26e073e1d307fbb5c40e,DIRECT PRIMARY
9,PB263448(1).pdf,361,V09-P334,358,TIRF-621,621,HIGH,27,other,517,60ee7a9b014a457a8c7dd94162d2b9f7a9fa1d7b7d55bb6f4b381b9dca95d74e,DIRECT PRIMARY
9,PB263448(1).pdf,362,V09-P334,358,TIRF-621,621,HIGH,28,other,77,3bfda13c7a018aab258d71f91fb09b1ff7eab7f7d17404a33e8c7694353ae06c,DIRECT PRIMARY
9,PB263448(1).pdf,363,V09-P334,358,TIRF-621,621,HIGH,29,other,546,df4dfbc5548ac829c5ccbc2d04db23e2333d57f842dc01e21549f2a3fe4e4ebd,DIRECT PRIMARY
9,PB263448(1).pdf,364,V09-P334,358,TIRF-621,621,HIGH,30,other,570,db8c0650f001061dc778f3781f14ba38960b8dbaff7125e1f24fcb73106e65db,DIRECT PRIMARY
9,PB263448(1).pdf,365,V09-P334,358,TIRF-621,621,HIGH,31,other,525,bf0c7aed4e55a5d496cfbe8cdfe66be025b9f33e3ac67359116ae28105792ff0,DIRECT PRIMARY
9,PB263448(1).pdf,366,V09-P334,358,TIRF-621,621,HIGH,32,other,551,298ece3b9bb8e55e2391f65150b38fdae70f05ad61057fab7074c9c9bee3360c,DIRECT PRIMARY
9,PB263448(1).pdf,367,V09-P334,358,TIRF-621,621,HIGH,33,other,585,fd719181866471b8fd0ee6113cc3760a87fb73a88ead85650acb15c7464d15ce,DIRECT PRIMARY
9,PB263448(1).pdf,368,V09-P334,358,TIRF-621,621,HIGH,34,other,500,d8e3b88128327ef892db036d6c5c54afe1060e71e15a3538b861e67d36ca9456,DIRECT PRIMARY
9,PB263448(1).pdf,369,V09-P334,358,TIRF-621,621,HIGH,35,other,562,f5901f8e0e72bb3852c9ab641639076839a41e1e99643ab2f8872eb81799713d,DIRECT PRIMARY
9,PB263448(1).pdf,370,V09-P334,358,TIRF-621,621,HIGH,36,other,426,e7fea74b48ce92eabb82c30ec0422870e52033635e27690a3343503369e0df28,DIRECT PRIMARY
9,PB263448(1).pdf,371,V09-P334,358,TIRF-621,621,HIGH,37,other,315,37a69c61a7ac0da699288d06efabd38f65f5686851b343cc1a841f4486d52481,DIRECT PRIMARY
9,PB263448(1).pdf,372,V09-P334,358,TIRF-621,621,HIGH,38,other,281,dfd0c6fe345e77ba1062ccfa2d0ab99cbfa504309540ad6eca1c7d3f48f7706a,DIRECT PRIMARY
9,PB263448(1).pdf,373,V09-P334,358,TIRF-621,621,HIGH,39,other,395,6ec6180ea587a7141b170f7894e11f9bae5338f1e8883217a3775ced920f594a,DIRECT PRIMARY
9,PB263448(1).pdf,374,V09-P334,358,TIRF-621,621,HIGH,40,other,488,d39cd9f70af4f4c774e401ac8fa8bf50432fa401029f5c538ed709e170d6af94,DIRECT PRIMARY
9,PB263448(1).pdf,375,V09-P334,358,TIRF-621,621,HIGH,41,other,310,bb5cce4a8fe11ad8a1babad9430d40ae01c9a63a71cc8ae13488de792f299e03,DIRECT PRIMARY
9,PB263448(1).pdf,376,V09-P334,358,TIRF-621,621,HIGH,42,cornering_plot,284,52c20040c435a6d53c024c7296eb1eb69d01a88121d0634a4dcb2007ffc21c1e,DIRECT PRIMARY
9,PB263448(1).pdf,377,V09-P334,358,TIRF-621,621,HIGH,43,other,272,2dc61c139956976b4c5cd76d7af9a646f93bcdb101847c5085679e54cdd1542d,DIRECT PRIMARY
9,PB263448(1).pdf,378,V09-P334,358,TIRF-621,621,HIGH,44,other,329,7d59ca79c211f6925be2e022dd81d919d2c00f4d9c3bede50a32bf664435d960,DIRECT PRIMARY
9,PB263448(1).pdf,379,V09-P334,358,TIRF-621,621,HIGH,45,other,440,34481dc533379660fbd6ebf302ad033d653d36509303b27ea705805bfb620d5a,DIRECT PRIMARY
9,PB263448(1).pdf,380,V09-P334,358,TIRF-621,621,HIGH,46,other,419,eb35bf437f987363a305f288b82ea2e0be6435b070583fa4e5c5b1f2f95a6d6c,DIRECT PRIMARY
9,PB263448(1).pdf,381,V09-P334,358,TIRF-621,621,HIGH,47,other,434,cd93267a5c5ab005cc063850ec431b7156aca6f43afbb95b792fff9a0550b720,DIRECT PRIMARY
9,PB263448(1).pdf,382,V09-P334,358,TIRF-621,621,HIGH,48,other,642,56ead73d447d19c4528c947fc7c143f11b9d8e6130ecff874868bd4a5a956caf,DIRECT PRIMARY
9,PB263448(1).pdf,383,V09-P334,358,TIRF-621,621,HIGH,49,other,581,4291bd7745e4d283df971e30515365a9ad3264ba845abee64793772af5eeb915,DIRECT PRIMARY
9,PB263448(1).pdf,384,V09-P334,358,TIRF-621,621,HIGH,50,other,577,6defba80aa6efb8aaafb4d3ac29d174d151be9b8e2de6fdb971d59591739db63,DIRECT PRIMARY
9,PB263448(1).pdf,385,V09-P334,358,TIRF-621,621,HIGH,51,other,367,fd22ed4bf0746a80692a821eec3464e54f7f6bcca3a64c88ce31dc0fb89d41b5,DIRECT PRIMARY
9,PB263448(1).pdf,386,V09-P334,358,TIRF-621,621,HIGH,52,other,445,ad0968b081c4ff40e2a0ecb82ab6b00f5c264522a95d2195a51385351bb9f939,DIRECT PRIMARY
9,PB263448(1).pdf,387,V09-P334,358,TIRF-621,621,HIGH,53,other,453,c67d2a56c0efcf83dfbf0a6addce25f5a588a69f2af7de59e64c3678b299d05c,DIRECT PRIMARY
9,PB263448(1).pdf,388,V09-P334,358,TIRF-621,621,HIGH,54,other,691,d4af1d379a8ebdf1837cb914e78071fc78a0b8d1a88433796f6c5696b65c0847,DIRECT PRIMARY
9,PB263448(1).pdf,389,V09-P334,358,TIRF-621,621,HIGH,55,other,504,d747b51e08d37284ff3856611c14fd4189ed4a9b08fb294f2a95c25fb9142823,DIRECT PRIMARY
9,PB263448(1).pdf,390,V09-P334,358,TIRF-621,621,HIGH,56,other,545,f1da6e2448569ce580cd11631109d07cba2015daf33975f151f944999ee2922b,DIRECT PRIMARY
9,PB263448(1).pdf,391,V09-P334,358,TIRF-621,621,HIGH,57,other,491,cd23f757eb47c5e991263fd8bae7fba4b34cae62d63293a2b88510aa52736857,DIRECT PRIMARY
9,PB263448(1).pdf,392,V09-P334,358,TIRF-621,621,HIGH,58,other,454,4717607b43fba4093d6cc77480bfe3b84c0e60dfe58c6f2efc928f6b8560df97,DIRECT PRIMARY
9,PB263448(1).pdf,393,V09-P334,358,TIRF-621,621,HIGH,59,other,451,637a72394b3954f11f228be3b896417411cf833ea6a7c4010d0aeccaabb5c097,DIRECT PRIMARY
9,PB263448(1).pdf,394,V09-P334,358,TIRF-621,621,HIGH,60,other,495,79c74d1d6ec0b9392d27ec201f4d776febd37539eccbc200d0f5e764d445e89e,DIRECT PRIMARY
9,PB263448(1).pdf,395,V09-P334,358,TIRF-621,621,HIGH,61,other,506,a254cfa6b8a1c2b675f06326880bdd4d52c76bb8124f9916b250c4182bb8dfea,DIRECT PRIMARY
9,PB263448(1).pdf,396,V09-P334,358,TIRF-621,621,HIGH,62,other,428,877c94563f0aa1554471d9f3ec02d85d0ec1216dda99e66c78dc17f90a869fbc,DIRECT PRIMARY
9,PB263448(1).pdf,397,V09-P334,358,TIRF-621,621,HIGH,63,other,261,f42a65c3c9bcc916672794df4e44a51f2aa73d74789c75dbc59b29ed3aff8b60,DIRECT PRIMARY
9,PB263448(1).pdf,398,V09-P334,358,TIRF-621,621,HIGH,64,other,455,6fe901c12fb6f07e08c380fa2492b9e1ce1027981ea91216f446f47695683ed4,DIRECT PRIMARY
9,PB263448(1).pdf,399,V09-P334,358,TIRF-621,621,HIGH,65,other,501,b26e15bcec945bebd4361dac51e537f109c00595edfb319b4e88472801ab68b1,DIRECT PRIMARY
9,PB263448(1).pdf,400,V09-P334,358,TIRF-621,621,HIGH,66,other,276,6fe3247221c522177bb19ea79bf447f5beee6354a2aca6f9f124ffe016659e29,DIRECT PRIMARY
9,PB263448(1).pdf,401,V09-P334,358,TIRF-621,621,HIGH,67,other,286,7a1c9a2556605cb49dc9b6cdbe52e1c9775420a80e5b906d33628bfcc7f787c4,DIRECT PRIMARY
9,PB263448(1).pdf,402,V09-P334,358,TIRF-621,621,HIGH,68,other,302,b0de2ecb6e85b5eff7c5f60f6e9909852532e684e7faeb04b306b4e76db79c7f,DIRECT PRIMARY
9,PB263448(1).pdf,403,V09-P334,358,TIRF-621,621,HIGH,69,other,276,b7cde243d2c6032c13a42ce205474212114d23722c3c5ed554b043e9a9c37c4f,DIRECT PRIMARY
9,PB263448(1).pdf,404,V09-P334,358,TIRF-621,621,HIGH,70,other,448,d100be724c07397a0b21eeb444ba6f05c79d0f8ef9f4727165bfb9d38180ee76,DIRECT PRIMARY
9,PB263448(1).pdf,405,V09-P334,358,TIRF-621,621,HIGH,71,other,450,52d84c9e031aa82758c3c9cbe928c203344220842de120856b8ec2fca5d5071b,DIRECT PRIMARY
9,PB263448(1).pdf,406,V09-P334,358,TIRF-621,621,HIGH,72,other,426,4758f49d0d72e8d2324894ee22b9934c4cc155b626db8aba158029c8295e7b97,DIRECT PRIMARY
9,PB263448(1).pdf,407,V09-P334,358,TIRF-621,621,HIGH,73,other,303,c408895dd264e3601160d1d8c50a7b3812874b0ef8c19968ab6e31c5ea351d26,DIRECT PRIMARY
9,PB263448(1).pdf,408,V09-P334,358,TIRF-621,621,HIGH,74,other,349,84d2e4bab329aef8c744d0349db50cf86a6ae8f71cd1dd709ac94335f9d91725,DIRECT PRIMARY
9,PB263448(1).pdf,409,V09-P334,358,TIRF-621,621,HIGH,75,other,438,0020cb28de7d9a0465d638adea7c2d0d25ba7c19ee7c25a392c278a5a63175bb,DIRECT PRIMARY
9,PB263448(1).pdf,410,V09-P334,358,TIRF-621,621,HIGH,76,other,510,2d2e8b7945fc4050d1bfcb32d5b9727c4ba8da1f09da37fc9f2645adb006a4d0,DIRECT PRIMARY
9,PB263448(1).pdf,411,V09-P334,358,TIRF-621,621,HIGH,77,other,422,b56d760129c08a199e83100651ea417a80c2037b2940340136c3a386af26147d,DIRECT PRIMARY
9,PB263448(1).pdf,412,V09-P334,358,TIRF-621,621,HIGH,78,other,408,e7e7f6a2e885a8803e78cbe08c2cf6b43a12ed092d72a1a8033a347988502ed8,DIRECT PRIMARY
9,PB263448(1).pdf,413,V09-P334,358,TIRF-621,621,HIGH,79,other,691,7b03047b20de18f2cc64020264fb3ac62e169080966a515c72c16a347cb84514,DIRECT PRIMARY
9,PB263448(1).pdf,414,V09-P334,358,TIRF-621,621,HIGH,80,other,570,bae7bbdceb5bef982346c0d9607fc9821a8a5a10ca0af9e0f27a5ef0edd98669,DIRECT PRIMARY
9,PB263448(1).pdf,415,V09-P334,358,TIRF-621,621,HIGH,81,other,598,c4f92cb1c22cccf982ee9244d8c34e72b9a172dd53c730e99ab2b04c77e07f43,DIRECT PRIMARY
9,PB263448(1).pdf,416,V09-P334,358,TIRF-621,621,HIGH,82,other,766,86c26a8d6e0744b9b1a964b3a2e2387aab09dbe3d0cc864e30d62148b01e6b2d,DIRECT PRIMARY
9,PB263448(1).pdf,417,V09-P334,358,TIRF-621,621,HIGH,83,other,602,bce206903e48070336b76f78423e4ff3276380f26b1ccb74fcc317cbe56612e7,DIRECT PRIMARY
9,PB263448(1).pdf,418,V09-P334,358,TIRF-621,621,HIGH,84,other,670,ff5f72a6d21d3393bd07eae93745948f8f068433f929f31f2cd0e29aca3c92ed,DIRECT PRIMARY
9,PB263448(1).pdf,419,V09-P334,358,TIRF-621,621,HIGH,85,other,763,eb9e0a0660a6c9bb336c66e0946964ec62a8df1f41fd4ab6845f39de89ca5b8a,DIRECT PRIMARY
9,PB263448(1).pdf,420,V09-P334,358,TIRF-621,621,HIGH,86,other,596,7c5e92aa5c070c09dc946bb68622b7d423e563e9cdf95752c401270865b00f4f,DIRECT PRIMARY
9,PB263448(1).pdf,421,V09-P334,358,TIRF-621,621,HIGH,87,other,589,606082df7395a6c115fd97f1c01974992f044681f11c1cd2aa904edd16755c8d,DIRECT PRIMARY
9,PB263448(1).pdf,422,V09-P334,358,TIRF-621,621,HIGH,88,other,575,1d1409c4a3ed1289dc98d5e9acc9c8fff19d51dce12a6d8b5f1e3810e7ae997e,DIRECT PRIMARY
9,PB263448(1).pdf,423,V09-P334,358,TIRF-621,621,HIGH,89,other,145,ffbf029dee0546907779119858a5d2837b34aa0a5fa55b5f94b34585b6ffa629,DIRECT PRIMARY
9,PB263448(1).pdf,424,V09-P334,358,TIRF-621,621,HIGH,90,other,458,51f7a9b78cbe007b5f6fe7d70949cab500494877a6bbe98a27d812933263b4bc,DIRECT PRIMARY
9,PB263448(1).pdf,425,V09-P334,358,TIRF-621,621,HIGH,91,other,582,3da5d59dbbeadf8c803e62ef59de0dfad4f832f4e227f4b1aa86c46c4e4a9a9a,DIRECT PRIMARY
9,PB263448(1).pdf,426,V09-P334,358,TIRF-621,621,HIGH,92,other,527,0b20aebba2091371438eaa564dee5dfe31b4314d8b3ec25b5a0cf37bc6c75a1d,DIRECT PRIMARY
9,PB263448(1).pdf,427,V09-P334,358,TIRF-621,621,HIGH,93,other,480,55fc4f01af10ab4960cfdf1710c6e7da5810d8fa4fb00a12fdceda5e379d01af,DIRECT PRIMARY
9,PB263448(1).pdf,428,V09-P334,358,TIRF-621,621,HIGH,94,other,573,3b6011caefa95e607338bda5881a84a8b030555318d17721381ac6ffc06820f7,DIRECT PRIMARY
9,PB263448(1).pdf,429,V09-P334,358,TIRF-621,621,HIGH,95,other,437,735a086a59db05cf30091435c888024ec65cfc81475bee262bf36887bb36e852,DIRECT PRIMARY
9,PB263448(1).pdf,430,V09-P334,358,TIRF-621,621,HIGH,96,other,505,61c2484e6a8798581ced1b8c64db2ae3d7ba4fa9f4314337974f1cb437eed2a3,DIRECT PRIMARY
9,PB263448(1).pdf,431,V09-P334,358,TIRF-621,621,HIGH,97,cornering_plot,272,0e26e3c0a5e93fa2b7d2ed39212577401e311e767661d405db4d426e96cd8ab4,DIRECT PRIMARY
9,PB263448(1).pdf,432,V09-P334,358,TIRF-621,621,HIGH,98,other,307,b3fce019fcd7648ce0daab3a536d14725e7d1e5fa71412854bbffb1905d50e4e,DIRECT PRIMARY
9,PB263448(1).pdf,433,V09-P334,358,TIRF-621,621,HIGH,99,other,294,6d612479c10bcee8a951748c82c08dc7ba6cafa43ffd3796f3886bb84ee92ddf,DIRECT PRIMARY
9,PB263448(1).pdf,434,V09-P334,358,TIRF-621,621,HIGH,100,other,343,b3f1496707b0dbd0f0f769f32af302b51fe52fac98982c17d4ea430c19b8ad6b,DIRECT PRIMARY
9,PB263448(1).pdf,435,V09-P334,358,TIRF-621,621,HIGH,101,other,392,4668d3eeb30a28255aebedfbbc151a61f5e812b673a04478cbc930550234dd6e,DIRECT PRIMARY
9,PB263448(1).pdf,436,V09-P334,358,TIRF-621,621,HIGH,102,other,387,4a86133d9273f34fa68db1c3b832a0b893388547762cf3f68b77039f6163bb51,DIRECT PRIMARY
9,PB263448(1).pdf,437,V09-P334,358,TIRF-621,621,HIGH,103,other,426,740aced76706c80c89a6728603fddecb85c645ba85e7cf8297465aa02c3bde8e,DIRECT PRIMARY
9,PB263448(1).pdf,438,V09-P334,358,TIRF-621,621,HIGH,104,other,310,c7cc8793637ba4b0d33c201b42ca16f0bd00f2f6cb196fb6a7f77abc50b4c25b,DIRECT PRIMARY
9,PB263448(1).pdf,439,V09-P334,358,TIRF-621,621,HIGH,105,other,588,17ef19289bc5a6704d7ab013c947a3a632a3f00f4acd43c12705bb5586d0e5b6,DIRECT PRIMARY
9,PB263448(1).pdf,440,V09-P334,358,TIRF-621,621,HIGH,106,other,524,156ba606f5580775d6a66a1c7a31ab757b33cea8b750feafd7ab8b34ee3f4de4,DIRECT PRIMARY
