package_id,package_index,volume,source_file,start_page,end_page,tire_key,matched_tire_no,mapping_confidence,mapping_basis,alignment_score,tire_no_raw,size_raw,manufacturer_raw,brand_raw,construction_raw,load_range_raw,max_load_lb_raw,max_infl_psi_raw,aspect_ratio_raw,tra_rim_width_raw,shore_hardness_raw,run_no_raw,road_speed_mph_raw,water_depth_mil_raw,cold_infl_psi_raw,design_load_lb_raw,rim_width_in_raw,groove_depth_pct_raw,master_size,master_manufacturer,master_brand,master_construction,package_source_evidence_class,master_mapping_evidence_class
V03-P009,1,3,PB263442(1).pdf,9,16,TIRF-008,8,HIGH,sequence + strong metadata,93.02,006,"18 \,-- Gt -\~",DU,GOLD 5EAL ::<5 PATROL,BB '1,B,lG20,3'2.,7C::>.5,",,- 5.50 1.",") ( - 48.C;,",0'2.3 17.'2..\,~O,--,2.4-,B,"5,50",100,G78-15,Dunlop,Gold Seal RS Patrol,Bias Belted,DIRECT PRIMARY,DERIVED / RECONSTRUCTED
V03-P017,2,3,PB263442(1).pdf,17,24,TIRF-010,10,MEDIUM,sequence + partial metadata,47.15,0\0,lO - \4- 1=,"r'V """" I",".... TREAO ""'UST"":JM ... VJ 1:JE. ~",", BB",B,\500,32-,11.4,-.- ~ ~O,,39'2... 14G:>1,"SO "" ~ """,--,24,B,5.50,':. 100 :;:,F70-14,Goodyear,Custom Wide Tread Polyglas,Bias Belted,DIRECT PRIMARY,DERIVED / RECONSTRUCTED
V03-P025,3,3,PB263442(1).pdf,25,32,TIRF-011,11,HIGH,exact OCR tire number + sequence/metadata,150.48,011,lB-!4 F,-Gl',CUSTOM POWER,8S,,ISOO,"...,- ~,r:",(a.a,5.S0,( ) . '59.8,"! 4"" . 5,89 i . .:' ...,.","SO , > •• • - - ~",-,24,,5.50,100,F78-14,Goodyear,Custom Power Cushion Polyglas,Bias Belted,DIRECT PRIMARY,DERIVED / RECONSTRUCTED
V03-P033,4,3,PB263442(1).pdf,33,44,TIRF-014,14,HIGH,exact OCR tire number + sequence/metadata,146.18,014,G 75-\4,,DE.LUXE. Cr-\AMP\ON,58,B,\~'2.0,- ..... ~'/,15.9,G~OO,( ) . 59. B,"I;·' n 045 1'.: I -,. ( ...•.. ,","BO "" ~",-,2..4-,B,~.OO,100,G78-14,Firestone,Del9Xe Champion Belted Sup-R-Belt,Bias Belted,DIRECT PRIMARY,DERIVED / RECONSTRUCTED
V03-P045,5,3,PB263442(1).pdf,45,66,TIRF-017,17,MEDIUM,sequence + partial metadata,77.09,0\7,G lB - '14-,BFG.,TRAILMAKER SILVERTOVvN,BeE,B,\CO~(),'5'2.,".- .., 3 c, '",i ':0.00,"I ( ) , ::= 1::. ~ ."" filii .. ', ....",·..)41 1'2.25,"- SO , ,",--,2.4,B,~.JO,100,G78-14,BF Goodrich,Silvertown Trailmaker Belted,Bias Belted,DIRECT PRIMARY,DERIVED / RECONSTRUCTED
V03-P067,6,3,PB263442(1).pdf,67,98,TIRF-021,21,HIGH,sequence + strong metadata,137.77,O~!,H 78-15,UN,ZETA 25M BELTE.D,BB,B,ll/O,~2.,15.7,"I (D,OO",,"OlB IZc,S !",. . ' ~ ~O I,-,24,B,"c,.00",100,H78-15,Uniroyal,Zeta Z5M Belted,Bias Belted,DIRECT PRIMARY,DERIVED / RECONSTRUCTED
V03-P099,7,3,PB263442(1).pdf,99,106,TIRF-025,25,HIGH,exact OCR tire number + sequence/metadata,156.11,0'2.5,H 1B-\S,DU,SPORT QOLD~c.AL,,", B","\1,0",~'2..,/5.7,i CD.OO,I ( ) S(D.O,,~. ~ ~ ~O I,-,2.4,", B",(Q.OO,100,H78-15,Dunlop,"Goldseal Sport Belted ""78.""",Bias Belted,DIRECT PRIMARY,DERIVED / RECONSTRUCTED
V03-P107,8,3,PB263442(1).pdf,107,114,TIRF-026,26,HIGH,exact OCR tire number + sequence/metadata,170.5,0'26,-0 75- IS,"DU """,78 SPORT GOLD5EAL,DU BB,B,\BCeO,5'2. NOTATIONS,7G.G GT,OY G.OO i I,"I KS ( ) 51.""2-",1303 \ OG:> B,SO BB,R ---.-,2..4- F,B,cP.OO N,100 P .i;,J78-15,Dunlop,Goldseal 78 Sport Belted,Bias Belted,DIRECT PRIMARY,DERIVED / RECONSTRUCTED
V03-P115,9,3,PB263442(1).pdf,115,122,TIRF-027,27,HIGH,exact OCR tire number + sequence/metadata,174.59,'C' 0'2.7,L7S-IS,DU,GOLC5eAL 78 !;PORT,I DU 8B I,B,1910,52 NOTATIONS,78.4 i,"I cD.OO I , ;","KS i ( ) ,",j3Sec. I 'Z. t B,BB ~O,-- R,2.4- F,B,"G,CO N",100 P,L78-15,Dunlop,Golds~al 78 Sport Belted,Bias Belted,DIRECT PRIMARY,DERIVED / RECONSTRUCTED
V03-P123,10,3,PB263442(1).pdf,123,131,TIRF-028,28,HIGH,sequence + strong metadata,91.5,0'2.. S,GIS-IS,DU,cw \4-4- ':';\ L'e.}..JT TRACTION,BB,B,"IC,20",3'2.,7~.S,5.50,,I'L'l; 0'2..1,.~ ~O,--,24,B,5.50,100,G78-15,Dunlop,CW 144Silen Traction Belted,Bias Belted,DIRECT PRIMARY,DERIVED / RECONSTRUCTED
V03-P132,11,3,PB263442(1).pdf,132,147,TIRF-029,29,MEDIUM,sequence + partial metadata,40.0,,,,STE.EL~A.RD ~AD\AL-,DU,,,NOTATIONS,,GY,"! KS ) ( ,",1 '2.Bi B,~ BB,R,F,,N,p,BR70-13,Goodyear,Custom Steelgard Radial,Radial Ply,DIRECT PRIMARY,DERIVED / RECONSTRUCTED
V03-P148,12,3,PB263442(1).pdf,148,155,TIRF-030,30,MEDIUM,sequence + partial metadata,42.92,,7B- \4,,RA.OIA.L 5TE.ELGA~D,"DU I , I",,,NOTATIONS,", GT I",", GY ,",", i KS ( )","141e, B",BB,R,F,,,P,DR78-14,Goodyear,Custom Steelgard Radial,Radial Ply,DIRECT PRIMARY,DERIVED / RECONSTRUCTED
V03-P156,13,3,PB263442(1).pdf,156,163,TIRF-031,31,MEDIUM,sequence + partial metadata,71.72,,78-14-,,":,T E.E.LGt A D l< RADiAL",DU,,,NOTATIONS,GT,", GY ,","KS I ( ) ,",i'2.92- I,... - p ~ BB,R,F,,N,- P ......,DR78-14,Goodyear,Custom Steelgard Radial,Radial Ply,DIRECT PRIMARY,DERIVED / RECONSTRUCTED
V03-P164,14,3,PB263442(1).pdf,164,171,TIRF-032,32,LOW,sequence-dominant; weak OCR,17.84,,,,RADiA.L STf.E:LGtA I<D,DU,,,NOTATIONS,f' GT,N,l KS ( !,/'2. s; B,BB I,R,F,,,p,ER78-14,Goodyear,Custom Steelgard Radial,Radial Ply,DIRECT PRIMARY,DERIVED / RECONSTRUCTED
V03-P172,15,3,PB263442(1).pdf,172,187,TIRF-033,33,MEDIUM,sequence + partial metadata,60.78,,1B-\4-,,STEELGARD,DU,,-,"NOTATIONS -."".","GT ,-",N,KS ( 8 ) !,/26>4 B - ......,".- ~ BE I . --, -",R,"F .... "",,-, ~",,,"P - .. "". , .,-, , ~",GR78-14,Goodyear,Custom Steelgard Radial,Radial Ply,DIRECT PRIMARY,DERIVED / RECONSTRUCTED
V03-P188,16,3,PB263442(1).pdf,188,195,TIRF-036,36,LOW,sequence-dominant; weak OCR,34.15,,"-,o-\S",,"""ro 51E E.LGt ARD t-/I ~",DU,,0,NOTATIONS,GT,GY I !,"_u ......... I KS ( ) , ,. r.",i'2.S8,"."" .- ~ BB",R,F,,N,P,GR70-15,Goodyear,Custom Steelgard Radial 2P+2S+1N,Radial Ply,DIRECT PRIMARY,DERIVED / RECONSTRUCTED
V03-P196,17,3,PB263442(1).pdf,196,203,TIRF-037,37,LOW,sequence-dominant; weak OCR,10.0,,"-,0 -\ S",,,,,,NOTATIONS,GT,"GY .. . ."" "" ,","'KS 1, ( 1",",.., - ,-. r "" .t:>:"", i L • .';","' BB I .. ,","R '""",F,,"-..... "" N ,:,.. n' "" o·","P --.,. ,': ,"".-. ,- "".,'"", "".ii'-",HR70-15,Goodyear,Custom Steelgard Radial 2P+2S+1N,Radial Ply,DIRECT PRIMARY,DERIVED / RECONSTRUCTED
V03-P204,18,3,PB263442(1).pdf,204,211,TIRF-038,38,LOW,sequence-dominant; weak OCR,26.67,,78-\5,,,DU,",",,NOTATIONS,GT,GY j,KS ( ) 1,1'2.29 B :,BB I,- R,F,",",N,P,GR78-15,Goodyear,Custom Steelgard Radial 2P+2S+1N,Radial Ply,DIRECT PRIMARY,DERIVED / RECONSTRUCTED
V03-P212,19,3,PB263442(1).pdf,212,219,TIRF-039,39,MEDIUM,sequence + partial metadata,75.95,,7&-15,,STEELG.ARD RA.DIAL,"DU I ,",,,NOTATIONS,i GT,OY,"KS , 8 ( )",1!-~3 B,.. ° BB,P,F,,N,,HR78-15,Goodyear,Custom Steelgard Radial 2P+2S+1N,Radial Ply,DIRECT PRIMARY,DERIVED / RECONSTRUCTED
V03-P220,20,3,PB263442(1).pdf,220,227,TIRF-040,40,MEDIUM,sequence + partial metadata,41.14,,18-iS,,STE.E.L~ARD,DU I I,,,NOTATIONS,GT,I GY I I,I KS ( ),1304 B,BB,R,F,,N,P,JR78-15,Goodyear,Custom Steelgard Radial 2P+2S+1N,Radial Ply,DIRECT PRIMARY,DERIVED / RECONSTRUCTED
V03-P228,21,3,PB263442(1).pdf,228,235,TIRF-041,41,MEDIUM,sequence + partial metadata,48.44,,1B-15,,5TE:.ElGARD,DU,,,NOTATIONS,GT,GY,KS ( B ),SE,",. SO .M •• ••• _ -~ .~ ~ BB",R,F,,SO N,P,LR78-15,Goodyear,Custom Steelgard Radial 2P+2S+1N,Radial Ply,DIRECT PRIMARY,DERIVED / RECONSTRUCTED
V03-P236,22,3,PB263442(1).pdf,236,243,TIRF-042,42,MEDIUM,sequence + partial metadata,44.47,,18-15,,ITE. STEr::.L,DU,",",,. NOTATIONS,G'r,GY i,KS I ( ) I,SE,BB I,R,F,",",N,P,! GR78-15,Goodyear,Suburbanite Steel Belted Radial 2P+2SI2P,Radial Ply,DIRECT PRIMARY,DERIVED / RECONSTRUCTED
V03-P244,23,3,PB263442(1).pdf,244,251,TIRF-043,43,MEDIUM,sequence + partial metadata,41.67,,;8-15,,"BEL \TE S1""EE.L","DU I , ~",,,,G1' !,", GY","KS ( ) ,",I2.Co9,""" "" BB",P,F,,,,HR78-15,Goodyear,Suburbanite Steel Belted Radial 2P+2S/2P,Radial Ply,DIRECT PRIMARY,DERIVED / RECONSTRUCTED
V03-P252,24,3,PB263442(1).pdf,252,259,TIRF-044,44,MEDIUM,sequence + partial metadata,42.86,,10- 14-,,RADIAL 5TEE:.L TE,DU,,,,GT,GY,i KS ( ),"j'2.9C, B",", ~ BB",R,F,,N,P,FR70-14 :,Dunlop,Elite Steel Radial 2R+2S/2R,Radial Ply,DIRECT PRIMARY,DERIVED / RECONSTRUCTED
V03-P260,25,3,PB263442(1).pdf,260,267,TIRF-045,45,MEDIUM,sequence + partial metadata,65.33,,70- 14,,5TE EL RADIAL,DU,,,NOTATIONS,GT,GY i i,"I KS ( ) • G,",S4 1'2.. B,BB,R,F,,N,P,GR70-14,Dunlop,Elite Steel Radial 2R+2S/ZR,Radial Ply,DIRECT PRIMARY,DERIVED / RECONSTRUCTED
V03-P268,26,3,PB263442(1).pdf,268,275,TIRF-048,48,LOW,sequence-dominant; weak OCR,21.82,,"5R IS """,G 'F,,DU I !,,'~NOTATIONS,,,: GY I I,s ( ) KS j .. .,1~14 B,", BB",R,F,,N - '. ;,"6<' P ""'~;+"",",155 SR13,BF Goodrich,GT 100 6R/2R,Radial Ply,DIRECT PRIMARY,DERIVED / RECONSTRUCTED
V03-P276,27,3,PB263442(1).pdf,276,283,TIRF-049,49,LOW,sequence-dominant; weak OCR,29.09,,5R 13,,,DU,,,"NOTATIONS ,",i GT I,I GY,"i KS ( ) I , ~",":-::2,,""- B 1 ~.""'..;.i.",BE,R,F,,,P,165 SR13,BF Goodrich,GT 100 6R/2R,Radial Ply,DIRECT PRIMARY,DERIVED / RECONSTRUCTED
V03-P284,28,3,PB263442(1).pdf,284,299,TIRF-050,50,LOW,sequence-dominant; weak OCR,0.0,,,,,I DU,,,NOTATIONS,GT,I. GY,I KS ( ) I i,"I Be;, '2..","_. , BB I",R •.,NOTATIONS,,,,175 SR13,BF Goodrich,GT 100 6R/2R,Radial Ply,DIRECT PRIMARY,DERIVED / RECONSTRUCTED
V03-P300,29,3,PB263442(1).pdf,300,315,TIRF-052,52,LOW,sequence-dominant; weak OCR,30.0,,COO-\4,,G.T,DU,,,'2.. NOTATIONS,0 GT,GY I,KS ( ) I,1'2..3» B,"- • _0 ..... , BB .",R,F,,N,P ~ c·;\~ ... --,F60-14,Goodyear,Polyglas GT 2P+2F/2P,Bias Belted,DIRECT PRIMARY,DERIVED / RECONSTRUCTED
V03-P316,30,3,PB263442(1).pdf,316,323,TIRF-054,54,LOW,sequence-dominant; weak OCR,12.22,,,,GT,DU,,,NOTATIONS,GT,GY,KS ( ),j4~ B,BB I,R,F,,N,P,G60-15,Goodyear,Polyglas GT 2P+ZF/ZP,Bias Belted,DIRECT PRIMARY,DERIVED / RECONSTRUCTED
V03-P324,31,3,PB263442(1).pdf,324,331,TIRF-055,55,HIGH,exact OCR tire number + sequence/metadata,169.02,05'5,A. lO-I~,GY,TREAD WICE CU~TOM,I DU BB I,B,IO~O,0'2. NOTATIONS,1°'?. GT,GY 5.00,I KS ( ) 5(0.8,oe'2 11-19 B,.' BB ~O I,--- R,2.4 F,B,5.00 N,100 P,A70-13,Goodyear,Custom Wide Tread Polyglas 2P+2F/ZP,Bias Belted,DIRECT PRIMARY,DERIVED / RECONSTRUCTED
V03-P332,32,3,PB263442(1).pdf,332,339,TIRF-056,56,LOW,sequence-dominant; weak OCR,31.67,,\4,,"RE..AO ""T \All DE. POL",DU I,,,NOTATIONS,GT,GY,i KS KELLY () ;,1415 B BIAS,BB BIAS .-- I,R RADIAL,F FIBERGLAS,,NYLON N,P POLYESTER,D70-14,Goodyear,Custom Wide Tread Polyglas 2P+ZF/ZP..,Bias Belted,DIRECT PRIMARY,DERIVED / RECONSTRUCTED
V03-P340,33,3,PB263442(1).pdf,340,347,TIRF-057,57,LOW,sequence-dominant; weak OCR,36.05,,,,WIDE. TREAD,DU,,NOTATIONS,,GT,GY,i KS ) (,1410 B,", "" BB",R,F,,N,P,E70-14,Goodyear,Custom Wide Tread Polyglas ZP+2F/2P,Bias Belted,DIRECT PRIMARY,DERIVED / RECONSTRUCTED
V03-P348,34,3,PB263442(1).pdf,348,355,TIRF-058,58,LOW,sequence-dominant; weak OCR,22.86,,14,,,,,,,,GY GOODYEAR,KS KELLY ) (,,,,NOTATIONS,,,,G70-14,Goodyear,Custom Wide Tread Polyglas,Bias Belted,DIRECT PRIMARY,DERIVED / RECONSTRUCTED
V03-P356,35,3,PB263442(1).pdf,356,363,TIRF-059,59,LOW,sequence-dominant; weak OCR,30.25,,,,"7READ 'WiDE POLYG,LA.5",DU DUNLOP I,,,,: GT GENERAL i',GY GOODYEAR,KS KELLY ),SE SEARS,BE BIAS,P POLYESTER,:FIBERGLAS F,,,,G70-15,Goodyear,Custom Wide Tread Polyglas,Bias Belted,DIRECT PRIMARY,DERIVED / RECONSTRUCTED
V03-P364,36,3,PB263442(1).pdf,364,371,TIRF-060,60,MEDIUM,sequence + partial metadata,63.95,0.:00,"1B A -,~",GY,"CU,:)'H ~USTOM P~WER.",,B,lO~J,,i 5 GT ;,4.S:) GY,KS ( ) 5i.B,,?>O BB,P,"- ,..,.. -. NOTATIONS -- -'",B,,,A78-13,Goodyear,Custom Power Cushion Polyglas,Bias Belted,DIRECT PRIMARY,DERIVED / RECONSTRUCTED
V03-P372,37,3,PB263442(1).pdf,372,379,TIRF-061,61,LOW,sequence-dominant; weak OCR,24.44,,,,t:(')WER. C.US\--1tO~,DU i,,,... NOTATIONS,GT,", GY",: I KS ( ),SE,BB,P,F,,,,C78-14,Goodyear,Custom Power Cushion Polyglas,Bias Belted,DIRECT PRIMARY,DERIVED / RECONSTRUCTED
V03-P380,38,3,PB263442(1).pdf,380,387,TIRF-062,62,LOW,sequence-dominant; weak OCR,30.56,"'2. G:,",,,•. POWE.R CU~H\ON,DU I i I :,,,NOTATIONS,i i GT I,I GY I,"KS ( 0.4 ) I I ,",14 -19 B,- - 30 BB,P,2.4 F,,N,,D78-14,Goodyear,Custom Power Cushion Polyglas,Bias Belted,DIRECT PRIMARY,DERIVED / RECONSTRUCTED
V03-P388,39,3,PB263442(1).pdf,388,395,TIRF-063,63,LOW,sequence-dominant; weak OCR,19.74,,,,POWER CU5\.110t-J,I DU,,,NOTATIONS,GT,GY i,KS ( ) 1 I,!4:1 . B,BB. I,R,F,,N,P,E78-14,Goodyear,Custom Power Cushion Polyglas,Bias Belted,DIRECT PRIMARY,DERIVED / RECONSTRUCTED
V03-P396,40,3,PB263442(1).pdf,396,403,TIRF-064,64,LOW,sequence-dominant; weak OCR,31.17,,- \4,,PO'NcR IOr-..l CU~~,DU !,,,NOTATIONS,i i GT I,"I GY , ; ,","KS I ( ) ,",. '2.CPi' B,.' BB,R,F,,N,p,H78-14,Goodyear,Custom Power Cushion Polyglas,Bias Belted,DIRECT PRIMARY,DERIVED / RECONSTRUCTED
V03-P404,41,3,PB263442(1).pdf,404,411,TIRF-065,65,MEDIUM,sequence + partial metadata,46.76,,1B-\4-,,CUSH ION POWE..R,"i DU , i",,,NOTATIONS,I I GT,"1 GY i , i","KS ( ) """"",301 B 1,BB,R,F,,N,P,F78-14,Goodyear,"Cu.,tom Power Cushion Polyglas",Bias Belted,DIRECT PRIMARY,DERIVED / RECONSTRUCTED
V03-P412,42,3,PB263442(1).pdf,412,419,TIRF-066,66,LOW,sequence-dominant; weak OCR,18.33,,,,F(J'./.J=R CU5H\ON.,DU,,,NOTATIONS,,I GY I .~) I,i KS ( ),I I L.~ ~;. B,"'"" BB",R,F,,N,P,G78-15,Goodyear,Custom Power Cushion Polyglas,Bias Belted,DIRECT PRIMARY,DERIVED / RECONSTRUCTED
V03-P420,43,3,PB263442(1).pdf,420,427,TIRF-067,67,LOW,sequence-dominant; weak OCR,29.17,,I<~~~::I,. ';,",,- ': ........ ! :: U S TO H ~';-: ~-./, ... ~",,,"-. '-"". i ___ 1 ~",r NOTATIONS ~-,,GY,"KS ( ) i , -,""",",... """"'! : .:.. i I B",", BB ~.",R,r NOTATIONS ~-,,N .:; •. :.',P,H78-15,Goodyear,Custom Power Cushion Polyglas,Bias Belted,DIRECT PRIMARY,DERIVED / RECONSTRUCTED
V03-P428,44,3,PB263442(1).pdf,428,435,TIRF-069,69,MEDIUM,sequence + partial metadata,53.39,,18-15,,R. CtJSH PD'v'.lc,"DU : ,",,"~,)","- , NOTATIONS",GT,: GY,KS ( ),SE,""" BB",P,F,,.. .;l::;J N,,L78-15,Goodyear,Custom Power Cushion Polyglas,Bias Belted,DIRECT PRIMARY,DERIVED / RECONSTRUCTED
V03-P436,45,3,PB263442(1).pdf,436,443,TIRF-070,70,LOW,sequence-dominant; weak OCR,15.5,,B- \5,,": .... -: '-' . .. ;:.:. r?~~""' ~ /~. ~-: ~'.: ~",DU,,!,NOTATIONS,", GT",GY,KS ( ) 0,I~S3 B,BB,R,F,,N,P,L84-15,Goodyear,Custom Power Cushion Polyglas,Bias Belted,DIRECT PRIMARY,DERIVED / RECONSTRUCTED
V03-P444,46,3,PB263442(1).pdf,444,451,TIRF-071,71,LOW,sequence-dominant; weak OCR,17.6,,,,"Po"",,, (:-K. ::t)SI-4LON",DU,,NOTATIONS,,GT,GY,"I KS ( ) ,",13:0-:> ' B,""" ~ BB I",R,F,,N,P,D78-14,Goodyear,Custom Polysteel,Bias Belted,DIRECT PRIMARY,DERIVED / RECONSTRUCTED
V03-P452,47,3,PB263442(1).pdf,452,459,TIRF-072,72,LOW,sequence-dominant; weak OCR,11.0,I,,,"::..--:- t-J, r':J:-""~( ~·-:-t:",DU,,NOTATIONS,,,GY I I,KS ( ) ! I ..p I,"! 'J _ J --S I .;.,- B",BB,R,F,,N,P,E78-14,Goodyear,Custom Polysteel,Bias Belted,DIRECT PRIMARY,DERIVED / RECONSTRUCTED
V03-P460,48,3,PB263442(1).pdf,460,467,TIRF-073,73,MEDIUM,sequence + partial metadata,40.54,'2,15- t4,,pOL'I'Sn L E:,DU !,",",,NOTATIONS,I I GT,GY I i,I KS ( ),"1 .- A.""l . r,: B",". "" BB I",R,F,",",N,P,F78-14,Goodyear,Custom Polysteel Belted,Bias Belted,DIRECT PRIMARY,DERIVED / RECONSTRUCTED
V03-P468,49,3,PB263442(1).pdf,468,475,TIRF-074,74,LOW,sequence-dominant; weak OCR,27.5,,,,BE. L PO~-Y~Te.E,DU,,NOTATIONS,,I B GT,GY I I,I KS ( ),I '2. 99 B,-- ~ BB,R,"F ..,.,.. m> •",,N,P,G78-14,Goodyear,Custom Polysteel,Bias Belted,DIRECT PRIMARY,DERIVED / RECONSTRUCTED
V03-P476,50,3,PB263442(1).pdf,476,484,TIRF-075,75,LOW,sequence-dominant; weak OCR,26.67,,\4-,,"t- ""5'ic So F'OL..'-( f,1I,",DU DUNLOP,,,NOTATIONS,GT GENERAL,GY GOODYEAR,i KS KELLY ( ),IZ~4 B BIAS,". ' BB BIAS ,",R RADIAL,F FIBERGLAS,,NYLON N,- P POLYESTER,H78-14,Goodyear,Custom Polysteel Belted,Bias Belted,DIRECT PRIMARY,DERIVED / RECONSTRUCTED
V04-P017,51,4,PB263443(1).pdf,17,24,TIRF-076,76,LOW,sequence-dominant; weak OCR,32.46,",,:)l~",le-IS ~,u.'(,"POL Y'5Te c.,U5.""TOM",6!:>,B,1 CD '2..0,"~,.,",.s ltD,5 .. S;0,( ) 51.0,"1'2..~'2, 03'",. 30,-,24,B,5.So,100,G78-15,Goodyear,Custom Polysteel,Bias Belted,DIRECT PRIMARY,DERIVED / RECONSTRUCTED
V04-P025,52,4,PB263443(1).pdf,25,32,TIRF-078,78,LOW,sequence-dominant; weak OCR,36.37,011,18-t5 H,~'-(,"PCLysre.,i:t- CU~'O~",66,{3,1110,!l2,",5./",~.O(),( ) ·SB.8,"O,B 1'2.1 'Z.",-- - . ~ ~O,--,24,{3,'=>.00,100,J78-15,Goodyear,Custom Polysteel,Bias Belted,DIRECT PRIMARY,DERIVED / RECONSTRUCTED
V04-P033,53,4,PB263443(1).pdf,33,40,TIRF-079,79,HIGH,sequence + strong metadata,97.33,OlE>,J 18-15,GY,cu'$To tvl PC)Ly~TE.E..L,5f5,~,\B~O,!>2,"iCb.<;""",i <0.00,"I ( ) . 5B,8 I",f 300 lO~,". - - . ~, , ~O",-,2.4,~,~.OO,100,L78-15,Goodyear,Custom Polysteel,Bias Belted,DIRECT PRIMARY,DERIVED / RECONSTRUCTED
V04-P041,54,4,PB263443(1).pdf,41,56,TIRF-080,80,MEDIUM,sequence + partial metadata,63.62,"0""19",lS-\S L.,"c;,y",. POL~'STE.e:: CL)~TO~,BB,&,19lo,~'2..,,I CO.OO,( ) 51 .. Cc:.,1~~9 .... -..- .. \ \'5,- ~O,--,2.4,&,~.CO,100,L84-15,Goodyear,Custom Polysteel,Bias Belted,DIRECT PRIMARY,DERIVED / RECONSTRUCTED
V04-P057,55,4,PB263443(1).pdf,57,88,TIRF-081,81,MEDIUM,sequence + partial metadata,70.28,08\,14 Gt (~-,K!:),"G!p ClTA""\lON",B6,6,20 ~Gt,31.,15.9,C::O.OO,( ) 57.0,"; 'L~7 0""50",.- . . 30,--,24,6,~.OO,100,G78-l4,Kelly-Springfield,Citation G Ip,Bias Belted,DIRECT PRIMARY,DERIVED / RECONSTRUCTED
V04-P089,56,4,PB263443(1).pdf,89,96,TIRF-085,85,MEDIUM,sequence + partial metadata,62.28,OB-b,"(4- H e, - 1",KS,NYLON CE:.Le6~.\T'{,"Be, ,--",~,IllO,~'Z.,"-I ,::, s: <:0 . '",",:::>0 ~.",( ) ~2.o,12.1 ~ 00'9,~O,--,24-,~,~.OO,100,G78-l4,Kelly-Springfield,Celebrity Nylon Belted,Bias Belted,DIRECT PRIMARY,DERIVED / RECONSTRUCTED
V04-P097,57,4,PB263443(1).pdf,97,104,TIRF-088,88,MEDIUM,sequence + partial metadata,73.67,:>b8,H 15-\6,"K""S",6?!;TY CE.L5. '(LOt-.! ~,Be,5,"\""1 (0",3'Z.,"7&,5",~.oo,( ) 51.0,< 1'2.14 019,- ~O,"- r ,",24,5,'. ~.OO,100,H78-l5,Kelly-Springfield,Celebrity Nylon Belted,Bias Belted,DIRECT PRIMARY,DERIVED / RECONSTRUCTED
V04-P105,58,4,PB263443(1).pdf,105,112,TIRF-089,89,MEDIUM,sequence + partial metadata,44.44,OB9,:J 1 B-~S,1<'5,"eRI-rY c:eLE ~\yLO""-l",ee,,"! e,(pO",32-,.- 7co.~,"G,oo",( ) 5~_4,13c/7 1[0,SO ~..,-,24,,~.OO,100,J78-l5,Kelly-Springfield,Celebrity Nylon Belted,Bias Belted,DIRECT PRIMARY,DERIVED / RECONSTRUCTED
V04-P113,59,4,PB263443(1).pdf,113,120,TIRF-091,91,LOW,sequence-dominant; weak OCR,38.93,09\,\4 ~ ~D-,atJ,"e 6./T QUA,L\ F\e:",- BE>,B,'~20,31-,51.8,"1,00",( ) '51 :2-,"t .., 1"" • 0<04- I~'-Dt",' 30,-,24,B,/.00,100,G60-l4,Dunlop,G/T Qualifier Belted 60,Bias Belted,DIRECT PRIMARY,DERIVED / RECONSTRUCTED
V04-P121,60,4,PB263443(1).pdf,121,128,TIRF-092,92,HIGH,sequence + strong metadata,114.46,OSz.,G. ~O-15,DU,"6/T QUAL\ FIEg,",BB,J:2! v,\c::'2o,32..,5'=-.9,1.00,( ) '=-0.2>,jZCDZ 044-,. o· 0- • ~O,--,24,J:2! v,"1,00",100,G60-l5,Dunlop,G/T Qualifier,Bias Belted,DIRECT PRIMARY,DERIVED / RECONSTRUCTED
V04-P129,61,4,PB263443(1).pdf,129,136,TIRF-093,93,HIGH,exact OCR tire number + sequence/metadata,197.5,093,E. 10-l4-,DU,"~/T QUAL\ F\Eg,",BB,6,1400,32-,10.8,"5.$""0",( ) 52.0,1295 09E>,-- - ~O,100,24,6,5.50,,E70-l4,Dunlop,G I T Qualifier,Bias Belted,DIRECT PRIMARY,DERIVED / RECONSTRUCTED
V04-P137,62,4,PB263443(1).pdf,137,144,TIRF-094,94,HIGH,exact OCR tire number + sequence/metadata,160.67,094-,",0- F 14",au,G./T QUALVF \E~,\3B,B,1500,~'Z,11.4,50 5 ..,,I lao '2.91,- 50,--,24,B,5 . .$0,100,F70-l4,Dunlop,G/T Qualifier,Bias Belted,DIRECT PRIMARY,DERIVED / RECONSTRUCTED
V04-P145,63,4,PB263443(1).pdf,145,152,TIRF-095,95,HIGH,exact OCR tire number + sequence/metadata,174.26,095,to-l4. ~,DU,G./T QUAI- \ F \e.~,,B,\(02.0,""";2,- -~",11.0,<:0.00,( ) 52.0,14~Z. '377,. ?>O,--,24,B,~.OO,100,G70-l4,Dunlop,"G/T Qualifier Belted ""70""",Bias Belted,DIRECT PRIMARY,DERIVED / RECONSTRUCTED
V04-P153,64,4,PB263443(1).pdf,153,160,TIRF-096,96,MEDIUM,sequence + partial metadata,73.92,090,A 10-13,DU,0 E:. WI S/'5 -r~~C~,B5,e,"loG::,O",31..,-'~-1 70.'2.,5.00,"( ) 52,e",I 'LBo 063,~O,--,2.4,e,5.00,100,A70-13,Dunlop,sIs Wide Track Belted,Bias Belted,DIRECT PRIMARY,DERIVED / RECONSTRUCTED
V04-P161,65,4,PB263443(1).pdf,161,168,TIRF-097,97,MEDIUM,sequence + partial metadata,51.5,O~l,18-13 A,au,A.'- (;OLD SFO~T ~E,66,B,\ Ca'Z.O,~z.,-rG.S,4 .. $0,( ) S3.S,! e7- 2. OBS I,SO,-,2.4,B,4.So,100,A78-l3,Dunlop,Goldseal Sport Belted,Bias Belted,DIRECT PRIMARY,DERIVED / RECONSTRUCTED
V04-P169,66,4,PB263443(1).pdf,169,176,TIRF-098,98,HIGH,exact OCR tire number + sequence/metadata,155.7,098,B 18 ... \3,OU,GOLOSE.A.L ..:sPO~T,,B,\ \ 50,az..,is.7,S.OO,( ) 5~;z..,12.59 091.,. 30,-,2.4,B,15 .. 00,JOO,B78-l3,Dunlop,Goldseal Sport Belted,Bias Belted,DIRECT PRIMARY,DERIVED / RECONSTRUCTED
V04-P177,67,4,PB263443(1).pdf,177,192,TIRF-099,99,HIGH,exact OCR tire number + sequence/metadata,120.65,099,C l8-\~,DlJ,"~POP,"""",:"" ~o'-D'Stl:..A.L",05,E>,'2. ! ~O,-32..,","". ~",S.Oo,"( ) . 54-,4-",IZ'=>O 09~,-- ~O,-,2.4,E>,5 .. 00,100,C78-l3,Dunlop,"Goldseal Sport Belted ""78""",Bias Belted,DIRECT PRIMARY,DERIVED / RECONSTRUCTED
V04-P193,68,4,PB263443(1).pdf,193,200,TIRF-101,101,MEDIUM,sequence + partial metadata,69.53,\0 \,"18- \4 E. """,DU,<40L 1\1&11 DSt::.A.L.. 'SPO~T,~e,5,14-00,32-,"""""~.I",5.50,", ( ) S~.4",129~ 09G:;:»,~ ~ ~O,-,24,5,5.50,100,E78-l4,Dunlop,"Goldseal ""78"" Sport Belted",Bias Belted,DIRECT PRIMARY,DERIVED / RECONSTRUCTED
V04-P201,69,4,PB263443(1).pdf,201,208,TIRF-102,102,MEDIUM,sequence + partial metadata,47.5,\01...,~1S-\4-,OU,"~OLDSE.AL 1\,e\'~+bR\",66,E3,l500,~2.,1~.8,5.50 I,"I ( ) SS .. 4 , I",13 \03 00,"-- - , ~ ~O",-,24,E3,5.150,100,F78-14,Dunlop,"Goldseal ""78"" Sport Belted",Bias Belted,DIRECT PRIMARY,DERIVED / RECONSTRUCTED
V04-P209,70,4,PB263443(1).pdf,209,216,TIRF-103,103,HIGH,sequence + strong metadata,94.03,\O~,~/8-l4-,DU,GoLDSEAL SF'o~:r,se·,r:z... '-',1('::' 20,~Z,15.9,"! , ~.oo",I ( ) S~.B,J'2.4~ o5~,SO ~ ~,-,2.4,r:z... '-',~.OO,100,G78-14,Dunlop,Goldseal Sport Belted,Bias Belted,DIRECT PRIMARY,DERIVED / RECONSTRUCTED
V04-P217,71,4,PB263443(1).pdf,217,224,TIRF-104,104,MEDIUM,sequence + partial metadata,68.5,\04-,IB- t4 H,DU,GO LD'5E.A.L ~DO~T,66,f3,\110,32,1(0.5,", , ~,OO","( ) 5 I G::>. ~ ,",127Co 010,-- ~O,--,24,f3,~.OO,100,H78-l4,Dunlop,"Goldseal Sport Belted ""78""",Bias Belted,DIRECT PRIMARY,DERIVED / RECONSTRUCTED
V04-P225,72,4,PB263443(1).pdf,225,232,TIRF-106,106,MEDIUM,sequence + partial metadata,40.32,loCo,\4- /0- Gt,OU,cw44. W TI2AC. ST \OE.,~5,B,"\""'""2.0",- ~'2...,71.0 I,~.OO,I ( ) ·59.4,"12S""1 OG::t'Z..",- - ?>O,--,24,B,"G:,.OO",100,G70-14,Dunlop,CW44 St Wide Track Belted,Bias Belted,DIRECT PRIMARY,DERIVED / RECONSTRUCTED
V04-P233,73,4,PB263443(1).pdf,233,240,TIRF-107,107,MEDIUM,sequence + partial metadata,42.2,"to,",\4- IS- ~,00,Cw 14-4- -:'\l~klT Tt<ACTLO~,! 66,13,Ce.'Z.O I,3'2..,'15.9,<:0.00,) SS .. 'Z.. (,1'2.44 OCS3,30,-,2.4-,13,G;.c>O,100,G78-14,Dunlop,CW 144 Silent Traction Belted,Bias Belted,DIRECT PRIMARY,DERIVED / RECONSTRUCTED
V04-P241,74,4,PB263443(1).pdf,241,248,TIRF-109,109,MEDIUM,sequence + partial metadata,80.48,\09,"e:., -, -/5 B",FI,4 TOWt--l cotJ~\e..y,B,5,\(020,. ~2,"1~,S","S,SO",I ( ) 52.0,2~<o J 033,. 30,-,2.4,\(020,"5,$0",100,G78-15,Firestone,Town & Country,Radial Ply,DIRECT PRIMARY,DERIVED / RECONSTRUCTED
V04-P249,75,4,PB263443(1).pdf,249,256,TIRF-110,110,HIGH,exact OCR tire number + sequence/metadata,193.86,110,15-\$ ~,\3FG,LVE.eTOWN '5\ 'E>~LTED,BB,6,20 CO I,32-,,S.SO,"( ) 52,0",1·2.~~ O~4-,", , ?>O",-,2.4,6,S.So,100,G78-15,BF Goodrich,Silvertown Belted,Bias Belted,DIRECT PRIMARY,DERIVED / RECONSTRUCTED
V04-P257,76,4,PB263443(1).pdf,257,264,TIRF-114,114,HIGH,exact OCR tire number + sequence/metadata,175.69,114,14- G.lB-,CO,L\FE.I-lNE.R PR'E.~~IUM,65,~,"IG,7..0","3""2-",15.S,CO.OO,) ( . S~.4-,12.415 054,~O,-,2.4,~,~.OO,100,G78-14,Cooper,Lifeliner Premium 78,Bias Belted,DIRECT PRIMARY,DERIVED / RECONSTRUCTED
V04-P265,77,4,PB263443(1).pdf,265,272,TIRF-115,115,MEDIUM,sequence + partial metadata,42.78,,1B-tS ~,Co,,Be,6,,3'Z.,lcD.S,5.50,( ) S3.e,"1?""~9 C)315",- ~O,-,2..4-,6,5.50,100,G78-1S,Cooper,Lifeliner Premium 78-,Bias Belted,DIRECT PRIMARY,DERIVED / RECONSTRUCTED
V04-P273,78,4,PB263443(1).pdf,273,280,TIRF-116,116,MEDIUM,sequence + partial metadata,77.0,\ 1<0,e:- t4- 18 -,GT,BELTED JUM60,66,~,1~20,~2.,75.9,~.oo,"( "".2- ) 5",a5S 1241,",. ~ ~ ~O",-,2.4,~,~.OO,100,G78-14,General Tire,Belted Jumbo 780,Bias Belted,DIRECT PRIMARY,DERIVED / RECONSTRUCTED
V04-P281,79,4,PB263443(1).pdf,281,288,TIRF-117,117,MEDIUM,sequence + partial metadata,59.03,\ \ 1,1B-15 ~,~I,BELTE. \) J0MBO,t!>e,B,"I ""2.0 G::,",3-z...,lCD.S,5.50,( ) 5 \.0,J241 OO~,30,-,2.4,B,5.50,100,G78-15,General Tire,Belted Jumbo 780,Bias Belted,DIRECT PRIMARY,DERIVED / RECONSTRUCTED
V04-P289,80,4,PB263443(1).pdf,289,296,TIRF-118,118,MEDIUM,sequence + partial metadata,63.33,\ \ ~,16- \4- ~,Le,18 rc:.M 300 ~5,I ~ ~,B,1~2.o,32-,lS.9,I i <D. 00 I,I ( ) 55.0,"8 124 OS,""""","SO ~ ,",-,24,B,~.OO,100,G78-14,Lee,GS 300 78 RM,Bias Ply,DIRECT PRIMARY,DERIVED / RECONSTRUCTED
V04-P297,81,4,PB263443(1).pdf,297,304,TIRF-119,119,MEDIUM,sequence + partial metadata,51.77,\ \ 9,G:tlB-tS,LE.,"1B <:;,5 RN4. 000",I E>,6,I'=-'2.0,3'2..,II l~.S,I S.SO,I ( ) . 4G..4-,"12..42- 03,",SO ~. ~ I,-~,24,6,5.50,100,G78-15,Lee,GS 300 78 RM,Bias Ply,DIRECT PRIMARY,DERIVED / RECONSTRUCTED
V04-P305,82,4,PB263443(1).pdf,305,312,TIRF-122,122,MEDIUM,sequence + partial metadata,44.76,\'L~,\4- 1B- ~,0.0...,D A'-(T 0 THORC>6~E..O,BB,B,"("" 1.0 ~",O~,lS.~,I <D.oc:>,I ( ) 54.:Z. I,051 1'L50 I,30 I,-,2.4,B,~.OO,100,G78-14,Dayton,Thorobred Dayton 4+Z,Bias Belted,DIRECT PRIMARY,DERIVED / RECONSTRUCTED
V04-P313,83,4,PB263443(1).pdf,313,320,TIRF-123,123,HIGH,exact OCR tire number + sequence/metadata,137.43,1'2..3,G.1B-l'S,OA.,THCROoi:E:.O DA. .... (ro~,", I \36",8,\(0'2.0,32-,": 7~.S ,",5.50,", ( ) 5'2. . 'Z..",T'2.4~ O~B,"- . , BB ~o",-,24 F,8,5.$0 N,100 P,G78-15,Dayton,Thorobred Dayton,Bias Belted,DIRECT PRIMARY,DERIVED / RECONSTRUCTED
V04-P321,84,4,PB263443(1).pdf,321,328,TIRF-124,124,MEDIUM,sequence + partial metadata,60.33,"',24-",A lB~l~,"G""f",PoWe.cz. V'(TA. CU~Tot-/1,B,S,\O~O,3'2.,l~.&,4.150 !,"I ( ) ,~o·4",1283 08(0,BO I,-,2.4,S,4.50,100,A78-13,Goodyear,"Power Custom Vyta Cord ""78""",Bias Ply,DIRECT PRIMARY,DERIVED / RECONSTRUCTED
V04-P329,85,4,PB263443(1).pdf,329,336,TIRF-125,125,MEDIUM,sequence + partial metadata,59.12,S \ '2..,7.00 -/~,C:t'-(,CuSTOM 'lYrA PDW~~,"e,",e,1270,3'2.,,! 5.00,"! ( ) 'l. ~4. ,",I 13\9 '2.(P,", ~O",-,2.4-,e,5.00,100,7.00-13,Goodyear,"Power Custom Vyta Cord' ""78""",Bias Ply,DIRECT PRIMARY,DERIVED / RECONSTRUCTED
V04-P337,86,4,PB263443(1).pdf,337,344,TIRF-126,126,MEDIUM,sequence + partial metadata,62.58,\ 2. (p,A.iS-\3,GtY,"Ie, PC>""""E~ ""5T~EAK",I B,~,IO~O,~'2.,lCO.5,i 4.50,"I e, ( ) 5'2... I j","05, I2.B4",~ ?>O I,-,2.4-,~,4.So,100,A78-13,Goodyear,Power Streak 78,Bias Ply,DIRECT PRIMARY,DERIVED / RECONSTRUCTED
V04-P345,87,4,PB263443(1).pdf,345,352,TIRF-127,127,MEDIUM,sequence + partial metadata,80.36,\'2..1,A 18-\3,G.Y,PoWe...2:.. CLJ$t4'o~,e,6,'=='0 \ o,31-,1~.&,i 4.so,I ( ) I,08B 1'2.85,... p - ••• --.-. 30 I,-,24 F,6,4.So N,100 P,A78-13,Goodyear,Power Cushion,Bias Ply,DIRECT PRIMARY,DERIVED / RECONSTRUCTED
V04-P353,88,4,PB263443(1).pdf,353,360,TIRF-128,128,MEDIUM,sequence + partial metadata,72.78,"& '2. I,","G,.4S-\4-",",:;. Y",POWe:. g CtJ5~ \O~...\,~ 6 j,,\ \20,~2.,i 18.'2..,"4#50 I ,","( I ) S'5,~ ,",1:'08 113,- - . ~O,-,24,,"4,50",100,6.45-14,Goodyear,Power Cushion,Bias Ply,DIRECT PRIMARY,DERIVED / RECONSTRUCTED
V04-P361,89,4,PB263443(1).pdf,361,368,TIRF-129,129,MEDIUM,sequence + partial metadata,58.5,! '2.. '3,- \4- ~.95,~'-{,POWE~ c.u~'K\O~,Ii S,e,1'2.~O,~'2.,18.3,5?Oo j,I ( ) 52 .. 0 I i,1291 094,"ao ."" ~ ~ /",-,2.4-,e,"S,OO",100,6.95-14,Goodyear,Power Cushion,Bias Ply,DIRECT PRIMARY,DERIVED / RECONSTRUCTED
V04-P369,90,4,PB263443(1).pdf,369,376,TIRF-130,130,HIGH,exact OCR tire number + sequence/metadata,141.13,130,1.35-14-,c;y,c.u \-\ \ Ot..4 PoWEJ2. ~,I e,B,I~(DO,32-,"1~.G,",I 5.00,I ( ) 5~.'Z. I,14&S 410,~ ~O I,---,24,B,5.00,100,7.35-14,Goodyear,Power Cushion,Bias Ply,DIRECT PRIMARY,DERIVED / RECONSTRUCTED
V04-P377,91,4,PB263443(1).pdf,377,384,TIRF-131,131,MEDIUM,sequence + partial metadata,63.85,1~1,(;;.00-13,"""""v ~ I",Go ClJ5Totvt MiNi,B,B,!010,":;l."") ~.:.-",B~.4,I 4.00,"I eo ( ) CO I,","J ~IG, 1'20",BO I,-,2.4,B,4.00,100,6.00-13,Goodyear,Mini Custom G8,Bias Ply,DIRECT PRIMARY,DERIVED / RECONSTRUCTED
V04-P385,92,4,PB263443(1).pdf,385,392,TIRF-132,132,HIGH,sequence + strong metadata,87.56,I ~z.,5 \ S.~O-,~y,\ \ ~..A' ~ CU~TOM,B,6,'?;lo,~2.,89~O,4.00,( ) 5'2. /l.,7 I~I\ 1'2.,~ • • - - p - • ?>O,-,24,6,4 .. 0D,100,5.60-15,Goodyear,Mini Custom G8,Bias Ply,DIRECT PRIMARY,DERIVED / RECONSTRUCTED
V04-P393,93,4,PB263443(1).pdf,393,400,TIRF-133,133,MEDIUM,sequence + partial metadata,77.0,I ~ ~,"A;e;""I~",GY,6 5L.J Ur.< tTE- 8A~,B,", e:,",IO(DO,52,i(p.&,I 4.50,( ) I 5~.a,'2.8~ 08~,". -.""""- ~ ~O",-,24,", e:,","4,'=>0 N",100,A78-13,Goodyear,"Suburbanite ,",Bias Ply,DIRECT PRIMARY,DERIVED / RECONSTRUCTED
V04-P401,94,4,PB263443(1).pdf,401,408,TIRF-134,134,MEDIUM,sequence + partial metadata,51.94,"i '~ I _""",~tS-i4-,~y,". ""< E ',' -:: ';: '."""" "" ~ ~)",I I :;: .....,a -,"J :'~""~ ~_",", -:;' .. '-'",i •. ' I '~ C~. i ~._,"- ..:.:.,.c:.- I","--"" i ( ) I ,- ~- ~.,",i - --. 'J ::. ::.:: r ':.: /,,-,2..4-,a -,".'""1 -..... ,~'., ""*.- ... '-",100,G78-14,Goodyear,Suburbanite,Bias Ply,DIRECT PRIMARY,DERIVED / RECONSTRUCTED
V04-P409,95,4,PB263443(1).pdf,409,416,TIRF-135,135,MEDIUM,sequence + partial metadata,58.44,",~S",.. A 1 B-l~,DU,lilt!> 11' ~OLOScAL,B,B,\OG:.O,3'2..,1<4>.8,4.50,) ( . 50.6,14~B 4-2~,. SO,-,2..4-,B,4.50,100,A78-13,Dunlop,"Go1dsea1 ""78"" sport 4P",Bias Ply,DIRECT PRIMARY,DERIVED / RECONSTRUCTED
V04-P417,96,4,PB263443(1).pdf,417,424,TIRF-136,136,MEDIUM,sequence + partial metadata,74.5,"I ~c.,","e1B>-\~ .""",DU,"""18!l GOLOSe. AL",B,~,l 50 t,8'2..,15.1,15.00,( ) 55.4,/490 4'Z.'Z.,-' ..... .-. .. -~ ~O,-,2.4,~,5.00,100,B78-13,Dunlop,"Goldseal ""78"" Sport 4P",Bias Ply,DIRECT PRIMARY,DERIVED / RECONSTRUCTED
V04-P425,97,4,PB263443(1).pdf,425,432,TIRF-137,137,LOW,sequence-dominant; weak OCR,38.0,!~l,c l5-lS,DIJ,"B O .... L rO' ;r -, If ·y::::. ""':1 ~ I..... f .... ,.j .....",B,B,:30 \ '2.,- 32.,,"..:; , <-... ' ""-"" t::' ""-'-1","( ) '1-- """"'"";1.. • ::? - .",", 4 4-90 \~",30,---,24,B,,.... 100,C78-13,Dunlop,"""78"" Sport 4P",Bias Ply,DIRECT PRIMARY,DERIVED / RECONSTRUCTED
V04-P433,98,4,PB263443(1).pdf,433,440,TIRF-138,138,MEDIUM,sequence + partial metadata,75.0,1~5,"B ,5- \4",DU,'SeAL 1118'1' SPOR ~OLD,E>,", 6",liSa,,"78. ,",I 'GY 4.50,I ( ) 54.4,"I 'G,~4 5"" I I","."" - .. "" "" ~O I",-,2.4,", 6",5.00,100,B78-14,Dunlop,"Goldseal ""78"" Sport 4P",Bias Ply,DIRECT PRIMARY,DERIVED / RECONSTRUCTED
V04-P441,99,4,PB263443(1).pdf,441,456,TIRF-139,139,MEDIUM,sequence + partial metadata,81.0,\~9,c '1&- 14-,DU,"""1B u ~OLDSE~L Spo~-r",e,", B",\'2S0,52,71.S,I 5.00,( ) 54.2.-,I~~S SlS,".. _ •• M •••• _.. _ ..... "" _ ... _. _ -~. ~O I",-,24,", B",5.00,- 100,C78-14,Dunlop,"Go1dsea1 ""78"" Sport 4P",Bias Ply,DIRECT PRIMARY,DERIVED / RECONSTRUCTED
V04-P457,100,4,PB263443(1).pdf,457,464,TIRF-141,141,HIGH,exact OCR tire number + sequence/metadata,107.22,141,"- 'L. . :- ""'l~_ . -","....., ...... I ) .~.",".. ""'"" . : "" - ~S ;"" .. . ::1 _ - ~. ~",I '- ~ !,":--,","'-""1 ;::.~ ~- I I _","::- , --- -""",,"- -, .. ~ i ~","( ) i :5. ,'-, ... .:._.","- - - .... , :... I _ -- -- "" ,: ~ ~ ~. "",-"",.~",30,--,24,":--,",":-::: ....,.- ',- ~ ~) .",100,F78-14,Dunlop,"Goldseal ""78"" Sport 4P",Bias Ply,DIRECT PRIMARY,DERIVED / RECONSTRUCTED
V04-P465,101,4,PB263443(1).pdf,465,472,TIRF-142,142,HIGH,exact OCR tire number + sequence/metadata,158.57,142-,~l5-'4,DU,"""lBt/ GOL05eAL.",t3,B,"lG,20",32-,"1 S.c:;,",(0.00,4- ( ) . 57 ..,14-133 37B,SO,-,24,B,~.OO,100,G78-14,Dunlop,"Goldseal ""78"" Sport 4P",Bias Ply,DIRECT PRIMARY,DERIVED / RECONSTRUCTED
V04-P473,102,4,PB263443(1).pdf,473,480,TIRF-143,143,LOW,sequence-dominant; weak OCR,19.12,14::,"- \4 ' ' ~,~) !""""""'""!",", -- , I",".- - '-5' , ,"" . r- .! ' --..' .... ' ,-:. ~./",e.,3,"-- ; 1,0 '",""". -:: ...............",",-, - r ,L).~ .","::' .,.:;;. """,( ) 5.3.~~/,":=.. _ .... i ,. r'"" _~ -'~ ~::-. f ~. - -..-? ,",~O,-,2.4,3,,100,H78-14,Dunlop,"Goldseal ""78"" Sport 4P",Bias Ply,DIRECT PRIMARY,DERIVED / RECONSTRUCTED
V04-P481,103,4,PB263443(1).pdf,481,488,TIRF-144,144,HIGH,exact OCR tire number + sequence/metadata,98.89,144,",- ,- lCl. .- ., .... ,""7 .......,- ,-..",,,,,",... ....... . "" .... .-' ""')- ,",,,,",. .... :::. ) (",,,,,,,,G78-15,Dunlop,"Go1dseal ""78"" Spor~ 4P",Bias Ply,DIRECT PRIMARY,DERIVED / RECONSTRUCTED
V05-P018,104,5,PB263444(1).pdf,18,33,TIRF-145,145,LOW,sequence-dominant; weak OCR,17.78,14~,"--, --,...-=-... J i8-\5",,,j' II FI,,,,,I 'GY,,}D2..§:.n '2..,"BB ~O I,",R,"--- 2.04; Jf,1'",,~.OO N ~7'~_,P .--.,H78-15,Dunlop,"Goldseal ""78"" Sport 4P",Bias Ply,DIRECT PRIMARY,DERIVED / RECONSTRUCTED
V05-P034,105,5,PB263444(1).pdf,34,41,TIRF-145,145,HIGH,exact OCR tire number + sequence/metadata,97.27,145,GtlB-I4-,I F,,,R,,,,"---,.-.--~- N 20-=_",,":~-::i~ i I : -:,:;.:.(- . , 'L~'~ B","-- =-:'""""~: ~ 30 .~ I :3B I",R :~-....... fi,,R,,P,H78-15,Dunlop,"Goldseal ""78"" Sport 4P",Bias Ply,DIRECT PRIMARY,DERIVED / RECONSTRUCTED
V05-P042,106,5,PB263444(1).pdf,42,49,TIRF-148,148,LOW,sequence-dominant; weak OCR,35.38,,",S-IS",,~~YoN,})U,",",C:01.o,No~rATlONS,,j GY I,K'J !,'Z..49 I ~,r,___ -----___ {,,",",iI!5'~ ~ ______,,G78-14,Firestone,404 Rayon 4R,Radial Ply,DIRECT PRIMARY,DERIVED / RECONSTRUCTED
V05-P050,107,5,PB263444(1).pdf,50,57,TIRF-150,150,MEDIUM,sequence + partial metadata,84.02,!50,"H,8-IS","---.---------.J F\ __ ..-...-.. _ 1-000-,","--...... - RA""(ON 404- ,~-.-,-------.....",DU II,B,"11'70 _____ "":"";~_.:Yr",3'2. NOTATIONS,I . GT 7S~1,-- I CD.ao i (frY I,KS ( ) I ~L'2. !,";-e,~~'T2';s-~1",SO·,1.-=-~ --- -.,24- --f,B,..,,H78-15,Firestone,404 Rayon 4R,Radial Ply,DIRECT PRIMARY,DERIVED / RECONSTRUCTED
V05-P058,108,5,PB263444(1).pdf,58,65,TIRF-151,151,HIGH,exact OCR tire number + sequence/metadata,114.44,lSI,-\S,--,~HJI ~POf<T,DU I,"e , .-"".,...",1010,NOTATIONS,,I GY,KS ) ( I,j 13'-' 13,.. ?!O BB .. l,R,2) ... F,"e , .-"".,...",N,P,6.00-13,Firestone,Mini Sport· ZR,Bias Ply,DIRECT PRIMARY,DERIVED / RECONSTRUCTED
V05-P066,109,5,PB263444(1).pdf,66,73,TIRF-151,151,HIGH,exact OCR tire number + sequence/metadata,134.38,151-,,,SPORT,DU,,'2.0,,GT,I GY,I KS ( ) J,14SlO I 'n,"~., ~ BB ~O I'",R,"2.~1-.- 1~""1",,N,P,6.00-13,Firestone,Mini Sport· ZR,Bias Ply,DIRECT PRIMARY,DERIVED / RECONSTRUCTED
V05-P074,110,5,PB263444(1).pdf,74,81,TIRF-153,153,LOW,sequence-dominant; weak OCR,23.57,,,,"~POR""",DU,",","-- --""""---~- NOTAT!ONS ....",,-.. ! GT i ....,I' ~.-...-....... GY,I K3 ( ),-~ ~1t L~~~~ B I,"50 BB I ,","n ---~.,.-",F-,",",N,P,5.60-15,Firestone,Mini Sport ZR,Bias Ply,DIRECT PRIMARY,DERIVED / RECONSTRUCTED
V05-P082,111,5,PB263444(1).pdf,82,89,TIRF-154,154,LOW,sequence-dominant; weak OCR,38.57,'S4,i4,,"c$ C6U""""-lTR'( TO'Nt..,1",DU,",",(P'Z.O,"..... , NOTATIONS",I GT,""" GY ' I",I KS ( ),J'Z.SO,ao ~,,24,",",,_; ..... Oloii...,G78-14,Firestone,New Town & Country 4P,Bias Ply,DIRECT PRIMARY,DERIVED / RECONSTRUCTED
V05-P090,112,5,PB263444(1).pdf,90,97,TIRF-155,155,HIGH,exact OCR tire number + sequence/metadata,180.0,ISS,c:. 78-15,FI,'* COU}.JTRY,I DU,", £3",l~10,31. NOTATIONS,I G'l',GY I,I KS ) (,j 12.51. ;,", - SO ~ BE I",R,", 2.4- F",", £3",N,P,G78-15,Firestone,Town & Country 4P,Bias Ply,DIRECT PRIMARY,DERIVED / RECONSTRUCTED
V05-P098,113,5,PB263444(1).pdf,98,105,TIRF-156,156,LOW,sequence-dominant; weak OCR,23.01,,\4 1~-,,A \-iT '5'.S1 C L..,DU,",",,,GT,I GY,I ( KS ) I,14~~_:J B,. .. BB,I R .,NOTATIONS,",",I : .,,G78-14,BF Goodrich,Classic HT 4R,Radial Ply,DIRECT PRIMARY,DERIVED / RECONSTRUCTED
V05-P106,114,5,PB263444(1).pdf,106,113,TIRF-158,158,MEDIUM,sequence + partial metadata,50.57,\51,78-tS H,G. 6 ~,"~.;\,.,~ ;1T~A A. .. _O_N, ...... C .. -· Y_' I..",,B,110 \,32. NOTATIONS,,", (lY",! K.9 ),ira~'~:~~ ~Ti1=1-~- 081,i BB i ~O,"R _.~""""T::"":.~-'-""",4- 2. F,B,",C'O ~ N","P , ••. .... ~r. ..-..-~~",G78-15,General Tire,Winter Cleat SLP,Bias Ply,DIRECT PRIMARY,DERIVED / RECONSTRUCTED
V05-P114,115,5,PB263444(1).pdf,114,137,TIRF-181,181,LOW,sequence-dominant; weak OCR,26.67,,75-15,,,DU I I,",",,-- NOTATlm,GT,GY I I,", 1(3 ( ) '2..","1 I I Q .;' B ("",,>a !","--- - SO ,,' BB",R J----~~~'-----.,F,",","N ,",P,5.60-15,Cooper,Sport Master,Bias Ply,DIRECT PRIMARY,DERIVED / RECONSTRUCTED
V05-P138,116,5,PB263444(1).pdf,138,145,TIRF-182,182,HIGH,sequence + strong metadata,108.0,\ 8 'Z.,"7,35-14-",CO,MASTER' PACE.,DU,", B",~G=.O,,GT,GY i,I KS ( ) i,'2.4 I~os B,SO ~ BE I,R,2.4 F,", B",N,P,7.35-14,Cooper,Pace Master,Bias Ply,DIRECT PRIMARY,DERIVED / RECONSTRUCTED
V05-P146,117,5,PB263444(1).pdf,146,153,TIRF-183,183,MEDIUM,sequence + partial metadata,76.25,\B~,,CO,MA.STER,DU,",",,NOTATIOnS,,i (JY,I KS ( ) I,BE,SO BE I,-,24 J:',",",N,~- P,7.75-14,Cooper,Pace Master,Bias Ply,DIRECT PRIMARY,DERIVED / RECONSTRUCTED
V05-P154,118,5,PB263444(1).pdf,154,161,TIRF-184,184,HIGH,exact OCR tire number + sequence/metadata,193.33,184,"8, '2.5 - '4",CO,' ?J:..CE. MA~T'e.R,I DU I,", 5",,NOTATIONS ~Z,I GT,i GY,"I KS., ( ) ) i",J4S1 ~8'2- B,SO ~ ~ BB I,R,2.4 F,", 5",N,P,8.25-14,Cooper,Pace Master,Bias Ply,DIRECT PRIMARY,DERIVED / RECONSTRUCTED
V05-P162,119,5,PB263444(1).pdf,162,169,TIRF-185,185,MEDIUM,sequence + partial metadata,44.76,,\4- -,,MA~TE:~,DU,",",,NOTATIONS,,I GY,I KS ( ) I,1278 B,.' . ~ ~ BB I,R,F,",",N,p:,8.55-14,Cooper,Pace Master,Bias Ply,DIRECT PRIMARY,DERIVED / RECONSTRUCTED
V05-P170,120,5,PB263444(1).pdf,170,183,TIRF-190,190,HIGH,exact OCR tire number + sequence/metadata,126.79,190,ISS 5R t~,,+ S,DtT,,!,i 'f. NOTATIONS ~,,! GY,,nrSii~~ B,BE ~O I,---.... R,"- 2.4 11""",,N,P,155SR13,Goodyear,G800 + S,Radial Ply,DIRECT PRIMARY,DERIVED / RECONSTRUCTED
V05-P184,121,5,PB263444(1).pdf,184,191,TIRF-192,192,MEDIUM,sequence + partial metadata,46.42,"(92 ""","\-::, liS 5~",~y,"S BOO -1""'",I DU I,", e",liSa,,,i GY,"I KS C ) 0, 0",,~O,,=-.---~ 2.4,liSa,,..,175SR13,Goodyear,G800 + 5 .2P+2S/2P,Radial Ply,DIRECT PRIMARY,DERIVED / RECONSTRUCTED
V05-P192,122,5,PB263444(1).pdf,192,197,TIRF-193,193,MEDIUM,sequence + partial metadata,76.43,. \9~,"(P6 I \4"" 5~",&y,&00+ $,00,e. i,\ 200,"'!t NOT.ATIO,NS C;~",,GY,KS ( ),".. 1 :~."" I 4B "" "". , j",~ • -~ ~ ~>.' BB ~O I,R,".~.-:c:-;;-?:~,.. a~ F ....",e. i,N,". , : P",165SR14,Goodyear,G800 + 5,Radial Ply,DIRECT PRIMARY,DERIVED / RECONSTRUCTED
V05-P198,123,5,PB263444(1).pdf,198,205,TIRF-194,194,HIGH,exact OCR tire number + sequence/metadata,155.79,194,tlS 'SR 14-,--- ~y,"-- +S . G ' (!,oo",DU,"e ,",- -~ 1310,,'-r! I GT,I GY,I ! Ktl ( ) 4- .,-~ 1484 4o~) B,BS ~O,-1 '! R,"~ i~-~--=""~-=~'---"" 24- !!F","e ,",5.(;)0' N,"~ ,:' J ~< "" .......",175SR14,Goodyear,G800 + 5,Radial Ply,DIRECT PRIMARY,DERIVED / RECONSTRUCTED
V05-P206,124,5,PB263444(1).pdf,206,213,TIRF-195,195,HIGH,exact OCR tire number + sequence/metadata,152.46,195,"i55 \4- , 5R",6'<,+ G. 800 S,,,,,,,K.B ) ... ( ~,SE,,,,,,,185SR14,Goodyear,G800 + 5,Radial Ply,DIRECT PRIMARY,DERIVED / RECONSTRUCTED
V05-P214,125,5,PB263444(1).pdf,214,229,TIRF-195,195,LOW,sequence-dominant; weak OCR,33.0,"19(4:,",ISS ~R\S,"C::t""l'","G. ,Sao f~.s",.-- DU,B,lD\S,~':. NOTAl~OnS,"I , .... "" .:::> G'I' i '::",", II \~ ~ GY <""~O",i K3 !,,j • - - - . - .• • - ~ ~ ~. '_~ 00 __,"_:_. ,",",;, 4-",B,"...... IJ ~ """,,185SR14,Goodyear,G800 + 5,Radial Ply,DIRECT PRIMARY,DERIVED / RECONSTRUCTED
V05-P230,126,5,PB263444(1).pdf,230,237,TIRF-195,195,HIGH,exact OCR tire number + sequence/metadata,104.55,.195,c~ 10-1~,~'T,"RAO\A.l. ~TEe.Lr""ARn",,,\ 2:30,,,o.SO N,,,;;0: BE I,P,,,,,185SR14,Goodyear,G800 + 5,Radial Ply,DIRECT PRIMARY,DERIVED / RECONSTRUCTED
V05-P238,127,5,PB263444(1).pdf,238,253,TIRF-196,196,LOW,sequence-dominant; weak OCR,0.0,,,,,,,,,,'---~ N,,"i ,~~""'~-- aSs, '1.. J ~ :z",30 BB t,R,~4 I,,,P,155SR15,Goodyear,G800 + 5,Radial Ply,DIRECT PRIMARY,DERIVED / RECONSTRUCTED
V05-P254,128,5,PB263444(1).pdf,254,261,TIRF-201,201,HIGH,exact OCR tire number + sequence/metadata,143.03,'201 -,"... .-~~~-~ Dr< ,8-14-",",- c;.y",~TeE.C4A~O Cu~TDM,DU ~,", . ~",-----.~ 1~2o,--- 52.. lJOT,,"GT I 5<,00 I",I KS ( ) I 1,,", ~()","~~~:=-:- .~~'.""~~ I","ij 2.,~~",", . ~",'i.CO,100,DR 78-14,Goodyear,Custom Steelgard Radial,Radial Ply,DIRECT PRIMARY,DERIVED / RECONSTRUCTED
V05-P262,129,5,PB263444(1).pdf,262,269,TIRF-202,202,MEDIUM,sequence + partial metadata,58.76,'2. '2.0,18 -i4 R F=,G'-(,STEE.LGrAAD CtJ5TO~,DU R,B,S \ 00,,,,,SE,,,----t 6'2.. NOTATIONS i,B,,,FR 78-14,Goodyear,Custom Steelgard Radial,Radial Ply,DIRECT PRIMARY,DERIVED / RECONSTRUCTED
V05-P270,130,5,PB263444(1).pdf,270,277,TIRF-203,203,MEDIUM,sequence + partial metadata,60.37,. 2.o~,70-1S A~,", C::t'-(","'- "" PoWE RAQlA.~ ~ ~""c.e.",I DU R,", ~",82- NOTATIONS,,".... I -,,-,""'~ . <09/2, afr",I 5.00 {}y,"I KS ( ~.- \ 5'2,"" 1"" r-, .... f",: BE,,R c-::z:;;;;.:;::;;... .... -_,2..4- F,", ~","S,DO N",100 P,AR 70-13,Goodyear,Powersteel Radial WT,Radial Ply,DIRECT PRIMARY,DERIVED / RECONSTRUCTED
V05-P278,131,5,PB263444(1).pdf,278,285,TIRF-204,204,HIGH,exact OCR tire number + sequence/metadata,174.0,'2.04,BR 10-13,~y,"L.. E l<AD tA.L E \Z~""T'E.",DU,,IISO,NOTATIONS,So7 GT I,N,"I , KS ) . (",I I '. ~9 'Z~ B i,"_r "" , BE ~O",R ~--,~4 F,,,P,BR 70-13,Goodyear,Powersteel Radial WT,Radial Ply,DIRECT PRIMARY,DERIVED / RECONSTRUCTED
V05-P286,132,5,PB263444(1).pdf,286,293,TIRF-205,205,HIGH,exact OCR tire number + sequence/metadata,164.06,2.05,DR 70-14,,-=- RAO\b...l POWER5TSE,DU --- K I ...,", B",I!J 2.0 !,"... ~z, ,'im~A,TIONS",,", 5. I",,,,,,", B",,,DR 70-14,Goodyear,Powersteel Radial WT,Radial Ply,DIRECT PRIMARY,DERIVED / RECONSTRUCTED
V05-P294,133,5,PB263444(1).pdf,294,317,TIRF-206,206,MEDIUM,sequence + partial metadata,51.13,,70-14,,WT RADlA\-,3' ncr I,,,,,I GY !,,3~J B 1,".. , ,BB . ___",""" '~,H ,_~ADt.AL """"'~L~~'~ ___","... ,P!BERGLAS :,' F",,N ___,"P :J;~'-"""",,,--,",ER70-l4,Goodyear,Radial WT ZP+4R+lS/ZP,Radial Ply,DIRECT PRIMARY,DERIVED / RECONSTRUCTED
V05-P318,134,5,PB263444(1).pdf,318,333,TIRF-208,208,LOW,sequence-dominant; weak OCR,17.78,09,",0 -\ 4- t<",,,DU,,"---""""'""","'2. "" NOTATIONS",,N,,.ij1i=l B,BB I,R J - .~ .. ',F,,,P,GR70-l4,Goodyear,Radial WT ZP+4R+lS/ZP,Radial Ply,DIRECT PRIMARY,DERIVED / RECONSTRUCTED
V05-P334,135,5,PB263444(1).pdf,334,341,TIRF-210,210,LOW,sequence-dominant; weak OCR,24.3,I,""" lB-IS",,t:AGrLc..,I Dtl,", """,0,NO'rATIONS,,... N,"i Kd KF:!,:GY ( )","'r 44~4- ., BIAS",".-- , BIA3 B5 I","R RAI '""",",",,,p,GR70-l5,Goodyear,Wide Tread Radial ZP+ZS/ZP,Radial Ply,DIRECT PRIMARY,DERIVED / RECONSTRUCTED
V05-P342,136,5,PB263444(1).pdf,342,349,TIRF-211,211,MEDIUM,sequence + partial metadata,43.5,,lb~t5,,e: A.GtLE,", DU ! I",,,NOTA~:ION3 ;,,"i -- I GY ,","KS , ( ) 2> I",! l~~? \,B 1\1'· BE ',R I,"r~'~""~~;:----:-- .~-- 'I' F",,N NYLON,~--- P .-,HR78-l5,Goodyear,Eagle ZP+ZAramid+,Radial Ply,DIRECT PRIMARY,DERIVED / RECONSTRUCTED
V05-P350,137,5,PB263444(1).pdf,350,357,TIRF-212,212,LOW,sequence-dominant; weak OCR,31.16,,.. iB-IS,,"EAC:,LE..","~ I -"",",,.; i,,,OY,)=-j 11 Kg ( q,"t-""'B----:r-:;;- I '14~~~",: I BE,"R ~""- =--",";,-;- .•..",,,,JR78-15,Goodyear,Eagle ZP+2Aramid+,Radial Ply,DIRECT PRIMARY,DERIVED / RECONSTRUCTED
V05-P358,138,5,PB263444(1).pdf,358,373,TIRF-212,212,LOW,sequence-dominant; weak OCR,28.7,,,,STeal .. E> riE.,,",",,"ATIONS NO'I',",,i ...,KS ! () i ~,"""""""'l~-O'O' (@4& ~",,"* ---~ R ,",--- po ..,",",,.....,JR78-15,Goodyear,Eagle ZP+2Aramid+,Radial Ply,DIRECT PRIMARY,DERIVED / RECONSTRUCTED
V05-P374,139,5,PB263444(1).pdf,374,395,TIRF-212,212,LOW,sequence-dominant; weak OCR,32.82,,18-15 • _____ L._ ~,,"~~~ 15 __ S-e_E.,_L.-________",DU,r ' - 1!,-o...--l',~J i NOTA'1'IONS,,I GY,,,,,~J i NOTA'1'IONS,r ' - 1!,,,JR78-15,Goodyear,Eagle ZP+2Aramid+,Radial Ply,DIRECT PRIMARY,DERIVED / RECONSTRUCTED
V05-P396,140,5,PB263444(1).pdf,396,403,TIRF-212,212,LOW,sequence-dominant; weak OCR,20.0,,""" l~""!S",,"'5;- ;::.-.... R RAO) ~:;;:! s,~:vE ~'-","DU ... Ii . ,",",","... .... ,","NOTA'!' IONS *""M. __ ;""-",,i t<}y,KS,"""'=J l i~·Y-",~ :1,--I p '~,",,-_-...,.J:, j!',"" F",",","j N ~c_'--""<-",,JR78-15,Goodyear,Eagle ZP+2Aramid+,Radial Ply,DIRECT PRIMARY,DERIVED / RECONSTRUCTED
V05-P404,141,5,PB263444(1).pdf,404,419,TIRF-212,212,HIGH,exact OCR tire number + sequence/metadata,132.97,21 2.,-7S-15,,"F~~.A.ve.R ~Tt::.e.L.. RADIAL ~,._-.. ."" •• --......",,,,,,____ _ :~-,,"rB2,~ Ii B I",------ BEl ~O,___ -,24,,,__,JR78-15,Goodyear,Eagle ZP+2Aramid+,Radial Ply,DIRECT PRIMARY,DERIVED / RECONSTRUCTED
V05-P420,142,5,PB263444(1).pdf,420,427,TIRF-222,222,LOW,sequence-dominant; weak OCR,33.0,,'- ~~ '-=~:::,;~,100,II DU,".--,-",---. ! 5C) ____,"<) NOTATIONS ~.,",,I GY 1: 1,"KS t ( ) : I"" ~",-~ I-~ 'I ~~~~=~.,- !I PlB,"""'_A~ ;1",.~.,".--,-",I :,"~ j ; p ~.""..-",l65SR14,BF Goodrich,100 6R/ZR,Radial Ply,DIRECT PRIMARY,DERIVED / RECONSTRUCTED
V05-P428,143,5,PB263444(1).pdf,428,435,TIRF-225,225,LOW,sequence-dominant; weak OCR,32.3,...,'10·-1S,- - I,"- . :r- ViE: L \ F ""5A R'. f.. l-.J","_.~_~ .-~:' I, ____",,.-=i ~,leOTA,,I r:lY .',,l:!. i} • .:ri'.r:t ~,,- P .,I ....... Ji',,'-~.- N .,,ER70-l4,BF Goodrich,Radial XL-lOO 6R/ZR,Radial Ply,DIRECT PRIMARY,DERIVED / RECONSTRUCTED
V05-P436,144,5,PB263444(1).pdf,436,451,TIRF-226,226,LOW,sequence-dominant; weak OCR,24.0,,iO-l4,G! F,,DU,,___ ~ ~,NO'l'ATIONS 2..,,GY i,KS () ; I,"I~<:~ }<,",BEl,- -~,NO'l'ATIONS 2..,,N,P,FR70-l4,BF Goodrich,Radial'XL-lOO 6R/ZR,Radial Ply,DIRECT PRIMARY,DERIVED / RECONSTRUCTED
V05-P452,145,5,PB263444(1).pdf,452,459,TIRF-227,227,MEDIUM,sequence + partial metadata,51.11,I,10 .. \4,,". RAOlAL 'X:L-IoO FE..""5~\JelZ.",1)11,,NOTATIONS,,on:,GY,,1455 B,-- - .-. ~ BB !,- R,F,,N,P,GR70-l4,BF Goodrich,Radial XL-IOO 6R/ZR,Radial Ply,DIRECT PRIMARY,DERIVED / RECONSTRUCTED
V05-P460,146,5,PB263444(1).pdf,460,467,TIRF-228,228,MEDIUM,sequence + partial metadata,54.7,,R 70-14.,Fq,"XL-IOO RA,Q\A.,L",DU·,,,NO'I'ATIONS j,,,"~3!i KLG~'~r,', - ."" =-) \ I",-l I <015'2.,"..,~ ~ BB I",P ..,,,~-~- - - h,,HR70-14,BF Goodrich,Lifesaver Radial XL-IOO,Radial Ply,DIRECT PRIMARY,DERIVED / RECONSTRUCTED
V05-P468,147,5,PB263444(1).pdf,468,475,TIRF-229,229,LOW,sequence-dominant; weak OCR,25.88,,,,"E.'5t,,\JEK r<.AO tAL. XL-",I DU· I,,,NOTATIONS',,I 01 i . .?:J I,"i KS ::-""'~~-- ( ) ~ ...:::' ~. '.",t~-;:;s 1 ~ AlAi,. BB,R -. -,"~--.----- ,I F",,.~1C> N,-=~ .- P,GR70-15,BF Goodrich,Lifesaver Radial XL-IOO,Radial Ply,DIRECT PRIMARY,DERIVED / RECONSTRUCTED
V05-P476,148,5,PB263444(1).pdf,476,484,TIRF-230,230,MEDIUM,sequence + partial metadata,62.0,,70-15,"-,","><L- F R. E. 'S RAD!AL.. t ~,V'E.",DU,,,NOTATI /.-,,": I GY , I",(23: - KS (;),IB 14A.? '1,"- - ,"" SO "" BE",H,"I I·~-~~~""--=:---- ---.• 1<'",,- -J N,.. P --.......,HR70-15,BF Goodrich,Lifesaver Radial XL-I 00,Radial Ply,DIRECT PRIMARY,DERIVED / RECONSTRUCTED
V06-P019,149,6,PB263445(1).pdf,19,26,TIRF-232,232,HIGH,exact OCR tire number + sequence/metadata,138.74,'2.32-,"-'S ,0 L~","t:: ~ ~ , -.:II",L E. po ;;;:A.~:AL ~ ~ 'S/~.\JE,R,R.,191~,"- ;::2. ,-. ..,",~9.6,U>.SO,( ) VAR) 5'2..5,1437 ~(P'2..,~O,--,2.4,R.,~.SO,100,LR70-15,BF Goodrich,Lif~saver Radial XL-I00,Radial Ply,DIRECT PRIMARY,DERIVED / RECONSTRUCTED
V06-P027,150,6,PB263445(1).pdf,27,42,TIRF-233,233,LOW,sequence-dominant; weak OCR,12.0,,,(DISTRIBUTOR) e;:~,,R TYPE,RATING),10,32 ps'l,,"(,..50",':. ( ) (STD VAR) 5~.,144~ 3'4- ..,!O,- mil,24 pal,RATING),"(.,.50","100 """,HR70-14-,BF Goodrich,Trailmaker Radial,Radial Ply,DIRECT PRIMARY,DERIVED / RECONSTRUCTED
V06-P043,151,6,PB263445(1).pdf,43,50,TIRF-234,234,MEDIUM,sequence + partial metadata,66.27,Z.SS,leS-\4X,1'-1\1,"X IZ.AD! A.L \AI""'-/",R,B,", 3""0",32-,"7,.3",5.00,( ) VAR) ~I.O,"Jc,~(o 5710",30,--,24,B,5.00,100,GR70-15,BF Goodrich,Trailmaker Radial,Radial Ply,DIRECT PRIMARY,DERIVED / RECONSTRUCTED
V06-P051,152,6,PB263445(1).pdf,51,58,TIRF-236,236,MEDIUM,sequence + partial metadata,82.56,'2.5~,\95-i4,MI,)('NW,~,!>,1500,32,"'2. 1 ("".",5.50,( ) VAR) Ga1..8,IcD41 54-4,. ?>O,--,2.4-,!>,5.S0,100,195-14,Michelin,XWW,Radial Ply,DIRECT PRIMARY,DERIVED / RECONSTRUCTED
V06-P059,153,6,PB263445(1).pdf,59,66,TIRF-237,237,LOW,sequence-dominant; weak OCR,33.33,2.~7,X 2.05-14,Ml,")( \IV\/"";",~,B,"\G,'2.o","3Z,",15.4,"(A,.OO",( ) VAR) ~3.B,1<D4'Z.. 57'2..,- ~O,-,2.4-,B,<#.00,100,205-14X,Michelin,XWW 2R+2S/2R,Radial Ply,DIRECT PRIMARY,DERIVED / RECONSTRUCTED
V06-P067,154,6,PB263445(1).pdf,67,74,TIRF-238,238,MEDIUM,sequence + partial metadata,48.67,,,"""'11",X\A/W,R,B,:l70,3'2.,'(c.7,G..Ot:?,( ) ~r.4,IB'2~ 144,~O,-,24,B,CI.OO,100,215-14,Michelin,XWW,Radial Ply,DIRECT PRIMARY,DERIVED / RECONSTRUCTED
V06-P075,155,6,PB263445(1).pdf,75,82,TIRF-239,239,MEDIUM,sequence + partial metadata,81.02,'2.3'3,~O5-15,MI,X.v./ '.If,R,B,1<Dle,~z.,"74.,","(..,.00",( ) <03.0,1594- SS7,?>O,--,24-,B,"~,OO",100,205-15,Michelin,XWW 2R+2S/2R,Radial Ply,DIRECT PRIMARY,DERIVED / RECONSTRUCTED
V06-P083,156,6,PB263445(1).pdf,83,98,TIRF-240,240,HIGH,exact OCR tire number + sequence/metadata,90.0,'2.40,,~;,,,B,"\""140",32.,/5./,~.oo,) VAR),"Ie;..,~5 SScP",- - ~O,--,2..4-,B,~.OO,100,215-15,Michelin,XWW 2R+2S/2R,Radial Ply,DIRECT PRIMARY,DERIVED / RECONSTRUCTED
V06-P099,157,6,PB263445(1).pdf,99,106,TIRF-242,242,HIGH,exact OCR tire number + sequence/metadata,134.17,242-,4 2\5-,M 1,X'N'.V,R,B,illo,--- ::<.'7,"""7~·1",~.OO,( ) VAR) C# I.(P,/8'25 140,~.O,--,24,B,~.OO,100,215-14,Michelin,XWW -2R+2S/2R,Radial Ply,DIRECT PRIMARY,DERIVED / RECONSTRUCTED
V06-P107,158,6,PB263445(1).pdf,107,114,TIRF-243,243,HIGH,sequence + strong metadata,105.33,24:;,2.05-15,M\,XW\A/,R.,B,i<pIO,::2 ': ...J_,74.7,cP.oo,( ) ~1.0,18S~ 70/,~O,"--""",2.4,B,~.oo,100,205-15,Michelin,XWW 2R+2S/2R,Radial Ply,DIRECT PRIMARY,DERIVED / RECONSTRUCTED
V06-P115,159,6,PB263445(1).pdf,115,122,TIRF-244,244,HIGH,exact OCR tire number + sequence/metadata,163.81,2.44-,AI<. 75-~~,CO,":""lFE 5'TEEI.- ~\f..JE.~",R.,8.,\0'='0,~2.,17·3 I,4.50,"( ) 54,(,",7CD5 1795 B,BE ~O,-- R,2.4 F,8.,4.50 N,100 P,AR78-13,Cooper,Lifeliner Steel Radial 2P+2S/2P,Radial Ply,DIRECT PRIMARY,DERIVED / RECONSTRUCTED
V06-P123,160,6,PB263445(1).pdf,123,130,TIRF-245,245,HIGH,exact OCR tire number + sequence/metadata,141.1,'2.45,,CO,""":;)TEEl- Lll=E.l.l""'-lER","I R, I",E>,\\50,32-,78.1-,4·50,"i ( ) 5(.,,:).8","1,89 ill B",. BB ~O,- R,2.4- F,E>,4.56 N,100 P,BR78-13,Cooper,Lifeliner Steel Radial 2P+2S/2P,Radial Ply,DIRECT PRIMARY,DERIVED / RECONSTRUCTED
V06-P131,161,6,PB263445(1).pdf,131,146,TIRF-246,246,MEDIUM,sequence + partial metadata,81.67,'l4~,ER 1e-14,CO,L.tFeLlt-JE:.R ~TE.=L,DU - ~,B,\400,5'2 NOTATIONS,! 1l.4- I GT I,OY 5.00,KS ( ) I 54.~ I,laos 145 B,?>O BB,-- R,2.4- F,B,5.00 N,100 P,ER78-14,Cooper,Lifeliner Steel Radial,Radial Ply,DIRECT PRIMARY,DERIVED / RECONSTRUCTED
V06-P147,162,6,PB263445(1).pdf,147,154,TIRF-249,249,HIGH,exact OCR tire number + sequence/metadata,185.08,249,HRi8-l4,CO,STE.E.L LIFE LINE.R,R,B,1170,32,I 'i(o.~,G..OO,( ) SSt.~,1&27 i4CD,~O,--,2..4-,B,"~,QO",100,HR78-14,Cooper,Lifeliner Steel Radial 2P+2S/2P,Radial Ply,DIRECT PRIMARY,DERIVED / RECONSTRUCTED
V06-P155,163,6,PB263445(1).pdf,155,162,TIRF-250,250,HIGH,exact OCR tire number + sequence/metadata,102.0,'2.SO,,,,DU R,e,0,B NOTATIONS,14.5 GT,"GY (;,.00","KS ) 55,2 (",70S 1574- B,BB ~O,-- R,24 F,e,CD.oo N,100 P,GR78-15,Cooper,Lifeliner Steel Radial,Radial Ply,DIRECT PRIMARY,DERIVED / RECONSTRUCTED
V06-P163,164,6,PB263445(1).pdf,163,170,TIRF-251,251,HIGH,exact OCR tire number + sequence/metadata,157.26,'2.S I,"l5-',S: ~R",Co,"t '-', :""'1, R.. RACIAL t= ""J~ ~TEEL",DU R,5,"1""1 0",NOTATIONS ~'2..,15.GP GT i,GY G.OO,KS ( ) 55.4,1851 G>93 B,?>O BB,- R,2..4- F,5,""""".00 N",lOX) P,I HR78-15,Cooper,Lifeliner Steel Radial,Radial Ply,DIRECT PRIMARY,DERIVED / RECONSTRUCTED
V06-P171,165,6,PB263445(1).pdf,171,186,TIRF-251,251,HIGH,exact OCR tire number + sequence/metadata,135.0,'2..S'l.,"JR ""1&-15",CO,,i IIi,e,I B~o,2. ~,I 14.9,I G..So I,I S 4.1. ( ),"18""""67 ""'19 B",BB ~O,R -............,2.4 F,R &5,N ~.'5P,10.0 P,I HR78-15,Cooper,Lifeliner Steel Radial,Radial Ply,DIRECT PRIMARY,DERIVED / RECONSTRUCTED
V06-P187,166,6,PB263445(1).pdf,187,194,TIRF-253,253,HIGH,sequence + strong metadata,109.14,2154,LR 78-15,C.O,L\ FE.I..\~E~ ~TE.E::L..,~,e,1970,32-,j:S.~,~-So,"( ) VAR) '5""5"";0","T~~\ ~,4","- ao """,-,:2.A.,e,<0-5:0,tOO,LR78-15,Cooper,Lifeliner Steel Radial,Radial Ply,DIRECT PRIMARY,DERIVED / RECONSTRUCTED
V06-P195,167,6,PB263445(1).pdf,195,202,TIRF-255,255,HIGH,exact OCR tire number + sequence/metadata,149.65,2SS,,CO,'::>T£.EL.!<A.O\AL.. LIFELI~E~,R,B,,,", tS.~ j",tP.SO N,I ( ) 55.0,1l!>~'2. GJ'S,~O,-,24,B,,100,I LR78-15,Cooper,Lifeliner Steel Radial,Radial Ply,DIRECT PRIMARY,DERIVED / RECONSTRUCTED
V06-P203,168,6,PB263445(1).pdf,203,210,TIRF-256,256,MEDIUM,sequence + partial metadata,78.59,1S(P,BR 10-13,OA,"DAYTON 'THOl:<OS""ED ~-:E..'-",R,e,: is:),"-- :. ,.",~B·l,S.SO,( ) 5'2..2-,1491 4\7,30,-,2.4-,e,S.SO,100,. BR70-13,Dayton,Dayton Thorobred Steel Radial XS,Radial Ply,DIRECT PRIMARY,DERIVED / RECONSTRUCTED
V06-P211,169,6,PB263445(1).pdf,211,218,TIRF-258,258,HIGH,exact OCR tire number + sequence/metadata,149.38,'2 S 8,,DA,"DAY-:-o""-.l STE RAO EL",,,1400,32.,(09.9,I,"I ( ) , 57.~","-' ! -- , C,:'l ~7:;'. I",",, ao . ~ ~ ~ ~.",-,i 2.4-,,5.50,100,ER70-14,Dayton,Dayton Steel Radial XS,Radial Ply,DIRECT PRIMARY,DERIVED / RECONSTRUCTED
V06-P219,170,6,PB263445(1).pdf,219,226,TIRF-259,259,HIGH,exact OCR tire number + sequence/metadata,139.25,'2..S9,:4 ;:: R. 10-,OA,STE.E.L Y.'S RA~!A.L,,e.,1500,"::::>. '"", -.<,-",,: :';.00 -,( ) 54.0,·I~o 510,- 30,-,24,e.,"(..:,.00",100,FR70-14,Dayton,Steel Radial XS,Radial Ply,DIRECT PRIMARY,DERIVED / RECONSTRUCTED
V06-P227,171,6,PB263445(1).pdf,227,234,TIRF-260,260,MEDIUM,sequence + partial metadata,65.07,'2.~.),":0- 1,4- ,~~",OA,XS fZ.AD STEE.L I ~.'-,R,!3,1(Q':..O,"- - :z.,r:","G,9.3 .",G:t.OO,( ) S4.~,1~4~ S~&,~O,-,2.4,!3,<d..CO,100,GR70-14,Dayton,Steel Radial XS,Radial Ply,DIRECT PRIMARY,DERIVED / RECONSTRUCTED
V06-P235,172,6,PB263445(1).pdf,235,242,TIRF-261,261,MEDIUM,sequence + partial metadata,68.25,'2<# \,H R 10- 14-,OA,A.t: R 1A.l... STEEL ')(~,R,B,""",0",3'2.,"G;,B·l",G.SO,"KS ( ) '2.. SG,.",/(050 5~ B,".- - - BB , ~O",-- R,2.4 F,B,N ~.SO,100 P,HR70-14,Dayton,Steel Radial XS .,Radial Ply,DIRECT PRIMARY,DERIVED / RECONSTRUCTED
V06-P243,173,6,PB263445(1).pdf,243,250,TIRF-262,262,MEDIUM,sequence + partial metadata,67.82,"2(,'2.",",a-IS GiRo",DA,5Tee.L RA. lAl- 0,I 1<,B,I c.:.20,32-,<;e..4,I <0.00,I ) ( . S~.4- !,1590 SIt&>,". ......' ._. .... ', ~O",-,24,B,"G,.OO",100,GR70-15,Dayton,Steel Radial XS,Radial Ply,DIRECT PRIMARY,DERIVED / RECONSTRUCTED
V06-P251,174,6,PB263445(1).pdf,251,258,TIRF-263,263,MEDIUM,sequence + partial metadata,82.52,'2.~:',"HR 10-1S .""",DA,STeEl.- T\-fO~05REC,R,6,1110,52..,<D8.<C,(P.so I,I ( 4- ) IS 5.,"1443 S(,~","_. . "".- ~O",-,2..4-,6,"G,.'=>O",100,HR70-15,Dayton,Thorobred Steel Radial XS,Radial Ply,DIRECT PRIMARY,DERIVED / RECONSTRUCTED
V06-P259,175,6,PB263445(1).pdf,259,266,TIRF-264,264,HIGH,exact OCR tire number + sequence/metadata,189.03,'2.G:>4-,.JR iO-15,DA ..,RADIA.L. ~TE.E.L,R.,~,IB~O,,<08.(,(0.50,( ) 55.0,1~29 SSO,.. . .. ... ~ ?>O,--,2.4-,~,1'0.50,100,JR70-15,Dayton,Steel Radial XS,Radial Ply,DIRECT PRIMARY,DERIVED / RECONSTRUCTED
V06-P267,176,6,PB263445(1).pdf,267,274,TIRF-265,265,MEDIUM,sequence + partial metadata,84.62,'2..G:lS,LR to·-IS,DA,~A.D\AL.)('=> ~Te.E.L,R,B,11310,"3""2-",<09.5,"G.,SO",( ) 55.0,1~o9 5'2.0,-. .- -...- - BO . '--'-~-'-,-,24,B,CD.SO,100,LR70-15,Dayton,SteeI Radial XS,Radial Ply,DIRECT PRIMARY,DERIVED / RECONSTRUCTED
V06-P275,177,6,PB263445(1).pdf,275,290,TIRF-266,266,MEDIUM,sequence + partial metadata,76.83,'2.CP(P,"Ic""S~\~",DA,COMPACT FC>REI~~ ~,R,,\OlO,32,1<0.4,"4,50","( ) VAR) 5~,B",IsoO 4'2.S>,~- ?>O,-,24,,4-.SO,100,165R13,Dayton,Foreign & Compact Radial,Radial Ply,DIRECT PRIMARY,DERIVED / RECONSTRUCTED
V06-P291,178,6,PB263445(1).pdf,291,298,TIRF-279,279,MEDIUM,sequence + partial metadata,66.67,2.19,15 ... \5 ~R,F\,RA.DIA.L OE~U')(..e:,..... K,t3,\970,52,15.9,.::a.SO,( ) &2.0,/835 7o~,~O,--,2.4,t3,~.50,100,LR78-15,Firestone,Radial Deluxe Champion,Radial Ply,DIRECT PRIMARY,DERIVED / RECONSTRUCTED
V06-P299,179,6,PB263445(1).pdf,299,314,TIRF-280,280,MEDIUM,sequence + partial metadata,48.4,260,"S- (3 ::.""<, -,",U~,""":""0 M !:\ ~TE.E. Lt:.-~",R,E,'.5::>,":;2.r ,,""_ '-'""",'2. --: E>.,4.50,( ) 57.0,11'2.. I 78.~ J,. . ~O,--,2.4,E,4.'50,100,BR78-13,Uniroyal,Zeta 40 M Steel Radial,Radial Ply,DIRECT PRIMARY,DERIVED / RECONSTRUCTED
V06-P315,180,6,PB263445(1).pdf,315,322,TIRF-284,284,LOW,sequence-dominant; weak OCR,24.55,""" (.... .... ~- ~",H K iE>-;S,'-)~,"- .... v: ',"" . c: ' .... ___ 9.-' ... , ,.:::'~t:: ...... ... """"_I ......",~',..... '::2,";""-11 ~",- .. I' . -==~,15.~·,~. ::).~,( ) •'2. =5':.,,":>0 ,",100,24,..... '::2,.r:;. ::>0,,HR78-14,Uniroyal,Steel Belted Radial,Radial Ply,DIRECT PRIMARY,DERIVED / RECONSTRUCTED
V06-P323,181,6,PB263445(1).pdf,323,330,TIRF-285,285,MEDIUM,sequence + partial metadata,62.74,"2.e:,7","ie, .... :S ~K,",UN,eELTE.O :=STEEL,R.,:5,19io,3:,"""lS.~",~.SO,( ) S~.~,S'L I G'J,- . . ~ ~O,--,24,:5,<O.5e,100,HR78-15,Uniroyal,Steel Belted Radial PRG,Radial Ply,DIRECT PRIMARY,DERIVED / RECONSTRUCTED
V06-P331,182,6,PB263445(1).pdf,331,338,TIRF-288,288,LOW,sequence-dominant; weak OCR,15.13,'L-b6,'-1 tZ .: ! E; A ..,U~,"l-::;)Vv <0 'v\.· 0 ;-,..:.~",:<,"r:2 ""-",'il~0,- -- ::<r,/' '--'r ..o j\O •,. .::)O ~,( ) 54.~,";45) ~-- ""::i~",- ~O,--,2.4,"r:2 ""-",",~,~:::""",100,HR78-14,Uniroyal,Snowplow,Radial Ply,DIRECT PRIMARY,DERIVED / RECONSTRUCTED
V06-P339,183,6,PB263445(1).pdf,339,346,TIRF-289,289,MEDIUM,sequence + partial metadata,68.19,'LB9,!-iRIS-i=::.,1::' I ;,;:(ACtA.'_ STeEL-,R,:3,"il""7o","- r, ~.L-",7S.~,./.0. ::;; Q,"( ) c::,o.3",1&1: --c::.4 '::l_,". "" ~O",--,2.4,:3,~.O0,100,HR78-15,Firestone,Steel Radial 500,Radial Ply,DIRECT PRIMARY,DERIVED / RECONSTRUCTED
V06-P347,184,6,PB263445(1).pdf,347,354,TIRF-290,290,MEDIUM,sequence + partial metadata,70.75,"r; Q-' .L..- -""",BR'le-le.,-. ~I- ;,r:< y DE:. 7:'::. A '- f~ ..~ ~.) ;--'4 :,R,"::z.. ""-",\ 1=~~,":? "" ~""'-","-; B,:'",4.50,( ) .4 5'2.,' 49-7 4'2.5,- . ~O,--,2.4-,"::z.. ""-",4.50,100,BR78-13,Firestone,Radial Deluxe Champion 5R/IR,Radial Ply,DIRECT PRIMARY,DERIVED / RECONSTRUCTED
V06-P355,185,6,PB263445(1).pdf,355,362,TIRF-291,291,HIGH,sequence + strong metadata,96.22,'2.'3 j,'FRI8-i4,F=\,R:~D·..t-.L DE..i..UXE,R.,B,iSoo,52-,"""1'='.0",5·50,) 55.4 (,14~~ 391,-- - ~O,--,24,B,,100,FR78-14,Firestone,Radial Deluxe ·Champion 6R/2R,Radial Ply,DIRECT PRIMARY,DERIVED / RECONSTRUCTED
V06-P363,186,6,PB263445(1).pdf,363,370,TIRF-292,292,LOW,sequence-dominant; weak OCR,33.19,:'9~,"~~R""'a._\4 -; ._.: \ i",=!,"C U ~;.. A S A,.,:-' E: '..... 'l(::::, I",::<,...... '2,"...-. r I '"" .;.. ..... , '..0",":;-.. ,~ -...i_",",- . ... - , r ""'-,-","..., .,,- ..... .-/ v::>. ~",( ) ::::.-- .:1 _.....::>- -,",s:,: 4-5'::::' ~",?;O,--,2.4,...... '2,(o.O~,100,OR78-14,Firestone,Radial Deluxe Champion 6R/ZR,Radial Ply,DIRECT PRIMARY,DERIVED / RECONSTRUCTED
V06-P371,187,6,PB263445(1).pdf,371,376,TIRF-293,293,LOW,sequence-dominant; weak OCR,0.0,::> 2- 2.,,,,,,,,,,( ) VAR),"194~, ~l4",00,1.0 -fI-,24,,;;:0.00,100,HR78-14,Firestone,Radial Deluxe Champion 6R/2R,Radial Ply,DIRECT PRIMARY,DERIVED / RECONSTRUCTED
V06-P377,188,6,PB263445(1).pdf,377,384,TIRF-293,293,LOW,sequence-dominant; weak OCR,33.75,'L9~,1A- HR l6-,r=l,XE.. 'A'_ VE RI>. :.. ~ ~j,K,B,".-- ! :_.... I ' , .-., I",3'7-,,·:'.~O,"_...--... ( ) VAR) ~.~ -."") ~","l i t;,~ S,~~-",~O,--,2.4,B,CO.OO,100,HR78-14,Firestone,Radial Deluxe Champion 6R/2R,Radial Ply,DIRECT PRIMARY,DERIVED / RECONSTRUCTED
V06-P385,189,6,PB263445(1).pdf,385,392,TIRF-294,294,HIGH,exact OCR tire number + sequence/metadata,167.06,294-,18-\5 ~R,F\,"R A,.\.... 1:>...;:.', DE LU)(E:.",R,B,1G;2.Q,"......., ~.-","i4.,5,",G:>. :JQ,"( ) VAR) Ci:>O. ,::.",_.. Ie:- 9' 511,- . . ao -',-,2.4,B,"(P.O,:.,",t:OO,GR78-15,Firestone,Radial Deluxe Champion 6R/2R,Radial Ply,DIRECT PRIMARY,DERIVED / RECONSTRUCTED
V06-P393,190,6,PB263445(1).pdf,393,400,TIRF-295,295,HIGH,exact OCR tire number + sequence/metadata,150.33,'2. 9·5,HI< lB-IS,F\,DE.LUXE. RAD\ A..L,~,,\110,"~""Z..","l5.G:,","a:,.OO",( ) 5-2..4,144-& 51!,-- - - - - ~O,--,2..4-,,G:?OO,100,HR78-15,Firestone,Radial Deluxe Champion 6R/2R,Radial Ply,DIRECT PRIMARY,DERIVED / RECONSTRUCTED
V06-P401,191,6,PB263445(1).pdf,401,408,TIRF-296,296,LOW,sequence-dominant; weak OCR,34.19,"'-'~' , .4.. --.'?",",jR if:l.,""'\S",,":<A: :: \-\ 1_, E '1-, ~,'a_ I'~J . :; ::"",",k,8,"; B ""-, ~",3'2,"- , ;4. ':;:","I ~.S,() I","I ) ( S4.~, ,",.I I r-- • (0':5 ~ ~\o.,... 30,~,2.A.,8,"~~Ei:"")",100,JR78-15,Firestone,Radial Deluxe Champion 6R/2R,Radial Ply,DIRECT PRIMARY,DERIVED / RECONSTRUCTED
V06-P409,192,6,PB263445(1).pdf,409,416,TIRF-298A,298A,MEDIUM,sequence + partial metadata,84.37,2'95 A,"L.-R i,e,-i5",Fl,"RAe' .:.•... :::E:L.UY..E: CHA~,~\ON",I l<- i,B,\91 0,~'Z.,", ! 15.9 !",. c:P.Sc>,( ) ! -- r i. .... :::>,"-- \ Sr ,. L~!",BO,100 -,2.4,B,<~.SO,,LR78-15,Firestone,Radial Deluxe Champion 6R/2R,Radial Ply,DIRECT PRIMARY,DERIVED / RECONSTRUCTED
V06-P417,193,6,PB263445(1).pdf,417,424,TIRF-298B,298B,MEDIUM,sequence + partial metadata,75.86,B 2.~&,l8-IS L-R,FI,OE:L..UXE. RAD:AL..,R,";:;.,-",\9/0,".- =... ,:. ....",{5/~,"~,SO",( ) ~O.~,"·18~4 c;,7i",-ao - - -.. ..,~,. 24,";:;.,-",<:t>.E>O,100,LR78-15,Firestone,Radial Deluxe Champion 6R/2R,Radial Ply,DIRECT PRIMARY,DERIVED / RECONSTRUCTED
V06-P425,194,6,PB263445(1).pdf,425,432,TIRF-300,300,MEDIUM,sequence + partial metadata,82.15,~OO,HRre-\4,FI,4: TOWN COLJt-J~y,R,B,\il0,:::a.n .oJ ...,"l"".~",(#.00,( ) S2.2-,)415\ 31CD,.. ~ ~ ~O,--,2.4-,B,~.OO,1.00,HR78-14,Firestone,Town & Country Radial 6R/2R,Radial Ply,DIRECT PRIMARY,DERIVED / RECONSTRUCTED
V06-P433,195,6,PB263445(1).pdf,433,440,TIRF-301,301,HIGH,sequence + strong metadata,86.32,~Ol,H'< lB-15,Fl,"i Tov·J""-! COU~TRY",R.,~,1'110,5'2..,75.<0,CD.co,( ) VAR) 54-.lD,1G>18 5S5,. .- ~O,,24,~,~.OO,100,HR78-15,Firestone,Town & Country Radial 6R/2R,Radial Ply,DIRECT PRIMARY,DERIVED / RECONSTRUCTED
V06-P441,196,6,PB263445(1).pdf,441,448,TIRF-302,302,HIGH,exact OCR tire number + sequence/metadata,139.67,302.,":0- ' :5 1"""""", .~ ,0(",Fi,:s SUFE;;::. '<:.AD; ::;C',;:<,&,\~:c},"-,., ~.:-","""""c:::;--- '-.A ..... f",~.0::',( ) VAR) 54.~,j ~'s. S'2..~,.. - ~O,100,2.4-,&,:ADO,,HR78-15,Firestone,Super 500 Radial 2P+2Aramid/2P,Radial Ply,DIRECT PRIMARY,DERIVED / RECONSTRUCTED
V06-P449,197,6,PB263445(1).pdf,449,456,TIRF-303,303,MEDIUM,sequence + partial metadata,70.27,~Oo,~Rlo-15,FI,"6E.Ll""E.D STEE. L",l<,t:>,"\ cp'2,.a",3'Z.,"C"":,<?;.4-",G:>.Q:>,"( ) SI.e:,",:4cpO 5~5,. ~O,--,24-,t:>,"~.O,:)",100,GR70-15,Firestone,Steel Belted Radial 2P+2S/2P,Radial Ply,DIRECT PRIMARY,DERIVED / RECONSTRUCTED
V06-P457,198,6,PB263445(1).pdf,457,464,TIRF-304,304,LOW,sequence-dominant; weak OCR,18.95,,/0 R. -IS 1-\,1 l=,"...- .... ...- -,...e,--' ~c:.' _."" \",,5,\/10,,,C>.50,) VAR) 51.0 (,"=."" .... 101'2.. _.:..:>",-- 50,--,2.4-,5,"<L,.SO",JOO,HR70-15,Firestone,Steel Belted Radial 2P+2S/2P,Radial Ply,DIRECT PRIMARY,DERIVED / RECONSTRUCTED
V06-P465,199,6,PB263445(1).pdf,465,472,TIRF-305,305,MEDIUM,sequence + partial metadata,44.02,~J5,5 t5 'i?> I .:sR,r ... ' \ '-' v,5PL.,R,,\0\5,~~,14.'3,"..;..~ ,:)",( ) VAR) ~O.~,"!:S:J4 / "":.9"" ...-"" --r_",. ~O,--,24,,4.50,100,155 SR13,Dunlop,SP4 2R+2S/2R,Radial Ply,DIRECT PRIMARY,DERIVED / RECONSTRUCTED
V06-P473,200,6,PB263445(1).pdf,473,480,TIRF-306,306,MEDIUM,sequence + partial metadata,52.0,oOCD,"I (,,:,S 10 ~R",DLJ,~P4-,I R,,1080,BG:J,"I (0.4- ""1",i 4.S~,I ( ) (04.4- I,1~~'7 S1S,"... - . , ~O",-,24,,4.5.:1,100,165 SRl3,Dunlop,SP4 2R+2S/2R,Radial Ply,DIRECT PRIMARY,DERIVED / RECONSTRUCTED
V06-P481,201,6,PB263445(1).pdf,481,488,TIRF-307,307,MEDIUM,sequence + partial metadata,64.5,SOt,,DU,SP4,R,,'l.So I,,18.1,4.'50,( ) <D1..0,4-'2..4- !4~~,. . -. . ~ 00,-,24,,4.50,100,175 SRl3,Dunlop,SP4 ZR+ZS/ZR,Radial Ply,DIRECT PRIMARY,DERIVED / RECONSTRUCTED
V07-P011,202,7,PB263446(1).pdf,11,18,TIRF-308,308,MEDIUM,sequence + partial metadata,50.61,~OB,\4- \(.pS 5~,DU,5P4,,,1200,3~,""".(","4.s0.,","( ) G,1.8",148?> 41~,"---""- - . ~O",-,2.4,,4_50,100,165 SRl4,Dunlop,SP4 2R+ZS/ZR,Radial Ply,DIRECT PRIMARY,DERIVED / RECONSTRUCTED
V07-P019,203,7,PB263446(1).pdf,19,26,TIRF-309,309,HIGH,exact OCR tire number + sequence/metadata,157.95,309,\<. \ ICP6 S 5,DU,COP4,,,\ '2.00,,,4.150,,1G:J24 SG:75,"... SO """,,2.4,,,,165 SRl5,Dunlop,SP4 ~R+2S/2R,Radial Ply,DIRECT PRIMARY,DERIVED / RECONSTRUCTED
V07-P027,204,7,PB263446(1).pdf,27,34,TIRF-310,310,HIGH,sequence + strong metadata,124.13,010,H 78-\5 ~,DU,ELITE. STEeL RADIAL,R,B,1110,32,15.CP,(#~oo-,( ) 59.~,! 441 ::'12-,"ao ."" .",-,24,B,<0 .. 00,100,HR78-15,Dunlop,Elite Steel Radial ~R+ZS+IN/ZR,Radial Ply,DIRECT PRIMARY,DERIVED / RECONSTRUCTED
V07-P035,205,7,PB263446(1).pdf,35,42,TIRF-311,311,MEDIUM,sequence + partial metadata,45.76,,JR/8-IS,au,A. TEE.. t- E TE. L. \ S ~,,,'2. ~,,",4.9",(0.150,( ) ~'2.~,J~32 SS3,~ ~O,-,24,,cO.So,100,JR78-15,Dunlop,Elite Steel Radial I2R+ZS+IN,Radial Ply,DIRECT PRIMARY,DERIVED / RECONSTRUCTED
V07-P043,206,7,PB263446(1).pdf,43,50,TIRF-312,312,HIGH,sequence + strong metadata,99.25,~t'2.,GrRio-\5,"G,",DUAL ~TeEL.. RA01A~,",. '. ,R .",'B,t~'Z.O,,,~.OO,,1812- 107,".. . •• "" _·r , ~ ~O",-,24,'B,,100,GR70-15,General Tire,Dual Steel Radial .2P+2S/2P,Radial Ply,DIRECT PRIMARY,DERIVED / RECONSTRUCTED
V07-P051,207,7,PB263446(1).pdf,51,58,TIRF-313,313,HIGH,sequence + strong metadata,90.58,;f ~\~,'8-lS \41<.,GaT,DuAL 'STEEL ~AD\~~,R.,B,tilO,3'2.,G:>.oo,"75.""",( ) ~o.4-,184~ G>8t,ao . - .. ~,-,2.4,B,~.OO,100,HR78-15,General Tire,Dual Steel Radial ~R+2S/2R,Radial Ply,DIRECT PRIMARY,DERIVED / RECONSTRUCTED
V07-P059,208,7,PB263446(1).pdf,59,66,TIRF-316,316,HIGH,sequence + strong metadata,87.66,"~\'""","R"" H 5-15",L.E.,"RADi A,L BE..LTE.O ~TEEL",R.,B,,,,~.OO,,. IG>\C4 5'2.i,", SO ~",---,24,B,"a,.OO",100,I I HR78-15,Lee,Radial Steel Belted 2P+4R+lS/2P,Radial Ply,DIRECT PRIMARY,DERIVED / RECONSTRUCTED
V07-P067,209,7,PB263446(1).pdf,67,74,TIRF-317,317,HIGH,sequence + strong metadata,89.6,"5\-,",r'3 5R I~S,PI,"CFa"" CI~TlJRATO",".... ' ' • I ••• ,~ R",,lOBo,,1<0.4',","". 4,50 :",( ) 51.5,4.'2..9 !SOI,.. 50 ~,-,2.4,,4.s0,100,165 SRI3,Pirelli,CF 67 Cinturato .6R/2R,Radial Ply,DIRECT PRIMARY,DERIVED / RECONSTRUCTED
V07-P075,210,7,PB263446(1).pdf,75,82,TIRF-318,318,MEDIUM,sequence + partial metadata,64.63,otB,"s l""l IS ~r::.",P\,"v,i C i=-",R,,1'2.50,,"1B. , '"" "" '",4.50,C ) VAR) &5 .. 0,'I<DS~ 515,' SO ~,-,24,,4.50,100,175 SRI3,Pirelli,CF 67 7R/2R,Radial Ply,DIRECT PRIMARY,DERIVED / RECONSTRUCTED
V07-P083,211,7,PB263446(1).pdf,83,90,TIRF-319,319,MEDIUM,sequence + partial metadata,72.5,019,\(PS 15 5;<,PI,"CI NTtJRA,-rO ~e:,1",,,1'2. 00,". 5("" ,","1(P.4>' , ... ':';': ""","4.50 .'""","( ) VAR) G,S-B",1G:>~'2.. S41 i,-- ~O,-,24',,4.So,100,165 SRI5,Pirelli,"Cinturato 367 /', 7R/2R",Radial Ply,DIRECT PRIMARY,DERIVED / RECONSTRUCTED
V07-P091,212,7,PB263446(1).pdf,91,98,TIRF-320,320,MEDIUM,sequence + partial metadata,69.81,5'20,GR 10-\'5,PI,"eN ""13",,B,"\G;,'2.o """,,".. ' : .. (09.,4- . ' , ~ "" ""","(4,.00","( ) .e:, ~'2. .' 0,",'14S~:( ~84,". "". SO",-,2.4,B,(#.00,100,GR70-15,Pirelli,CN 73 2R+2S+IN,Radial Ply,DIRECT PRIMARY,DERIVED / RECONSTRUCTED
V07-P099,213,7,PB263446(1).pdf,99,107,TIRF-321,321,MEDIUM,sequence + partial metadata,70.77,~~I,.. 1~OO-\4LT,:=\,"T·RA""'-l SPoRT \'",,,\3\0,,,5.00,",( ) VAR) . 59.0",1(054- 580,. BO ' ~,-,1I'~5,,,100,7.00-14LT,Firestone,Transport 110 N,Bias Ply,DIRECT PRIMARY,DERIVED / RECONSTRUCTED
V07-P108,214,7,PB263446(1).pdf,108,115,TIRF-322,322,HIGH,sequence + strong metadata,85.63,~22.,".70-15 a, LT",Ft,"1'0 i T~AN""5Po~T",Ii B,", C",". lSSO ,",415,,", II 5.00","I, ( ) S~·~O I",", IS99 sse",-~ ~. .. ~O I,", <nl_~",~.g5,"S2'o i ,H . ,",5.00,100,6.70-15LT,Firestone,Transport 110 N,Bias Ply,DIRECT PRIMARY,DERIVED / RECONSTRUCTED
V07-P116,215,7,PB263446(1).pdf,116,123,TIRF-323,323,HIGH,exact OCR tire number + sequence/metadata,170.11,3'2.3,LT \5 - (4.10,"FJ """,110 TRAI'-J~PORT,II B,", C","_, .. . I SSO",,,I 12.:.~O,( ) i 5S.w,I~OQ SE>'2..,""" ~ ~O I",:' ~,BS,", C",S.OO,100,6.70-15LT,Firestone,Transport 110 N,Bias Ply,DIRECT PRIMARY,DERIVED / RECONSTRUCTED
V07-P124,216,7,PB263446(1).pdf,124,132,TIRF-324,324,HIGH,sequence + strong metadata,125.26,~24,7.00-\15 LT,F\,\\0 TRA.t>~SPORT,B,---- C.,1720,,,s.io,,J~04 SB~,SO ' ~.-,~,~S,---- C.,,tOO,7.00-15LT,Firestone,Transport 110 N,Bias Ply,DIRECT PRIMARY,DERIVED / RECONSTRUCTED
V07-P133,217,7,PB263446(1).pdf,133,140,TIRF-325,325,MEDIUM,sequence + partial metadata,73.7,~'2.S,"-\5 L T ,#00",F\,":')r' _ TRAkl:::-' 110 _ , I ~",,"r ""-",.. . 172.6 ',45,"..... : ,,-\: -'88.G"" )"""" ,""","'"" S.So",( 4- ) . SCo. .',T(DOS SB4,ao .. ..,- ..,~S,"r ""-",o.SO,100,7.00-15LT,Firestone,Transport 110 N,Bias Ply,DIRECT PRIMARY,DERIVED / RECONSTRUCTED
V07-P141,218,7,PB263446(1).pdf,141,147,TIRF-326,326,MEDIUM,sequence + partial metadata,83.27,~~(O,(.OO-IS LT,F\,t S POlZT A. TR N,e,D,2040,~O,,"'5.50 . ,",( ) <:0:3.4-,1 <DOCo ~e1,- SO -~,"'.50 , - .",,D,5.50,100,7.00-15LT,Firestone,Transport 110 N,Bias Ply,DIRECT PRIMARY,DERIVED / RECONSTRUCTED
V07-P148,219,7,PB263446(1).pdf,148,155,TIRF-327,327,HIGH,sequence + strong metadata,86.67,-:''2..7,7.00 -\15 LT,"+=1 """,llO TRA.N~Po·RT,,0,2040,-- --- G;o,,-- 5.50,"i ( ) SB.e,",58& 1(00'2.,".. , ~O",~-,50,0,5.50,100,7.00-15LT,Firestone,Transport 110 N,Bias Ply,DIRECT PRIMARY,DERIVED / RECONSTRUCTED
V07-P156,220,7,PB263446(1).pdf,156,162,TIRF-329,329,LOW,sequence-dominant; weak OCR,35.67,~1.9,"LT Co,SO-I(P","F\ -,",,I S,"C """,l<D 10,45 '.,,S.SO,I ( ) [ 51.2-,I <059 <DG?S .,ao -. . ~ I,100:,.35,"C """,,,6.50-16LT,Firestone,Transport 110 N,Bias Ply,DIRECT PRIMARY,DERIVED / RECONSTRUCTED
V07-P163,221,7,PB263446(1).pdf,163,169,TIRF-330,330,HIGH,exact OCR tire number + sequence/metadata,186.62,330,"LT 7,OO-I~",FI,A TR. N'5PORT \,B,,"1800 , ,",45,""" B5.co , . ~",".. 5.50 '. """,( ) ~o.4,"1~6B 5BCt;,",. SO ~ ~,.SS -,,,5.S0,100,7.00-16LT,Firestone,Transport 110 N,Bias Ply,DIRECT PRIMARY,DERIVED / RECONSTRUCTED
V07-P170,222,7,PB263446(1).pdf,170,176,TIRF-331,331,LOW,sequence-dominant; weak OCR,39.55,"\ ~:,","LT 1,~o-\'""",::=1,"i iO ""7~AN?ORT",S,", C","'2.0(;;,0",45,8800 I,S.So,,1~<47 ~~O,"'. . 30 -~ , ' ,",100,35,"'2.0(;;,0",,,7.50-16LT,Firestone,Transport 110 N,Bias Ply,DIRECT PRIMARY,DERIVED / RECONSTRUCTED
V07-P177,223,7,PB263446(1).pdf,177,183,TIRF-332,332,HIGH,sequence + strong metadata,93.96,.3B2,LT 1.50-1~,""" Ft",T'RA.~SPO~T,"- B !. ,",0,2440,<Co,"&~.O . ~,""",CD.CO,( ) S4-.~,"I G,-.G:,~ G,SB",".. , '"" ' ~O",-,50,0,5.50,100,7.50-16LT,Firestone,Transport 110 N,Bias Ply,DIRECT PRIMARY,DERIVED / RECONSTRUCTED
V07-P184,224,7,PB263446(1).pdf,184,189,TIRF-333,333,MEDIUM,sequence + partial metadata,54.59,"a~' "". '0' ;","."" ',E:i.QO""r'tGtoS.·, LT","'F:l' "" ""","lsod WIDe T~AN\,~'f'OR""",", (6 1 ""~. ,.",,".1-l5~O, . . , ~",".4""S: """,,",I ~ l~.O<O~","(;' 11 }o;6O't-4e: ~ )~, , '>, T~~;SN, ,",,"'30: '.""',,., ""',' ~ """,.j~,".4""S: """,,"<iP;,~ ,~~, ~",~ I~t,8.00-16.5,Firestone,"Transport ""500"" Wide Oval N",Bias Ply,DIRECT PRIMARY,DERIVED / RECONSTRUCTED
V07-P190,225,7,PB263446(1).pdf,190,196,TIRF-334,334,HIGH,exact OCR tire number + sequence/metadata,176.06,334 .,"8.00- T .l,.. ~G;,.S",Fl,'506' WiOE:. TRA~SpORT,B,", D",-..... .. 2.045,~O,,"c::o,OO","I ) ( 5""1,B","I 114u, 99S ""' I",,.SO -~,,", D",,100,8.00-16.5,Firestone,"Transport ""500"" Wide Oval N",Bias Ply,DIRECT PRIMARY,DERIVED / RECONSTRUCTED
V07-P197,226,7,PB263446(1).pdf,197,203,TIRF-335,335,MEDIUM,sequence + partial metadata,59.33,"3""e>S",8.15 -I<D.S L T,FI,"1500' TI<A~c;""PO'<T",,C,19<30,45 :,1J.l,~.IS,"( ) 57.'Z., .. '",".. '/141 , SSG:>","... ,_. SO ~ ~",100,II E>S,C,~·lS,,8.75-16.5,Firestone,"Transport ""500"" Wide Oval N",Bias Ply,DIRECT PRIMARY,DERIVED / RECONSTRUCTED
V07-P204,227,7,PB263446(1).pdf,204,217,TIRF-336,336,MEDIUM,sequence + partial metadata,71.17,~3~,"8.""15-ICo.5 LT",FI,ISOO' TRA..~SPORT,\5,,""""""" 2~SO",~O,", 1.1",ICD.'S,( ) 51.4,. '::>91 il4S,SO • ••••• _ - - - co ~,,~O,,~.IS,100,8.75-16.5,Firestone,"Tr~sport ""500"" Wide Oval N",Bias Ply,DIRECT PRIMARY,DERIVED / RECONSTRUCTED
V07-P218,228,7,PB263446(1).pdf,218,225,TIRF-340,340,MEDIUM,sequence + partial metadata,40.57,~40,H 18-iS LT,C~y,,BB,",.. \woo",'B30,45,,C;~OO',( ) - 59.S,I S4<.O G;OI,. - .. SO ~.,--,35,",.. \woo",6.00,100,H78-15LT,Goodyear,Glas Guard Belted N+F/N,Bias Belted,DIRECT PRIMARY,DERIVED / RECONSTRUCTED
V07-P226,229,7,PB263446(1).pdf,226,232,TIRF-341,341,MEDIUM,sequence + partial metadata,43.38,~41',"R .70 c:;, IS T L. ,","G""{","F La X~i C.V~""""'oM",R I,", c",PSSO .,,'2. B~.,i 5.00,I ( ) 55.CD,15S~ 71&,""". ... < "", ~'~ ' ~O I","-. """,~5,", c",5.00,100,6.70R15LT,Goodyear,Custom Flexsteel LT P+S/N,Radial Ply,DIRECT PRIMARY,DERIVED / RECONSTRUCTED
V07-P233,230,7,PB263446(1).pdf,233,239,TIRF-342,342,MEDIUM,sequence + partial metadata,67.74,~4?,":""7.150 R-\Co LT",~'{,"FLE.XSi'""EE.L C.iJ~Totv,",R',D,·2440,,88.0,(0.00,",( , 54'.4 ) VAR)","1c.~G "" G, <.D \",.' .. ~O,-,55,D,5.50,100,7.50R16LT,Goodyear,Custom Flexsteel LT P+S/N,Radial Ply,DIRECT PRIMARY,DERIVED / RECONSTRUCTED
V07-P240,231,7,PB263446(1).pdf,240,254,TIRF-343,343,HIGH,exact OCR tire number + sequence/metadata,190.08,343,7.00 -15 LT,C.:ty,SUPEr< MIl.aR HI,=- B,C,"~-"" i120",4S :,,,,.,--' 30 .....,~~,~~- 35,C,,100 u::.,7.00-15LT,Goodyear,Super Hi Miler 4N,Bias Ply,DIRECT PRIMARY,DERIVED / RECONSTRUCTED
V07-P255,232,7,PB263446(1).pdf,255,261,TIRF-344,344,LOW,sequence-dominant; weak OCR,39.78,~45,f.SO-l(PLT,~'-(,M\LER SLJPER io4\,i3,D,2440,,<0.00,88.0,"( ) 54,12,",I G>(DS G~'2.,.- .' SO ~,-,50,D,5.50,100,7.00-15LT,Goodyear,Super Hi Miler N,Bias Ply,DIRECT PRIMARY,DERIVED / RECONSTRUCTED
V07-P262,233,7,PB263446(1).pdf,262,268,TIRF-345,345,MEDIUM,sequence + partial metadata,51.66,:$A~,LI 1.00 -p~ .. .. ',"~y ..... .' ... -.. .-*-, .. ,- ' ~","M 10""-.\ I-L:~·.,:t ClJ~H .. .,",e,"c ! ., ... .,",riQo - ..,,"I &&. '"" ..","fO. ,- I' ....... S.50 ."",'.-. . ...",eo ( \,' Se$ J~Of,".""' '"" ; -~ ~",'l!..~,SS j.,"c ! ., ... .,",S.SC1,"U1Q ,",7.50-16LT,Goodyear,Super Hi Miler N,Bias Ply,DIRECT PRIMARY,DERIVED / RECONSTRUCTED
V07-P269,234,7,PB263446(1).pdf,269,276,TIRF-347,347,HIGH,sequence + strong metadata,105.35,S41,7.00-\5 LT,MI,x:c.,R,C,",.: {71..0 -,",45',", 88.G:,",5.50,") ( '·('o~.O ,",545 1<000,", SO",.35 -,,C,5.50,100,7.00-15LT,Michelin,XC sIS,Radial Ply,DIRECT PRIMARY,DERIVED / RECONSTRUCTED
V07-P277,235,7,PB263446(1).pdf,277,283,TIRF-348,348,MEDIUM,sequence + partial metadata,68.04,54b,"""1,So-l(.., LT",tvtl,XC,R ~,0,'2..440,~O,88.0 '.,G.OO,( ) COl. CIJ,I (Orp4 ~G:>=>,. SO,-,11'50,0,5.S0,100,7.50-16LT,Michelin,XC sIS,Radial Ply,DIRECT PRIMARY,DERIVED / RECONSTRUCTED
V07-P284,236,7,PB263446(1).pdf,284,290,TIRF-349,349,MEDIUM,sequence + partial metadata,80.13,~4-<9,L'T 8.o0-\G>.S,"MI "" .-",XCA,,D,204S,<aO,". ,\.O","- G,.OO","( ) G:,'3.~",~ 'J~4~ 999,SO ~ ~,-,SO ~.,D,.. OO ~,"jO,O",8.00-16.5,Michelin,XCA sIs,Radial Ply,DIRECT PRIMARY,DERIVED / RECONSTRUCTED
V07-P291,237,7,PB263446(1).pdf,291,298,TIRF-353,353,LOW,sequence-dominant; weak OCR,29.27,5S~,lB-IS ~R,au,"Me EX PF-f<1 ""'-1TAl",,,1~'2.0,S2,,", ,~,oo..",( ) VAR) ~'2..0,"IS'3G, 559",... ~O,-,"2.4 .. "" \",,<'i:;.OO,100,GR78-15,Dunlop,Experimental ZP+ZS/ZP,Radial Ply,DIRECT PRIMARY,DERIVED / RECONSTRUCTED
V07-P299,238,7,PB263446(1).pdf,299,306,TIRF-354,354,MEDIUM,sequence + partial metadata,69.01,~S4,.::!tR18-15,au,"E. E,)( PE.R NTAL 1 M",R,B,\ G:r '2.0,~2 ~'.',.- '14.13.,Co.QO,,IS91 SG::IO,". "" ~ ~ ~. ~O",-,24,B,"a,_OO",100,GR78-15,Dunlop,Experimental ZP+zs/ZP,Radial Ply,DIRECT PRIMARY,DERIVED / RECONSTRUCTED
V07-P307,239,7,PB263446(1).pdf,307,314,TIRF-356,356,MEDIUM,sequence + partial metadata,67.66,5SS,~RIB-1S,au,E.X pe~\N':= ~'TAL,R,B,'2.0 I CD,8'2..,"""'14""S",(P.OO,( ) 58.Co,1591- 5\5,. ~ ~O,-,2.4,B,~.OO,100,GR78-1S,Dunlop,Experimental 2P+2S/2P,Radial Ply,DIRECT PRIMARY,DERIVED / RECONSTRUCTED
V07-P315,240,7,PB263446(1).pdf,315,322,TIRF-357,357,HIGH,sequence + strong metadata,102.72,3S~,Gt< /&-15,DU,"E,)(PERI ME.NTAL",", R. ' ; ,""-, ,"", i, """,B,I ~'2.o,,"14-;5 '.' . "", ~",C::O.OO·,( ) S8.B,"159~ 5\S . ,",.- ... SO,"- ,",2.4,B,G.DO,100,GR78-15,Dunlop,Experimental 2P+2S/2P,Radial Ply,DIRECT PRIMARY,DERIVED / RECONSTRUCTED
V07-P323,241,7,PB263446(1).pdf,323,330,TIRF-358,358,MEDIUM,sequence + partial metadata,71.75,85,18-15 ~R,au,E.XPE.R 1M E.~TAL..,"- ... R, , ' .",B,GII'2 0 ~,,14.5,". , , G.OO"" '0,","( ) 51.('""",J4S5 38~,", SO",- i,24,B,<A.oo,100,GR78-15,Dunlop,Experimental 2P+2S/2P,Radial Ply,DIRECT PRIMARY,DERIVED / RECONSTRUCTED
V07-P331,242,7,PB263446(1).pdf,331,338,TIRF-358,358,MEDIUM,sequence + partial metadata,64.43,35&,IB-\ S ~R.,DU,"PER.I ME.Ni""A: .. E..~",,S,"1(,'2.0",,~14-_S,~.OO,( ) ~O.~,1598> 5~\,",~, ~O",.-,24,S,"(0,00",100,GR78-15,Dunlop,Experimental 2P+2S/2P,Radial Ply,DIRECT PRIMARY,DERIVED / RECONSTRUCTED
V07-P339,243,7,PB263446(1).pdf,339,346,TIRF-360,360,HIGH,sequence + strong metadata,93.35,85,A 18-IS,"Q,A.",1& OE-LUXE.,B,e,\orao,~12..,"& [G:,.",4_'50,( ) 51.'2..,1194 l(p~,"--- -- ,- SO ~","-,.",2.4-,e,4.150,100,A78-13,Dayton,Deluxe 78 4N,Bias Ply,DIRECT PRIMARY,DERIVED / RECONSTRUCTED
V07-P347,244,7,PB263446(1).pdf,347,354,TIRF-361,361,HIGH,exact OCR tire number + sequence/metadata,169.38,"3G;, I","C""B-l~",DA,",5 DELU,)(E.",,B,\'2.~o,2>2,"7~""Gr..>",S~OO,( ) 53.4,118~ 114,", SO _ "" ~ ~",~,2.4,B,5.00,100,C78-13,Dayton,Deluxe 78 4N,Bias Ply,DIRECT PRIMARY,DERIVED / RECONSTRUCTED
V07-P355,245,7,PB263446(1).pdf,355,362,TIRF-362,362,LOW,sequence-dominant; weak OCR,30.56,~(P2,,OA,DE:.LU'1( E:. 15,,E>,1'2. 30,~'2.,-- - 17.5,5.00,"( ) S~.G,",7'l.0 .l19B,". .. . . ' "" ~~ ~O",-,24,E>,5.00,100,C78-14,Dayton,Deluxe 78 4N,Bias Ply,DIRECT PRIMARY,DERIVED / RECONSTRUCTED
V07-P363,246,7,PB263446(1).pdf,363,370,TIRF-362,362,HIGH,sequence + strong metadata,91.44,"~G,5",E18-\4,DA,is DELUXe.,B,e,\400,5'2.,1~.1,5.50,) . ( S4.~S,/801- l'2..S,"'_. - ~- ~ "", ~ ~O",-,2.4,e,S.SO,100,C78-14,Dayton,Deluxe 78 4N,Bias Ply,DIRECT PRIMARY,DERIVED / RECONSTRUCTED
V07-P371,247,7,PB263446(1).pdf,371,377,TIRF-362,362,HIGH,sequence + strong metadata,89.67,3(.04,FiB-l4,DA,ie DE.LUXE.,B,E>,\500,32,"7(;:,Q8",5.50,( ) Sl.4,IBO~ 1'2.5,. .. SO ~,-,2..4-,E>,S.SC,100,C78-14,Dayton,Deluxe 78 4N,Bias Ply,DIRECT PRIMARY,DERIVED / RECONSTRUCTED
V07-P378,248,7,PB263446(1).pdf,378,385,TIRF-362,362,MEDIUM,sequence + partial metadata,70.28,"~(oS""","C::t,e,-\4",DA,"15 DE.L!,)~E.",E>,,1~'2.o,"3""2-",75.'3,(0.00,"( ) '2.. , SO~",]~~'~~-~,".. . , SO """,~,204-,,", ~.OO",100 =-,C78-14,Dayton,Deluxe 78 4N,Bias Ply,DIRECT PRIMARY,DERIVED / RECONSTRUCTED
V07-P386,249,7,PB263446(1).pdf,386,393,TIRF-362,362,HIGH,sequence + strong metadata,85.33,~~(p,l8-15 ~,DA.,"""1S DE.LU'J{E",I B i,".. , B","1""'2..0",~'2.,I I~.S I,S.So t,I ( ) St.CP,"108 1&Ct,2",SO I',-,2.4,".. , B",5.50,- 100,C78-14,Dayton,Deluxe 78 4N,Bias Ply,DIRECT PRIMARY,DERIVED / RECONSTRUCTED
V07-P394,250,7,PB263446(1).pdf,394,401,TIRF-362,362,MEDIUM,sequence + partial metadata,61.67,~C47,,DA,15 DELUXE:.,e - ..,B,~2.,,,,- ( ) S44,/8415 -. - -~~ ./ 8'? ..D _.,"'- , SO ,","-- -~- ~,..-..s",", 24-",B,,,C78-14,Dayton,Deluxe 78 4N,Bias Ply,DIRECT PRIMARY,DERIVED / RECONSTRUCTED
V07-P402,251,7,PB263446(1).pdf,402,409,TIRF-362,362,MEDIUM,sequence + partial metadata,52.35,'OC4B,"AlB-Ie,",,IS DELU~E.,B,B t,< •• loG;.O,""" 32",l(a.& ~,",-.~ ? ·4.5 .",( ) 48c.~,,,,.~ 24,B t,,10Q,C78-14,Dayton,Deluxe 78 4N,Bias Ply,DIRECT PRIMARY,DERIVED / RECONSTRUCTED
V07-P410,252,7,PB263446(1).pdf,410,417,TIRF-362,362,MEDIUM,sequence + partial metadata,77.35,~(o9,i5-IS G,-DA,"IE> DE LU,)(E.",B,B,12.30,,lcP#C4,5 .. 00,( ) S'~.2,"1 c.e, 1185 i",- . SO ~. ~,--,24,B,"5,00",1.00,C78-14,Dayton,Deluxe 78 4N,Bias Ply,DIRECT PRIMARY,DERIVED / RECONSTRUCTED
V07-P418,253,7,PB263446(1).pdf,418,425,TIRF-362,362,HIGH,sequence + strong metadata,105.82,310,"C""""1~-\4",DA,"DE:b.-U'XE ,8 ' '","B ......,.",", i3 .",.. 'Z.. ! ~O,""""" I 0'2.","- ,..,.~",I S.OO,"I """"""""'"" ( ) --. SS.~",'119;- ·i-------~ 121,"-- -- ... . . SO ""*- .- ~.","~..""..",24,", i3 .",S.OO,JOO .,C78-14,Dayton,Deluxe 78 4N,Bias Ply,DIRECT PRIMARY,DERIVED / RECONSTRUCTED
V07-P426,254,7,PB263446(1).pdf,426,433,TIRF-363,363,MEDIUM,sequence + partial metadata,47.71,"~,\",\4- E '1B-,OA,DE.L.U)(E. 75,,", B",i400,~'2..,"'7("". I","5,,150 I I ;",I ( ) S'2..0,""".- , /8:-'3 ,24 I",'. - ~~ ~O,-,-- 2.4,", B",5.S0,100,", E78-14",Dayton,Deluxe 78 4N,Bias Ply,DIRECT PRIMARY,DERIVED / RECONSTRUCTED
V07-P434,255,7,PB263446(1).pdf,434,441,TIRF-363,363,MEDIUM,sequence + partial metadata,77.44,51'2..,F1B~14,DA,IS DELLJ~E,B,", B",11500,,,I 5.50,"- ( ) 54. '2.,","1'2 (."" 180'7","! .,. 50 ~ ~ I",-.-,2.4,", B",5 .. 50 -.-,roo,", E78-14",Dayton,Deluxe 78 4N,Bias Ply,DIRECT PRIMARY,DERIVED / RECONSTRUCTED
V07-P442,256,7,PB263446(1).pdf,442,449,TIRF-365,365,MEDIUM,sequence + partial metadata,76.78,~lS,14 18- ~,", DA",78 DE.LU)<~,.B.,"e ,",l~f20,'32-,,"I ,.\ ~""OO' I",( ) . 54·0 I,"Jate, 1'32",~O e._',~,- 1. . 2.~ _1tVP,"e ,",.• aa: ~ ~ ~,'O~O';,G78-14,Dayton,78 4N,Bias Ply,DIRECT PRIMARY,DERIVED / RECONSTRUCTED
V07-P450,257,7,PB263446(1).pdf,450,464,TIRF-370,370,LOW,sequence-dominant; weak OCR,10.0,oi4,~'l8-\S,,"e Ie, Oc: L L>)(",E>:,", B","iG.'Z,O",.02-,-. 7~·S,- I 5.SD,I ..... ( ) '15'2 .. 1-,,"... . '"" 30 I",.-,--- 2.4-,", B",5.50,10.0,C78-14,Dayton,78 4P,Bias Ply,DIRECT PRIMARY,DERIVED / RECONSTRUCTED
V07-P465,258,7,PB263446(1).pdf,465,474,TIRF-376,376,LOW,sequence-dominant; weak OCR,28.75,~7f.4,\is 1B- ~,OA.,",6 I NTE.RUR BAN",B,~,\ C-'2.0,~'2.,i~.S,5.S0,( ) 55.8,"18t ,10 5",... .. SO ~,-,~'2.,\ C-'2.0,"5,50",lOD,G78-15,Dayton,78 ~N,Bias Ply,DIRECT PRIMARY,DERIVED / RECONSTRUCTED
V08-P011,259,8,PB263447(1).pdf,11,18,TIRF-377,377,MEDIUM,sequence + partial metadata,80.91,317,Dt<'lO-IA-,DA,"I<:,AO\AL X~ ~TE&'L",R,B,I ~'2..o,~2,~B.~,5.50,( ) E:> 54.,1801 '14\,"- SO "" ~ ~",-,24,B,"5,SO",100,DR70-14,Dayton,Radial XS 6R+lS/2R,Radial Ply,DIRECT PRIMARY,DERIVED / RECONSTRUCTED
V08-P019,260,8,PB263447(1).pdf,19,28,TIRF-378,378,MEDIUM,sequence + partial metadata,51.67,"'5""1e",A 10-1':>,LE.,M A A D R E: I-l t-..I L. ~-.!,,", B ;",10..:00,"-,... ::>.:...","10;2- "" ;",I I ;;3 #::>~,( ) 52..4 ; 1,"1,91- iCce>",- SO ~ I,--,2..4-,", B ;",5.00,100,A70-13,Lee,4P,Bias Ply,DIRECT PRIMARY,DERIVED / RECONSTRUCTED
V08-P029,261,8,PB263447(1).pdf,29,36,TIRF-379,379,MEDIUM,sequence + partial metadata,51.67,"S,9",FlO - \4-,LE.,MA.t-.l~ A~OLe:R·,~,\3,\$00,52,lL4-,S.~O,"( ) 5""3_8",Is08 ;'Z.l,-. - . .. . SO ~,-,24,\3,"5,So",100,F70-14,Lee,4P,Bias Ply,DIRECT PRIMARY,DERIVED / RECONSTRUCTED
V08-P037,262,8,PB263447(1).pdf,37,44,TIRF-380,380,MEDIUM,sequence + partial metadata,45.89,3Bo,4 - 10 t ~,LE,~ANHANDLE:R,B,B,1(P2.0,3'2-,- 11.0,", ~.OO",( ) 55.&,145 /520,. ~O,-,2..4-,B,.. OO ~,100,G70-14,Lee,4P,Bias Ply,DIRECT PRIMARY,DERIVED / RECONSTRUCTED
V08-P045,263,8,PB263447(1).pdf,45,52,TIRF-381,381,MEDIUM,sequence + partial metadata,57.0,~el,'AlO-\~,qT,. Gt~ABBE:~,".. , , B",e,10(00,~'2,". , ""10.'2. .,",".. , "" S~OO","z.. ( ) 5 G::,.",J 191 1~':),"ao ... - - ."" - . . . , ' ~ ~",-,2.4-,e,5.0C,100,A70-13,General Tire,4N,Bias Ply,DIRECT PRIMARY,DERIVED / RECONSTRUCTED
V08-P053,264,8,PB263447(1).pdf,53,60,TIRF-382,382,MEDIUM,sequence + partial metadata,72.0,oB'2.,14- F 70-,""" ~T",;0 ~:;;:A.6BER,.. '. B,,1500,~2,"li.4 """,5'.50,) ( VAR) ~1.'2.,7'2..5 1809,. SO ~,-,2.4-,,15.50,100,F70-14,General Tire,70 4N,Bias Ply,DIRECT PRIMARY,DERIVED / RECONSTRUCTED
V08-P061,265,8,PB263447(1).pdf,61,68,TIRF-383,383,LOW,sequence-dominant; weak OCR,36.43,~B5,"\4 - (;.,0",~T,G:tRAB6ER..,,B,I ~;z.O,32,,""" CO.OO","( ) VAR) ~~,2","I ,49 B'Z.I",- .... . .... ~ ~ ~O,-,2'4,B,~.OO,100,G70-14,General Tire,4N,Bias Ply,DIRECT PRIMARY,DERIVED / RECONSTRUCTED
V08-P069,266,8,PB263447(1).pdf,69,76,TIRF-385,385,HIGH,sequence + strong metadata,89.15,~BS,- c:a.OO \~,FI,SpoRT M Il-J \,B,B,10\::>,-- .. r ..... ~,.'--- B~.4,.:!-.OO,( ) VAR) 158.5,liS 11&4,.. -- . SO ~ ~ -~,---,24,B,4-.00,100,6.00-13,Firestone,Sport 2R,Radial Ply,DIRECT PRIMARY,DERIVED / RECONSTRUCTED
V08-P077,267,8,PB263447(1).pdf,77,83,TIRF-387,387,MEDIUM,sequence + partial metadata,61.39,~B~,"-,e,- \4 C::t",FI,'X. E. DE:.LU CHA.M,B5' I,13,l(02..0,~2,", lS.~ "" "" '",G .00,"( ) VAR) ~L4- ,",19S~ c:?JOr,' ' ?>O,20 -+I-,24,13,,10,G78-14,Firestone,Deluxe Champion Sup-R-Belt,Bias Belted,DIRECT PRIMARY,DERIVED / RECONSTRUCTED
V08-P084,268,8,PB263447(1).pdf,84,89,TIRF-388,388,LOW,sequence-dominant; weak OCR,0.0,,,,,,,.~---,,,i,( ) 1 I,198(0 9~O,", ,. , ~O",--,24,,6.00,10,G78-14,Firestone,Deluxe Champion Sup-R-Belt,Bias Belted,DIRECT PRIMARY,DERIVED / RECONSTRUCTED
V08-P090,269,8,PB263447(1).pdf,90,96,TIRF-388,388,HIGH,sequence + strong metadata,85.14,3&7,G'18-14,FI,". DE.LUXE CHANH'tOt-J StJ~-R-~E.\""'T",iBS,", B",1~'2.o,~'2.,,I ~.OO,,"1951~ 908,",. Po.' • BB ~O I,P ~O,24 F,", B",6.00 N,,G78-14,Firestone,Deluxe Champion Sup-R-Belt,Bias Belted,DIRECT PRIMARY,DERIVED / RECONSTRUCTED
V08-P097,270,8,PB263447(1).pdf,97,102,TIRF-388,388,LOW,sequence-dominant; weak OCR,0.0,~81,,,,,,,,,,"(- ) """,J91B 9~\,"- ,. ~ ~O",--,2.4,,6.00,30,G78-14,Firestone,Deluxe Champion Sup-R-Belt,Bias Belted,DIRECT PRIMARY,DERIVED / RECONSTRUCTED
V08-P103,271,8,PB263447(1).pdf,103,109,TIRF-388,388,MEDIUM,sequence + partial metadata,84.16,3BB,G.iB-14,Fl,CI-1AMPIOt-J Oe.LL.lX~,BB -',B,1~2.o,32-,"15.9"" '""",CD.OO,4 ( ) n .~ .~;t...,/951 90~,""". "" ?>O",'2.0 -If-,24,B,6.00,0,G78-14,Firestone,Deluxe Champion Sup-R-Belt,Bias Belted,DIRECT PRIMARY,DERIVED / RECONSTRUCTED
V08-P110,272,8,PB263447(1).pdf,110,115,TIRF-392,392,LOW,sequence-dominant; weak OCR,0.0,0&&,,,,"I DU ,",,,NOTATIONS,- GT,GY i I,"I KS ( , ) am. __ '-""","1~/9 , 9~'2. B :","BB 30 """,- R,24 F,,,P 0,GR78-14,Firestone,Radial Deluxe Champion,Radial Ply,DIRECT PRIMARY,DERIVED / RECONSTRUCTED
V08-P116,273,8,PB263447(1).pdf,116,122,TIRF-393,393,MEDIUM,sequence + partial metadata,78.56,3~2.,G1< 1&-14,Fr,"CHAMPIO""-1 Ce.LU')(e. RADIAL",- R.,", B",I(Q~O,SZ,",5.2.","6,00",I ( ) cPl.(p I,(94(4 915,?>O I,"-,4- ~O",24,", B",,70,GR78-14,Firestone,Radial Deluxe Champion,Radial Ply,DIRECT PRIMARY,DERIVED / RECONSTRUCTED
V08-P123,274,8,PB263447(1).pdf,123,128,TIRF-393,393,LOW,sequence-dominant; weak OCR,0.0,~~~,,,,","" ,",,,,,,( ) VAR),"1~e,B 9~~","- - . , SO",-,.24 psi,,6.00,10,GR78-14,Firestone,Radial Deluxe Champion,Radial Ply,DIRECT PRIMARY,DERIVED / RECONSTRUCTED
V08-P129,275,8,PB263447(1).pdf,129,136,TIRF-393,393,HIGH,exact OCR tire number + sequence/metadata,189.43,393,"Gt ""18-14- I<",I=I,I<:ADIAL DE.LUXE.,R.,B,\ G:o'2. 0,~'2..,"., . 15.1.",... ~.o6,( ) VAR) (03.4,/94S 91<a,~O,-II- 2.0,2..4-,B,6.00,SO,GR78-14,Firestone,Radial Deluxe Champion,Radial Ply,DIRECT PRIMARY,DERIVED / RECONSTRUCTED
V08-P137,276,8,PB263447(1).pdf,137,142,TIRF-394,394,LOW,sequence-dominant; weak OCR,0.0,3~S,,,,,,,,,,".( ) VAR) """,JS5S 9~1,SO,-,2.4,,6.00,50,GR78-14,Firestone,Radial Deluxe Champion,Radial Ply,DIRECT PRIMARY,DERIVED / RECONSTRUCTED
V08-P143,277,8,PB263447(1).pdf,143,155,TIRF-394,394,HIGH,exact OCR tire number + sequence/metadata,147.88,394-,fB- 14 ~R,.' FI,OE.LU)(E.' RAD~AL,I<,,t(o'2.0,5'2.,15.'2-,<:#.00,"( ) VAR) <D~.u,",194A.. 911,• •• ~ ~O,-H-fO,2.4,,(D.OO,0,GR78-14,Firestone,Radial Deluxe Champion,Radial Ply,DIRECT PRIMARY,DERIVED / RECONSTRUCTED
V08-P156,278,8,PB263447(1).pdf,156,163,TIRF-398,398,MEDIUM,sequence + partial metadata,63.33,3ge,G'R 10-14-,"Gt,{ """,RA.D\AL POW Ei<:STEEL,,-- -~ B,~COtL~~,. ~2>,,00 i6~,,"~9;~-r;4-7' =-', . ..","10 ,","--*:-, 2.0",~ix~=~4,"~zl,~~O",,~OO,GR70-14,Goodyear,Powersteel Radial WT.,Radial Ply,DIRECT PRIMARY,DERIVED / RECONSTRUCTED
V08-P164,279,8,PB263447(1).pdf,164,169,TIRF-400,400,LOW,sequence-dominant; weak OCR,0.0,595,,,",",,,,,,,( ),194B 911,- ~O,-N- ~O,2.4,,,100,GR70-14,Goodyear,Powersteel Belt Radial WT,Radial Ply,DIRECT PRIMARY,DERIVED / RECONSTRUCTED
V08-P170,280,8,PB263447(1).pdf,170,175,TIRF-400,400,LOW,sequence-dominant; weak OCR,0.0,395,,,,,",",,,,i,"( ) "" i",1-9 4«9 9\'2.,"'11""50 ~- I",--If- ~O,"- 24,",",",6.00,- 100,GR70-14,Goodyear,Powersteel Belt Radial WT,Radial Ply,DIRECT PRIMARY,DERIVED / RECONSTRUCTED
V08-P176,281,8,PB263447(1).pdf,176,181,TIRF-400,400,LOW,sequence-dominant; weak OCR,0.0,". ·~9·e,.",,,,,",",,,,I,"I ), .. (",{sso r ~~'.'.,"• --10 , .. - ..... ' ,",", 100.",.' Z4\ ~ I,",",", 6;00'",,GR70-14,Goodyear,Powersteel Belt Radial WT,Radial Ply,DIRECT PRIMARY,DERIVED / RECONSTRUCTED
V08-P182,282,8,PB263447(1).pdf,182,187,TIRF-400,400,LOW,sequence-dominant; weak OCR,0.0,.39~,,,:,,,,,,,( ),J992 '9$3,~ t.$ . .Ci ~,-.,2.4.,,E>.OO,1.00,GR70-14,Goodyear,Powersteel Belt Radial WT,Radial Ply,DIRECT PRIMARY,DERIVED / RECONSTRUCTED
V08-P188,283,8,PB263447(1).pdf,188,190,TIRF-400,400,LOW,sequence-dominant; weak OCR,0.0,"-a~.e,",,,,,,,,,,( ),1 99;( .,•.... ' ~ ~D,-,"',2,;4 ..",,6.0;'0,",U):O ,",GR70-14,Goodyear,Powersteel Belt Radial WT,Radial Ply,DIRECT PRIMARY,DERIVED / RECONSTRUCTED
V08-P191,284,8,PB263447(1).pdf,191,197,TIRF-400,400,HIGH,exact OCR tire number + sequence/metadata,195.81,400,~R10-14,"~y """,PoWER:5TEE':.L BEL'r,R,B,\~'2..0,~2.,<:;9.5,G..OO,"4.4- ( ') . v,",ess IS8(,"1I""~o ~",--,2.4,B,G.OO,100,GR70-14,Goodyear,Powersteel Belt Radial WT,Radial Ply,DIRECT PRIMARY,DERIVED / RECONSTRUCTED
V08-P198,285,8,PB263447(1).pdf,198,204,TIRF-401,401,HIGH,exact OCR tire number + sequence/metadata,156.58,401,"G~,e-IS",-- - GY,5U5URBAf\/ ~TE.C;L tl~e.,,B,", (0'2..0",32,,Co.c'O,"--.'~"". ss.~~",,,--11-20,24,B,"____ .... ~L6,O:o",,GR78-15,Goodyear,Suburbanite Steel Belted Radial,Radial Ply,DIRECT PRIMARY,DERIVED / RECONSTRUCTED
V08-P205,286,8,PB263447(1).pdf,205,210,TIRF-401,401,HIGH,exact OCR tire number + sequence/metadata,90.0,401,,,,"., -",,,,,..,( ),"G,4- 894 19",~ ~ ~. ~O,-II- '2.0,24,,6.00,100,GR78-15,Goodyear,Suburbanite Steel Belted Radial,Radial Ply,DIRECT PRIMARY,DERIVED / RECONSTRUCTED
V08-P211,287,8,PB263447(1).pdf,211,216,TIRF-401,401,HIGH,exact OCR tire number + sequence/metadata,90.0,401,,"""",,,,".. .. , "" ."", ;",,,,"( ) . ,",8915 19(05,"11""50 . ""","1.0 --H- ,",2.4,,6.00,100,GR78-15,Goodyear,Suburbanite Steel Belted Radial,Radial Ply,DIRECT PRIMARY,DERIVED / RECONSTRUCTED
V08-P217,288,8,PB263447(1).pdf,217,222,TIRF-401,401,LOW,sequence-dominant; weak OCR,0.0,40t,,,,,,,",-",,,"( ) ,- ,","19G,~ 91~",-11-';0 • •• • ••• ~ ~a,--If- :~O,24,,6.00,100,GR78-15,Goodyear,Suburbanite Steel Belted Radial,Radial Ply,DIRECT PRIMARY,DERIVED / RECONSTRUCTED
V08-P223,289,8,PB263447(1).pdf,223,228,TIRF-401,401,HIGH,exact OCR tire number + sequence/metadata,90.0,401,,"""",,,,,,,,( ).,1C9~1 ~1.;3,"11'""5 , """,-,24,,"6,00",100,GR78-15,Goodyear,Suburbanite Steel Belted Radial,Radial Ply,DIRECT PRIMARY,DERIVED / RECONSTRUCTED
V08-P229,290,8,PB263447(1).pdf,229,235,TIRF-402,402,HIGH,exact OCR tire number + sequence/metadata,160.91,402-,",8-IS ~R",GY,"5TEEL SU6L1~6A""'ITc.",R,B,"I G,'Z.O",~'2.,"74,S","e:,.oo",( ) . SS.~,19G>b 9'2. \,.. SO ' ~ ~,-,2.4,B,6.00,(00,GR78-15,Goodyear,Suburbanite Steel Belted Radial,Radial Ply,DIRECT PRIMARY,DERIVED / RECONSTRUCTED
V08-P236,291,8,PB263447(1).pdf,236,242,TIRF-403,403,HIGH,exact OCR tire number + sequence/metadata,159.14,4.03,"18,-\5 ~R -",GY ....,5UBUR8AN I TE:.. ~Tcc.L...,~,-- B,/(0'20,.. S~,,6.Qo,,,,---_··-''''''--l,.------------i t .... 4- 2.,-- B,,,GR78-15,Goodyear,Suburbanite Steel Belted Radial,Radial Ply,DIRECT PRIMARY,DERIVED / RECONSTRUCTED
V08-P243,292,8,PB263447(1).pdf,243,250,TIRF-404,404,HIGH,exact OCR tire number + sequence/metadata,157.84,404,1-41B-IS,"~y """,e:. Pow C.USTOM,BB:,6,1110,~2,", . 75.7","G::a, 0()",( ) SG:t.~,154- 1859,"""--''''_. _ -. .-.. -,. ~ '--~-- ' ~O",-,2.4 ',6,5.00,100,H78-15,Goodyear,Custom Power Cushion,Bias Belted,DIRECT PRIMARY,DERIVED / RECONSTRUCTED
V08-P251,293,8,PB263447(1).pdf,251,267,TIRF-405,405,HIGH,exact OCR tire number + sequence/metadata,148.84,405,H lB-1S,""" ~y",e. POVJ RCU Cu~\O\''''',B6,B,1110,~2,"7 1S .. """,~.OO,"( ) 5(""'.0",/5 lSC:> 4 0,".. .- - - - . SO ,"" -~. ~",-,24,B,5.50,100,H78-15,Goodyear,Custom Power Cushion Polyglas,Bias Belted,DIRECT PRIMARY,DERIVED / RECONSTRUCTED
V08-P268,294,8,PB263447(1).pdf,268,275,TIRF-406,406,MEDIUM,sequence + partial metadata,40.5,401,H 16-15,G.'{,POV-J E R CU CUSTOM,t3B,B,11/0,3'2..,,~.OO,"( ) 54.G,","18SC -, Co \",. SO I,--- 100 .'f1I[.:,24,B,I_DO,,H78-15,Goodyear,Custom Power Cushion Polyglas,Bias Belted,DIRECT PRIMARY,DERIVED / RECONSTRUCTED
V08-P276,295,8,PB263447(1).pdf,276,283,TIRF-408,408,HIGH,exact OCR tire number + sequence/metadata,171.0,408,"H ""lB-IS",Gy,"CUSTOM POL'(""::l""TE",,~,Illo,32,,"c(',OO j","I ( ) , 57..0 I",157 1841,-- .. .. .. ~ ~O I,---,24,~,5.00,100,H78-15,Goodyear,Custom Polysteel Belted·,Bias Belted,DIRECT PRIMARY,DERIVED / RECONSTRUCTED
V08-P284,296,8,PB263447(1).pdf,284,291,TIRF-409,409,HIGH,exact OCR tire number + sequence/metadata,132.78,409,H -'B~IS,GY .,,,a. .-,\-'10,-.~ 02-,,"- (;,,00 _.","( ) ,- S~.~",,,"-""::'=:-",- 24,a. .-,- 5.50,100,H78-15,Goodyear,Custom Polysteel Belted,Bias Belted,DIRECT PRIMARY,DERIVED / RECONSTRUCTED
V08-P292,297,8,PB263447(1).pdf,292,299,TIRF-410,410,HIGH,exact OCR tire number + sequence/metadata,161.48,410,l-l15-IS,GY,"=::, U C. TO pOLY~TE. ~,~",BE>,", B",\110,02-,",5*'7",I cD.OO,I ( ) 5 GP (P ..,"~184c;;, -J~o",. BO ~ I,-- ......,24 .-,", B",... : ~·50,100,H78-15,Goodyear,Custom Polysteel Belted,Bias Belted,DIRECT PRIMARY,DERIVED / RECONSTRUCTED
V08-P300,298,8,PB263447(1).pdf,300,307,TIRF-411,411,HIGH,exact OCR tire number + sequence/metadata,174.53,411,"1-4""18-15",GY,CLJSTO~ POLY~TEE.L,~6 I,", ~",lliO,"-'- ~"".",I 15·7,"I Q:>,OO","I ), ( 5~,'2..",! J8S'L 1~2. :,.. .. . ' -~ ~O I,--,2.4,", ~","(,00",100,H78-15,Goodyear,Custom Polysteel Belted,Bias Belted,DIRECT PRIMARY,DERIVED / RECONSTRUCTED
V08-P308,299,8,PB263447(1).pdf,308,314,TIRF-414,414,HIGH,sequence + strong metadata,90.95,4\4-,18-14 ~,DU,"ill&"" GOLD~E.A.L ~POR""",6,6,"I G,12..0",~2.,"""'S.9",600,,"l'?>G;,o 904 I",SO ~ I,40 -#- ...,-- 24,6,,- 100,G78-14,Dunlop,"Gold Seal ""78"" Sport",Bias Ply,DIRECT PRIMARY,DERIVED / RECONSTRUCTED
V08-P315,300,8,PB263447(1).pdf,315,320,TIRF-414,414,HIGH,exact OCR tire number + sequence/metadata,90.0,414-,,,,,,,,"""",,( ),"19 90S (.,(",.. . B'O ~,--#- 10,2.4-,,6.00,100,G78-14,Dunlop,"Gold Seal ""78"" Sport",Bias Ply,DIRECT PRIMARY,DERIVED / RECONSTRUCTED
V08-P321,301,8,PB263447(1).pdf,321,326,TIRF-414,414,HIGH,exact OCR tire number + sequence/metadata,90.0,414,,"""",4ii,,,,,,,"( . VAR) , ,I, ).",19~Z 90(D,.. . ~ ~O,2.0 -#-,·2.4 ',,6.00,100,G78-14,Dunlop,"Gold Seal ""78"" Sport",Bias Ply,DIRECT PRIMARY,DERIVED / RECONSTRUCTED
V08-P327,302,8,PB263447(1).pdf,327,333,TIRF-415,415,HIGH,exact OCR tire number + sequence/metadata,177.34,415,Gt1S-14,DU,~OlD. SEAL 1115'1.,B,e,I '2. CD 0,oZ,15.~,"G""OO",( ) VAR) . SS.S,55'2. 188;,. .. _4 ••••• 30,40 --If-,2..4-,e,<:0.00,100,G78-l4,Dunlop,"Gold Seal ""78"" Sport",Bias Ply,DIRECT PRIMARY,DERIVED / RECONSTRUCTED
V08-P334,303,8,PB263447(1).pdf,334,339,TIRF-417,417,LOW,sequence-dominant; weak OCR,0.0,4\S,,,,I,,,,,I,I ( ) I,"883 lSSG,",?>O ~ I,10 --/I-.,24,,"6,00",100,G78-14,Uniroyal,Fastrak Belted,Bias Belted,DIRECT PRIMARY,DERIVED / RECONSTRUCTED
V08-P340,304,8,PB263447(1).pdf,340,345,TIRF-417,417,LOW,sequence-dominant; weak OCR,0.0,4\5,,,,,",",,,,I I,I ( ),188s j SS4 I,"- . , SO '",-#- 2.0,24,",",6.00,100,G78-14,Uniroyal,Fastrak Belted,Bias Belted,DIRECT PRIMARY,DERIVED / RECONSTRUCTED
V08-P346,305,8,PB263447(1).pdf,346,353,TIRF-417,417,MEDIUM,sequence + partial metadata,79.92,"4',",.. G18-14,UN,e·EL. 'cO FA~TRA\o(,",-- 5B",,Cct'2..o I,'2.. '3,,"I c""oo j","I ( ) - S~.4- ,",1814- l''3~,"""----"" ?>O I",~-,-- 2.4,,-- ~.OO,jOO,G78-14,Uniroyal,Fastrak Belted,Bias Belted,DIRECT PRIMARY,DERIVED / RECONSTRUCTED
V08-P354,306,8,PB263447(1).pdf,354,361,TIRF-418,418,HIGH,exact OCR tire number + sequence/metadata,162.82,418,18-15 ~,UN,eE.LTE:.D .. FA\~jTRA.K,,B,1(0'20,3 ?~,,- 50 5' ..,") I SS~~ I,",BI ~~~~-' I i,50 I,'00,2.4-,B,"~"""" 5.50",,G78-15,Uniroyal,Fastrak Belted,Bias Belted,DIRECT PRIMARY,DERIVED / RECONSTRUCTED
V08-P362,307,8,PB263447(1).pdf,362,377,TIRF-419,419,MEDIUM,sequence + partial metadata,81.67,4 \9,AG::>o-\~,G.T,GRAeBE.r<'.. <:PO,,6,\0<00,52-,,I 5.So,"i i, ( ) 2. _"" ~o.","1""70 1'190",. - . ~ SO I,--,2.4-,6,S.~O,100,A60-13,General Tire,Grabber 60,Bias Ply,DIRECT PRIMARY,DERIVED / RECONSTRUCTED
V08-P378,308,8,PB263447(1).pdf,378,385,TIRF-421,421,HIGH,exact OCR tire number + sequence/metadata,171.34,4 '2.1,". G.t - 0 ·e, ,r - ... i::J l_)","Gt .,.. )",&0 G:tt<A~SER,I - B,B,\ c:D?..O . .,~~2..,,7.00,,,~O I,".... -.""..~",2..4- -.,B,,100,G60-15,General Tire,Grab ber 60,Bias Ply,DIRECT PRIMARY,DERIVED / RECONSTRUCTED
V08-P386,309,8,PB263447(1).pdf,386,393,TIRF-422,422,HIGH,exact OCR tire number + sequence/metadata,199.22,4'Z.'Z.,D70 - \4,LE.,MA.t-J H /:a...~D\...e. ~,B,B,1~2.o,32,~9.5,5.S0,( ) 51.0,1800 111-,?>O ~,-,32,B,S~SO,100,D70-14,Lee,Manhandler,Bias Ply,DIRECT PRIMARY,DERIVED / RECONSTRUCTED
V08-P394,310,8,PB263447(1).pdf,394,401,TIRF-423,423,HIGH,exact OCR tire number + sequence/metadata,180.17,42.3,E'lo-\4-,LE:,MAN \Z.. \-\ANDLIS,,", B",\Aoo,5'2. - -,,5.50,! ( ) S4.(~,1804- 14'2.,".' ."" SO ' ~ -~ ~ I","-.-..,.-:.",2.4,", B",,~OO,E70-14,Lee,Manhandler,Bias Ply,DIRECT PRIMARY,DERIVED / RECONSTRUCTED
V08-P402,311,8,PB263447(1).pdf,402,409,TIRF-424,424,HIGH,exact OCR tire number + sequence/metadata,166.71,4'2.4,G.lO -IS,LE.,== M A l--i !<. t-J t-.J A :J L.,B,. B,l(P'Z.O,"3"""" ""'-",,,,I 1870 11'3,",--- ' '"" ~ ~ :'0 I",-,"3"""" ""'-",. B,,100,G70-15,Lee,Manhandler,Bias Ply,DIRECT PRIMARY,DERIVED / RECONSTRUCTED
V08-P410,312,8,PB263447(1).pdf,410,417,TIRF-425,425,HIGH,exact OCR tire number + sequence/metadata,167.5,4'2.5,H IO-IS,LE.,A}J N R. J..4 A. E: 0 L. \~,B,", e",11/0,~2.,,(0.00,"( ) SG,.2. j i",JB4~ 9 '.2.. (D.,... . ~- ~O,-,2.4,", e",,,. H70-l5,Lee,Manhandler,Bias Ply,DIRECT PRIMARY,DERIVED / RECONSTRUCTED
V08-P418,313,8,PB263447(1).pdf,418,425,TIRF-427,427,MEDIUM,sequence + partial metadata,50.24,"4'2.""1",Fc:'O-\5,OU,"(.,:- ~'·A.L'~\~~ (.~~ ~ ~ \ ,) \ ;,r...- '-..,","::,~",- t;.>,1500,,51.~,5 CO. 0,"( ) , 54.&",18::''''' G>~CO,- ~ ~O,-~,'2..4-,- t;.>,"G,,50",100,F60-15,Dunlop,GT Qualifier,Bias Belted,DIRECT PRIMARY,DERIVED / RECONSTRUCTED
V08-P426,314,8,PB263447(1).pdf,426,433,TIRF-429,429,HIGH,exact OCR tire number + sequence/metadata,167.86,4'29,5R ISS i'2.,"t',/1 ;",ZX,,",","8G;-S ,","-- ~?(,.",,4.00,"I ') ( SG."",,~ I",IIB\ '118,"... "" "" ~O I",~~,",- 24","8G;-S ,",,100,155 SR12,Michelin,ZX,Radial Ply,DIRECT PRIMARY,DERIVED / RECONSTRUCTED
V08-P434,315,8,PB263447(1).pdf,434,444,TIRF-430,430,HIGH,sequence + strong metadata,122.77,,\4S5R13,M I,zx,R,__________ __ ~ ~ ~,"Bc,o",3 2-,"~~-----,~,.---f",4. 00,,"if Jj;,~r . . __ ._ I",SO,--,-'-'.- 2.4,__________ __ ~ ~ ~,"-,- 4.00",100,145SR13,Michelin,ZX,Radial Ply,DIRECT PRIMARY,DERIVED / RECONSTRUCTED
V09-P009,316,9,PB263448(1).pdf,9,15,TIRF-431,431,HIGH,sequence + strong metadata,102.86,~3\,ISSSRt4.,M:,ZX,~,,\0\0,3'2.,75.0,"4.0"":)",( ) 59.4,"!-- . . . :Sl~':' \ i •.• ..,",~O,-,2.4-,,4.50,100,155SR14,Michelin,ZX,Radial Ply,DIRECT PRIMARY,DERIVED / RECONSTRUCTED
V09-P016,317,9,PB263448(1).pdf,16,23,TIRF-432,432,HIGH,exact OCR tire number + sequence/metadata,134.81,43'2.,BR 00- !3,"c /'"" P. .....:::t -....- l.","-r ..' ""- R ;':.\C: L .~~ .-..:J."" ' f",,E-,..- -- :<r,,57.5,!I' C?OQ,"I'· ( ) i! , 4·.~.LL .","1--.-. 'J --r I:: ! ;-, 0-. .... i ;,","'. , , ~O",--,2.4,E-,(~.oJ,100,BR60-13,BF Goodrich,Radial T/A,Radial Ply,DIRECT PRIMARY,DERIVED / RECONSTRUCTED
V09-P024,318,9,PB263448(1).pdf,24,31,TIRF-435,435,LOW,sequence-dominant; weak OCR,12.0,4-oS,"...-.. ""? 2J- ~k' .... ~ ~..::' ..... :':""•.J","- - - L '.- ...... -... ""'""'1",". -- -- ' , ::: ;::<:. ~;:..~. C : ::.. , -, ~"" ~-- .'- ~\",II R.,"-- ,-",- .. :.) I,"-- , :..","4"""" I /.0","4. S:"") . I","-1 i ,.'<> ,( ) , \-\ :'\...3"" _, __~___ _ # • ~ ~<r'",--1 r-~~Q--' l.? ':.'. ~ ~~,-- ~-~- ~O,--,_u_ 24 !,"-- ,-","4- .... , ~. '} ,J ~ ~ ~",100,BR78-15,BF Goodrich,Lifesaver Radial XL-100',Radial Ply,DIRECT PRIMARY,DERIVED / RECONSTRUCTED
V09-P032,319,9,PB263448(1).pdf,32,39,TIRF-438,438,HIGH,exact OCR tire number + sequence/metadata,139.0,438,£.'<:>-:5 LT,F\,"1- 0 .1::... ; :- ~~.J (~ ~ ~ (~ ~~""","DU ,.., 0",\...... 1-,-- ;Co70,' ...... NOTATIONS '::' .t....,6(P/2.. GT,GY 5.00,I KS ( ) 5 B. G:?,I~ 2>54 Il~,SO < •• .- • BB,--,II 35,\...... 1-,,,7.10-15LT,Firestone,Longhauler,Bias Ply,DIRECT PRIMARY,DERIVED / RECONSTRUCTED
V09-P040,320,9,PB263448(1).pdf,40,46,TIRF-439,439,MEDIUM,sequence + partial metadata,60.48,- ~.3~,LoT- <O.OO-l~,__1_- '. FI,"T F< --_. P-, \ \0, l',\ ~ ~,;- P::')",5,C,\4~?,"- . 4.v- ,~",,". 4 5""'-' - ""',..,","( ) S=s.r~,",18/7 ~-,:>0,_.- --,II 3S,C,S.SO,100,6.00-16LT,Firestone,Transport 11 0,Bias Ply,DIRECT PRIMARY,DERIVED / RECONSTRUCTED
V09-P047,321,9,PB263448(1).pdf,47,53,TIRF-440,440,HIGH,exact OCR tire number + sequence/metadata,135.57,4-40,14 L..T {.OO-,~::,"Z T S ';.' j.... .:J ';;':': iiO ~< ""T'""","I , E","f""""'I I"".;",\550,"(0,."")",,": ~,,:..~C)","i ..' ( ) -, ::J =~",,:>0,--,II 50,"f""""'I I"".;",5.··')0,100,7.00-14LT,Firestone,Transport 110,Bias Ply,DIRECT PRIMARY,DERIVED / RECONSTRUCTED
V09-P054,322,9,PB263448(1).pdf,54,60,TIRF-442,442,HIGH,exact OCR tire number + sequence/metadata,148.33,44-'2.,('2.-1<&.5 LT,Fl,,,0,,,,,KS ( ) -- r- :::::. '- I.,114'2.. \33 B,""" BB 30",100 P,II ..... t:': ::> .:) F,0,,,l2-16.5LT,Firestone,Transport Duplex,Bias Ply,DIRECT PRIMARY,DERIVED / RECONSTRUCTED
V09-P061,323,9,PB263448(1).pdf,61,67,TIRF-446,446,HIGH,exact OCR tire number + sequence/metadata,138.32,44G:7,"'2.. :)0 - \ ,~,",~y,PO B .JVi.l~:1 CU~7oN1.Gr,,B,. ....-1-- ~ ~,", ....- -- ~",85.Q,"4.5,J I ,-., I","! ( ) 5S,.~:;'",(-3- i-i9 I· ~,"... , ~O",--,2.4,B,4.00,100,6.00-12,Goodyear,Mini Custom GS Polyester,Bias Ply,DIRECT PRIMARY,DERIVED / RECONSTRUCTED
V09-P068,324,9,PB263448(1).pdf,68,75,TIRF-447,447,HIGH,exact OCR tire number + sequence/metadata,142.86,". 44""7 '","._I'W<t-,,"" .. ':>. ' :;;;, 0 C;;~ """,.~-~- GY --~.-~..=_.........~,"'5~-~J~""""_'< tv':; t:. C '.) ~: '--I","I ~~ B ,.n-""'.-..-""""':____",E~,",- i :::, NO'l'NI'I0NS .-~",,"..- 3"" - .----- . GT .' J>-_ _","~...- - GY 4,50",iI -_..J KS ( ) S5 ..~) :I,,,100 P,",- i :::, NO'l'NI'I0NS .-~",E~,4.00 N,,6.00-15,Goodyear,Mini Custom GS Polyester,Bias Ply,DIRECT PRIMARY,DERIVED / RECONSTRUCTED
V09-P076,325,9,PB263448(1).pdf,76,83,TIRF-448,448,MEDIUM,sequence + partial metadata,58.48,44B,",- F cPO-IS",,~T POLY~LA5,DU 53,,\SOO,"- -:'"" NOTATIONS .... r~",,GY i ~.SO,I KS ( ) 55.4,"..,_~,.:?~~~:_ G9? B",BB ~O .,R _.~.-,"24- F ,",,"'0,50 N",100 P,F60-15,Goodyear,Polyglas GT,Bias Belted,DIRECT PRIMARY,DERIVED / RECONSTRUCTED
V09-P084,326,9,PB263448(1).pdf,84,91,TIRF-449,449,HIGH,exact OCR tire number + sequence/metadata,147.14,449,H fO -14,"'. _. C"":ly","WIDE. C U T'I2..E.A::"" ~-::- ,':l~,-""",,\3,!llQ,.....- -:J.') NOTATIONS,-- -- ;>.7j l GT,".c.""'::;) GY i i !i ~","!I K'-' () .0 ~-:. ""","15'24. I~,B B","- :>0 , , BB",-- R,2..4- F,\3,",an.<::>.::J N",100 P,H70-14,Goodyear,Custom Wide Tread Polyglas,Bias Belted,DIRECT PRIMARY,DERIVED / RECONSTRUCTED
V09-P092,327,9,PB263448(1).pdf,92,99,TIRF-450,450,HIGH,exact OCR tire number + sequence/metadata,145.61,450,B iB- \;4-,G'l :::.-:-,".,,:'.J'::, CU""STOM PO'-NER","j , I cE- ___,____IIL_~__","R ~.t:..,.;1",; S;.:> r,"- .._., ';' r",,"'::\... S::,","'-~- ') ( ;:.\ "" r.:~. ""-~.l - ""' ... I",E~- i45 :t~_,", ~O",--,- 2.4-,"R ~.t:..,.;1",4.=S:::::>,100,B78-14,Goodyear,Custom Power Cushion Polyg1as,Bias Belted,DIRECT PRIMARY,DERIVED / RECONSTRUCTED
V09-P100,328,9,PB263448(1).pdf,100,115,TIRF-451,451,HIGH,exact OCR tire number + sequence/metadata,101.28,4-51,,",.. v . ~",".~---- ...,...,--~- -'::':'.:;' ..:.·-J'S\....l\O~-.; CUS-i',~)~,' ~","IBe"" DTJ",8,"e..-1 I ."""" I:L i i ~~I .~.'","t -::;""."""" NOTATIONS",,"GY I, ~.OO","KS i -~ ( ) - G !. ,::;",cY:~:'> j I=-9 B,". "" BB ~O",100 P,2.4- F,8,"- :""':)0 N",,J78-14,Goodyear,Custom Power Cushion Polygla. ZP+ZF/ZP,Bias Belted,DIRECT PRIMARY,DERIVED / RECONSTRUCTED
V09-P116,329,9,PB263448(1).pdf,116,122,TIRF-458,458,MEDIUM,sequence + partial metadata,76.43,4SB,"(;,15-\4",F\,DELUXE CHAM~!Of'-J,DU BB,'B,:G:>~O,3'2 NOTATIONS,"15 ::;, GT",". i GY G,.OO I","-..., I KS .- ( ) ::;. ,.;j)",95/.;.. 1 8~8 B,11'7;) . BE,-_.- R 1.0 -If-,24 F,'B,~'- 6.00 N,100 l',- G78-14,Firestone,Deluxe Champion SupeR-Belt ZP+ZF/ZP,Bias Belted,DIRECT PRIMARY,DERIVED / RECONSTRUCTED
V09-P123,330,9,PB263448(1).pdf,123,128,TIRF-459,459,LOW,sequence-dominant; weak OCR,0.0,4SB,,,,',,,NOTATIONS,,I,I ( ),899 19S5 B,".. . .'-"" ~ ~ ?>O BB I",R --If- 20,24 F,,. 6.00 N,100 P,078-14,Firestone,I Deluxe Champion SupeR-Belt ZP+ZF/ZP,Bias Belted,DIRECT PRIMARY,DERIVED / RECONSTRUCTED
V09-P129,331,9,PB263448(1).pdf,129,134,TIRF-459,459,LOW,sequence-dominant; weak OCR,0.0,4SB,,,,DTJ,,,NOTATIONS,'. GT·,GY,KS ( ),900 19S{O B,"11""50 BB ,",R -II- '2.0,24 F,,6.00 N,100 P,078-14,Firestone,I Deluxe Champion SupeR-Belt ZP+ZF/ZP,Bias Belted,DIRECT PRIMARY,DERIVED / RECONSTRUCTED
V09-P135,332,9,PB263448(1).pdf,135,140,TIRF-459,459,LOW,sequence-dominant; weak OCR,0.0,4SB,,,,DU !,,,NOTATIONS,i .1 Gr;I,GY I,"KS i ( ) ;,",195/ ~Ol B,II -io - BB,R 20 -II-,2.4- F,,6.00 N,100 P,078-14,Firestone,I Deluxe Champion SupeR-Belt ZP+ZF/ZP,Bias Belted,DIRECT PRIMARY,DERIVED / RECONSTRUCTED
V09-P141,333,9,PB263448(1).pdf,141,146,TIRF-459,459,LOW,sequence-dominant; weak OCR,0.0,4SB,,,,DU· I,,,NOTATIONS,I GT,GY j,I KS -- ) ( I,I~SB 902- B,BO BB,R -H- 10,2.4 F,,G.OO N,100 P,078-14,Firestone,I Deluxe Champion SupeR-Belt ZP+ZF/ZP,Bias Belted,DIRECT PRIMARY,DERIVED / RECONSTRUCTED
V09-P147,334,9,PB263448(1).pdf,147,159,TIRF-459,459,LOW,sequence-dominant; weak OCR,0.0,4~8·,,,,DU.,,,NOTATIONS,", qT",", GY",II KS ( ) I,19s9 90~ B,". - BB , ~O",R --11-40,24 F,,6.00 N,100 P,078-14,Firestone,I Deluxe Champion SupeR-Belt ZP+ZF/ZP,Bias Belted,DIRECT PRIMARY,DERIVED / RECONSTRUCTED
V09-P160,335,9,PB263448(1).pdf,160,165,TIRF-459,459,HIGH,exact OCR tire number + sequence/metadata,90.0,4S9,,,,DU,,,NOTATIONS,GT,GY,KS ( ),1980 9'ZS B,"- .- - ?lO , BB",-- R,24 F,,"<:0,00 N",100 P -,078-14,Firestone,I Deluxe Champion SupeR-Belt ZP+ZF/ZP,Bias Belted,DIRECT PRIMARY,DERIVED / RECONSTRUCTED
V09-P166,336,9,PB263448(1).pdf,166,171,TIRF-459,459,HIGH,exact OCR tire number + sequence/metadata,90.0,459,,,,I DU.,,,NOTATIONS,GT,GY I,"KS , ( ) 1",19BI 92~ B,- II-~o BB I,- R,2.4 F,,"10,00 N",100 P,078-14,Firestone,I Deluxe Champion SupeR-Belt ZP+ZF/ZP,Bias Belted,DIRECT PRIMARY,DERIVED / RECONSTRUCTED
V09-P172,337,9,PB263448(1).pdf,172,178,TIRF-460,460,HIGH,sequence + strong metadata,90.25,4~o,"G:,""1B - 14",F I _. -1--_:--__..,".,..... DE-LUXE CHAM PtON SU'?-r<-BE:",DU B~,,I ~20,.... 5'.2.. NOrrATIONS,,GY,,"~""--""""""""'T;';-~ 19 8-5 9'2.1 B",".- ,. -. ?>O BB ,",R ---~.,~rnII l8 F,,"A'l-.:F--.-I~,_j~ ._- 6.00 N",100- P .....-..aA'!K:!':____ .II;..:S~,G78-14,Firestone,Deluxe Champion SupeR-Belt ZP+ZF/ZP,Bias Belted,DIRECT PRIMARY,DERIVED / RECONSTRUCTED
V09-P179,338,9,PB263448(1).pdf,179,184,TIRF-460,460,LOW,sequence-dominant; weak OCR,0.0,4(00,,,,DU ..,,,"NOTATIONS ,",GT,GY i I,i KS ( ),19B'2. 9'Z.B B,. . ~ BB ~O I,-- R,• '2.S F,,<0.00 N,100 P,G78-14,Firestone,Deluxe Champion SupeR-Belt ZP+ZF/ZP,Bias Belted,DIRECT PRIMARY,DERIVED / RECONSTRUCTED
V09-P185,339,9,PB263448(1).pdf,185,190,TIRF-460,460,LOW,sequence-dominant; weak OCR,0.0,4~o,,,,"DU ., ,",,,NOTATIONS,GT,GY,KS ( ),9'2.9 1905 B,_. 0•• 50 BB I,-- R,·11 ~;z. F,,6.00 N,100 P,G78-14,Firestone,Deluxe Champion SupeR-Belt ZP+ZF/ZP,Bias Belted,DIRECT PRIMARY,DERIVED / RECONSTRUCTED
V09-P191,340,9,PB263448(1).pdf,191,197,TIRF-460,460,MEDIUM,sequence + partial metadata,82.97,4~1,~IB-14,Fl,DELUXE C.HA-MP10l-J SUP-R-BE.LT,DU BB,B,"1c.,~O",NOTATIONS ~2,GT lS.~,GY :,KS ( ) SB.~,T890 879 B,BO ~ BB,R -II- ~O,2..4- F,B,6.00 N,100 P,G78-14,Firestone,Deluxe Champion SupeR-Belt ZP+ZF/ZP,Bias Belted,DIRECT PRIMARY,DERIVED / RECONSTRUCTED
V09-P198,341,9,PB263448(1).pdf,198,203,TIRF-460,460,LOW,sequence-dominant; weak OCR,3.0,4G:»1,,"""",,,,,,,0',( ) VAR),18E>~ ~BO,".•. "" ~O",---II- 10,24,,"6,00",100,G78-14,Firestone,Deluxe Champion SupeR-Belt ZP+ZF/ZP,Bias Belted,DIRECT PRIMARY,DERIVED / RECONSTRUCTED
V09-P204,342,9,PB263448(1).pdf,204,209,TIRF-479,479,LOW,sequence-dominant; weak OCR,0.0,4~\,,,".,",DU,,,"NOTATIONS ,",,GY,KS ( ),/aeB 8>8\ B,-- BB ~O I,R -If- 40,;2.4 F,,~.OO N,100 P,OR78-14,Goodyear,Suburbanite Steel Belted Radial ZP+ZS/ZP,Radial Ply,DIRECT PRIMARY,DERIVED / RECONSTRUCTED
V09-P210,343,9,PB263448(1).pdf,210,217,TIRF-480,480,MEDIUM,sequence + partial metadata,46.82,,"R. """"75- \4 (;i",G1Y,,R ~~_~_~ }1'IF'IRES'.rON'E,"e, .","IcP_'2._0_'__....=_,","3'2. ~ , NOTATIONS",,"I .;,.:::> ,"".) elY","KS 4. "" I.E",lSO 187_2- B,. BB - ~O,R ~- -,~-FIBERG~~S -- 24-,"IcP_'2._0_'__....=_,","_1 ""'-.) ,...:J ~:) N",100 P :-'.oL,GR78-14,Goodyear,Suburbanite Steel Belted Radial ZP+ZS/ZP,Radial Ply,DIRECT PRIMARY,DERIVED / RECONSTRUCTED
V09-P218,344,9,PB263448(1).pdf,218,225,TIRF-481,481,MEDIUM,sequence + partial metadata,79.17,4BO,1&-14 ~~,"e:""y","SLJ8UI<.BAt-J\TE ,oTE.E.\... B1:LTE:.D",DU - R. F'r',",8",I ...... ~'2..0,- 3'2. NOTATIONS,~no.'2.. GT,.....~-~.; '-... c:P.OO N,"KS - ( ) 5'2,.5","IB~5 "" 134 'B",", , ~ 30 BB",R ~..--~--,",I - -~~ 2.4"" Ji'",",8",,".,i__ P ~OO ..~J.:",OR7I-14,Goodyear,!Suburbanite Steel Belted Radial ZP+ZS/ZP,Radial Ply,DIRECT PRIMARY,DERIVED / RECONSTRUCTED
V09-P226,345,9,PB263448(1).pdf,226,233,TIRF-481,481,LOW,sequence-dominant; weak OCR,34.35,48\,~ GR. dB-I4-,t~y,"S·'\""' . '5U ITS. 6URBP-.N",---- DU R.,,.ria ICD'LO !,"52- .,-~ NOTft,TIONS","15,2. GT",I '~.. (1Y G>.OO,ii ') ( KS ~ S S.G=>,18.\~ I~S B,.. ' -~ HB ~O,"R ."",......."",,-"",-",2.4- F,,.G? 00 N ~-'----1,100 P .....----.~.-~-='!-,OR7I-14,Goodyear,!Suburbanite Steel Belted Radial ZP+ZS/ZP,Radial Ply,DIRECT PRIMARY,DERIVED / RECONSTRUCTED
V09-P234,346,9,PB263448(1).pdf,234,241,TIRF-483,483,MEDIUM,sequence + partial metadata,43.35,4s>'2.,~Rt8~14,ay '. . .11:I.-....,BE.l..'TE.D \TE. STl::::.E.L ~UBURBAt-J,DU _._R\<'_ R H ~,"- !~ ~..""""_., __c",IG:>2.C',",. NO'rATIONS ~'2.",l .?- S Gr.r,"GY 'G"".OO",KS ( ) 65.4 .,§--~ B,"p., - • Z>O BB I",-- R,"2.4- F .,","- !~ ~..""""_., __c",~.OO ~.. N,. P 100,OR78-14,Goodyear,~uburbanite Steel Belted Radial ZP+ZS/ZP,Radial Ply,DIRECT PRIMARY,DERIVED / RECONSTRUCTED
V09-P242,347,9,PB263448(1).pdf,242,249,TIRF-483,483,LOW,sequence-dominant; weak OCR,35.56,453,'-' 18- \4 ~I<,- G'-(,"-- \""r:. ~ljE>URBAN ~;T=E.~_ '~E;.",DU R,e,"""'"" ICa~o",_. 3'2. NOTA,,GY ; .P.OO,"KS ( ) ,I IS '2. '';5.","-'l 18 7~·7 Q) '~...."" . I B \",", BE ~O",-- R,2..4- F,e,.- <P.OO N,"-,' 100 P",OR78-14,Goodyear,~uburbanite Steel Belted Radial ZP+ZS/ZP,Radial Ply,DIRECT PRIMARY,DERIVED / RECONSTRUCTED
V09-P250,348,9,PB263448(1).pdf,250,257,TIRF-484,484,LOW,sequence-dominant; weak OCR,11.0,.- 454-,,"U ""..1",p~ ;.~~,~I I DU' i R. ;,'o' .-''-,""" 0 '~':.",32==1 NOTATIONS,"FI , L\- (L;, '::) • _...~.","GTI , ~~..~'> GY ~.'"") ,",! KS .--~.---...- ( I l~ 59.!~,"'l ""'li'~_'l!:J;' 10'::""'3 lIS B","'=1 , --- -, "" BB ~O","I-R , ~",24 F,'o' .-''-,. ~---- L..:- .~~'..-::- ~ N,100 p,GR70-15,Uniroyal,PR6 ZP+ZS/ZP,Radial Ply,DIRECT PRIMARY,DERIVED / RECONSTRUCTED
V09-P258,349,9,PB263448(1).pdf,258,265,TIRF-487,487,LOW,sequence-dominant; weak OCR,38.56,4BS,'l I=~ ~-iS,"S""(","R;;~~ "" - COTE.S BE.L..TEO 'p",R,"-- ,B",150'::::> .-.....~~,"-......- :;. r· .re ..- r'""","15,2,","St!""3t)",( ) 54.'2.,J 5Cc~= - <p9b,".. ~. ,BE ~O",~'-,",,--- 2.4-","-- ,B","5.50 N ,",100,LR78-15,Cooper,Isteel Belted Radial . ZP+ZS+I.N/ZP,Radial Ply,DIRECT PRIMARY,DERIVED / RECONSTRUCTED
V09-P266,350,9,PB263448(1).pdf,266,281,TIRF-488,488,MEDIUM,sequence + partial metadata,70.14,45.~,Gd< 70-15,~y,5TESL BE:.L..TE:.O,R,B,'2. I 0 Co,32-,~'3.4,"-,- ~.OO",( ) 54.8,18~o 10'2,. . .~. ~O,--,24,B,,,JR78-15,Goodyear,Isteel Belted Radlal ZP+ZS/ZP,Radial Ply,DIRECT PRIMARY,DERIVED / RECONSTRUCTED
V09-P282,351,9,PB263448(1).pdf,282,289,TIRF-488,488,LOW,sequence-dominant; weak OCR,31.79,~ 4B~,J E>.-15 R 1 I,"I 6Y _.._L-,__","s B D 5TcF... L :""_-:-F~.",~~ ;<..,~,3'2.,,"""74:5",", .;.>. :::""~",) ;'-;. S.~.,"18~Bl ~,3:J",:'0,"-- ,",2.4,~,- <DoSO,100-,JR78-15,Goodyear,Isteel Belted Radlal ZP+ZS/ZP,Radial Ply,DIRECT PRIMARY,DERIVED / RECONSTRUCTED
V09-P290,352,9,PB263448(1).pdf,290,297,TIRF-489,489,LOW,sequence-dominant; weak OCR,25.0,4 B'3,,~y,,,,0 15 (),~~,,,"I 4."":' ( ) S",~ '1Si,"._- . , ?>O",--- ...,24,,-- S .5;.:),100,FR78-14,Goodyear,Steel Belted Radial ZP+ZS+IN,Radial Ply,DIRECT PRIMARY,DERIVED / RECONSTRUCTED
V09-P298,353,9,PB263448(1).pdf,298,305,TIRF-490,490,LOW,sequence-dominant; weak OCR,25.0,"c:..,r 4 -"" .,J",,UN,,,,,,,,,I!,~O,"1----'-_·,------I",24,,,100,HR78-15,Uniroyal,Isteel Belted Radial ZP+ZS+ZN,Radial Ply,DIRECT PRIMARY,DERIVED / RECONSTRUCTED
V09-P306,354,9,PB263448(1).pdf,306,313,TIRF-491,491,MEDIUM,sequence + partial metadata,46.93,49\,"H R ""lO-iS","U""-l ""","B~~'TLC STS E,:,- RAD;.k~,L",R,E,l-:T'),""""""" 32. ,",,C? ~~),"! ( ) - S 1,12,","IQ~ ~S:~ """" o·~""_,,",". , , ,-,- ?JO",-_.,------~--l 2.4,E,&.~<J,100 ---,HR70-15,Uniroyal,Steel Belted Radial ZP+ZS+ZN/2P,Radial Ply,DIRECT PRIMARY,DERIVED / RECONSTRUCTED
V09-P314,355,9,PB263448(1).pdf,314,321,TIRF-492,492,HIGH,exact OCR tire number + sequence/metadata,133.33,49'2..,~ GR'18>- 15 .,"N ~-' .....-:.:J:s..._.,","-'_.. S-:-E:::: :.... ,to', to:- 'f'""'j ';0< ~ ~ ....,-~ ~- ~- ~",R,- 2>,:G>~O,5'Z. .,/4.5 .-,".,....., ,"" fl, ,__' .... ,'",") 1 { 54.,""':5","IO'~~' ~.' ~'.i-O ......, _- I",30,~: -- -,2.4 .~,- 2>,I ~.OO v--__,JOO,GR78-15,Uniroyal,Isteel Belted Radial ZP+ZS+ZN,Radial Ply,DIRECT PRIMARY,DERIVED / RECONSTRUCTED
V09-P322,356,9,PB263448(1).pdf,322,327,TIRF-619,619,HIGH,exact OCR tire number + sequence/metadata,168.1,G19,!...T f};O-I~,"~y ""","R- C tvi HI ILE. U5TO~,,1",DU' B,C,'2.0~O,45 NOTATIONS,85.0 GT ~,", GY ::P,oO",KS ( ) S~.4,SE,", BB ~O",-- R,II 35 F,C,,100 P,7.50-16 LT,Goodyear,Custom Hi Miler N,Bias Ply,DIRECT PRIMARY,DERIVED / RECONSTRUCTED
V09-P328,357,9,PB263448(1).pdf,328,333,TIRF-620,620,MEDIUM,sequence + partial metadata,69.67,c:D2.o,I-T l.SO-IC:C,GY,HI M\Le.~ CU~TOt-l\,B,0,2.44Q,<00 NOTATIONS,85.0,I ~.OO I,! KS ) SS~O (,Il40 135 B,BB ~O,-- R,_II 50 F,0,"5,50 N",100 P,7.50-16 LT,Goodyear,Custom Hi Miler N,Bias Ply,DIRECT PRIMARY,DERIVED / RECONSTRUCTED
V09-P334,358,9,PB263448(1).pdf,334,440,TIRF-621,621,HIGH,sequence + strong metadata,91.38,<0'21,"R Ie, ""1.50 LT",~y,""" CU5""'lOM FLEX~T~E:~-",R,D,2440,""",- , o...P~",85.0,G.~J I,"! ( ) 3""'7.4 ,",I:S.9 130,"-- , ~O",--,"II r-,... :::.:::'",D,5.50,100 --,7.50R16LT,Goodyear,Custom Flexsteel LT pIS,Radial Ply,DIRECT PRIMARY,DERIVED / RECONSTRUCTED
